Customer_ID,Customer_Name,Customer_State,City,Pincode,Acquisition_Channel,Signup_Date
CUST-00001,Rahul Patel,Maharashtra,Nagpur,440001,Paid Ads (Instagram/FB),2024-08-16
CUST-00002,Rohan Rao,Uttar Pradesh,Lucknow,226001,Affiliate,2025-03-08
CUST-00003,Aarav Sharma,Uttar Pradesh,Kanpur,208001,Paid Ads (Instagram/FB),2025-06-01
CUST-00004,Pooja Sharma,Madhya Pradesh,Bhopal,462001,Affiliate,2025-03-05
CUST-00005,Ananya Verma,Telangana,Warangal,506001,Organic Search,2024-06-12
CUST-00006,Shreya Joshi,West Bengal,Howrah,711101,Paid Ads (Instagram/FB),2024-08-08
CUST-00007,Siddharth Kulkarni,Uttar Pradesh,Lucknow,226001,Direct App Open,2024-04-09
CUST-00008,Sneha Kulkarni,Telangana,Warangal,506001,Organic Search,2025-04-15
CUST-00009,Arjun Patel,Bihar,Patna,800001,Affiliate,2024-10-27
CUST-00010,Kavya Gupta,Telangana,Warangal,506001,Affiliate,2024-07-15
CUST-00011,Shreya Patel,Maharashtra,Pune,411001,Referral / WhatsApp Share,2024-03-22
CUST-00012,Kavya Iyer,Uttar Pradesh,Agra,282001,Referral / WhatsApp Share,2025-04-09
CUST-00013,Rahul Kulkarni,Karnataka,Mysuru,570001,Referral / WhatsApp Share,2024-08-02
CUST-00014,Rahul Singh,Uttar Pradesh,Kanpur,208001,Affiliate,2024-09-07
CUST-00015,Rohan Verma,Bihar,Gaya,823001,Affiliate,2024-08-12
CUST-00016,Rahul Kulkarni,Maharashtra,Pune,411001,Organic Search,2024-11-19
CUST-00017,Kabir Singh,Uttar Pradesh,Kanpur,208001,Affiliate,2024-11-18
CUST-00018,Ananya Gupta,Rajasthan,Jodhpur,342001,Direct App Open,2024-05-26
CUST-00019,Vikram Mehta,Gujarat,Vadodara,390001,Affiliate,2025-07-05
CUST-00020,Vikram Rao,Telangana,Warangal,506001,Affiliate,2025-02-12
CUST-00021,Sneha Iyer,Karnataka,Hubballi,580020,Direct App Open,2024-04-03
CUST-00022,Siddharth Sharma,Uttar Pradesh,Kanpur,208001,Paid Ads (Instagram/FB),2025-03-08
CUST-00023,Pooja Patel,Bihar,Gaya,823001,Affiliate,2025-04-24
CUST-00024,Arjun Singh,Madhya Pradesh,Bhopal,462001,Organic Search,2025-07-03
CUST-00025,Siddharth Singh,West Bengal,Kolkata,700001,Referral / WhatsApp Share,2025-03-21
CUST-00026,Rohan Verma,Maharashtra,Nagpur,440001,Affiliate,2024-07-01
CUST-00027,Arjun Patel,Tamil Nadu,Madurai,625001,Affiliate,2024-07-22
CUST-00028,Rohan Kulkarni,Karnataka,Hubballi,580020,Affiliate,2024-01-01
CUST-00029,Pooja Kulkarni,Rajasthan,Jaipur,302001,Organic Search,2025-01-06
CUST-00030,Aditya Singh,Gujarat,Ahmedabad,380001,Paid Ads (Instagram/FB),2025-08-03
CUST-00031,Priya Patel,Rajasthan,Jaipur,302001,Affiliate,2024-05-08
CUST-00032,Rohan Gupta,Rajasthan,Udaipur,313001,Paid Ads (Instagram/FB),2024-09-28
CUST-00033,Arjun Deshmukh,Bihar,Patna,800001,Affiliate,2024-07-24
CUST-00034,Shreya Singh,Bihar,Muzaffarpur,842001,Referral / WhatsApp Share,2025-03-24
CUST-00035,Aditya Nair,Rajasthan,Jaipur,302001,Paid Ads (Instagram/FB),2024-08-18
CUST-00036,Priya Kulkarni,Maharashtra,Pune,411001,Affiliate,2024-08-13
CUST-00037,Aarav Patel,Maharashtra,Pune,411001,Organic Search,2024-02-02
CUST-00038,Kavya Kulkarni,Uttar Pradesh,Kanpur,208001,Referral / WhatsApp Share,2025-05-12
CUST-00039,Ananya Nair,Karnataka,Hubballi,580020,Affiliate,2025-08-13
CUST-00040,Neha Iyer,Rajasthan,Jodhpur,342001,Paid Ads (Instagram/FB),2024-04-06
CUST-00041,Priya Gupta,Bihar,Gaya,823001,Direct App Open,2025-02-24
CUST-00042,Neha Rao,Maharashtra,Mumbai,400001,Organic Search,2025-02-16
CUST-00043,Shreya Kulkarni,Uttar Pradesh,Kanpur,208001,Paid Ads (Instagram/FB),2024-07-13
CUST-00044,Arjun Verma,Karnataka,Mysuru,570001,Paid Ads (Instagram/FB),2024-10-12
CUST-00045,Neha Iyer,Uttar Pradesh,Agra,282001,Affiliate,2024-04-10
CUST-00046,Aarav Gupta,Madhya Pradesh,Bhopal,462001,Organic Search,2024-08-30
CUST-00047,Rohan Joshi,Rajasthan,Jodhpur,342001,Paid Ads (Instagram/FB),2025-02-14
CUST-00048,Aditya Sharma,Karnataka,Mysuru,570001,Organic Search,2025-02-03
CUST-00049,Vikram Verma,Tamil Nadu,Coimbatore,641001,Affiliate,2025-05-13
CUST-00050,Rohan Iyer,Tamil Nadu,Chennai,600001,Organic Search,2025-08-16
CUST-00051,Shreya Nair,Maharashtra,Nagpur,440001,Organic Search,2024-02-21
CUST-00052,Pooja Verma,Madhya Pradesh,Gwalior,474001,Paid Ads (Instagram/FB),2024-02-28
CUST-00053,Arjun Patel,Karnataka,Bengaluru,560001,Affiliate,2024-03-10
CUST-00054,Rahul Iyer,Bihar,Patna,800001,Affiliate,2024-09-09
CUST-00055,Pooja Deshmukh,Maharashtra,Mumbai,400001,Direct App Open,2025-08-20
CUST-00056,Pooja Nair,West Bengal,Howrah,711101,Paid Ads (Instagram/FB),2024-11-17
CUST-00057,Ananya Singh,Bihar,Patna,800001,Referral / WhatsApp Share,2025-04-13
CUST-00058,Sneha Patel,Maharashtra,Nashik,422001,Affiliate,2025-07-30
CUST-00059,Priya Patel,Madhya Pradesh,Bhopal,462001,Affiliate,2024-09-28
CUST-00060,Rohan Kulkarni,Uttar Pradesh,Kanpur,208001,Referral / WhatsApp Share,2024-10-18
CUST-00061,Rohan Verma,Madhya Pradesh,Gwalior,474001,Referral / WhatsApp Share,2025-06-25
CUST-00062,Aarav Gupta,Madhya Pradesh,Indore,452001,Organic Search,2024-05-17
CUST-00063,Vikram Patel,Uttar Pradesh,Kanpur,208001,Referral / WhatsApp Share,2024-10-15
CUST-00064,Pooja Iyer,West Bengal,Kolkata,700001,Referral / WhatsApp Share,2025-06-01
CUST-00065,Neha Singh,Maharashtra,Mumbai,400001,Direct App Open,2024-10-10
CUST-00066,Aarav Sharma,West Bengal,Kolkata,700001,Referral / WhatsApp Share,2024-06-14
CUST-00067,Shreya Verma,Madhya Pradesh,Gwalior,474001,Direct App Open,2025-07-28
CUST-00068,Aarav Patel,Uttar Pradesh,Kanpur,208001,Affiliate,2024-02-06
CUST-00069,Kavya Kulkarni,Telangana,Nizamabad,503001,Paid Ads (Instagram/FB),2025-03-16
CUST-00070,Rohan Sharma,Tamil Nadu,Coimbatore,641001,Organic Search,2025-01-01
CUST-00071,Ananya Gupta,Gujarat,Vadodara,390001,Organic Search,2024-12-28
CUST-00072,Siddharth Nair,Bihar,Muzaffarpur,842001,Paid Ads (Instagram/FB),2024-08-30
CUST-00073,Kavya Mehta,Karnataka,Mysuru,570001,Organic Search,2024-07-02
CUST-00074,Shreya Kulkarni,Bihar,Muzaffarpur,842001,Paid Ads (Instagram/FB),2024-09-30
CUST-00075,Rohan Rao,Uttar Pradesh,Agra,282001,Organic Search,2025-04-26
CUST-00076,Ananya Iyer,Rajasthan,Jodhpur,342001,Referral / WhatsApp Share,2024-08-21
CUST-00077,Ananya Sharma,Gujarat,Surat,395001,Referral / WhatsApp Share,2024-10-12
CUST-00078,Kavya Patel,Tamil Nadu,Coimbatore,641001,Affiliate,2025-02-13
CUST-00079,Rahul Nair,West Bengal,Kolkata,700001,Organic Search,2024-09-24
CUST-00080,Rohan Deshmukh,Tamil Nadu,Chennai,600001,Organic Search,2025-03-20
CUST-00081,Sneha Rao,West Bengal,Howrah,711101,Affiliate,2025-06-07
CUST-00082,Priya Joshi,Telangana,Hyderabad,500001,Referral / WhatsApp Share,2024-02-15
CUST-00083,Shreya Joshi,Maharashtra,Pune,411001,Referral / WhatsApp Share,2025-03-17
CUST-00084,Priya Gupta,West Bengal,Siliguri,734001,Referral / WhatsApp Share,2024-05-07
CUST-00085,Shreya Singh,Madhya Pradesh,Indore,452001,Direct App Open,2024-11-30
CUST-00086,Kabir Rao,Tamil Nadu,Madurai,625001,Paid Ads (Instagram/FB),2024-07-15
CUST-00087,Kabir Gupta,Bihar,Muzaffarpur,842001,Paid Ads (Instagram/FB),2025-08-05
CUST-00088,Vikram Joshi,Madhya Pradesh,Bhopal,462001,Referral / WhatsApp Share,2024-10-20
CUST-00089,Ananya Joshi,Telangana,Nizamabad,503001,Referral / WhatsApp Share,2025-04-21
CUST-00090,Neha Verma,Gujarat,Vadodara,390001,Direct App Open,2024-06-22
CUST-00091,Rahul Patel,Tamil Nadu,Madurai,625001,Affiliate,2024-12-09
CUST-00092,Priya Iyer,Tamil Nadu,Chennai,600001,Paid Ads (Instagram/FB),2024-05-30
CUST-00093,Aarav Sharma,Gujarat,Surat,395001,Affiliate,2024-03-15
CUST-00094,Neha Joshi,Telangana,Hyderabad,500001,Direct App Open,2025-05-21
CUST-00095,Kabir Iyer,Karnataka,Hubballi,580020,Organic Search,2024-04-19
CUST-00096,Siddharth Joshi,Gujarat,Ahmedabad,380001,Affiliate,2025-04-20
CUST-00097,Aarav Nair,Gujarat,Ahmedabad,380001,Direct App Open,2024-05-16
CUST-00098,Siddharth Verma,Madhya Pradesh,Gwalior,474001,Affiliate,2024-11-20
CUST-00099,Siddharth Verma,Telangana,Nizamabad,503001,Affiliate,2025-03-12
CUST-00100,Kavya Nair,Rajasthan,Jaipur,302001,Direct App Open,2025-04-05
CUST-00101,Vikram Iyer,Tamil Nadu,Madurai,625001,Direct App Open,2024-09-01
CUST-00102,Vikram Verma,Uttar Pradesh,Varanasi,221001,Paid Ads (Instagram/FB),2024-10-05
CUST-00103,Sneha Kulkarni,Madhya Pradesh,Bhopal,462001,Paid Ads (Instagram/FB),2024-06-03
CUST-00104,Ananya Joshi,Karnataka,Hubballi,580020,Paid Ads (Instagram/FB),2024-03-06
CUST-00105,Kabir Joshi,West Bengal,Siliguri,734001,Direct App Open,2025-03-01
CUST-00106,Aarav Iyer,Bihar,Gaya,823001,Affiliate,2024-01-21
CUST-00107,Kavya Deshmukh,Bihar,Gaya,823001,Organic Search,2024-12-26
CUST-00108,Vikram Joshi,Bihar,Muzaffarpur,842001,Affiliate,2024-08-13
CUST-00109,Neha Iyer,Tamil Nadu,Coimbatore,641001,Direct App Open,2024-01-30
CUST-00110,Kabir Kulkarni,Bihar,Muzaffarpur,842001,Paid Ads (Instagram/FB),2025-04-23
CUST-00111,Aditya Mehta,Telangana,Nizamabad,503001,Organic Search,2025-02-07
CUST-00112,Pooja Deshmukh,Maharashtra,Mumbai,400001,Direct App Open,2024-05-18
CUST-00113,Kavya Verma,Karnataka,Bengaluru,560001,Referral / WhatsApp Share,2025-01-23
CUST-00114,Sneha Iyer,Rajasthan,Jodhpur,342001,Referral / WhatsApp Share,2025-01-23
CUST-00115,Vikram Joshi,Tamil Nadu,Chennai,600001,Direct App Open,2024-01-20
CUST-00116,Shreya Nair,Maharashtra,Nagpur,440001,Paid Ads (Instagram/FB),2024-03-11
CUST-00117,Siddharth Gupta,Maharashtra,Mumbai,400001,Paid Ads (Instagram/FB),2024-07-23
CUST-00118,Kavya Sharma,Telangana,Hyderabad,500001,Paid Ads (Instagram/FB),2024-05-09
CUST-00119,Neha Gupta,Uttar Pradesh,Kanpur,208001,Direct App Open,2024-09-19
CUST-00120,Siddharth Kulkarni,Karnataka,Hubballi,580020,Affiliate,2024-04-27
CUST-00121,Siddharth Mehta,Tamil Nadu,Chennai,600001,Affiliate,2024-01-27
CUST-00122,Aditya Singh,Telangana,Nizamabad,503001,Direct App Open,2025-02-10
CUST-00123,Shreya Iyer,Uttar Pradesh,Kanpur,208001,Organic Search,2024-11-04
CUST-00124,Kavya Gupta,Telangana,Hyderabad,500001,Affiliate,2024-02-12
CUST-00125,Sneha Nair,Bihar,Muzaffarpur,842001,Referral / WhatsApp Share,2024-03-11
CUST-00126,Arjun Gupta,West Bengal,Kolkata,700001,Direct App Open,2025-05-16
CUST-00127,Priya Joshi,West Bengal,Siliguri,734001,Direct App Open,2024-06-05
CUST-00128,Kabir Mehta,Madhya Pradesh,Gwalior,474001,Referral / WhatsApp Share,2025-07-05
CUST-00129,Siddharth Verma,Rajasthan,Jodhpur,342001,Affiliate,2024-10-01
CUST-00130,Sneha Iyer,Uttar Pradesh,Varanasi,221001,Direct App Open,2024-09-06
CUST-00131,Siddharth Verma,Telangana,Nizamabad,503001,Direct App Open,2024-12-10
CUST-00132,Aarav Verma,West Bengal,Kolkata,700001,Direct App Open,2024-08-05
CUST-00133,Sneha Singh,West Bengal,Howrah,711101,Affiliate,2024-10-09
CUST-00134,Arjun Sharma,Madhya Pradesh,Bhopal,462001,Organic Search,2024-09-04
CUST-00135,Shreya Joshi,Rajasthan,Udaipur,313001,Paid Ads (Instagram/FB),2025-05-02
CUST-00136,Rahul Rao,Rajasthan,Jodhpur,342001,Organic Search,2024-04-05
CUST-00137,Vikram Iyer,Bihar,Muzaffarpur,842001,Paid Ads (Instagram/FB),2024-11-09
CUST-00138,Rahul Deshmukh,West Bengal,Howrah,711101,Affiliate,2025-06-27
CUST-00139,Sneha Joshi,Madhya Pradesh,Indore,452001,Referral / WhatsApp Share,2025-04-09
CUST-00140,Vikram Singh,Tamil Nadu,Chennai,600001,Organic Search,2024-07-16
CUST-00141,Sneha Patel,Madhya Pradesh,Gwalior,474001,Paid Ads (Instagram/FB),2024-07-15
CUST-00142,Ananya Rao,Rajasthan,Jodhpur,342001,Affiliate,2025-06-21
CUST-00143,Pooja Singh,Uttar Pradesh,Kanpur,208001,Referral / WhatsApp Share,2024-08-20
CUST-00144,Sneha Mehta,Tamil Nadu,Chennai,600001,Affiliate,2024-05-09
CUST-00145,Vikram Sharma,Maharashtra,Nagpur,440001,Paid Ads (Instagram/FB),2025-05-17
CUST-00146,Priya Sharma,Telangana,Warangal,506001,Direct App Open,2025-05-05
CUST-00147,Neha Kulkarni,Karnataka,Bengaluru,560001,Referral / WhatsApp Share,2025-05-04
CUST-00148,Priya Patel,Bihar,Gaya,823001,Organic Search,2025-08-13
CUST-00149,Rahul Gupta,Maharashtra,Pune,411001,Paid Ads (Instagram/FB),2025-07-30
CUST-00150,Vikram Patel,Gujarat,Ahmedabad,380001,Affiliate,2025-03-02
CUST-00151,Pooja Deshmukh,Telangana,Hyderabad,500001,Affiliate,2025-01-24
CUST-00152,Neha Verma,Tamil Nadu,Madurai,625001,Direct App Open,2024-11-08
CUST-00153,Pooja Deshmukh,Maharashtra,Mumbai,400001,Paid Ads (Instagram/FB),2024-08-04
CUST-00154,Vikram Gupta,Uttar Pradesh,Kanpur,208001,Paid Ads (Instagram/FB),2024-06-26
CUST-00155,Arjun Patel,Karnataka,Bengaluru,560001,Direct App Open,2025-04-06
CUST-00156,Shreya Deshmukh,Rajasthan,Jodhpur,342001,Organic Search,2024-08-25
CUST-00157,Vikram Rao,Tamil Nadu,Madurai,625001,Direct App Open,2024-03-13
CUST-00158,Rahul Iyer,Tamil Nadu,Madurai,625001,Affiliate,2024-07-21
CUST-00159,Kabir Patel,Madhya Pradesh,Bhopal,462001,Paid Ads (Instagram/FB),2024-09-29
CUST-00160,Kavya Mehta,Uttar Pradesh,Lucknow,226001,Paid Ads (Instagram/FB),2024-11-10
CUST-00161,Pooja Rao,Telangana,Warangal,506001,Direct App Open,2024-05-07
CUST-00162,Neha Rao,Tamil Nadu,Madurai,625001,Direct App Open,2024-10-05
CUST-00163,Arjun Nair,Rajasthan,Jodhpur,342001,Organic Search,2024-02-10
CUST-00164,Aditya Joshi,West Bengal,Siliguri,734001,Referral / WhatsApp Share,2024-01-27
CUST-00165,Priya Iyer,Telangana,Nizamabad,503001,Organic Search,2024-10-02
CUST-00166,Pooja Sharma,Karnataka,Mysuru,570001,Affiliate,2025-03-28
CUST-00167,Aditya Singh,Karnataka,Hubballi,580020,Direct App Open,2025-05-18
CUST-00168,Priya Verma,West Bengal,Howrah,711101,Referral / WhatsApp Share,2024-11-24
CUST-00169,Rahul Patel,Karnataka,Mysuru,570001,Direct App Open,2025-05-22
CUST-00170,Vikram Gupta,Bihar,Muzaffarpur,842001,Organic Search,2025-04-10
CUST-00171,Priya Kulkarni,Tamil Nadu,Coimbatore,641001,Organic Search,2025-02-17
CUST-00172,Kavya Nair,Maharashtra,Nashik,422001,Direct App Open,2024-02-25
CUST-00173,Ananya Nair,West Bengal,Siliguri,734001,Direct App Open,2025-03-28
CUST-00174,Siddharth Sharma,Gujarat,Surat,395001,Affiliate,2024-05-14
CUST-00175,Aditya Singh,Rajasthan,Udaipur,313001,Direct App Open,2024-05-04
CUST-00176,Aarav Gupta,Telangana,Hyderabad,500001,Paid Ads (Instagram/FB),2024-11-14
CUST-00177,Arjun Sharma,Madhya Pradesh,Indore,452001,Organic Search,2024-08-18
CUST-00178,Kavya Patel,Rajasthan,Jaipur,302001,Paid Ads (Instagram/FB),2025-05-25
CUST-00179,Aditya Rao,Tamil Nadu,Madurai,625001,Referral / WhatsApp Share,2025-03-01
CUST-00180,Kavya Verma,Rajasthan,Jaipur,302001,Direct App Open,2025-07-18
CUST-00181,Rohan Joshi,Gujarat,Vadodara,390001,Affiliate,2024-05-19
CUST-00182,Kavya Patel,Tamil Nadu,Coimbatore,641001,Referral / WhatsApp Share,2025-06-03
CUST-00183,Vikram Sharma,Tamil Nadu,Madurai,625001,Referral / WhatsApp Share,2025-08-16
CUST-00184,Rahul Verma,Karnataka,Mysuru,570001,Affiliate,2025-05-10
CUST-00185,Sneha Kulkarni,Madhya Pradesh,Gwalior,474001,Direct App Open,2025-04-11
CUST-00186,Aditya Kulkarni,Gujarat,Vadodara,390001,Paid Ads (Instagram/FB),2025-08-08
CUST-00187,Kabir Iyer,Bihar,Patna,800001,Referral / WhatsApp Share,2025-04-29
CUST-00188,Shreya Joshi,Bihar,Muzaffarpur,842001,Paid Ads (Instagram/FB),2025-05-22
CUST-00189,Aarav Mehta,Madhya Pradesh,Gwalior,474001,Referral / WhatsApp Share,2024-04-12
CUST-00190,Kavya Verma,Uttar Pradesh,Agra,282001,Organic Search,2024-05-27
CUST-00191,Kabir Gupta,Karnataka,Bengaluru,560001,Direct App Open,2024-09-28
CUST-00192,Sneha Deshmukh,Bihar,Muzaffarpur,842001,Organic Search,2024-12-02
CUST-00193,Kavya Gupta,Madhya Pradesh,Indore,452001,Referral / WhatsApp Share,2025-05-14
CUST-00194,Kavya Nair,Maharashtra,Mumbai,400001,Paid Ads (Instagram/FB),2024-10-21
CUST-00195,Ananya Rao,Uttar Pradesh,Agra,282001,Organic Search,2024-04-12
CUST-00196,Neha Mehta,Tamil Nadu,Chennai,600001,Organic Search,2024-11-28
CUST-00197,Siddharth Sharma,Tamil Nadu,Coimbatore,641001,Referral / WhatsApp Share,2025-03-17
CUST-00198,Rohan Iyer,Madhya Pradesh,Indore,452001,Affiliate,2024-07-03
CUST-00199,Rohan Mehta,Uttar Pradesh,Agra,282001,Affiliate,2024-09-03
CUST-00200,Neha Deshmukh,Karnataka,Bengaluru,560001,Direct App Open,2024-09-17
CUST-00201,Neha Singh,Maharashtra,Nashik,422001,Referral / WhatsApp Share,2025-07-13
CUST-00202,Rohan Patel,Rajasthan,Jodhpur,342001,Affiliate,2024-11-02
CUST-00203,Rahul Joshi,Tamil Nadu,Coimbatore,641001,Referral / WhatsApp Share,2024-07-22
CUST-00204,Kabir Verma,Uttar Pradesh,Kanpur,208001,Direct App Open,2025-08-08
CUST-00205,Sneha Deshmukh,Tamil Nadu,Madurai,625001,Referral / WhatsApp Share,2024-01-23
CUST-00206,Kavya Gupta,Bihar,Gaya,823001,Organic Search,2025-08-02
CUST-00207,Kavya Gupta,Maharashtra,Nashik,422001,Referral / WhatsApp Share,2024-08-23
CUST-00208,Pooja Kulkarni,Gujarat,Vadodara,390001,Paid Ads (Instagram/FB),2024-09-13
CUST-00209,Rahul Rao,Karnataka,Hubballi,580020,Organic Search,2024-02-10
CUST-00210,Vikram Verma,Maharashtra,Nagpur,440001,Paid Ads (Instagram/FB),2024-04-02
CUST-00211,Aditya Singh,West Bengal,Siliguri,734001,Direct App Open,2024-06-28
CUST-00212,Ananya Mehta,Madhya Pradesh,Indore,452001,Affiliate,2025-05-28
CUST-00213,Aditya Singh,Karnataka,Mysuru,570001,Direct App Open,2024-10-29
CUST-00214,Shreya Kulkarni,Uttar Pradesh,Agra,282001,Organic Search,2024-05-24
CUST-00215,Siddharth Iyer,Bihar,Muzaffarpur,842001,Referral / WhatsApp Share,2024-04-02
CUST-00216,Siddharth Joshi,Maharashtra,Nagpur,440001,Affiliate,2024-05-06
CUST-00217,Neha Kulkarni,Tamil Nadu,Madurai,625001,Direct App Open,2025-01-15
CUST-00218,Priya Gupta,Gujarat,Surat,395001,Organic Search,2025-07-28
CUST-00219,Sneha Deshmukh,Gujarat,Vadodara,390001,Organic Search,2025-04-20
CUST-00220,Aditya Rao,Tamil Nadu,Madurai,625001,Direct App Open,2024-04-29
CUST-00221,Rohan Sharma,Maharashtra,Nagpur,440001,Direct App Open,2024-04-28
CUST-00222,Priya Iyer,Madhya Pradesh,Bhopal,462001,Direct App Open,2025-04-09
CUST-00223,Sneha Gupta,Madhya Pradesh,Indore,452001,Affiliate,2024-06-07
CUST-00224,Aditya Joshi,Uttar Pradesh,Agra,282001,Affiliate,2025-02-21
CUST-00225,Vikram Sharma,West Bengal,Kolkata,700001,Direct App Open,2025-03-31
CUST-00226,Ananya Kulkarni,Uttar Pradesh,Varanasi,221001,Affiliate,2025-01-02
CUST-00227,Aarav Joshi,Tamil Nadu,Chennai,600001,Organic Search,2025-04-10
CUST-00228,Priya Gupta,Gujarat,Vadodara,390001,Affiliate,2024-01-22
CUST-00229,Aarav Kulkarni,Gujarat,Ahmedabad,380001,Affiliate,2024-07-29
CUST-00230,Priya Nair,Gujarat,Vadodara,390001,Paid Ads (Instagram/FB),2024-08-26
CUST-00231,Sneha Mehta,Telangana,Hyderabad,500001,Referral / WhatsApp Share,2024-05-28
CUST-00232,Rohan Nair,Tamil Nadu,Chennai,600001,Organic Search,2024-01-27
CUST-00233,Rohan Sharma,West Bengal,Kolkata,700001,Affiliate,2024-11-27
CUST-00234,Aarav Mehta,Tamil Nadu,Chennai,600001,Paid Ads (Instagram/FB),2025-03-07
CUST-00235,Arjun Patel,Uttar Pradesh,Agra,282001,Direct App Open,2025-01-05
CUST-00236,Arjun Deshmukh,Uttar Pradesh,Agra,282001,Affiliate,2024-08-14
CUST-00237,Pooja Sharma,Madhya Pradesh,Indore,452001,Direct App Open,2024-02-01
CUST-00238,Aarav Verma,Bihar,Gaya,823001,Organic Search,2025-05-17
CUST-00239,Shreya Verma,Uttar Pradesh,Lucknow,226001,Referral / WhatsApp Share,2024-05-31
CUST-00240,Priya Mehta,Tamil Nadu,Madurai,625001,Affiliate,2025-07-15
CUST-00241,Shreya Kulkarni,Bihar,Muzaffarpur,842001,Affiliate,2024-10-28
CUST-00242,Neha Nair,Telangana,Warangal,506001,Organic Search,2024-04-27
CUST-00243,Kavya Gupta,Madhya Pradesh,Gwalior,474001,Paid Ads (Instagram/FB),2025-03-16
CUST-00244,Neha Iyer,Bihar,Gaya,823001,Direct App Open,2025-02-12
CUST-00245,Kabir Rao,Uttar Pradesh,Varanasi,221001,Direct App Open,2024-11-16
CUST-00246,Rahul Singh,West Bengal,Kolkata,700001,Direct App Open,2024-03-09
CUST-00247,Priya Patel,Uttar Pradesh,Agra,282001,Organic Search,2025-01-16
CUST-00248,Siddharth Mehta,Madhya Pradesh,Bhopal,462001,Affiliate,2025-07-29
CUST-00249,Arjun Kulkarni,Uttar Pradesh,Agra,282001,Referral / WhatsApp Share,2025-03-09
CUST-00250,Kavya Rao,Maharashtra,Nagpur,440001,Affiliate,2024-11-15
CUST-00251,Sneha Patel,Telangana,Nizamabad,503001,Paid Ads (Instagram/FB),2024-06-07
CUST-00252,Rahul Verma,Gujarat,Ahmedabad,380001,Referral / WhatsApp Share,2025-07-23
CUST-00253,Sneha Patel,Tamil Nadu,Madurai,625001,Paid Ads (Instagram/FB),2025-03-15
CUST-00254,Kavya Nair,Telangana,Nizamabad,503001,Affiliate,2024-01-27
CUST-00255,Pooja Gupta,Tamil Nadu,Chennai,600001,Paid Ads (Instagram/FB),2024-10-06
CUST-00256,Shreya Singh,West Bengal,Howrah,711101,Organic Search,2024-07-04
CUST-00257,Kavya Mehta,Telangana,Nizamabad,503001,Direct App Open,2024-03-12
CUST-00258,Rohan Rao,Maharashtra,Mumbai,400001,Affiliate,2024-08-08
CUST-00259,Kabir Joshi,Rajasthan,Jodhpur,342001,Paid Ads (Instagram/FB),2025-01-13
CUST-00260,Vikram Rao,West Bengal,Siliguri,734001,Affiliate,2024-03-27
CUST-00261,Aditya Sharma,Karnataka,Bengaluru,560001,Affiliate,2024-02-20
CUST-00262,Rahul Patel,Tamil Nadu,Coimbatore,641001,Direct App Open,2025-05-12
CUST-00263,Pooja Verma,Bihar,Gaya,823001,Paid Ads (Instagram/FB),2025-06-08
CUST-00264,Priya Kulkarni,Bihar,Patna,800001,Referral / WhatsApp Share,2025-05-13
CUST-00265,Arjun Gupta,Tamil Nadu,Chennai,600001,Paid Ads (Instagram/FB),2025-02-08
CUST-00266,Pooja Sharma,Maharashtra,Pune,411001,Referral / WhatsApp Share,2024-08-04
CUST-00267,Siddharth Mehta,Tamil Nadu,Coimbatore,641001,Referral / WhatsApp Share,2024-05-02
CUST-00268,Aarav Verma,Bihar,Patna,800001,Paid Ads (Instagram/FB),2025-01-24
CUST-00269,Arjun Rao,Gujarat,Vadodara,390001,Affiliate,2024-12-28
CUST-00270,Priya Joshi,Maharashtra,Nashik,422001,Organic Search,2025-04-15
CUST-00271,Aditya Patel,West Bengal,Siliguri,734001,Direct App Open,2025-08-10
CUST-00272,Kabir Rao,Bihar,Gaya,823001,Organic Search,2025-02-18
CUST-00273,Aarav Kulkarni,Karnataka,Hubballi,580020,Direct App Open,2025-01-05
CUST-00274,Priya Joshi,Uttar Pradesh,Kanpur,208001,Direct App Open,2025-02-14
CUST-00275,Arjun Patel,Bihar,Gaya,823001,Referral / WhatsApp Share,2024-08-14
CUST-00276,Sneha Mehta,Uttar Pradesh,Lucknow,226001,Affiliate,2025-06-06
CUST-00277,Ananya Kulkarni,West Bengal,Siliguri,734001,Paid Ads (Instagram/FB),2024-08-29
CUST-00278,Priya Mehta,Tamil Nadu,Chennai,600001,Paid Ads (Instagram/FB),2024-06-05
CUST-00279,Siddharth Gupta,Uttar Pradesh,Kanpur,208001,Direct App Open,2025-04-20
CUST-00280,Siddharth Deshmukh,Telangana,Warangal,506001,Affiliate,2024-11-26
CUST-00281,Kavya Gupta,West Bengal,Kolkata,700001,Direct App Open,2024-03-10
CUST-00282,Neha Verma,Tamil Nadu,Coimbatore,641001,Affiliate,2024-02-27
CUST-00283,Sneha Nair,Uttar Pradesh,Varanasi,221001,Direct App Open,2025-04-07
CUST-00284,Aarav Sharma,West Bengal,Howrah,711101,Organic Search,2024-04-02
CUST-00285,Pooja Deshmukh,Madhya Pradesh,Indore,452001,Direct App Open,2025-08-17
CUST-00286,Arjun Rao,Maharashtra,Nashik,422001,Affiliate,2024-07-11
CUST-00287,Sneha Deshmukh,Rajasthan,Udaipur,313001,Paid Ads (Instagram/FB),2024-03-04
CUST-00288,Neha Patel,West Bengal,Siliguri,734001,Organic Search,2025-05-31
CUST-00289,Rahul Mehta,Maharashtra,Pune,411001,Direct App Open,2025-03-25
CUST-00290,Arjun Nair,Telangana,Hyderabad,500001,Referral / WhatsApp Share,2025-01-16
CUST-00291,Aditya Singh,Bihar,Gaya,823001,Referral / WhatsApp Share,2024-02-23
CUST-00292,Siddharth Gupta,West Bengal,Kolkata,700001,Referral / WhatsApp Share,2024-04-06
CUST-00293,Arjun Gupta,Bihar,Gaya,823001,Referral / WhatsApp Share,2024-06-02
CUST-00294,Sneha Patel,Telangana,Nizamabad,503001,Paid Ads (Instagram/FB),2024-12-24
CUST-00295,Vikram Gupta,Bihar,Patna,800001,Affiliate,2024-03-27
CUST-00296,Vikram Nair,Bihar,Muzaffarpur,842001,Referral / WhatsApp Share,2024-05-10
CUST-00297,Rahul Rao,Madhya Pradesh,Bhopal,462001,Direct App Open,2025-06-04
CUST-00298,Sneha Sharma,West Bengal,Howrah,711101,Paid Ads (Instagram/FB),2024-08-07
CUST-00299,Sneha Verma,Gujarat,Ahmedabad,380001,Paid Ads (Instagram/FB),2024-06-07
CUST-00300,Priya Singh,Uttar Pradesh,Lucknow,226001,Referral / WhatsApp Share,2024-05-14
CUST-00301,Pooja Joshi,Karnataka,Bengaluru,560001,Paid Ads (Instagram/FB),2024-06-18
CUST-00302,Shreya Verma,Maharashtra,Nashik,422001,Referral / WhatsApp Share,2024-08-31
CUST-00303,Neha Deshmukh,Tamil Nadu,Madurai,625001,Direct App Open,2024-08-27
CUST-00304,Arjun Iyer,Tamil Nadu,Coimbatore,641001,Paid Ads (Instagram/FB),2025-01-11
CUST-00305,Rahul Deshmukh,Rajasthan,Jodhpur,342001,Referral / WhatsApp Share,2025-01-26
CUST-00306,Arjun Nair,Bihar,Patna,800001,Paid Ads (Instagram/FB),2024-05-21
CUST-00307,Kavya Singh,Maharashtra,Nashik,422001,Referral / WhatsApp Share,2025-07-21
CUST-00308,Aditya Patel,Madhya Pradesh,Bhopal,462001,Referral / WhatsApp Share,2024-03-26
CUST-00309,Siddharth Mehta,Tamil Nadu,Coimbatore,641001,Affiliate,2024-05-30
CUST-00310,Kavya Joshi,Uttar Pradesh,Kanpur,208001,Direct App Open,2024-12-23
CUST-00311,Aditya Sharma,Bihar,Patna,800001,Direct App Open,2025-05-29
CUST-00312,Sneha Iyer,Bihar,Patna,800001,Referral / WhatsApp Share,2024-08-17
CUST-00313,Aarav Kulkarni,Uttar Pradesh,Varanasi,221001,Paid Ads (Instagram/FB),2024-05-20
CUST-00314,Aarav Singh,Rajasthan,Udaipur,313001,Paid Ads (Instagram/FB),2025-04-25
CUST-00315,Neha Deshmukh,Maharashtra,Mumbai,400001,Organic Search,2024-09-19
CUST-00316,Ananya Mehta,Madhya Pradesh,Gwalior,474001,Affiliate,2025-06-24
CUST-00317,Kabir Patel,Tamil Nadu,Chennai,600001,Referral / WhatsApp Share,2024-05-04
CUST-00318,Aarav Iyer,Bihar,Muzaffarpur,842001,Affiliate,2025-04-13
CUST-00319,Priya Patel,Rajasthan,Udaipur,313001,Affiliate,2024-01-17
CUST-00320,Rahul Nair,Telangana,Hyderabad,500001,Paid Ads (Instagram/FB),2024-10-25
CUST-00321,Kabir Sharma,Telangana,Warangal,506001,Paid Ads (Instagram/FB),2025-08-07
CUST-00322,Kabir Mehta,Uttar Pradesh,Varanasi,221001,Organic Search,2025-06-22
CUST-00323,Arjun Nair,Madhya Pradesh,Gwalior,474001,Organic Search,2025-02-03
CUST-00324,Kavya Verma,Maharashtra,Nashik,422001,Referral / WhatsApp Share,2024-09-16
CUST-00325,Shreya Sharma,West Bengal,Kolkata,700001,Referral / WhatsApp Share,2024-09-03
CUST-00326,Shreya Gupta,Uttar Pradesh,Varanasi,221001,Paid Ads (Instagram/FB),2024-02-15
CUST-00327,Sneha Nair,West Bengal,Siliguri,734001,Paid Ads (Instagram/FB),2025-04-20
CUST-00328,Shreya Verma,Karnataka,Bengaluru,560001,Organic Search,2025-04-13
CUST-00329,Aarav Singh,Gujarat,Ahmedabad,380001,Paid Ads (Instagram/FB),2024-02-12
CUST-00330,Sneha Singh,Madhya Pradesh,Indore,452001,Affiliate,2025-04-29
CUST-00331,Vikram Sharma,Gujarat,Surat,395001,Referral / WhatsApp Share,2024-02-18
CUST-00332,Kavya Gupta,West Bengal,Howrah,711101,Organic Search,2025-01-11
CUST-00333,Kabir Joshi,Rajasthan,Jodhpur,342001,Referral / WhatsApp Share,2024-07-10
CUST-00334,Neha Rao,Rajasthan,Jodhpur,342001,Affiliate,2024-09-30
CUST-00335,Siddharth Patel,Bihar,Patna,800001,Direct App Open,2024-07-03
CUST-00336,Arjun Singh,West Bengal,Kolkata,700001,Organic Search,2024-12-01
CUST-00337,Rahul Singh,Tamil Nadu,Coimbatore,641001,Affiliate,2025-03-12
CUST-00338,Rohan Rao,Rajasthan,Jodhpur,342001,Direct App Open,2024-02-13
CUST-00339,Shreya Kulkarni,Telangana,Warangal,506001,Referral / WhatsApp Share,2024-02-28
CUST-00340,Priya Gupta,Bihar,Gaya,823001,Affiliate,2024-06-12
CUST-00341,Aarav Mehta,Telangana,Nizamabad,503001,Direct App Open,2024-02-05
CUST-00342,Rohan Patel,Gujarat,Vadodara,390001,Referral / WhatsApp Share,2025-01-05
CUST-00343,Kabir Deshmukh,Maharashtra,Pune,411001,Direct App Open,2025-01-14
CUST-00344,Sneha Verma,Uttar Pradesh,Kanpur,208001,Affiliate,2025-01-10
CUST-00345,Kabir Kulkarni,Tamil Nadu,Chennai,600001,Organic Search,2024-01-27
CUST-00346,Shreya Mehta,Rajasthan,Udaipur,313001,Direct App Open,2025-07-29
CUST-00347,Priya Singh,Tamil Nadu,Madurai,625001,Direct App Open,2024-08-07
CUST-00348,Pooja Singh,Rajasthan,Jaipur,302001,Organic Search,2024-05-18
CUST-00349,Kavya Patel,Rajasthan,Jaipur,302001,Direct App Open,2024-03-30
CUST-00350,Siddharth Gupta,West Bengal,Siliguri,734001,Referral / WhatsApp Share,2024-03-07
CUST-00351,Arjun Nair,Tamil Nadu,Coimbatore,641001,Paid Ads (Instagram/FB),2024-06-27
CUST-00352,Siddharth Kulkarni,Madhya Pradesh,Bhopal,462001,Organic Search,2024-07-24
CUST-00353,Siddharth Mehta,Gujarat,Surat,395001,Organic Search,2025-01-04
CUST-00354,Arjun Deshmukh,West Bengal,Howrah,711101,Affiliate,2024-05-12
CUST-00355,Pooja Patel,Uttar Pradesh,Varanasi,221001,Direct App Open,2025-05-05
CUST-00356,Arjun Joshi,Bihar,Muzaffarpur,842001,Organic Search,2024-05-08
CUST-00357,Sneha Gupta,Uttar Pradesh,Agra,282001,Direct App Open,2025-06-13
CUST-00358,Sneha Mehta,Madhya Pradesh,Gwalior,474001,Affiliate,2024-07-05
CUST-00359,Siddharth Mehta,Bihar,Muzaffarpur,842001,Organic Search,2024-05-07
CUST-00360,Arjun Mehta,Tamil Nadu,Chennai,600001,Paid Ads (Instagram/FB),2024-11-26
CUST-00361,Aditya Rao,Gujarat,Surat,395001,Affiliate,2024-10-17
CUST-00362,Kavya Patel,Tamil Nadu,Chennai,600001,Affiliate,2024-10-08
CUST-00363,Rohan Gupta,Tamil Nadu,Madurai,625001,Affiliate,2024-04-05
CUST-00364,Arjun Gupta,Karnataka,Hubballi,580020,Affiliate,2024-06-06
CUST-00365,Rohan Gupta,Telangana,Nizamabad,503001,Affiliate,2024-12-11
CUST-00366,Kavya Deshmukh,Maharashtra,Mumbai,400001,Organic Search,2024-02-16
CUST-00367,Rahul Deshmukh,Tamil Nadu,Madurai,625001,Paid Ads (Instagram/FB),2025-08-08
CUST-00368,Kabir Deshmukh,Maharashtra,Nashik,422001,Affiliate,2024-10-23
CUST-00369,Rahul Singh,Rajasthan,Jaipur,302001,Direct App Open,2024-10-31
CUST-00370,Neha Patel,Maharashtra,Pune,411001,Direct App Open,2025-03-01
CUST-00371,Neha Verma,Gujarat,Surat,395001,Affiliate,2024-05-27
CUST-00372,Sneha Rao,West Bengal,Siliguri,734001,Referral / WhatsApp Share,2025-02-12
CUST-00373,Rohan Kulkarni,Madhya Pradesh,Gwalior,474001,Organic Search,2024-11-22
CUST-00374,Ananya Verma,Uttar Pradesh,Varanasi,221001,Direct App Open,2024-09-10
CUST-00375,Rohan Patel,Maharashtra,Nagpur,440001,Direct App Open,2025-03-04
CUST-00376,Ananya Mehta,West Bengal,Siliguri,734001,Referral / WhatsApp Share,2024-07-13
CUST-00377,Siddharth Mehta,Rajasthan,Udaipur,313001,Direct App Open,2025-05-25
CUST-00378,Aditya Singh,Rajasthan,Jaipur,302001,Organic Search,2025-02-06
CUST-00379,Arjun Verma,Gujarat,Ahmedabad,380001,Affiliate,2024-12-27
CUST-00380,Aarav Sharma,Tamil Nadu,Coimbatore,641001,Affiliate,2025-04-26
CUST-00381,Vikram Nair,Maharashtra,Mumbai,400001,Direct App Open,2024-05-17
CUST-00382,Aditya Singh,West Bengal,Howrah,711101,Referral / WhatsApp Share,2024-02-16
CUST-00383,Kabir Sharma,Telangana,Nizamabad,503001,Paid Ads (Instagram/FB),2025-01-06
CUST-00384,Arjun Singh,Uttar Pradesh,Agra,282001,Affiliate,2025-04-06
CUST-00385,Siddharth Nair,Tamil Nadu,Madurai,625001,Affiliate,2024-05-01
CUST-00386,Rohan Patel,Bihar,Gaya,823001,Referral / WhatsApp Share,2025-07-25
CUST-00387,Sneha Mehta,Gujarat,Vadodara,390001,Affiliate,2025-02-15
CUST-00388,Arjun Sharma,Maharashtra,Mumbai,400001,Paid Ads (Instagram/FB),2024-12-07
CUST-00389,Siddharth Verma,Madhya Pradesh,Indore,452001,Paid Ads (Instagram/FB),2025-06-11
CUST-00390,Rohan Kulkarni,Telangana,Warangal,506001,Paid Ads (Instagram/FB),2025-02-06
CUST-00391,Pooja Rao,Tamil Nadu,Madurai,625001,Referral / WhatsApp Share,2025-06-03
CUST-00392,Kavya Nair,Madhya Pradesh,Indore,452001,Affiliate,2024-11-02
CUST-00393,Neha Sharma,West Bengal,Howrah,711101,Organic Search,2025-03-02
CUST-00394,Pooja Singh,Maharashtra,Nashik,422001,Referral / WhatsApp Share,2025-08-15
CUST-00395,Pooja Iyer,Maharashtra,Nashik,422001,Paid Ads (Instagram/FB),2025-06-20
CUST-00396,Rahul Rao,Telangana,Warangal,506001,Paid Ads (Instagram/FB),2024-09-05
CUST-00397,Aarav Deshmukh,Uttar Pradesh,Kanpur,208001,Organic Search,2025-03-27
CUST-00398,Sneha Joshi,Karnataka,Mysuru,570001,Paid Ads (Instagram/FB),2025-02-24
CUST-00399,Arjun Deshmukh,Rajasthan,Udaipur,313001,Organic Search,2024-05-21
CUST-00400,Arjun Iyer,Madhya Pradesh,Indore,452001,Direct App Open,2025-06-22
CUST-00401,Kabir Kulkarni,Karnataka,Mysuru,570001,Affiliate,2024-12-16
CUST-00402,Arjun Kulkarni,Tamil Nadu,Madurai,625001,Direct App Open,2024-07-15
CUST-00403,Ananya Singh,Madhya Pradesh,Indore,452001,Paid Ads (Instagram/FB),2024-10-31
CUST-00404,Siddharth Singh,Gujarat,Vadodara,390001,Direct App Open,2024-11-20
CUST-00405,Neha Kulkarni,Madhya Pradesh,Gwalior,474001,Referral / WhatsApp Share,2024-10-21
CUST-00406,Priya Deshmukh,Madhya Pradesh,Indore,452001,Direct App Open,2024-12-19
CUST-00407,Siddharth Mehta,Tamil Nadu,Chennai,600001,Referral / WhatsApp Share,2024-03-21
CUST-00408,Sneha Verma,Tamil Nadu,Madurai,625001,Direct App Open,2024-08-07
CUST-00409,Ananya Nair,Tamil Nadu,Madurai,625001,Referral / WhatsApp Share,2024-05-20
CUST-00410,Priya Deshmukh,Telangana,Hyderabad,500001,Paid Ads (Instagram/FB),2024-02-21
CUST-00411,Rahul Nair,Gujarat,Vadodara,390001,Paid Ads (Instagram/FB),2024-02-23
CUST-00412,Priya Joshi,West Bengal,Siliguri,734001,Direct App Open,2024-04-12
CUST-00413,Rahul Mehta,Maharashtra,Pune,411001,Direct App Open,2025-05-02
CUST-00414,Neha Gupta,Gujarat,Surat,395001,Referral / WhatsApp Share,2024-10-19
CUST-00415,Rahul Sharma,Uttar Pradesh,Kanpur,208001,Affiliate,2024-02-08
CUST-00416,Aditya Mehta,Bihar,Patna,800001,Organic Search,2025-02-10
CUST-00417,Siddharth Verma,Karnataka,Hubballi,580020,Referral / WhatsApp Share,2024-02-08
CUST-00418,Aarav Singh,Telangana,Nizamabad,503001,Organic Search,2024-12-09
CUST-00419,Vikram Verma,Madhya Pradesh,Gwalior,474001,Direct App Open,2024-05-17
CUST-00420,Kavya Nair,Rajasthan,Jodhpur,342001,Paid Ads (Instagram/FB),2024-04-25
CUST-00421,Sneha Mehta,Rajasthan,Udaipur,313001,Referral / WhatsApp Share,2024-07-09
CUST-00422,Aarav Rao,West Bengal,Howrah,711101,Affiliate,2024-07-16
CUST-00423,Rohan Deshmukh,Bihar,Gaya,823001,Affiliate,2024-12-01
CUST-00424,Priya Joshi,Uttar Pradesh,Kanpur,208001,Paid Ads (Instagram/FB),2025-05-03
CUST-00425,Sneha Iyer,Maharashtra,Nagpur,440001,Direct App Open,2024-08-29
CUST-00426,Neha Singh,West Bengal,Howrah,711101,Affiliate,2025-08-09
CUST-00427,Aarav Singh,West Bengal,Siliguri,734001,Paid Ads (Instagram/FB),2024-03-04
CUST-00428,Rahul Patel,Rajasthan,Jodhpur,342001,Paid Ads (Instagram/FB),2025-02-19
CUST-00429,Rahul Nair,Tamil Nadu,Madurai,625001,Organic Search,2024-10-29
CUST-00430,Sneha Deshmukh,Gujarat,Ahmedabad,380001,Paid Ads (Instagram/FB),2025-05-04
CUST-00431,Rohan Verma,Telangana,Warangal,506001,Direct App Open,2025-07-16
CUST-00432,Aditya Verma,Madhya Pradesh,Gwalior,474001,Paid Ads (Instagram/FB),2024-09-10
CUST-00433,Rahul Deshmukh,Uttar Pradesh,Agra,282001,Affiliate,2025-01-05
CUST-00434,Priya Deshmukh,Uttar Pradesh,Lucknow,226001,Affiliate,2025-06-01
CUST-00435,Ananya Deshmukh,Madhya Pradesh,Bhopal,462001,Paid Ads (Instagram/FB),2024-12-01
CUST-00436,Kavya Nair,Rajasthan,Jaipur,302001,Paid Ads (Instagram/FB),2025-08-20
CUST-00437,Neha Patel,Madhya Pradesh,Indore,452001,Organic Search,2025-04-09
CUST-00438,Rohan Nair,Bihar,Gaya,823001,Affiliate,2024-02-29
CUST-00439,Arjun Verma,Tamil Nadu,Madurai,625001,Organic Search,2025-02-09
CUST-00440,Vikram Sharma,Gujarat,Vadodara,390001,Organic Search,2024-02-16
CUST-00441,Kabir Kulkarni,Uttar Pradesh,Lucknow,226001,Organic Search,2025-04-28
CUST-00442,Aarav Singh,Bihar,Patna,800001,Paid Ads (Instagram/FB),2025-03-06
CUST-00443,Sneha Joshi,Rajasthan,Jodhpur,342001,Direct App Open,2024-03-23
CUST-00444,Rahul Gupta,Madhya Pradesh,Bhopal,462001,Referral / WhatsApp Share,2024-05-01
CUST-00445,Rohan Nair,Bihar,Muzaffarpur,842001,Paid Ads (Instagram/FB),2024-08-16
CUST-00446,Kavya Sharma,Maharashtra,Nagpur,440001,Direct App Open,2025-07-11
CUST-00447,Kabir Nair,Bihar,Patna,800001,Paid Ads (Instagram/FB),2025-04-16
CUST-00448,Sneha Mehta,Tamil Nadu,Chennai,600001,Organic Search,2024-02-02
CUST-00449,Siddharth Gupta,Bihar,Muzaffarpur,842001,Organic Search,2024-09-03
CUST-00450,Ananya Patel,Uttar Pradesh,Lucknow,226001,Direct App Open,2024-02-19
CUST-00451,Ananya Rao,Maharashtra,Nashik,422001,Direct App Open,2024-08-27
CUST-00452,Arjun Iyer,Maharashtra,Pune,411001,Affiliate,2024-10-23
CUST-00453,Ananya Rao,Telangana,Warangal,506001,Affiliate,2024-11-24
CUST-00454,Ananya Singh,Karnataka,Hubballi,580020,Affiliate,2024-08-14
CUST-00455,Kabir Singh,Tamil Nadu,Chennai,600001,Affiliate,2024-06-28
CUST-00456,Rahul Gupta,Bihar,Muzaffarpur,842001,Direct App Open,2024-02-18
CUST-00457,Sneha Gupta,Bihar,Muzaffarpur,842001,Referral / WhatsApp Share,2025-03-02
CUST-00458,Kabir Mehta,Tamil Nadu,Coimbatore,641001,Paid Ads (Instagram/FB),2025-07-04
CUST-00459,Neha Iyer,Gujarat,Surat,395001,Paid Ads (Instagram/FB),2025-04-19
CUST-00460,Aditya Sharma,Madhya Pradesh,Indore,452001,Direct App Open,2025-07-24
CUST-00461,Arjun Mehta,Bihar,Patna,800001,Referral / WhatsApp Share,2024-07-27
CUST-00462,Sneha Gupta,Uttar Pradesh,Agra,282001,Referral / WhatsApp Share,2024-04-04
CUST-00463,Arjun Rao,Gujarat,Ahmedabad,380001,Referral / WhatsApp Share,2025-01-21
CUST-00464,Rahul Deshmukh,Telangana,Hyderabad,500001,Organic Search,2024-07-11
CUST-00465,Siddharth Deshmukh,Madhya Pradesh,Bhopal,462001,Direct App Open,2024-08-01
CUST-00466,Kavya Kulkarni,Tamil Nadu,Chennai,600001,Paid Ads (Instagram/FB),2024-07-13
CUST-00467,Shreya Patel,Rajasthan,Jaipur,302001,Affiliate,2024-07-28
CUST-00468,Kabir Iyer,Madhya Pradesh,Indore,452001,Referral / WhatsApp Share,2025-01-24
CUST-00469,Neha Nair,West Bengal,Howrah,711101,Referral / WhatsApp Share,2025-01-03
CUST-00470,Arjun Verma,Rajasthan,Jaipur,302001,Direct App Open,2024-11-23
CUST-00471,Aditya Iyer,West Bengal,Howrah,711101,Direct App Open,2024-02-16
CUST-00472,Pooja Iyer,Karnataka,Bengaluru,560001,Referral / WhatsApp Share,2025-07-20
CUST-00473,Aditya Deshmukh,Telangana,Nizamabad,503001,Direct App Open,2024-10-29
CUST-00474,Rohan Iyer,West Bengal,Kolkata,700001,Direct App Open,2025-08-06
CUST-00475,Kavya Iyer,Rajasthan,Udaipur,313001,Referral / WhatsApp Share,2024-09-20
CUST-00476,Siddharth Verma,Rajasthan,Jodhpur,342001,Paid Ads (Instagram/FB),2024-12-26
CUST-00477,Rohan Mehta,Madhya Pradesh,Indore,452001,Paid Ads (Instagram/FB),2025-07-09
CUST-00478,Rahul Sharma,Madhya Pradesh,Bhopal,462001,Organic Search,2024-02-19
CUST-00479,Siddharth Sharma,Bihar,Patna,800001,Paid Ads (Instagram/FB),2024-03-10
CUST-00480,Shreya Mehta,Maharashtra,Pune,411001,Affiliate,2025-04-11
CUST-00481,Sneha Sharma,Telangana,Nizamabad,503001,Affiliate,2025-05-09
CUST-00482,Rahul Verma,Maharashtra,Mumbai,400001,Affiliate,2025-07-18
CUST-00483,Kabir Sharma,Maharashtra,Nagpur,440001,Affiliate,2024-10-20
CUST-00484,Aarav Nair,Bihar,Patna,800001,Organic Search,2024-04-08
CUST-00485,Arjun Mehta,Gujarat,Ahmedabad,380001,Affiliate,2025-06-23
CUST-00486,Vikram Kulkarni,Tamil Nadu,Coimbatore,641001,Organic Search,2025-01-17
CUST-00487,Kabir Verma,Telangana,Hyderabad,500001,Paid Ads (Instagram/FB),2024-11-03
CUST-00488,Rahul Patel,Maharashtra,Mumbai,400001,Direct App Open,2025-01-23
CUST-00489,Kabir Nair,Rajasthan,Jaipur,302001,Organic Search,2024-06-24
CUST-00490,Priya Verma,Bihar,Muzaffarpur,842001,Referral / WhatsApp Share,2025-08-02
CUST-00491,Kavya Patel,Madhya Pradesh,Bhopal,462001,Paid Ads (Instagram/FB),2024-08-04
CUST-00492,Aditya Rao,Telangana,Warangal,506001,Referral / WhatsApp Share,2024-02-17
CUST-00493,Aditya Patel,Tamil Nadu,Madurai,625001,Affiliate,2024-02-03
CUST-00494,Rohan Kulkarni,Maharashtra,Pune,411001,Affiliate,2024-05-27
CUST-00495,Siddharth Rao,Bihar,Patna,800001,Referral / WhatsApp Share,2024-06-15
CUST-00496,Pooja Iyer,Telangana,Warangal,506001,Affiliate,2024-12-05
CUST-00497,Kabir Rao,Karnataka,Hubballi,580020,Organic Search,2025-05-27
CUST-00498,Shreya Kulkarni,Maharashtra,Mumbai,400001,Direct App Open,2024-08-25
CUST-00499,Kavya Patel,West Bengal,Siliguri,734001,Affiliate,2025-02-10
CUST-00500,Siddharth Kulkarni,Maharashtra,Nagpur,440001,Direct App Open,2025-05-17
CUST-00501,Ananya Kulkarni,Madhya Pradesh,Indore,452001,Direct App Open,2024-07-09
CUST-00502,Rahul Deshmukh,Bihar,Patna,800001,Affiliate,2024-10-29
CUST-00503,Siddharth Iyer,Uttar Pradesh,Lucknow,226001,Referral / WhatsApp Share,2024-06-06
CUST-00504,Kabir Rao,Karnataka,Hubballi,580020,Direct App Open,2024-11-20
CUST-00505,Sneha Patel,Uttar Pradesh,Lucknow,226001,Referral / WhatsApp Share,2025-03-31
CUST-00506,Sneha Singh,Uttar Pradesh,Kanpur,208001,Organic Search,2024-07-10
CUST-00507,Kabir Verma,Madhya Pradesh,Gwalior,474001,Affiliate,2025-02-21
CUST-00508,Priya Sharma,Uttar Pradesh,Varanasi,221001,Affiliate,2024-04-05
CUST-00509,Pooja Deshmukh,West Bengal,Howrah,711101,Organic Search,2024-10-25
CUST-00510,Kabir Joshi,Uttar Pradesh,Kanpur,208001,Affiliate,2025-06-17
CUST-00511,Rohan Gupta,Bihar,Patna,800001,Paid Ads (Instagram/FB),2024-10-02
CUST-00512,Vikram Singh,Rajasthan,Jaipur,302001,Organic Search,2024-06-20
CUST-00513,Kabir Singh,Bihar,Gaya,823001,Direct App Open,2024-03-19
CUST-00514,Sneha Singh,Gujarat,Vadodara,390001,Direct App Open,2024-07-19
CUST-00515,Neha Patel,Karnataka,Mysuru,570001,Organic Search,2025-02-09
CUST-00516,Sneha Deshmukh,Bihar,Gaya,823001,Direct App Open,2024-12-08
CUST-00517,Kabir Gupta,Telangana,Hyderabad,500001,Referral / WhatsApp Share,2024-11-24
CUST-00518,Pooja Rao,Gujarat,Surat,395001,Referral / WhatsApp Share,2024-06-30
CUST-00519,Kabir Kulkarni,Tamil Nadu,Madurai,625001,Direct App Open,2025-08-12
CUST-00520,Siddharth Iyer,West Bengal,Howrah,711101,Referral / WhatsApp Share,2025-02-06
CUST-00521,Sneha Patel,Telangana,Hyderabad,500001,Affiliate,2025-07-12
CUST-00522,Rohan Gupta,Madhya Pradesh,Bhopal,462001,Direct App Open,2024-08-02
CUST-00523,Neha Singh,Uttar Pradesh,Agra,282001,Direct App Open,2024-05-22
CUST-00524,Rahul Singh,Gujarat,Surat,395001,Paid Ads (Instagram/FB),2025-03-09
CUST-00525,Siddharth Joshi,Uttar Pradesh,Agra,282001,Affiliate,2025-05-05
CUST-00526,Pooja Joshi,Madhya Pradesh,Gwalior,474001,Direct App Open,2025-07-10
CUST-00527,Aarav Kulkarni,Madhya Pradesh,Gwalior,474001,Organic Search,2024-04-21
CUST-00528,Siddharth Iyer,West Bengal,Kolkata,700001,Affiliate,2024-02-15
CUST-00529,Pooja Gupta,Bihar,Gaya,823001,Direct App Open,2024-04-18
CUST-00530,Aarav Patel,Tamil Nadu,Chennai,600001,Affiliate,2025-06-15
CUST-00531,Arjun Deshmukh,Telangana,Hyderabad,500001,Direct App Open,2025-01-18
CUST-00532,Kabir Verma,Telangana,Nizamabad,503001,Affiliate,2024-06-03
CUST-00533,Sneha Sharma,Rajasthan,Jaipur,302001,Referral / WhatsApp Share,2025-03-01
CUST-00534,Aditya Patel,Uttar Pradesh,Kanpur,208001,Referral / WhatsApp Share,2024-11-15
CUST-00535,Sneha Verma,Gujarat,Vadodara,390001,Direct App Open,2024-12-22
CUST-00536,Neha Patel,Rajasthan,Udaipur,313001,Direct App Open,2024-11-22
CUST-00537,Priya Singh,Maharashtra,Mumbai,400001,Organic Search,2024-12-17
CUST-00538,Rahul Patel,Karnataka,Hubballi,580020,Paid Ads (Instagram/FB),2025-06-12
CUST-00539,Rohan Nair,Karnataka,Mysuru,570001,Affiliate,2025-03-12
CUST-00540,Neha Iyer,Bihar,Muzaffarpur,842001,Paid Ads (Instagram/FB),2024-07-09
CUST-00541,Rahul Gupta,Bihar,Gaya,823001,Organic Search,2024-07-21
CUST-00542,Neha Deshmukh,Bihar,Gaya,823001,Organic Search,2024-08-07
CUST-00543,Ananya Singh,Uttar Pradesh,Lucknow,226001,Affiliate,2024-07-10
CUST-00544,Sneha Kulkarni,Gujarat,Surat,395001,Organic Search,2024-09-25
CUST-00545,Rahul Verma,Madhya Pradesh,Gwalior,474001,Referral / WhatsApp Share,2025-02-01
CUST-00546,Pooja Joshi,Telangana,Hyderabad,500001,Referral / WhatsApp Share,2024-12-26
CUST-00547,Kavya Verma,Telangana,Hyderabad,500001,Referral / WhatsApp Share,2024-03-27
CUST-00548,Rahul Mehta,West Bengal,Kolkata,700001,Paid Ads (Instagram/FB),2024-11-08
CUST-00549,Priya Mehta,West Bengal,Siliguri,734001,Paid Ads (Instagram/FB),2025-06-07
CUST-00550,Kabir Joshi,Telangana,Hyderabad,500001,Affiliate,2025-01-27
CUST-00551,Kabir Mehta,Rajasthan,Udaipur,313001,Affiliate,2024-06-26
CUST-00552,Arjun Mehta,Rajasthan,Jodhpur,342001,Paid Ads (Instagram/FB),2024-07-10
CUST-00553,Sneha Verma,Telangana,Hyderabad,500001,Referral / WhatsApp Share,2024-01-10
CUST-00554,Neha Mehta,Gujarat,Surat,395001,Affiliate,2025-06-01
CUST-00555,Rahul Verma,Bihar,Muzaffarpur,842001,Direct App Open,2025-03-01
CUST-00556,Shreya Verma,Rajasthan,Jaipur,302001,Organic Search,2025-08-01
CUST-00557,Aarav Iyer,Tamil Nadu,Chennai,600001,Referral / WhatsApp Share,2024-08-18
CUST-00558,Arjun Singh,Karnataka,Mysuru,570001,Affiliate,2025-05-22
CUST-00559,Arjun Nair,Uttar Pradesh,Lucknow,226001,Referral / WhatsApp Share,2025-07-10
CUST-00560,Kavya Kulkarni,Madhya Pradesh,Bhopal,462001,Direct App Open,2025-07-13
CUST-00561,Ananya Joshi,Uttar Pradesh,Kanpur,208001,Referral / WhatsApp Share,2024-02-03
CUST-00562,Neha Singh,West Bengal,Kolkata,700001,Direct App Open,2024-04-30
CUST-00563,Siddharth Iyer,Gujarat,Vadodara,390001,Affiliate,2024-12-25
CUST-00564,Kavya Rao,Telangana,Nizamabad,503001,Direct App Open,2024-06-18
CUST-00565,Pooja Mehta,Gujarat,Ahmedabad,380001,Organic Search,2025-08-06
CUST-00566,Sneha Nair,Tamil Nadu,Madurai,625001,Affiliate,2024-06-21
CUST-00567,Sneha Rao,Tamil Nadu,Coimbatore,641001,Affiliate,2024-09-30
CUST-00568,Kavya Nair,Uttar Pradesh,Kanpur,208001,Direct App Open,2024-03-01
CUST-00569,Vikram Gupta,Karnataka,Hubballi,580020,Paid Ads (Instagram/FB),2024-09-12
CUST-00570,Rohan Rao,West Bengal,Kolkata,700001,Direct App Open,2025-05-16
CUST-00571,Rohan Deshmukh,Tamil Nadu,Madurai,625001,Direct App Open,2025-01-19
CUST-00572,Neha Patel,Uttar Pradesh,Agra,282001,Affiliate,2024-10-11
CUST-00573,Shreya Kulkarni,Rajasthan,Jodhpur,342001,Referral / WhatsApp Share,2025-08-18
CUST-00574,Aarav Rao,Uttar Pradesh,Agra,282001,Referral / WhatsApp Share,2024-03-05
CUST-00575,Siddharth Nair,Bihar,Patna,800001,Direct App Open,2024-08-04
CUST-00576,Neha Singh,West Bengal,Howrah,711101,Referral / WhatsApp Share,2025-07-14
CUST-00577,Pooja Mehta,Telangana,Warangal,506001,Referral / WhatsApp Share,2024-02-19
CUST-00578,Aarav Patel,Rajasthan,Jaipur,302001,Organic Search,2024-06-10
CUST-00579,Neha Verma,Maharashtra,Nashik,422001,Paid Ads (Instagram/FB),2024-05-15
CUST-00580,Aditya Gupta,Tamil Nadu,Chennai,600001,Referral / WhatsApp Share,2024-04-05
CUST-00581,Rahul Kulkarni,Tamil Nadu,Chennai,600001,Referral / WhatsApp Share,2024-06-18
CUST-00582,Aarav Joshi,Tamil Nadu,Madurai,625001,Paid Ads (Instagram/FB),2025-03-15
CUST-00583,Rahul Patel,Uttar Pradesh,Lucknow,226001,Paid Ads (Instagram/FB),2025-05-03
CUST-00584,Priya Mehta,Telangana,Hyderabad,500001,Affiliate,2025-03-31
CUST-00585,Aarav Sharma,West Bengal,Kolkata,700001,Direct App Open,2024-05-15
CUST-00586,Neha Patel,Gujarat,Surat,395001,Organic Search,2024-04-14
CUST-00587,Priya Kulkarni,West Bengal,Howrah,711101,Paid Ads (Instagram/FB),2025-01-26
CUST-00588,Siddharth Mehta,Karnataka,Bengaluru,560001,Affiliate,2025-07-30
CUST-00589,Aarav Deshmukh,Karnataka,Mysuru,570001,Referral / WhatsApp Share,2024-08-06
CUST-00590,Rahul Rao,Karnataka,Mysuru,570001,Affiliate,2025-03-29
CUST-00591,Kavya Iyer,Uttar Pradesh,Lucknow,226001,Paid Ads (Instagram/FB),2024-05-06
CUST-00592,Pooja Rao,Bihar,Gaya,823001,Direct App Open,2024-11-18
CUST-00593,Siddharth Mehta,Gujarat,Surat,395001,Organic Search,2024-09-11
CUST-00594,Arjun Deshmukh,Telangana,Nizamabad,503001,Affiliate,2024-10-18
CUST-00595,Siddharth Rao,Maharashtra,Nagpur,440001,Paid Ads (Instagram/FB),2025-06-14
CUST-00596,Pooja Nair,Gujarat,Vadodara,390001,Direct App Open,2024-10-29
CUST-00597,Rahul Sharma,Gujarat,Surat,395001,Direct App Open,2024-04-25
CUST-00598,Ananya Verma,Telangana,Hyderabad,500001,Affiliate,2024-01-13
CUST-00599,Sneha Kulkarni,Karnataka,Mysuru,570001,Affiliate,2025-03-06
CUST-00600,Sneha Nair,Karnataka,Mysuru,570001,Organic Search,2024-01-18
CUST-00601,Pooja Patel,Maharashtra,Nagpur,440001,Paid Ads (Instagram/FB),2024-02-10
CUST-00602,Aditya Sharma,Bihar,Muzaffarpur,842001,Referral / WhatsApp Share,2025-05-28
CUST-00603,Siddharth Joshi,Bihar,Muzaffarpur,842001,Direct App Open,2024-03-25
CUST-00604,Rahul Nair,Madhya Pradesh,Gwalior,474001,Paid Ads (Instagram/FB),2024-10-11
CUST-00605,Priya Singh,Uttar Pradesh,Kanpur,208001,Paid Ads (Instagram/FB),2025-07-03
CUST-00606,Sneha Joshi,Telangana,Nizamabad,503001,Organic Search,2024-11-13
CUST-00607,Shreya Joshi,Gujarat,Ahmedabad,380001,Paid Ads (Instagram/FB),2024-03-29
CUST-00608,Aditya Joshi,Uttar Pradesh,Agra,282001,Affiliate,2024-02-26
CUST-00609,Vikram Gupta,Karnataka,Bengaluru,560001,Organic Search,2024-05-20
CUST-00610,Shreya Sharma,Karnataka,Mysuru,570001,Referral / WhatsApp Share,2025-06-19
CUST-00611,Arjun Rao,Tamil Nadu,Chennai,600001,Referral / WhatsApp Share,2024-05-09
CUST-00612,Shreya Singh,Uttar Pradesh,Lucknow,226001,Referral / WhatsApp Share,2025-03-15
CUST-00613,Vikram Nair,Uttar Pradesh,Varanasi,221001,Affiliate,2024-03-19
CUST-00614,Neha Verma,Madhya Pradesh,Indore,452001,Organic Search,2025-05-26
CUST-00615,Kavya Deshmukh,Karnataka,Mysuru,570001,Paid Ads (Instagram/FB),2024-09-18
CUST-00616,Siddharth Patel,Telangana,Nizamabad,503001,Organic Search,2024-08-21
CUST-00617,Shreya Nair,Maharashtra,Mumbai,400001,Organic Search,2024-09-07
CUST-00618,Aarav Verma,West Bengal,Howrah,711101,Paid Ads (Instagram/FB),2024-07-02
CUST-00619,Aditya Sharma,Madhya Pradesh,Gwalior,474001,Direct App Open,2024-08-17
CUST-00620,Sneha Iyer,Bihar,Muzaffarpur,842001,Referral / WhatsApp Share,2024-10-04
CUST-00621,Kavya Patel,Telangana,Warangal,506001,Organic Search,2025-05-29
CUST-00622,Rahul Sharma,Karnataka,Bengaluru,560001,Affiliate,2024-02-17
CUST-00623,Kabir Patel,Rajasthan,Jodhpur,342001,Referral / WhatsApp Share,2024-12-01
CUST-00624,Priya Nair,Rajasthan,Jaipur,302001,Referral / WhatsApp Share,2024-07-24
CUST-00625,Vikram Deshmukh,Tamil Nadu,Madurai,625001,Affiliate,2024-09-05
CUST-00626,Neha Kulkarni,Telangana,Warangal,506001,Paid Ads (Instagram/FB),2025-07-13
CUST-00627,Siddharth Iyer,Karnataka,Bengaluru,560001,Direct App Open,2024-01-25
CUST-00628,Ananya Nair,West Bengal,Siliguri,734001,Organic Search,2024-12-09
CUST-00629,Aarav Gupta,Bihar,Muzaffarpur,842001,Referral / WhatsApp Share,2024-04-16
CUST-00630,Ananya Nair,Gujarat,Surat,395001,Direct App Open,2024-03-02
CUST-00631,Rohan Rao,Tamil Nadu,Chennai,600001,Organic Search,2024-08-25
CUST-00632,Aditya Nair,Bihar,Muzaffarpur,842001,Referral / WhatsApp Share,2025-04-14
CUST-00633,Shreya Patel,Telangana,Hyderabad,500001,Affiliate,2024-05-16
CUST-00634,Rahul Joshi,Uttar Pradesh,Lucknow,226001,Direct App Open,2024-05-13
CUST-00635,Ananya Singh,Tamil Nadu,Coimbatore,641001,Direct App Open,2024-11-30
CUST-00636,Sneha Verma,Tamil Nadu,Chennai,600001,Organic Search,2024-07-26
CUST-00637,Rohan Deshmukh,Uttar Pradesh,Kanpur,208001,Organic Search,2024-06-17
CUST-00638,Neha Verma,West Bengal,Howrah,711101,Organic Search,2025-07-02
CUST-00639,Sneha Iyer,Rajasthan,Jodhpur,342001,Direct App Open,2024-09-28
CUST-00640,Kavya Patel,Uttar Pradesh,Kanpur,208001,Referral / WhatsApp Share,2024-02-11
CUST-00641,Ananya Kulkarni,Karnataka,Bengaluru,560001,Paid Ads (Instagram/FB),2024-12-30
CUST-00642,Kabir Nair,Maharashtra,Nagpur,440001,Referral / WhatsApp Share,2024-06-27
CUST-00643,Aarav Joshi,Rajasthan,Udaipur,313001,Affiliate,2024-09-12
CUST-00644,Priya Verma,Uttar Pradesh,Kanpur,208001,Organic Search,2024-01-13
CUST-00645,Aarav Iyer,Karnataka,Bengaluru,560001,Direct App Open,2025-01-16
CUST-00646,Rahul Gupta,Uttar Pradesh,Varanasi,221001,Organic Search,2024-01-23
CUST-00647,Priya Iyer,Rajasthan,Jaipur,302001,Organic Search,2024-12-05
CUST-00648,Priya Sharma,Rajasthan,Jaipur,302001,Paid Ads (Instagram/FB),2025-08-10
CUST-00649,Kabir Rao,Bihar,Gaya,823001,Organic Search,2025-01-26
CUST-00650,Rahul Joshi,Karnataka,Mysuru,570001,Paid Ads (Instagram/FB),2024-07-10
CUST-00651,Vikram Singh,Rajasthan,Jaipur,302001,Organic Search,2024-09-08
CUST-00652,Rahul Singh,Rajasthan,Jodhpur,342001,Affiliate,2025-05-05
CUST-00653,Aarav Patel,Tamil Nadu,Coimbatore,641001,Paid Ads (Instagram/FB),2025-03-05
CUST-00654,Ananya Gupta,Madhya Pradesh,Bhopal,462001,Affiliate,2024-01-20
CUST-00655,Kabir Rao,West Bengal,Howrah,711101,Affiliate,2025-05-11
CUST-00656,Sneha Deshmukh,Madhya Pradesh,Indore,452001,Direct App Open,2024-10-03
CUST-00657,Rohan Sharma,West Bengal,Siliguri,734001,Paid Ads (Instagram/FB),2024-01-31
CUST-00658,Aditya Singh,Maharashtra,Nashik,422001,Affiliate,2025-01-01
CUST-00659,Siddharth Deshmukh,Gujarat,Ahmedabad,380001,Organic Search,2024-09-10
CUST-00660,Rahul Iyer,Tamil Nadu,Madurai,625001,Organic Search,2024-08-12
CUST-00661,Pooja Joshi,West Bengal,Kolkata,700001,Paid Ads (Instagram/FB),2024-08-30
CUST-00662,Pooja Kulkarni,West Bengal,Siliguri,734001,Organic Search,2024-12-26
CUST-00663,Pooja Deshmukh,Karnataka,Hubballi,580020,Paid Ads (Instagram/FB),2025-05-19
CUST-00664,Arjun Singh,Karnataka,Mysuru,570001,Organic Search,2024-04-02
CUST-00665,Aarav Iyer,Telangana,Hyderabad,500001,Organic Search,2025-06-23
CUST-00666,Neha Sharma,West Bengal,Siliguri,734001,Paid Ads (Instagram/FB),2024-05-13
CUST-00667,Sneha Rao,Karnataka,Mysuru,570001,Organic Search,2024-01-23
CUST-00668,Rohan Deshmukh,Karnataka,Bengaluru,560001,Affiliate,2025-01-08
CUST-00669,Priya Kulkarni,Bihar,Muzaffarpur,842001,Organic Search,2024-12-10
CUST-00670,Vikram Kulkarni,Karnataka,Bengaluru,560001,Direct App Open,2025-05-13
CUST-00671,Rahul Kulkarni,Karnataka,Hubballi,580020,Affiliate,2024-12-31
CUST-00672,Ananya Gupta,Telangana,Hyderabad,500001,Direct App Open,2024-11-10
CUST-00673,Shreya Rao,Tamil Nadu,Chennai,600001,Paid Ads (Instagram/FB),2024-01-02
CUST-00674,Shreya Deshmukh,Bihar,Muzaffarpur,842001,Organic Search,2024-07-05
CUST-00675,Pooja Kulkarni,Telangana,Hyderabad,500001,Affiliate,2024-04-16
CUST-00676,Aditya Verma,Karnataka,Mysuru,570001,Organic Search,2024-08-31
CUST-00677,Sneha Kulkarni,Karnataka,Hubballi,580020,Organic Search,2024-12-09
CUST-00678,Neha Sharma,Tamil Nadu,Chennai,600001,Paid Ads (Instagram/FB),2024-03-10
CUST-00679,Sneha Singh,Uttar Pradesh,Lucknow,226001,Organic Search,2025-01-30
CUST-00680,Neha Rao,Bihar,Patna,800001,Direct App Open,2025-05-19
CUST-00681,Aditya Joshi,West Bengal,Siliguri,734001,Direct App Open,2024-04-13
CUST-00682,Kavya Verma,Telangana,Nizamabad,503001,Paid Ads (Instagram/FB),2024-06-15
CUST-00683,Neha Patel,Maharashtra,Nagpur,440001,Organic Search,2024-11-22
CUST-00684,Vikram Patel,Uttar Pradesh,Varanasi,221001,Paid Ads (Instagram/FB),2025-01-19
CUST-00685,Rohan Rao,Uttar Pradesh,Lucknow,226001,Referral / WhatsApp Share,2025-05-09
CUST-00686,Shreya Sharma,Bihar,Muzaffarpur,842001,Paid Ads (Instagram/FB),2025-03-20
CUST-00687,Rohan Sharma,Uttar Pradesh,Varanasi,221001,Paid Ads (Instagram/FB),2024-07-13
CUST-00688,Kabir Rao,Madhya Pradesh,Gwalior,474001,Affiliate,2024-09-28
CUST-00689,Rahul Singh,Tamil Nadu,Chennai,600001,Organic Search,2024-02-20
CUST-00690,Kabir Deshmukh,Madhya Pradesh,Indore,452001,Paid Ads (Instagram/FB),2024-02-25
CUST-00691,Sneha Sharma,Bihar,Patna,800001,Referral / WhatsApp Share,2025-05-06
CUST-00692,Ananya Patel,Maharashtra,Pune,411001,Paid Ads (Instagram/FB),2024-10-25
CUST-00693,Priya Verma,Uttar Pradesh,Varanasi,221001,Direct App Open,2025-04-27
CUST-00694,Neha Gupta,Tamil Nadu,Chennai,600001,Affiliate,2025-01-31
CUST-00695,Rohan Kulkarni,Bihar,Gaya,823001,Paid Ads (Instagram/FB),2025-04-01
CUST-00696,Aarav Singh,Rajasthan,Jodhpur,342001,Referral / WhatsApp Share,2024-08-19
CUST-00697,Kavya Singh,Telangana,Hyderabad,500001,Paid Ads (Instagram/FB),2024-04-09
CUST-00698,Priya Gupta,West Bengal,Siliguri,734001,Direct App Open,2024-08-20
CUST-00699,Arjun Sharma,Bihar,Muzaffarpur,842001,Direct App Open,2025-07-02
CUST-00700,Rahul Verma,Telangana,Hyderabad,500001,Direct App Open,2024-11-02
CUST-00701,Priya Joshi,Maharashtra,Pune,411001,Organic Search,2025-04-04
CUST-00702,Rohan Mehta,Gujarat,Ahmedabad,380001,Paid Ads (Instagram/FB),2024-02-13
CUST-00703,Kabir Patel,Bihar,Patna,800001,Paid Ads (Instagram/FB),2024-09-21
CUST-00704,Sneha Rao,Uttar Pradesh,Lucknow,226001,Direct App Open,2025-07-23
CUST-00705,Kabir Nair,West Bengal,Howrah,711101,Affiliate,2025-04-14
CUST-00706,Aditya Sharma,Telangana,Nizamabad,503001,Affiliate,2025-03-05
CUST-00707,Priya Joshi,Karnataka,Bengaluru,560001,Affiliate,2025-08-19
CUST-00708,Siddharth Patel,Uttar Pradesh,Lucknow,226001,Referral / WhatsApp Share,2025-07-02
CUST-00709,Aditya Kulkarni,Bihar,Gaya,823001,Direct App Open,2025-05-12
CUST-00710,Pooja Deshmukh,Rajasthan,Jaipur,302001,Paid Ads (Instagram/FB),2024-10-09
CUST-00711,Kabir Mehta,Telangana,Nizamabad,503001,Direct App Open,2024-02-09
CUST-00712,Kabir Kulkarni,Gujarat,Ahmedabad,380001,Direct App Open,2024-10-02
CUST-00713,Aditya Kulkarni,Maharashtra,Nagpur,440001,Referral / WhatsApp Share,2024-11-14
CUST-00714,Vikram Verma,Uttar Pradesh,Kanpur,208001,Paid Ads (Instagram/FB),2024-11-03
CUST-00715,Shreya Verma,West Bengal,Howrah,711101,Direct App Open,2024-04-01
CUST-00716,Ananya Verma,Gujarat,Surat,395001,Direct App Open,2025-06-12
CUST-00717,Kavya Kulkarni,Maharashtra,Pune,411001,Organic Search,2024-11-14
CUST-00718,Shreya Nair,Bihar,Patna,800001,Affiliate,2025-08-05
CUST-00719,Aarav Mehta,Gujarat,Ahmedabad,380001,Organic Search,2024-09-12
CUST-00720,Aarav Verma,Maharashtra,Nagpur,440001,Paid Ads (Instagram/FB),2024-10-07
CUST-00721,Sneha Verma,Madhya Pradesh,Indore,452001,Organic Search,2024-02-01
CUST-00722,Ananya Kulkarni,Rajasthan,Udaipur,313001,Direct App Open,2024-06-30
CUST-00723,Kavya Verma,Telangana,Nizamabad,503001,Referral / WhatsApp Share,2024-12-18
CUST-00724,Rohan Singh,Uttar Pradesh,Varanasi,221001,Organic Search,2025-01-30
CUST-00725,Aarav Mehta,Telangana,Hyderabad,500001,Paid Ads (Instagram/FB),2024-08-18
CUST-00726,Rahul Iyer,Tamil Nadu,Madurai,625001,Direct App Open,2025-06-09
CUST-00727,Aarav Gupta,Maharashtra,Nashik,422001,Paid Ads (Instagram/FB),2024-06-26
CUST-00728,Pooja Sharma,Gujarat,Surat,395001,Affiliate,2024-11-08
CUST-00729,Shreya Rao,Tamil Nadu,Coimbatore,641001,Direct App Open,2024-12-23
CUST-00730,Neha Singh,Gujarat,Surat,395001,Referral / WhatsApp Share,2025-06-17
CUST-00731,Kavya Deshmukh,Bihar,Muzaffarpur,842001,Organic Search,2024-01-08
CUST-00732,Arjun Gupta,West Bengal,Siliguri,734001,Affiliate,2024-10-16
CUST-00733,Vikram Gupta,Uttar Pradesh,Agra,282001,Organic Search,2024-12-10
CUST-00734,Vikram Gupta,West Bengal,Howrah,711101,Referral / WhatsApp Share,2024-11-01
CUST-00735,Ananya Mehta,Madhya Pradesh,Bhopal,462001,Organic Search,2025-02-17
CUST-00736,Rahul Kulkarni,Karnataka,Hubballi,580020,Organic Search,2025-05-24
CUST-00737,Vikram Singh,Bihar,Gaya,823001,Direct App Open,2024-02-06
CUST-00738,Pooja Rao,Telangana,Hyderabad,500001,Referral / WhatsApp Share,2024-08-15
CUST-00739,Rahul Nair,Rajasthan,Udaipur,313001,Referral / WhatsApp Share,2025-06-03
CUST-00740,Vikram Mehta,Madhya Pradesh,Bhopal,462001,Referral / WhatsApp Share,2024-04-09
CUST-00741,Neha Mehta,Tamil Nadu,Madurai,625001,Affiliate,2024-07-06
CUST-00742,Rahul Kulkarni,Uttar Pradesh,Kanpur,208001,Referral / WhatsApp Share,2024-08-16
CUST-00743,Shreya Singh,Bihar,Gaya,823001,Referral / WhatsApp Share,2024-09-23
CUST-00744,Pooja Singh,Rajasthan,Jaipur,302001,Direct App Open,2024-02-24
CUST-00745,Kavya Gupta,Telangana,Nizamabad,503001,Affiliate,2024-03-13
CUST-00746,Neha Iyer,Madhya Pradesh,Bhopal,462001,Direct App Open,2025-06-26
CUST-00747,Vikram Joshi,Maharashtra,Pune,411001,Paid Ads (Instagram/FB),2024-07-24
CUST-00748,Sneha Joshi,Telangana,Warangal,506001,Paid Ads (Instagram/FB),2024-11-19
CUST-00749,Kavya Rao,Karnataka,Bengaluru,560001,Direct App Open,2024-12-06
CUST-00750,Rahul Mehta,West Bengal,Siliguri,734001,Organic Search,2024-01-05
CUST-00751,Neha Singh,Gujarat,Ahmedabad,380001,Affiliate,2024-06-11
CUST-00752,Neha Patel,Karnataka,Hubballi,580020,Direct App Open,2025-03-15
CUST-00753,Kabir Joshi,Rajasthan,Jodhpur,342001,Organic Search,2024-02-08
CUST-00754,Arjun Iyer,West Bengal,Kolkata,700001,Referral / WhatsApp Share,2025-06-27
CUST-00755,Ananya Sharma,Maharashtra,Pune,411001,Paid Ads (Instagram/FB),2024-12-18
CUST-00756,Vikram Mehta,Uttar Pradesh,Agra,282001,Affiliate,2024-11-09
CUST-00757,Rohan Patel,Maharashtra,Nagpur,440001,Referral / WhatsApp Share,2025-04-11
CUST-00758,Shreya Nair,Telangana,Nizamabad,503001,Referral / WhatsApp Share,2025-03-20
CUST-00759,Aditya Gupta,Karnataka,Mysuru,570001,Direct App Open,2025-01-02
CUST-00760,Siddharth Iyer,Karnataka,Mysuru,570001,Organic Search,2024-08-21
CUST-00761,Ananya Rao,Karnataka,Bengaluru,560001,Organic Search,2025-05-31
CUST-00762,Rohan Patel,West Bengal,Siliguri,734001,Organic Search,2025-01-19
CUST-00763,Aditya Gupta,Tamil Nadu,Madurai,625001,Affiliate,2024-02-19
CUST-00764,Pooja Sharma,Uttar Pradesh,Lucknow,226001,Organic Search,2024-04-28
CUST-00765,Kabir Verma,Bihar,Patna,800001,Affiliate,2024-09-15
CUST-00766,Neha Rao,Karnataka,Bengaluru,560001,Organic Search,2024-11-04
CUST-00767,Kabir Gupta,Uttar Pradesh,Varanasi,221001,Affiliate,2024-05-20
CUST-00768,Kabir Patel,Madhya Pradesh,Gwalior,474001,Affiliate,2024-04-30
CUST-00769,Vikram Patel,Uttar Pradesh,Agra,282001,Paid Ads (Instagram/FB),2024-07-23
CUST-00770,Siddharth Singh,Madhya Pradesh,Bhopal,462001,Referral / WhatsApp Share,2025-02-23
CUST-00771,Vikram Mehta,Maharashtra,Nashik,422001,Paid Ads (Instagram/FB),2025-05-07
CUST-00772,Sneha Iyer,Maharashtra,Mumbai,400001,Organic Search,2024-04-23
CUST-00773,Kavya Deshmukh,Rajasthan,Jaipur,302001,Organic Search,2025-06-07
CUST-00774,Priya Rao,Uttar Pradesh,Varanasi,221001,Paid Ads (Instagram/FB),2025-04-12
CUST-00775,Vikram Singh,Rajasthan,Jaipur,302001,Organic Search,2024-06-27
CUST-00776,Kavya Sharma,Tamil Nadu,Coimbatore,641001,Referral / WhatsApp Share,2025-03-12
CUST-00777,Shreya Patel,Uttar Pradesh,Lucknow,226001,Organic Search,2024-05-21
CUST-00778,Rahul Gupta,Karnataka,Mysuru,570001,Referral / WhatsApp Share,2025-03-24
CUST-00779,Pooja Singh,Uttar Pradesh,Varanasi,221001,Referral / WhatsApp Share,2024-07-06
CUST-00780,Priya Joshi,Bihar,Gaya,823001,Referral / WhatsApp Share,2025-01-29
CUST-00781,Shreya Verma,Bihar,Muzaffarpur,842001,Paid Ads (Instagram/FB),2024-04-25
CUST-00782,Rohan Rao,Maharashtra,Pune,411001,Organic Search,2025-03-02
CUST-00783,Aditya Deshmukh,Rajasthan,Udaipur,313001,Direct App Open,2024-07-04
CUST-00784,Pooja Joshi,West Bengal,Siliguri,734001,Organic Search,2024-05-13
CUST-00785,Neha Verma,Uttar Pradesh,Agra,282001,Direct App Open,2024-02-17
CUST-00786,Priya Singh,West Bengal,Kolkata,700001,Affiliate,2025-08-13
CUST-00787,Shreya Deshmukh,Gujarat,Vadodara,390001,Referral / WhatsApp Share,2025-06-15
CUST-00788,Arjun Rao,Telangana,Hyderabad,500001,Direct App Open,2024-09-11
CUST-00789,Neha Kulkarni,Bihar,Patna,800001,Affiliate,2024-02-25
CUST-00790,Aarav Gupta,Karnataka,Hubballi,580020,Direct App Open,2025-05-22
CUST-00791,Kavya Mehta,Uttar Pradesh,Agra,282001,Referral / WhatsApp Share,2024-09-03
CUST-00792,Sneha Singh,Maharashtra,Pune,411001,Affiliate,2025-01-22
CUST-00793,Kabir Iyer,Uttar Pradesh,Agra,282001,Direct App Open,2025-08-09
CUST-00794,Neha Patel,Rajasthan,Jodhpur,342001,Referral / WhatsApp Share,2024-05-01
CUST-00795,Neha Rao,Maharashtra,Mumbai,400001,Direct App Open,2025-02-26
CUST-00796,Aarav Nair,Madhya Pradesh,Bhopal,462001,Organic Search,2024-11-07
CUST-00797,Aditya Nair,Madhya Pradesh,Bhopal,462001,Direct App Open,2024-12-15
CUST-00798,Sneha Sharma,Gujarat,Surat,395001,Referral / WhatsApp Share,2025-07-27
CUST-00799,Siddharth Deshmukh,Telangana,Warangal,506001,Referral / WhatsApp Share,2025-04-08
CUST-00800,Priya Patel,Gujarat,Ahmedabad,380001,Referral / WhatsApp Share,2024-12-29
CUST-00801,Kavya Gupta,Tamil Nadu,Madurai,625001,Affiliate,2025-01-17
CUST-00802,Shreya Patel,Maharashtra,Pune,411001,Direct App Open,2024-05-23
CUST-00803,Kavya Rao,Bihar,Patna,800001,Referral / WhatsApp Share,2024-07-19
CUST-00804,Ananya Patel,Bihar,Patna,800001,Direct App Open,2024-07-14
CUST-00805,Shreya Kulkarni,Uttar Pradesh,Agra,282001,Organic Search,2024-05-06
CUST-00806,Siddharth Verma,Rajasthan,Udaipur,313001,Affiliate,2025-05-31
CUST-00807,Rohan Verma,Maharashtra,Mumbai,400001,Affiliate,2025-03-19
CUST-00808,Kavya Deshmukh,Rajasthan,Udaipur,313001,Paid Ads (Instagram/FB),2025-08-15
CUST-00809,Rohan Rao,Karnataka,Bengaluru,560001,Direct App Open,2024-11-25
CUST-00810,Arjun Joshi,Bihar,Muzaffarpur,842001,Paid Ads (Instagram/FB),2024-10-07
CUST-00811,Kabir Kulkarni,Tamil Nadu,Coimbatore,641001,Paid Ads (Instagram/FB),2024-05-21
CUST-00812,Kabir Deshmukh,Madhya Pradesh,Indore,452001,Affiliate,2024-11-17
CUST-00813,Shreya Rao,Madhya Pradesh,Gwalior,474001,Paid Ads (Instagram/FB),2024-07-24
CUST-00814,Ananya Deshmukh,Tamil Nadu,Madurai,625001,Referral / WhatsApp Share,2024-05-15
CUST-00815,Shreya Gupta,Karnataka,Hubballi,580020,Affiliate,2024-11-26
CUST-00816,Shreya Patel,West Bengal,Siliguri,734001,Direct App Open,2025-08-19
CUST-00817,Pooja Gupta,Bihar,Muzaffarpur,842001,Affiliate,2024-10-19
CUST-00818,Aditya Joshi,Maharashtra,Mumbai,400001,Organic Search,2025-01-25
CUST-00819,Rohan Sharma,Maharashtra,Pune,411001,Referral / WhatsApp Share,2024-06-13
CUST-00820,Vikram Gupta,Tamil Nadu,Chennai,600001,Organic Search,2024-10-29
CUST-00821,Ananya Nair,Maharashtra,Nagpur,440001,Direct App Open,2024-04-14
CUST-00822,Pooja Gupta,Madhya Pradesh,Bhopal,462001,Affiliate,2025-02-02
CUST-00823,Ananya Nair,Tamil Nadu,Madurai,625001,Organic Search,2025-01-25
CUST-00824,Kabir Joshi,West Bengal,Siliguri,734001,Organic Search,2024-01-14
CUST-00825,Shreya Singh,Gujarat,Vadodara,390001,Direct App Open,2024-08-18
CUST-00826,Aditya Gupta,West Bengal,Siliguri,734001,Affiliate,2024-07-20
CUST-00827,Siddharth Rao,Gujarat,Surat,395001,Direct App Open,2024-06-30
CUST-00828,Rahul Patel,Karnataka,Bengaluru,560001,Affiliate,2024-05-02
CUST-00829,Kabir Sharma,Bihar,Gaya,823001,Affiliate,2024-09-27
CUST-00830,Rohan Mehta,Telangana,Warangal,506001,Organic Search,2024-12-04
CUST-00831,Neha Rao,Karnataka,Bengaluru,560001,Paid Ads (Instagram/FB),2024-11-26
CUST-00832,Pooja Sharma,Telangana,Nizamabad,503001,Referral / WhatsApp Share,2025-05-17
CUST-00833,Siddharth Deshmukh,Madhya Pradesh,Indore,452001,Organic Search,2024-11-21
CUST-00834,Arjun Iyer,Karnataka,Hubballi,580020,Organic Search,2025-06-01
CUST-00835,Rohan Joshi,Madhya Pradesh,Gwalior,474001,Direct App Open,2024-04-04
CUST-00836,Sneha Iyer,Gujarat,Vadodara,390001,Referral / WhatsApp Share,2024-12-05
CUST-00837,Sneha Singh,Gujarat,Vadodara,390001,Affiliate,2025-05-01
CUST-00838,Arjun Gupta,Maharashtra,Mumbai,400001,Referral / WhatsApp Share,2025-04-01
CUST-00839,Ananya Gupta,Telangana,Nizamabad,503001,Paid Ads (Instagram/FB),2024-02-10
CUST-00840,Rahul Kulkarni,Bihar,Patna,800001,Direct App Open,2024-09-19
CUST-00841,Arjun Rao,Tamil Nadu,Chennai,600001,Affiliate,2025-01-18
CUST-00842,Arjun Nair,Rajasthan,Jodhpur,342001,Organic Search,2024-10-30
CUST-00843,Aditya Gupta,Gujarat,Surat,395001,Affiliate,2024-03-25
CUST-00844,Priya Mehta,Madhya Pradesh,Gwalior,474001,Organic Search,2024-03-08
CUST-00845,Ananya Gupta,Gujarat,Vadodara,390001,Direct App Open,2024-04-16
CUST-00846,Ananya Nair,Bihar,Muzaffarpur,842001,Organic Search,2024-06-06
CUST-00847,Aarav Verma,West Bengal,Kolkata,700001,Organic Search,2024-03-16
CUST-00848,Aarav Mehta,Tamil Nadu,Madurai,625001,Organic Search,2025-08-11
CUST-00849,Kavya Iyer,Tamil Nadu,Coimbatore,641001,Direct App Open,2025-04-06
CUST-00850,Rahul Joshi,Bihar,Gaya,823001,Organic Search,2025-02-02
CUST-00851,Rahul Patel,Madhya Pradesh,Bhopal,462001,Affiliate,2024-03-05
CUST-00852,Siddharth Rao,Telangana,Hyderabad,500001,Organic Search,2025-01-01
CUST-00853,Aditya Nair,Uttar Pradesh,Varanasi,221001,Referral / WhatsApp Share,2024-03-29
CUST-00854,Vikram Verma,Bihar,Gaya,823001,Organic Search,2025-04-30
CUST-00855,Rohan Nair,Gujarat,Ahmedabad,380001,Direct App Open,2025-07-12
CUST-00856,Vikram Gupta,Karnataka,Mysuru,570001,Referral / WhatsApp Share,2024-01-12
CUST-00857,Arjun Nair,Karnataka,Bengaluru,560001,Organic Search,2024-01-06
CUST-00858,Pooja Deshmukh,Bihar,Muzaffarpur,842001,Affiliate,2024-03-28
CUST-00859,Vikram Iyer,West Bengal,Kolkata,700001,Direct App Open,2025-06-08
CUST-00860,Rohan Mehta,Karnataka,Bengaluru,560001,Affiliate,2024-09-15
CUST-00861,Ananya Patel,Karnataka,Hubballi,580020,Affiliate,2024-02-25
CUST-00862,Kavya Nair,Rajasthan,Udaipur,313001,Affiliate,2024-03-15
CUST-00863,Vikram Gupta,Uttar Pradesh,Varanasi,221001,Organic Search,2024-07-21
CUST-00864,Shreya Deshmukh,Rajasthan,Jodhpur,342001,Referral / WhatsApp Share,2024-05-11
CUST-00865,Rahul Gupta,Gujarat,Ahmedabad,380001,Referral / WhatsApp Share,2024-03-12
CUST-00866,Aditya Iyer,West Bengal,Howrah,711101,Direct App Open,2024-12-02
CUST-00867,Pooja Gupta,Tamil Nadu,Madurai,625001,Affiliate,2024-06-05
CUST-00868,Pooja Deshmukh,West Bengal,Howrah,711101,Direct App Open,2024-06-21
CUST-00869,Aarav Kulkarni,Gujarat,Ahmedabad,380001,Direct App Open,2024-10-10
CUST-00870,Kavya Kulkarni,Karnataka,Hubballi,580020,Referral / WhatsApp Share,2025-05-06
CUST-00871,Neha Verma,West Bengal,Howrah,711101,Direct App Open,2025-07-18
CUST-00872,Priya Mehta,Telangana,Hyderabad,500001,Referral / WhatsApp Share,2024-05-23
CUST-00873,Aditya Nair,Gujarat,Surat,395001,Organic Search,2024-03-18
CUST-00874,Aditya Sharma,Madhya Pradesh,Gwalior,474001,Organic Search,2025-08-18
CUST-00875,Pooja Joshi,Telangana,Hyderabad,500001,Organic Search,2025-07-18
CUST-00876,Vikram Nair,Madhya Pradesh,Indore,452001,Paid Ads (Instagram/FB),2025-01-09
CUST-00877,Kabir Iyer,Telangana,Nizamabad,503001,Referral / WhatsApp Share,2024-05-17
CUST-00878,Neha Nair,Madhya Pradesh,Bhopal,462001,Direct App Open,2025-01-07
CUST-00879,Arjun Sharma,Gujarat,Vadodara,390001,Paid Ads (Instagram/FB),2025-06-10
CUST-00880,Rohan Verma,Karnataka,Bengaluru,560001,Affiliate,2025-08-02
CUST-00881,Rahul Mehta,Rajasthan,Jodhpur,342001,Organic Search,2024-08-12
CUST-00882,Siddharth Verma,Gujarat,Ahmedabad,380001,Referral / WhatsApp Share,2025-01-13
CUST-00883,Ananya Sharma,Gujarat,Vadodara,390001,Referral / WhatsApp Share,2025-02-01
CUST-00884,Neha Verma,Maharashtra,Mumbai,400001,Referral / WhatsApp Share,2024-04-15
CUST-00885,Shreya Nair,Tamil Nadu,Madurai,625001,Referral / WhatsApp Share,2025-08-15
CUST-00886,Arjun Deshmukh,Karnataka,Mysuru,570001,Direct App Open,2025-01-09
CUST-00887,Pooja Gupta,Uttar Pradesh,Varanasi,221001,Direct App Open,2024-08-16
CUST-00888,Arjun Joshi,West Bengal,Howrah,711101,Direct App Open,2025-05-08
CUST-00889,Aditya Deshmukh,Maharashtra,Pune,411001,Direct App Open,2024-06-18
CUST-00890,Ananya Patel,Madhya Pradesh,Gwalior,474001,Referral / WhatsApp Share,2024-08-04
CUST-00891,Rohan Mehta,Karnataka,Mysuru,570001,Affiliate,2024-05-01
CUST-00892,Rahul Iyer,Bihar,Gaya,823001,Organic Search,2025-05-08
CUST-00893,Rahul Verma,Rajasthan,Jaipur,302001,Affiliate,2024-06-14
CUST-00894,Rahul Joshi,Maharashtra,Pune,411001,Organic Search,2024-05-10
CUST-00895,Pooja Deshmukh,Karnataka,Bengaluru,560001,Affiliate,2024-02-10
CUST-00896,Aditya Deshmukh,Karnataka,Bengaluru,560001,Paid Ads (Instagram/FB),2024-09-21
CUST-00897,Aditya Mehta,Madhya Pradesh,Indore,452001,Affiliate,2025-07-31
CUST-00898,Rahul Sharma,Tamil Nadu,Chennai,600001,Paid Ads (Instagram/FB),2025-04-04
CUST-00899,Pooja Verma,Rajasthan,Jaipur,302001,Paid Ads (Instagram/FB),2025-02-24
CUST-00900,Pooja Mehta,Telangana,Hyderabad,500001,Affiliate,2025-06-07
CUST-00901,Vikram Mehta,West Bengal,Howrah,711101,Affiliate,2024-03-11
CUST-00902,Ananya Joshi,Bihar,Patna,800001,Organic Search,2024-01-17
CUST-00903,Ananya Nair,Madhya Pradesh,Gwalior,474001,Direct App Open,2024-06-02
CUST-00904,Pooja Patel,Karnataka,Mysuru,570001,Affiliate,2024-02-09
CUST-00905,Aditya Nair,Madhya Pradesh,Bhopal,462001,Organic Search,2025-05-08
CUST-00906,Rahul Mehta,Telangana,Nizamabad,503001,Organic Search,2025-03-17
CUST-00907,Arjun Joshi,West Bengal,Kolkata,700001,Affiliate,2025-03-15
CUST-00908,Ananya Verma,Bihar,Gaya,823001,Affiliate,2025-08-12
CUST-00909,Priya Joshi,Karnataka,Mysuru,570001,Direct App Open,2024-08-26
CUST-00910,Aditya Patel,Tamil Nadu,Madurai,625001,Affiliate,2025-02-22
CUST-00911,Vikram Iyer,Maharashtra,Mumbai,400001,Affiliate,2025-06-19
CUST-00912,Priya Nair,Maharashtra,Nashik,422001,Paid Ads (Instagram/FB),2024-11-19
CUST-00913,Kabir Kulkarni,Uttar Pradesh,Kanpur,208001,Direct App Open,2025-08-22
CUST-00914,Vikram Singh,Madhya Pradesh,Indore,452001,Affiliate,2025-01-09
CUST-00915,Pooja Singh,Bihar,Patna,800001,Direct App Open,2025-07-19
CUST-00916,Siddharth Nair,Rajasthan,Jaipur,302001,Referral / WhatsApp Share,2025-07-26
CUST-00917,Arjun Verma,Tamil Nadu,Coimbatore,641001,Affiliate,2024-12-18
CUST-00918,Siddharth Rao,Bihar,Muzaffarpur,842001,Paid Ads (Instagram/FB),2024-05-01
CUST-00919,Shreya Iyer,Rajasthan,Udaipur,313001,Paid Ads (Instagram/FB),2024-04-12
CUST-00920,Ananya Nair,Bihar,Gaya,823001,Affiliate,2024-02-23
CUST-00921,Rohan Joshi,Maharashtra,Mumbai,400001,Paid Ads (Instagram/FB),2025-04-27
CUST-00922,Aditya Deshmukh,Bihar,Patna,800001,Organic Search,2024-09-26
CUST-00923,Ananya Kulkarni,Uttar Pradesh,Lucknow,226001,Direct App Open,2025-02-14
CUST-00924,Pooja Gupta,Madhya Pradesh,Indore,452001,Affiliate,2024-02-28
CUST-00925,Siddharth Mehta,Rajasthan,Jodhpur,342001,Organic Search,2024-07-25
CUST-00926,Kavya Gupta,Madhya Pradesh,Indore,452001,Paid Ads (Instagram/FB),2024-02-04
CUST-00927,Siddharth Deshmukh,Madhya Pradesh,Gwalior,474001,Paid Ads (Instagram/FB),2024-06-22
CUST-00928,Rahul Sharma,West Bengal,Kolkata,700001,Organic Search,2024-06-10
CUST-00929,Priya Singh,Bihar,Gaya,823001,Direct App Open,2025-02-19
CUST-00930,Pooja Iyer,Madhya Pradesh,Bhopal,462001,Organic Search,2024-04-02
CUST-00931,Arjun Singh,Madhya Pradesh,Gwalior,474001,Referral / WhatsApp Share,2024-12-21
CUST-00932,Kavya Singh,Gujarat,Vadodara,390001,Paid Ads (Instagram/FB),2025-04-10
CUST-00933,Aditya Joshi,Telangana,Hyderabad,500001,Referral / WhatsApp Share,2024-06-28
CUST-00934,Kabir Nair,Uttar Pradesh,Lucknow,226001,Affiliate,2024-10-28
CUST-00935,Sneha Patel,Madhya Pradesh,Indore,452001,Affiliate,2025-08-11
CUST-00936,Vikram Rao,Rajasthan,Jodhpur,342001,Affiliate,2025-05-10
CUST-00937,Siddharth Iyer,West Bengal,Howrah,711101,Direct App Open,2025-08-23
CUST-00938,Kavya Sharma,Rajasthan,Jaipur,302001,Referral / WhatsApp Share,2024-03-10
CUST-00939,Kabir Gupta,Gujarat,Vadodara,390001,Paid Ads (Instagram/FB),2024-11-19
CUST-00940,Kabir Kulkarni,Madhya Pradesh,Gwalior,474001,Organic Search,2024-09-26
CUST-00941,Ananya Singh,Uttar Pradesh,Agra,282001,Referral / WhatsApp Share,2024-03-18
CUST-00942,Arjun Mehta,Rajasthan,Jodhpur,342001,Referral / WhatsApp Share,2024-08-11
CUST-00943,Aditya Deshmukh,Tamil Nadu,Chennai,600001,Paid Ads (Instagram/FB),2025-05-25
CUST-00944,Shreya Iyer,Gujarat,Vadodara,390001,Paid Ads (Instagram/FB),2024-09-28
CUST-00945,Ananya Iyer,Gujarat,Ahmedabad,380001,Affiliate,2024-12-30
CUST-00946,Rohan Patel,Uttar Pradesh,Lucknow,226001,Direct App Open,2024-01-07
CUST-00947,Siddharth Nair,Maharashtra,Nashik,422001,Referral / WhatsApp Share,2024-11-18
CUST-00948,Neha Deshmukh,Tamil Nadu,Coimbatore,641001,Paid Ads (Instagram/FB),2025-06-07
CUST-00949,Vikram Joshi,Gujarat,Vadodara,390001,Paid Ads (Instagram/FB),2024-02-25
CUST-00950,Arjun Joshi,Rajasthan,Udaipur,313001,Organic Search,2025-05-29
CUST-00951,Sneha Joshi,Karnataka,Mysuru,570001,Organic Search,2025-06-14
CUST-00952,Neha Kulkarni,Maharashtra,Mumbai,400001,Paid Ads (Instagram/FB),2025-01-23
CUST-00953,Pooja Patel,West Bengal,Howrah,711101,Affiliate,2024-09-22
CUST-00954,Rohan Nair,Tamil Nadu,Chennai,600001,Referral / WhatsApp Share,2025-04-27
CUST-00955,Pooja Kulkarni,West Bengal,Kolkata,700001,Direct App Open,2025-03-10
CUST-00956,Ananya Joshi,West Bengal,Howrah,711101,Direct App Open,2024-10-13
CUST-00957,Neha Mehta,Telangana,Hyderabad,500001,Affiliate,2024-08-22
CUST-00958,Kavya Patel,Tamil Nadu,Chennai,600001,Affiliate,2025-03-18
CUST-00959,Kavya Joshi,Gujarat,Ahmedabad,380001,Paid Ads (Instagram/FB),2025-04-29
CUST-00960,Siddharth Sharma,Karnataka,Mysuru,570001,Direct App Open,2024-05-17
CUST-00961,Aditya Gupta,Madhya Pradesh,Gwalior,474001,Referral / WhatsApp Share,2025-05-13
CUST-00962,Vikram Singh,Madhya Pradesh,Gwalior,474001,Organic Search,2025-02-11
CUST-00963,Priya Rao,Karnataka,Bengaluru,560001,Paid Ads (Instagram/FB),2024-09-17
CUST-00964,Neha Gupta,Uttar Pradesh,Agra,282001,Referral / WhatsApp Share,2024-09-23
CUST-00965,Sneha Kulkarni,Madhya Pradesh,Gwalior,474001,Referral / WhatsApp Share,2024-12-18
CUST-00966,Aarav Joshi,Uttar Pradesh,Varanasi,221001,Affiliate,2024-07-22
CUST-00967,Pooja Deshmukh,Madhya Pradesh,Bhopal,462001,Referral / WhatsApp Share,2024-12-29
CUST-00968,Sneha Gupta,Madhya Pradesh,Indore,452001,Direct App Open,2024-03-21
CUST-00969,Kabir Deshmukh,Tamil Nadu,Coimbatore,641001,Paid Ads (Instagram/FB),2024-06-20
CUST-00970,Rahul Kulkarni,Bihar,Muzaffarpur,842001,Affiliate,2025-08-08
CUST-00971,Kabir Patel,Uttar Pradesh,Kanpur,208001,Referral / WhatsApp Share,2024-08-21
CUST-00972,Sneha Kulkarni,Tamil Nadu,Madurai,625001,Referral / WhatsApp Share,2025-02-08
CUST-00973,Vikram Verma,West Bengal,Siliguri,734001,Affiliate,2025-06-17
CUST-00974,Neha Joshi,Karnataka,Bengaluru,560001,Organic Search,2024-05-08
CUST-00975,Shreya Iyer,Tamil Nadu,Madurai,625001,Organic Search,2024-08-03
CUST-00976,Rohan Joshi,Uttar Pradesh,Lucknow,226001,Organic Search,2025-04-29
CUST-00977,Arjun Sharma,Maharashtra,Nashik,422001,Affiliate,2024-03-26
CUST-00978,Priya Singh,Telangana,Hyderabad,500001,Organic Search,2025-02-03
CUST-00979,Vikram Iyer,Gujarat,Vadodara,390001,Referral / WhatsApp Share,2025-03-29
CUST-00980,Rahul Mehta,Karnataka,Hubballi,580020,Paid Ads (Instagram/FB),2024-01-30
CUST-00981,Aarav Gupta,West Bengal,Howrah,711101,Direct App Open,2025-04-23
CUST-00982,Kavya Nair,Tamil Nadu,Madurai,625001,Direct App Open,2024-05-18
CUST-00983,Shreya Nair,Karnataka,Hubballi,580020,Affiliate,2025-04-12
CUST-00984,Rahul Rao,Telangana,Warangal,506001,Affiliate,2025-06-30
CUST-00985,Vikram Kulkarni,Rajasthan,Udaipur,313001,Paid Ads (Instagram/FB),2024-04-01
CUST-00986,Neha Singh,West Bengal,Howrah,711101,Referral / WhatsApp Share,2024-06-08
CUST-00987,Vikram Sharma,Maharashtra,Pune,411001,Referral / WhatsApp Share,2024-10-20
CUST-00988,Neha Nair,Maharashtra,Nashik,422001,Direct App Open,2024-11-02
CUST-00989,Aarav Joshi,Tamil Nadu,Madurai,625001,Paid Ads (Instagram/FB),2024-01-08
CUST-00990,Arjun Kulkarni,Gujarat,Surat,395001,Affiliate,2025-03-23
CUST-00991,Kabir Iyer,Karnataka,Hubballi,580020,Direct App Open,2025-01-22
CUST-00992,Ananya Singh,Uttar Pradesh,Agra,282001,Paid Ads (Instagram/FB),2025-06-13
CUST-00993,Siddharth Deshmukh,Tamil Nadu,Coimbatore,641001,Affiliate,2024-10-02
CUST-00994,Kabir Iyer,Uttar Pradesh,Kanpur,208001,Paid Ads (Instagram/FB),2024-10-23
CUST-00995,Priya Gupta,Rajasthan,Udaipur,313001,Direct App Open,2024-10-05
CUST-00996,Shreya Deshmukh,Rajasthan,Jaipur,302001,Referral / WhatsApp Share,2024-01-20
CUST-00997,Rohan Sharma,Madhya Pradesh,Bhopal,462001,Paid Ads (Instagram/FB),2024-04-14
CUST-00998,Vikram Singh,Karnataka,Hubballi,580020,Direct App Open,2024-01-09
CUST-00999,Ananya Patel,Karnataka,Bengaluru,560001,Direct App Open,2024-08-10
CUST-01000,Sneha Joshi,Tamil Nadu,Coimbatore,641001,Referral / WhatsApp Share,2025-04-19
CUST-01001,Shreya Sharma,West Bengal,Kolkata,700001,Paid Ads (Instagram/FB),2024-02-27
CUST-01002,Vikram Joshi,Uttar Pradesh,Agra,282001,Paid Ads (Instagram/FB),2024-07-15
CUST-01003,Aditya Singh,Bihar,Patna,800001,Organic Search,2024-09-11
CUST-01004,Kabir Verma,Gujarat,Vadodara,390001,Organic Search,2024-07-22
CUST-01005,Neha Rao,Uttar Pradesh,Kanpur,208001,Direct App Open,2025-02-02
CUST-01006,Rahul Singh,West Bengal,Kolkata,700001,Organic Search,2025-07-16
CUST-01007,Arjun Patel,Tamil Nadu,Coimbatore,641001,Referral / WhatsApp Share,2024-07-22
CUST-01008,Sneha Sharma,Gujarat,Ahmedabad,380001,Paid Ads (Instagram/FB),2025-03-20
CUST-01009,Sneha Sharma,Karnataka,Mysuru,570001,Affiliate,2024-05-02
CUST-01010,Kabir Iyer,Maharashtra,Mumbai,400001,Affiliate,2025-05-01
CUST-01011,Shreya Deshmukh,Karnataka,Mysuru,570001,Organic Search,2024-09-11
CUST-01012,Rohan Verma,Uttar Pradesh,Varanasi,221001,Organic Search,2024-03-02
CUST-01013,Sneha Gupta,Karnataka,Hubballi,580020,Affiliate,2024-04-19
CUST-01014,Rohan Verma,Gujarat,Surat,395001,Affiliate,2024-12-21
CUST-01015,Siddharth Verma,Gujarat,Ahmedabad,380001,Direct App Open,2025-01-01
CUST-01016,Shreya Mehta,Tamil Nadu,Chennai,600001,Direct App Open,2025-03-24
CUST-01017,Arjun Singh,Madhya Pradesh,Gwalior,474001,Direct App Open,2024-07-13
CUST-01018,Pooja Mehta,Madhya Pradesh,Indore,452001,Referral / WhatsApp Share,2025-04-24
CUST-01019,Vikram Deshmukh,Madhya Pradesh,Bhopal,462001,Organic Search,2025-06-27
CUST-01020,Rohan Verma,Tamil Nadu,Coimbatore,641001,Affiliate,2025-01-10
CUST-01021,Neha Sharma,Madhya Pradesh,Indore,452001,Paid Ads (Instagram/FB),2024-01-20
CUST-01022,Pooja Kulkarni,Telangana,Hyderabad,500001,Referral / WhatsApp Share,2024-03-05
CUST-01023,Rahul Nair,Bihar,Patna,800001,Affiliate,2025-05-24
CUST-01024,Siddharth Nair,Karnataka,Hubballi,580020,Referral / WhatsApp Share,2024-11-26
CUST-01025,Kabir Gupta,West Bengal,Kolkata,700001,Organic Search,2025-06-19
CUST-01026,Rahul Patel,Maharashtra,Pune,411001,Paid Ads (Instagram/FB),2024-02-02
CUST-01027,Ananya Patel,Rajasthan,Jaipur,302001,Organic Search,2024-02-02
CUST-01028,Pooja Gupta,Bihar,Muzaffarpur,842001,Direct App Open,2025-06-22
CUST-01029,Pooja Rao,Telangana,Warangal,506001,Organic Search,2025-01-10
CUST-01030,Ananya Deshmukh,Uttar Pradesh,Lucknow,226001,Paid Ads (Instagram/FB),2025-05-18
CUST-01031,Aditya Patel,Rajasthan,Udaipur,313001,Organic Search,2025-01-04
CUST-01032,Arjun Rao,Bihar,Gaya,823001,Organic Search,2024-09-29
CUST-01033,Arjun Sharma,Uttar Pradesh,Varanasi,221001,Organic Search,2024-08-09
CUST-01034,Arjun Patel,Uttar Pradesh,Kanpur,208001,Affiliate,2025-01-29
CUST-01035,Ananya Iyer,Madhya Pradesh,Gwalior,474001,Paid Ads (Instagram/FB),2025-08-06
CUST-01036,Rahul Mehta,Madhya Pradesh,Gwalior,474001,Affiliate,2025-03-01
CUST-01037,Shreya Patel,Telangana,Warangal,506001,Direct App Open,2025-03-13
CUST-01038,Aditya Patel,Karnataka,Bengaluru,560001,Affiliate,2025-02-15
CUST-01039,Arjun Kulkarni,Karnataka,Hubballi,580020,Affiliate,2025-03-29
CUST-01040,Aditya Kulkarni,West Bengal,Siliguri,734001,Referral / WhatsApp Share,2025-01-15
CUST-01041,Kabir Gupta,Bihar,Muzaffarpur,842001,Referral / WhatsApp Share,2024-09-03
CUST-01042,Pooja Nair,Gujarat,Surat,395001,Affiliate,2024-09-17
CUST-01043,Sneha Verma,Rajasthan,Jodhpur,342001,Organic Search,2024-02-05
CUST-01044,Vikram Deshmukh,Maharashtra,Pune,411001,Referral / WhatsApp Share,2024-01-07
CUST-01045,Vikram Iyer,Gujarat,Surat,395001,Organic Search,2024-10-09
CUST-01046,Aditya Nair,Madhya Pradesh,Gwalior,474001,Affiliate,2025-08-08
CUST-01047,Rohan Patel,Maharashtra,Nashik,422001,Referral / WhatsApp Share,2024-06-08
CUST-01048,Rohan Singh,West Bengal,Siliguri,734001,Paid Ads (Instagram/FB),2024-08-26
CUST-01049,Vikram Singh,Uttar Pradesh,Agra,282001,Affiliate,2024-08-10
CUST-01050,Shreya Patel,West Bengal,Howrah,711101,Paid Ads (Instagram/FB),2025-05-14
CUST-01051,Kavya Rao,Telangana,Hyderabad,500001,Affiliate,2024-11-03
CUST-01052,Aarav Rao,Telangana,Warangal,506001,Organic Search,2024-02-27
CUST-01053,Aditya Kulkarni,West Bengal,Howrah,711101,Direct App Open,2024-05-03
CUST-01054,Kavya Iyer,Telangana,Hyderabad,500001,Direct App Open,2024-02-25
CUST-01055,Vikram Nair,Maharashtra,Nagpur,440001,Affiliate,2025-08-01
CUST-01056,Rohan Kulkarni,Madhya Pradesh,Gwalior,474001,Paid Ads (Instagram/FB),2024-06-05
CUST-01057,Aarav Gupta,Bihar,Gaya,823001,Affiliate,2025-08-12
CUST-01058,Arjun Patel,Gujarat,Surat,395001,Referral / WhatsApp Share,2025-02-07
CUST-01059,Rohan Mehta,West Bengal,Kolkata,700001,Direct App Open,2025-08-08
CUST-01060,Shreya Sharma,Madhya Pradesh,Indore,452001,Referral / WhatsApp Share,2024-03-28
CUST-01061,Kabir Nair,Bihar,Muzaffarpur,842001,Paid Ads (Instagram/FB),2024-05-18
CUST-01062,Neha Nair,Gujarat,Surat,395001,Direct App Open,2025-08-08
CUST-01063,Ananya Nair,Telangana,Nizamabad,503001,Affiliate,2024-09-09
CUST-01064,Ananya Patel,Tamil Nadu,Coimbatore,641001,Referral / WhatsApp Share,2025-08-12
CUST-01065,Priya Patel,Bihar,Gaya,823001,Referral / WhatsApp Share,2024-12-22
CUST-01066,Ananya Kulkarni,West Bengal,Siliguri,734001,Organic Search,2024-11-08
CUST-01067,Rohan Kulkarni,Telangana,Warangal,506001,Affiliate,2024-05-29
CUST-01068,Neha Sharma,Gujarat,Ahmedabad,380001,Referral / WhatsApp Share,2024-06-08
CUST-01069,Siddharth Rao,Uttar Pradesh,Lucknow,226001,Organic Search,2024-09-05
CUST-01070,Pooja Mehta,Tamil Nadu,Chennai,600001,Referral / WhatsApp Share,2024-04-23
CUST-01071,Vikram Verma,Rajasthan,Jaipur,302001,Referral / WhatsApp Share,2024-08-02
CUST-01072,Shreya Nair,Gujarat,Ahmedabad,380001,Affiliate,2025-06-19
CUST-01073,Siddharth Singh,Madhya Pradesh,Indore,452001,Affiliate,2024-05-24
CUST-01074,Shreya Rao,Maharashtra,Nashik,422001,Affiliate,2025-06-23
CUST-01075,Aarav Singh,Karnataka,Bengaluru,560001,Referral / WhatsApp Share,2024-07-24
CUST-01076,Siddharth Rao,Telangana,Warangal,506001,Organic Search,2025-04-21
CUST-01077,Rahul Sharma,Uttar Pradesh,Agra,282001,Referral / WhatsApp Share,2025-01-03
CUST-01078,Kavya Patel,Maharashtra,Nagpur,440001,Direct App Open,2024-08-24
CUST-01079,Kabir Nair,Uttar Pradesh,Varanasi,221001,Direct App Open,2025-06-28
CUST-01080,Priya Mehta,Gujarat,Vadodara,390001,Direct App Open,2025-07-28
CUST-01081,Aditya Rao,Maharashtra,Mumbai,400001,Paid Ads (Instagram/FB),2025-06-26
CUST-01082,Vikram Kulkarni,Rajasthan,Jodhpur,342001,Paid Ads (Instagram/FB),2024-01-19
CUST-01083,Sneha Gupta,West Bengal,Howrah,711101,Referral / WhatsApp Share,2024-08-29
CUST-01084,Arjun Singh,Maharashtra,Nagpur,440001,Direct App Open,2024-01-31
CUST-01085,Arjun Singh,Gujarat,Ahmedabad,380001,Referral / WhatsApp Share,2025-02-06
CUST-01086,Rahul Mehta,Uttar Pradesh,Agra,282001,Affiliate,2024-08-20
CUST-01087,Kabir Iyer,Telangana,Hyderabad,500001,Direct App Open,2024-11-15
CUST-01088,Aditya Deshmukh,West Bengal,Howrah,711101,Affiliate,2024-05-14
CUST-01089,Ananya Gupta,Karnataka,Hubballi,580020,Affiliate,2024-07-26
CUST-01090,Kavya Mehta,Tamil Nadu,Madurai,625001,Affiliate,2024-05-18
CUST-01091,Kabir Mehta,Telangana,Hyderabad,500001,Referral / WhatsApp Share,2024-03-10
CUST-01092,Arjun Nair,Uttar Pradesh,Kanpur,208001,Referral / WhatsApp Share,2024-05-29
CUST-01093,Shreya Sharma,West Bengal,Howrah,711101,Direct App Open,2024-11-06
CUST-01094,Neha Rao,Tamil Nadu,Chennai,600001,Paid Ads (Instagram/FB),2024-04-19
CUST-01095,Rohan Mehta,Maharashtra,Nagpur,440001,Affiliate,2025-08-03
CUST-01096,Pooja Iyer,Telangana,Hyderabad,500001,Paid Ads (Instagram/FB),2024-01-27
CUST-01097,Sneha Patel,Rajasthan,Jaipur,302001,Affiliate,2025-04-25
CUST-01098,Shreya Gupta,West Bengal,Kolkata,700001,Direct App Open,2025-05-18
CUST-01099,Neha Mehta,Karnataka,Bengaluru,560001,Paid Ads (Instagram/FB),2024-02-03
CUST-01100,Kabir Sharma,Tamil Nadu,Coimbatore,641001,Paid Ads (Instagram/FB),2024-07-26
CUST-01101,Siddharth Iyer,Uttar Pradesh,Kanpur,208001,Direct App Open,2025-05-16
CUST-01102,Shreya Kulkarni,Rajasthan,Jaipur,302001,Direct App Open,2025-02-18
CUST-01103,Siddharth Sharma,Telangana,Nizamabad,503001,Direct App Open,2024-11-16
CUST-01104,Kabir Deshmukh,Telangana,Nizamabad,503001,Affiliate,2025-06-21
CUST-01105,Rahul Rao,Maharashtra,Mumbai,400001,Direct App Open,2025-04-12
CUST-01106,Kavya Sharma,Gujarat,Vadodara,390001,Affiliate,2025-02-09
CUST-01107,Shreya Sharma,Madhya Pradesh,Indore,452001,Affiliate,2024-02-20
CUST-01108,Ananya Singh,Rajasthan,Jodhpur,342001,Referral / WhatsApp Share,2024-10-19
CUST-01109,Neha Mehta,Bihar,Gaya,823001,Affiliate,2024-02-25
CUST-01110,Shreya Nair,Karnataka,Mysuru,570001,Direct App Open,2024-04-02
CUST-01111,Shreya Nair,Uttar Pradesh,Kanpur,208001,Affiliate,2025-07-13
CUST-01112,Rohan Joshi,Bihar,Gaya,823001,Direct App Open,2024-01-26
CUST-01113,Rohan Verma,Telangana,Nizamabad,503001,Paid Ads (Instagram/FB),2025-04-10
CUST-01114,Priya Singh,West Bengal,Siliguri,734001,Paid Ads (Instagram/FB),2024-05-06
CUST-01115,Priya Patel,Rajasthan,Udaipur,313001,Referral / WhatsApp Share,2024-03-28
CUST-01116,Arjun Rao,Bihar,Muzaffarpur,842001,Affiliate,2024-06-12
CUST-01117,Kabir Nair,Bihar,Patna,800001,Paid Ads (Instagram/FB),2024-12-09
CUST-01118,Pooja Gupta,Karnataka,Bengaluru,560001,Paid Ads (Instagram/FB),2024-07-02
CUST-01119,Siddharth Rao,Maharashtra,Nashik,422001,Referral / WhatsApp Share,2024-11-12
CUST-01120,Shreya Verma,Tamil Nadu,Madurai,625001,Paid Ads (Instagram/FB),2024-04-30
CUST-01121,Aditya Mehta,Gujarat,Ahmedabad,380001,Affiliate,2024-09-16
CUST-01122,Aarav Verma,Rajasthan,Jodhpur,342001,Affiliate,2024-01-06
CUST-01123,Pooja Verma,Gujarat,Ahmedabad,380001,Affiliate,2025-05-02
CUST-01124,Neha Joshi,Rajasthan,Jaipur,302001,Affiliate,2024-01-07
CUST-01125,Ananya Nair,Tamil Nadu,Madurai,625001,Affiliate,2024-07-31
CUST-01126,Aarav Mehta,Karnataka,Bengaluru,560001,Referral / WhatsApp Share,2024-02-07
CUST-01127,Rohan Sharma,Telangana,Nizamabad,503001,Referral / WhatsApp Share,2024-12-05
CUST-01128,Aditya Patel,Maharashtra,Mumbai,400001,Direct App Open,2024-07-01
CUST-01129,Rohan Gupta,Tamil Nadu,Madurai,625001,Affiliate,2025-08-09
CUST-01130,Siddharth Nair,Karnataka,Mysuru,570001,Affiliate,2025-01-03
CUST-01131,Aditya Sharma,Uttar Pradesh,Varanasi,221001,Referral / WhatsApp Share,2025-01-12
CUST-01132,Aditya Joshi,Uttar Pradesh,Agra,282001,Affiliate,2024-03-07
CUST-01133,Vikram Verma,Karnataka,Bengaluru,560001,Referral / WhatsApp Share,2024-12-03
CUST-01134,Arjun Joshi,Madhya Pradesh,Bhopal,462001,Paid Ads (Instagram/FB),2024-02-29
CUST-01135,Priya Deshmukh,Madhya Pradesh,Bhopal,462001,Direct App Open,2024-10-21
CUST-01136,Kabir Deshmukh,West Bengal,Howrah,711101,Affiliate,2025-08-11
CUST-01137,Pooja Kulkarni,Karnataka,Hubballi,580020,Affiliate,2025-05-23
CUST-01138,Arjun Rao,Rajasthan,Jodhpur,342001,Paid Ads (Instagram/FB),2024-08-26
CUST-01139,Shreya Singh,Gujarat,Ahmedabad,380001,Organic Search,2024-01-25
CUST-01140,Neha Gupta,Uttar Pradesh,Kanpur,208001,Affiliate,2025-02-28
CUST-01141,Kabir Sharma,West Bengal,Howrah,711101,Affiliate,2024-08-05
CUST-01142,Aarav Gupta,Gujarat,Vadodara,390001,Referral / WhatsApp Share,2024-09-17
CUST-01143,Siddharth Patel,Tamil Nadu,Coimbatore,641001,Affiliate,2025-07-17
CUST-01144,Sneha Sharma,Uttar Pradesh,Varanasi,221001,Referral / WhatsApp Share,2025-02-09
CUST-01145,Shreya Deshmukh,Telangana,Hyderabad,500001,Paid Ads (Instagram/FB),2024-07-17
CUST-01146,Sneha Kulkarni,Rajasthan,Jodhpur,342001,Organic Search,2024-05-19
CUST-01147,Neha Mehta,Rajasthan,Udaipur,313001,Referral / WhatsApp Share,2025-04-18
CUST-01148,Siddharth Joshi,Maharashtra,Nagpur,440001,Affiliate,2024-11-19
CUST-01149,Arjun Nair,Maharashtra,Pune,411001,Affiliate,2024-12-05
CUST-01150,Siddharth Kulkarni,Uttar Pradesh,Kanpur,208001,Referral / WhatsApp Share,2024-02-01
CUST-01151,Sneha Joshi,Madhya Pradesh,Bhopal,462001,Affiliate,2025-02-02
CUST-01152,Rohan Deshmukh,Uttar Pradesh,Varanasi,221001,Referral / WhatsApp Share,2024-02-02
CUST-01153,Vikram Joshi,Uttar Pradesh,Agra,282001,Paid Ads (Instagram/FB),2025-01-15
CUST-01154,Neha Singh,Gujarat,Vadodara,390001,Referral / WhatsApp Share,2024-06-28
CUST-01155,Priya Kulkarni,Maharashtra,Pune,411001,Organic Search,2025-03-30
CUST-01156,Arjun Sharma,Rajasthan,Udaipur,313001,Paid Ads (Instagram/FB),2024-07-13
CUST-01157,Sneha Verma,Madhya Pradesh,Indore,452001,Referral / WhatsApp Share,2024-05-26
CUST-01158,Siddharth Patel,Madhya Pradesh,Gwalior,474001,Paid Ads (Instagram/FB),2024-07-29
CUST-01159,Shreya Sharma,Rajasthan,Jodhpur,342001,Affiliate,2024-04-28
CUST-01160,Aarav Singh,Maharashtra,Mumbai,400001,Referral / WhatsApp Share,2025-04-23
CUST-01161,Aditya Sharma,Uttar Pradesh,Varanasi,221001,Organic Search,2025-08-14
CUST-01162,Siddharth Singh,Gujarat,Surat,395001,Paid Ads (Instagram/FB),2024-07-16
CUST-01163,Vikram Singh,Madhya Pradesh,Indore,452001,Direct App Open,2024-04-30
CUST-01164,Vikram Mehta,Karnataka,Mysuru,570001,Organic Search,2024-01-16
CUST-01165,Pooja Nair,Madhya Pradesh,Bhopal,462001,Paid Ads (Instagram/FB),2025-07-09
CUST-01166,Sneha Nair,West Bengal,Howrah,711101,Paid Ads (Instagram/FB),2024-10-17
CUST-01167,Pooja Iyer,Karnataka,Bengaluru,560001,Referral / WhatsApp Share,2024-12-12
CUST-01168,Arjun Verma,Maharashtra,Pune,411001,Organic Search,2025-04-27
CUST-01169,Aditya Gupta,Maharashtra,Mumbai,400001,Direct App Open,2024-02-25
CUST-01170,Priya Joshi,Bihar,Patna,800001,Affiliate,2025-04-01
CUST-01171,Pooja Kulkarni,Tamil Nadu,Coimbatore,641001,Paid Ads (Instagram/FB),2025-06-30
CUST-01172,Priya Verma,Telangana,Hyderabad,500001,Organic Search,2025-04-24
CUST-01173,Priya Verma,Tamil Nadu,Madurai,625001,Direct App Open,2025-04-26
CUST-01174,Ananya Iyer,Karnataka,Hubballi,580020,Referral / WhatsApp Share,2025-01-07
CUST-01175,Kabir Mehta,West Bengal,Howrah,711101,Direct App Open,2025-05-14
CUST-01176,Aarav Patel,Rajasthan,Jaipur,302001,Referral / WhatsApp Share,2025-05-05
CUST-01177,Neha Mehta,Tamil Nadu,Coimbatore,641001,Affiliate,2025-08-11
CUST-01178,Rohan Nair,Uttar Pradesh,Agra,282001,Organic Search,2024-11-29
CUST-01179,Arjun Gupta,Uttar Pradesh,Varanasi,221001,Affiliate,2025-04-17
CUST-01180,Kabir Deshmukh,Bihar,Patna,800001,Affiliate,2024-09-06
CUST-01181,Arjun Mehta,Rajasthan,Jodhpur,342001,Organic Search,2024-12-14
CUST-01182,Ananya Rao,Telangana,Warangal,506001,Direct App Open,2025-08-03
CUST-01183,Siddharth Kulkarni,Madhya Pradesh,Gwalior,474001,Paid Ads (Instagram/FB),2024-06-26
CUST-01184,Rahul Gupta,Uttar Pradesh,Agra,282001,Organic Search,2025-04-19
CUST-01185,Sneha Nair,Uttar Pradesh,Agra,282001,Paid Ads (Instagram/FB),2024-11-11
CUST-01186,Kabir Patel,Telangana,Hyderabad,500001,Affiliate,2025-01-23
CUST-01187,Sneha Verma,Maharashtra,Mumbai,400001,Paid Ads (Instagram/FB),2024-05-22
CUST-01188,Aditya Deshmukh,Maharashtra,Pune,411001,Paid Ads (Instagram/FB),2025-04-08
CUST-01189,Arjun Singh,Bihar,Muzaffarpur,842001,Affiliate,2025-04-02
CUST-01190,Ananya Iyer,West Bengal,Howrah,711101,Affiliate,2024-11-07
CUST-01191,Aditya Joshi,West Bengal,Kolkata,700001,Affiliate,2024-01-09
CUST-01192,Pooja Nair,Bihar,Patna,800001,Referral / WhatsApp Share,2024-03-04
CUST-01193,Sneha Nair,Maharashtra,Mumbai,400001,Affiliate,2025-01-02
CUST-01194,Priya Singh,Maharashtra,Pune,411001,Direct App Open,2025-02-07
CUST-01195,Rahul Kulkarni,Bihar,Gaya,823001,Direct App Open,2025-03-21
CUST-01196,Arjun Iyer,Karnataka,Mysuru,570001,Paid Ads (Instagram/FB),2024-07-11
CUST-01197,Arjun Joshi,West Bengal,Howrah,711101,Paid Ads (Instagram/FB),2024-10-22
CUST-01198,Kavya Gupta,Karnataka,Bengaluru,560001,Organic Search,2024-03-14
CUST-01199,Rahul Sharma,Karnataka,Hubballi,580020,Direct App Open,2025-03-23
CUST-01200,Rohan Patel,Karnataka,Hubballi,580020,Direct App Open,2025-04-11
CUST-01201,Aditya Rao,Telangana,Warangal,506001,Affiliate,2024-07-03
CUST-01202,Neha Nair,Bihar,Muzaffarpur,842001,Direct App Open,2025-01-28
CUST-01203,Sneha Iyer,Karnataka,Mysuru,570001,Affiliate,2024-01-08
CUST-01204,Pooja Verma,Gujarat,Vadodara,390001,Affiliate,2024-10-02
CUST-01205,Kabir Nair,Telangana,Warangal,506001,Organic Search,2024-02-08
CUST-01206,Pooja Verma,West Bengal,Kolkata,700001,Affiliate,2025-05-08
CUST-01207,Shreya Patel,Karnataka,Hubballi,580020,Affiliate,2024-10-13
CUST-01208,Neha Nair,Uttar Pradesh,Lucknow,226001,Paid Ads (Instagram/FB),2025-04-28
CUST-01209,Rahul Rao,Uttar Pradesh,Varanasi,221001,Affiliate,2024-02-24
CUST-01210,Aditya Kulkarni,Madhya Pradesh,Bhopal,462001,Direct App Open,2025-04-09
CUST-01211,Arjun Verma,Telangana,Nizamabad,503001,Referral / WhatsApp Share,2025-03-07
CUST-01212,Sneha Singh,Tamil Nadu,Chennai,600001,Organic Search,2024-11-07
CUST-01213,Shreya Deshmukh,Tamil Nadu,Chennai,600001,Direct App Open,2025-08-15
CUST-01214,Rohan Deshmukh,Maharashtra,Nagpur,440001,Affiliate,2024-01-28
CUST-01215,Vikram Verma,Uttar Pradesh,Kanpur,208001,Affiliate,2024-03-19
CUST-01216,Kavya Singh,Tamil Nadu,Chennai,600001,Affiliate,2024-10-14
CUST-01217,Vikram Singh,Maharashtra,Mumbai,400001,Affiliate,2024-06-27
CUST-01218,Aditya Deshmukh,Karnataka,Hubballi,580020,Direct App Open,2025-01-13
CUST-01219,Siddharth Mehta,Tamil Nadu,Madurai,625001,Paid Ads (Instagram/FB),2025-05-11
CUST-01220,Rohan Nair,Maharashtra,Nagpur,440001,Organic Search,2024-05-28
CUST-01221,Pooja Mehta,Rajasthan,Jodhpur,342001,Direct App Open,2024-08-31
CUST-01222,Rahul Verma,Karnataka,Bengaluru,560001,Affiliate,2024-12-19
CUST-01223,Aarav Gupta,Tamil Nadu,Chennai,600001,Organic Search,2024-06-20
CUST-01224,Neha Joshi,Rajasthan,Jodhpur,342001,Direct App Open,2025-06-29
CUST-01225,Ananya Joshi,Bihar,Gaya,823001,Referral / WhatsApp Share,2024-05-28
CUST-01226,Arjun Joshi,Maharashtra,Nagpur,440001,Direct App Open,2025-01-26
CUST-01227,Rahul Kulkarni,Madhya Pradesh,Gwalior,474001,Organic Search,2024-04-09
CUST-01228,Aditya Nair,West Bengal,Howrah,711101,Affiliate,2024-10-06
CUST-01229,Sneha Singh,Tamil Nadu,Chennai,600001,Referral / WhatsApp Share,2025-08-21
CUST-01230,Kabir Verma,Gujarat,Vadodara,390001,Affiliate,2024-07-18
CUST-01231,Arjun Kulkarni,Karnataka,Mysuru,570001,Affiliate,2024-01-11
CUST-01232,Rahul Sharma,Uttar Pradesh,Lucknow,226001,Direct App Open,2024-04-10
CUST-01233,Arjun Patel,Rajasthan,Jodhpur,342001,Paid Ads (Instagram/FB),2024-10-17
CUST-01234,Vikram Iyer,Maharashtra,Mumbai,400001,Affiliate,2024-04-04
CUST-01235,Aarav Deshmukh,Gujarat,Vadodara,390001,Organic Search,2024-05-02
CUST-01236,Priya Deshmukh,Karnataka,Mysuru,570001,Affiliate,2024-07-08
CUST-01237,Aditya Patel,Karnataka,Mysuru,570001,Referral / WhatsApp Share,2025-04-23
CUST-01238,Rahul Patel,Rajasthan,Jodhpur,342001,Direct App Open,2024-11-27
CUST-01239,Vikram Mehta,Uttar Pradesh,Varanasi,221001,Organic Search,2025-01-26
CUST-01240,Kabir Kulkarni,Maharashtra,Nagpur,440001,Referral / WhatsApp Share,2024-07-01
CUST-01241,Neha Patel,Rajasthan,Jaipur,302001,Affiliate,2025-02-06
CUST-01242,Rohan Gupta,Rajasthan,Jaipur,302001,Paid Ads (Instagram/FB),2025-07-07
CUST-01243,Siddharth Joshi,Gujarat,Vadodara,390001,Organic Search,2025-03-28
CUST-01244,Shreya Singh,Uttar Pradesh,Lucknow,226001,Organic Search,2024-03-13
CUST-01245,Pooja Rao,Tamil Nadu,Coimbatore,641001,Organic Search,2025-05-24
CUST-01246,Rohan Gupta,Maharashtra,Mumbai,400001,Direct App Open,2024-09-29
CUST-01247,Rohan Rao,West Bengal,Howrah,711101,Affiliate,2024-01-04
CUST-01248,Arjun Rao,Rajasthan,Jodhpur,342001,Direct App Open,2025-02-17
CUST-01249,Kavya Rao,Uttar Pradesh,Kanpur,208001,Organic Search,2025-01-28
CUST-01250,Shreya Verma,Uttar Pradesh,Varanasi,221001,Referral / WhatsApp Share,2024-11-06
CUST-01251,Kabir Sharma,Uttar Pradesh,Varanasi,221001,Affiliate,2024-12-14
CUST-01252,Priya Verma,Tamil Nadu,Madurai,625001,Paid Ads (Instagram/FB),2024-06-29
CUST-01253,Arjun Sharma,Bihar,Muzaffarpur,842001,Paid Ads (Instagram/FB),2024-11-02
CUST-01254,Shreya Joshi,Uttar Pradesh,Varanasi,221001,Direct App Open,2024-03-27
CUST-01255,Aditya Gupta,Rajasthan,Udaipur,313001,Paid Ads (Instagram/FB),2024-05-23
CUST-01256,Aarav Iyer,Maharashtra,Pune,411001,Direct App Open,2025-02-02
CUST-01257,Priya Nair,Tamil Nadu,Coimbatore,641001,Affiliate,2025-04-05
CUST-01258,Aarav Sharma,West Bengal,Kolkata,700001,Referral / WhatsApp Share,2024-02-13
CUST-01259,Kabir Patel,Gujarat,Vadodara,390001,Affiliate,2025-04-14
CUST-01260,Rahul Nair,Karnataka,Hubballi,580020,Affiliate,2024-08-26
CUST-01261,Aditya Patel,Maharashtra,Pune,411001,Direct App Open,2024-01-20
CUST-01262,Neha Deshmukh,Maharashtra,Pune,411001,Paid Ads (Instagram/FB),2024-01-15
CUST-01263,Rohan Gupta,Maharashtra,Nagpur,440001,Organic Search,2025-04-12
CUST-01264,Pooja Mehta,Telangana,Hyderabad,500001,Organic Search,2024-04-26
CUST-01265,Neha Deshmukh,Telangana,Hyderabad,500001,Organic Search,2024-07-26
CUST-01266,Kabir Kulkarni,Bihar,Gaya,823001,Organic Search,2025-08-12
CUST-01267,Arjun Mehta,West Bengal,Kolkata,700001,Organic Search,2024-06-26
CUST-01268,Sneha Patel,Uttar Pradesh,Varanasi,221001,Paid Ads (Instagram/FB),2025-03-01
CUST-01269,Rohan Rao,West Bengal,Siliguri,734001,Paid Ads (Instagram/FB),2025-03-25
CUST-01270,Ananya Deshmukh,Maharashtra,Pune,411001,Organic Search,2025-01-20
CUST-01271,Siddharth Mehta,Maharashtra,Nashik,422001,Organic Search,2024-01-07
CUST-01272,Aarav Mehta,Uttar Pradesh,Varanasi,221001,Direct App Open,2025-05-02
CUST-01273,Shreya Mehta,Gujarat,Ahmedabad,380001,Referral / WhatsApp Share,2025-06-19
CUST-01274,Neha Joshi,Gujarat,Ahmedabad,380001,Affiliate,2024-02-08
CUST-01275,Pooja Mehta,Rajasthan,Udaipur,313001,Organic Search,2024-11-04
CUST-01276,Sneha Joshi,Maharashtra,Pune,411001,Paid Ads (Instagram/FB),2024-04-30
CUST-01277,Arjun Patel,Telangana,Warangal,506001,Affiliate,2025-06-03
CUST-01278,Ananya Verma,Gujarat,Surat,395001,Organic Search,2024-07-17
CUST-01279,Priya Mehta,Rajasthan,Jodhpur,342001,Paid Ads (Instagram/FB),2024-06-12
CUST-01280,Rahul Sharma,Maharashtra,Nagpur,440001,Referral / WhatsApp Share,2024-08-02
CUST-01281,Kabir Singh,West Bengal,Siliguri,734001,Direct App Open,2024-02-14
CUST-01282,Priya Rao,Maharashtra,Pune,411001,Paid Ads (Instagram/FB),2024-01-30
CUST-01283,Neha Nair,Uttar Pradesh,Lucknow,226001,Paid Ads (Instagram/FB),2025-03-31
CUST-01284,Pooja Deshmukh,West Bengal,Howrah,711101,Paid Ads (Instagram/FB),2024-11-29
CUST-01285,Ananya Patel,West Bengal,Kolkata,700001,Organic Search,2024-08-30
CUST-01286,Shreya Joshi,Gujarat,Surat,395001,Paid Ads (Instagram/FB),2024-03-16
CUST-01287,Neha Deshmukh,Rajasthan,Jaipur,302001,Direct App Open,2024-05-28
CUST-01288,Ananya Deshmukh,Rajasthan,Jaipur,302001,Direct App Open,2025-01-17
CUST-01289,Rohan Verma,Gujarat,Vadodara,390001,Referral / WhatsApp Share,2024-10-03
CUST-01290,Ananya Kulkarni,Karnataka,Bengaluru,560001,Affiliate,2024-03-02
CUST-01291,Vikram Mehta,Uttar Pradesh,Agra,282001,Direct App Open,2025-03-04
CUST-01292,Rohan Kulkarni,Gujarat,Surat,395001,Affiliate,2024-06-09
CUST-01293,Siddharth Gupta,Telangana,Hyderabad,500001,Affiliate,2025-07-20
CUST-01294,Kavya Iyer,Uttar Pradesh,Agra,282001,Affiliate,2025-05-15
CUST-01295,Kavya Iyer,Telangana,Warangal,506001,Direct App Open,2024-10-12
CUST-01296,Aarav Rao,Bihar,Muzaffarpur,842001,Paid Ads (Instagram/FB),2024-09-10
CUST-01297,Sneha Joshi,Telangana,Hyderabad,500001,Affiliate,2024-06-01
CUST-01298,Aditya Deshmukh,Maharashtra,Nashik,422001,Organic Search,2024-02-11
CUST-01299,Neha Rao,Madhya Pradesh,Bhopal,462001,Direct App Open,2025-06-27
CUST-01300,Kabir Verma,Uttar Pradesh,Agra,282001,Direct App Open,2024-09-03
CUST-01301,Priya Nair,Maharashtra,Nashik,422001,Paid Ads (Instagram/FB),2024-05-15
CUST-01302,Sneha Singh,Gujarat,Vadodara,390001,Organic Search,2024-01-17
CUST-01303,Neha Gupta,Tamil Nadu,Chennai,600001,Direct App Open,2025-08-07
CUST-01304,Shreya Deshmukh,Maharashtra,Nashik,422001,Direct App Open,2024-05-21
CUST-01305,Kavya Rao,Bihar,Patna,800001,Referral / WhatsApp Share,2025-04-20
CUST-01306,Shreya Gupta,Maharashtra,Mumbai,400001,Direct App Open,2024-12-06
CUST-01307,Arjun Sharma,Tamil Nadu,Coimbatore,641001,Referral / WhatsApp Share,2025-07-09
CUST-01308,Pooja Iyer,Uttar Pradesh,Varanasi,221001,Organic Search,2025-06-11
CUST-01309,Aditya Gupta,West Bengal,Kolkata,700001,Organic Search,2025-01-27
CUST-01310,Sneha Verma,Telangana,Hyderabad,500001,Referral / WhatsApp Share,2025-01-10
CUST-01311,Rohan Gupta,Madhya Pradesh,Gwalior,474001,Organic Search,2025-07-28
CUST-01312,Shreya Iyer,Karnataka,Mysuru,570001,Paid Ads (Instagram/FB),2025-07-06
CUST-01313,Priya Gupta,Rajasthan,Udaipur,313001,Affiliate,2024-08-02
CUST-01314,Siddharth Rao,Gujarat,Surat,395001,Referral / WhatsApp Share,2024-09-30
CUST-01315,Arjun Gupta,Bihar,Gaya,823001,Organic Search,2024-03-05
CUST-01316,Sneha Kulkarni,Rajasthan,Jodhpur,342001,Affiliate,2025-06-23
CUST-01317,Kavya Patel,Rajasthan,Udaipur,313001,Affiliate,2025-06-29
CUST-01318,Aditya Singh,Rajasthan,Udaipur,313001,Referral / WhatsApp Share,2024-03-08
CUST-01319,Ananya Verma,Uttar Pradesh,Lucknow,226001,Direct App Open,2024-07-02
CUST-01320,Vikram Patel,Uttar Pradesh,Kanpur,208001,Referral / WhatsApp Share,2024-04-24
CUST-01321,Shreya Mehta,Rajasthan,Jaipur,302001,Paid Ads (Instagram/FB),2025-06-17
CUST-01322,Rahul Sharma,Tamil Nadu,Coimbatore,641001,Affiliate,2024-05-15
CUST-01323,Neha Kulkarni,Bihar,Gaya,823001,Organic Search,2024-10-25
CUST-01324,Ananya Patel,Maharashtra,Pune,411001,Affiliate,2024-12-09
CUST-01325,Kabir Deshmukh,West Bengal,Siliguri,734001,Referral / WhatsApp Share,2025-05-12
CUST-01326,Pooja Gupta,Madhya Pradesh,Gwalior,474001,Direct App Open,2025-04-13
CUST-01327,Vikram Deshmukh,Karnataka,Mysuru,570001,Paid Ads (Instagram/FB),2024-09-23
CUST-01328,Ananya Verma,West Bengal,Howrah,711101,Organic Search,2024-05-31
CUST-01329,Sneha Singh,Rajasthan,Jaipur,302001,Affiliate,2024-06-13
CUST-01330,Shreya Nair,Tamil Nadu,Chennai,600001,Paid Ads (Instagram/FB),2024-06-06
CUST-01331,Rohan Iyer,Uttar Pradesh,Lucknow,226001,Referral / WhatsApp Share,2025-08-11
CUST-01332,Rohan Verma,Tamil Nadu,Coimbatore,641001,Paid Ads (Instagram/FB),2024-07-29
CUST-01333,Arjun Rao,Maharashtra,Nagpur,440001,Referral / WhatsApp Share,2024-05-31
CUST-01334,Sneha Verma,Madhya Pradesh,Bhopal,462001,Affiliate,2024-11-04
CUST-01335,Priya Sharma,Bihar,Gaya,823001,Paid Ads (Instagram/FB),2025-04-14
CUST-01336,Aditya Kulkarni,Karnataka,Bengaluru,560001,Affiliate,2025-06-03
CUST-01337,Sneha Gupta,Tamil Nadu,Coimbatore,641001,Referral / WhatsApp Share,2025-08-10
CUST-01338,Rahul Mehta,Telangana,Nizamabad,503001,Direct App Open,2024-12-12
CUST-01339,Shreya Patel,Rajasthan,Jaipur,302001,Paid Ads (Instagram/FB),2025-07-18
CUST-01340,Priya Singh,Maharashtra,Nashik,422001,Affiliate,2024-08-13
CUST-01341,Neha Kulkarni,Uttar Pradesh,Varanasi,221001,Organic Search,2024-07-18
CUST-01342,Pooja Nair,Gujarat,Surat,395001,Paid Ads (Instagram/FB),2024-01-24
CUST-01343,Priya Nair,Rajasthan,Udaipur,313001,Organic Search,2025-06-08
CUST-01344,Kabir Iyer,Rajasthan,Jodhpur,342001,Affiliate,2025-06-07
CUST-01345,Aarav Gupta,West Bengal,Howrah,711101,Paid Ads (Instagram/FB),2025-03-13
CUST-01346,Sneha Joshi,West Bengal,Kolkata,700001,Referral / WhatsApp Share,2024-12-19
CUST-01347,Sneha Singh,Rajasthan,Udaipur,313001,Organic Search,2024-08-08
CUST-01348,Shreya Verma,Bihar,Gaya,823001,Referral / WhatsApp Share,2024-06-16
CUST-01349,Siddharth Rao,Bihar,Muzaffarpur,842001,Direct App Open,2024-05-22
CUST-01350,Kavya Deshmukh,Telangana,Hyderabad,500001,Paid Ads (Instagram/FB),2024-07-31
CUST-01351,Vikram Verma,Madhya Pradesh,Indore,452001,Organic Search,2025-01-19
CUST-01352,Priya Sharma,Bihar,Muzaffarpur,842001,Referral / WhatsApp Share,2025-02-28
CUST-01353,Rohan Nair,Rajasthan,Udaipur,313001,Affiliate,2024-05-20
CUST-01354,Ananya Mehta,Bihar,Gaya,823001,Affiliate,2025-05-17
CUST-01355,Aarav Singh,Telangana,Warangal,506001,Direct App Open,2025-07-26
CUST-01356,Shreya Verma,Gujarat,Ahmedabad,380001,Organic Search,2024-06-06
CUST-01357,Vikram Singh,Rajasthan,Jaipur,302001,Referral / WhatsApp Share,2025-03-03
CUST-01358,Rohan Verma,Gujarat,Ahmedabad,380001,Organic Search,2024-10-10
CUST-01359,Neha Patel,Telangana,Nizamabad,503001,Referral / WhatsApp Share,2025-08-18
CUST-01360,Neha Deshmukh,Bihar,Gaya,823001,Direct App Open,2024-05-02
CUST-01361,Sneha Nair,Telangana,Hyderabad,500001,Referral / WhatsApp Share,2024-06-15
CUST-01362,Pooja Sharma,Karnataka,Mysuru,570001,Direct App Open,2024-05-18
CUST-01363,Sneha Mehta,Maharashtra,Nagpur,440001,Referral / WhatsApp Share,2025-03-05
CUST-01364,Rahul Kulkarni,Maharashtra,Nagpur,440001,Referral / WhatsApp Share,2025-06-26
CUST-01365,Rahul Patel,Madhya Pradesh,Bhopal,462001,Paid Ads (Instagram/FB),2024-04-06
CUST-01366,Pooja Mehta,Madhya Pradesh,Indore,452001,Referral / WhatsApp Share,2024-11-04
CUST-01367,Vikram Gupta,West Bengal,Kolkata,700001,Affiliate,2025-08-16
CUST-01368,Sneha Mehta,Maharashtra,Pune,411001,Affiliate,2024-10-15
CUST-01369,Sneha Verma,Bihar,Gaya,823001,Paid Ads (Instagram/FB),2024-04-14
CUST-01370,Ananya Mehta,Madhya Pradesh,Bhopal,462001,Paid Ads (Instagram/FB),2025-07-26
CUST-01371,Pooja Rao,Madhya Pradesh,Gwalior,474001,Affiliate,2024-04-26
CUST-01372,Kabir Verma,Uttar Pradesh,Lucknow,226001,Paid Ads (Instagram/FB),2024-01-18
CUST-01373,Neha Kulkarni,Tamil Nadu,Madurai,625001,Referral / WhatsApp Share,2024-05-22
CUST-01374,Kavya Verma,Telangana,Nizamabad,503001,Referral / WhatsApp Share,2024-06-25
CUST-01375,Shreya Singh,Maharashtra,Mumbai,400001,Paid Ads (Instagram/FB),2024-05-11
CUST-01376,Kavya Rao,Karnataka,Hubballi,580020,Paid Ads (Instagram/FB),2024-11-10
CUST-01377,Rohan Iyer,Karnataka,Bengaluru,560001,Direct App Open,2024-04-24
CUST-01378,Priya Sharma,Rajasthan,Jodhpur,342001,Organic Search,2024-07-20
CUST-01379,Priya Sharma,Madhya Pradesh,Gwalior,474001,Organic Search,2025-04-25
CUST-01380,Priya Singh,Maharashtra,Mumbai,400001,Referral / WhatsApp Share,2024-01-11
CUST-01381,Siddharth Patel,Uttar Pradesh,Kanpur,208001,Affiliate,2024-07-23
CUST-01382,Rohan Gupta,West Bengal,Kolkata,700001,Organic Search,2024-05-29
CUST-01383,Kavya Rao,Tamil Nadu,Madurai,625001,Referral / WhatsApp Share,2024-12-26
CUST-01384,Rohan Nair,Telangana,Hyderabad,500001,Affiliate,2025-08-06
CUST-01385,Priya Patel,Telangana,Hyderabad,500001,Affiliate,2024-08-10
CUST-01386,Shreya Iyer,Tamil Nadu,Chennai,600001,Affiliate,2024-01-05
CUST-01387,Shreya Patel,Gujarat,Vadodara,390001,Direct App Open,2025-01-10
CUST-01388,Shreya Deshmukh,Karnataka,Mysuru,570001,Organic Search,2024-07-04
CUST-01389,Kavya Kulkarni,Bihar,Gaya,823001,Paid Ads (Instagram/FB),2025-06-10
CUST-01390,Ananya Joshi,Uttar Pradesh,Varanasi,221001,Organic Search,2025-04-22
CUST-01391,Priya Nair,Karnataka,Mysuru,570001,Referral / WhatsApp Share,2024-10-22
CUST-01392,Arjun Rao,Maharashtra,Mumbai,400001,Referral / WhatsApp Share,2025-05-20
CUST-01393,Priya Joshi,Tamil Nadu,Coimbatore,641001,Affiliate,2024-11-15
CUST-01394,Rahul Verma,Gujarat,Vadodara,390001,Direct App Open,2024-10-24
CUST-01395,Kavya Joshi,Gujarat,Ahmedabad,380001,Direct App Open,2025-01-11
CUST-01396,Rohan Sharma,Rajasthan,Udaipur,313001,Organic Search,2025-02-09
CUST-01397,Neha Nair,Uttar Pradesh,Lucknow,226001,Paid Ads (Instagram/FB),2025-02-08
CUST-01398,Kabir Rao,Telangana,Hyderabad,500001,Paid Ads (Instagram/FB),2024-03-07
CUST-01399,Sneha Iyer,West Bengal,Kolkata,700001,Affiliate,2025-02-17
CUST-01400,Priya Iyer,Bihar,Muzaffarpur,842001,Direct App Open,2024-10-12
CUST-01401,Siddharth Rao,Telangana,Nizamabad,503001,Referral / WhatsApp Share,2025-02-13
CUST-01402,Sneha Verma,Telangana,Warangal,506001,Direct App Open,2025-06-07
CUST-01403,Vikram Mehta,Rajasthan,Jaipur,302001,Organic Search,2024-09-13
CUST-01404,Neha Verma,Gujarat,Vadodara,390001,Paid Ads (Instagram/FB),2024-01-31
CUST-01405,Priya Rao,Maharashtra,Mumbai,400001,Direct App Open,2024-01-28
CUST-01406,Rohan Joshi,Telangana,Nizamabad,503001,Referral / WhatsApp Share,2024-06-05
CUST-01407,Vikram Deshmukh,Telangana,Hyderabad,500001,Organic Search,2025-06-16
CUST-01408,Siddharth Verma,Rajasthan,Jaipur,302001,Referral / WhatsApp Share,2025-05-24
CUST-01409,Neha Nair,Tamil Nadu,Madurai,625001,Referral / WhatsApp Share,2025-07-07
CUST-01410,Arjun Sharma,Maharashtra,Nashik,422001,Organic Search,2025-01-27
CUST-01411,Neha Kulkarni,Bihar,Gaya,823001,Direct App Open,2024-02-06
CUST-01412,Aarav Mehta,Madhya Pradesh,Gwalior,474001,Referral / WhatsApp Share,2024-06-17
CUST-01413,Neha Joshi,Karnataka,Mysuru,570001,Direct App Open,2025-05-14
CUST-01414,Siddharth Patel,Telangana,Nizamabad,503001,Direct App Open,2025-07-21
CUST-01415,Rahul Nair,Telangana,Warangal,506001,Direct App Open,2025-07-29
CUST-01416,Kavya Mehta,Madhya Pradesh,Bhopal,462001,Direct App Open,2024-09-26
CUST-01417,Neha Deshmukh,Bihar,Muzaffarpur,842001,Referral / WhatsApp Share,2024-10-18
CUST-01418,Sneha Sharma,Maharashtra,Mumbai,400001,Paid Ads (Instagram/FB),2025-01-10
CUST-01419,Sneha Rao,Telangana,Hyderabad,500001,Referral / WhatsApp Share,2025-01-24
CUST-01420,Priya Joshi,West Bengal,Howrah,711101,Direct App Open,2024-12-25
CUST-01421,Aarav Gupta,Gujarat,Ahmedabad,380001,Paid Ads (Instagram/FB),2024-11-15
CUST-01422,Pooja Patel,Uttar Pradesh,Varanasi,221001,Organic Search,2024-12-11
CUST-01423,Rohan Sharma,Madhya Pradesh,Indore,452001,Organic Search,2025-04-16
CUST-01424,Rahul Joshi,Telangana,Nizamabad,503001,Direct App Open,2024-09-30
CUST-01425,Aarav Rao,Rajasthan,Udaipur,313001,Organic Search,2024-11-20
CUST-01426,Kabir Deshmukh,Bihar,Gaya,823001,Affiliate,2024-04-10
CUST-01427,Siddharth Verma,Uttar Pradesh,Kanpur,208001,Referral / WhatsApp Share,2025-05-23
CUST-01428,Arjun Gupta,West Bengal,Kolkata,700001,Affiliate,2024-11-02
CUST-01429,Sneha Joshi,Gujarat,Surat,395001,Organic Search,2025-07-02
CUST-01430,Ananya Singh,Tamil Nadu,Chennai,600001,Referral / WhatsApp Share,2025-08-10
CUST-01431,Kabir Iyer,Telangana,Nizamabad,503001,Organic Search,2025-08-15
CUST-01432,Priya Deshmukh,West Bengal,Howrah,711101,Organic Search,2025-08-03
CUST-01433,Siddharth Nair,Rajasthan,Jodhpur,342001,Paid Ads (Instagram/FB),2024-12-21
CUST-01434,Siddharth Patel,Tamil Nadu,Madurai,625001,Referral / WhatsApp Share,2025-03-19
CUST-01435,Rahul Nair,West Bengal,Kolkata,700001,Direct App Open,2025-02-15
CUST-01436,Vikram Deshmukh,Madhya Pradesh,Indore,452001,Affiliate,2024-07-03
CUST-01437,Aditya Sharma,Madhya Pradesh,Bhopal,462001,Affiliate,2025-05-26
CUST-01438,Ananya Gupta,Rajasthan,Jodhpur,342001,Affiliate,2025-03-20
CUST-01439,Aditya Deshmukh,Maharashtra,Pune,411001,Referral / WhatsApp Share,2025-04-18
CUST-01440,Rohan Iyer,Karnataka,Hubballi,580020,Referral / WhatsApp Share,2025-03-21
CUST-01441,Kabir Kulkarni,Uttar Pradesh,Kanpur,208001,Direct App Open,2024-09-30
CUST-01442,Kavya Singh,Karnataka,Mysuru,570001,Affiliate,2024-08-29
CUST-01443,Kabir Iyer,Uttar Pradesh,Kanpur,208001,Paid Ads (Instagram/FB),2024-01-29
CUST-01444,Ananya Singh,Rajasthan,Jodhpur,342001,Affiliate,2025-03-22
CUST-01445,Kabir Gupta,Maharashtra,Pune,411001,Paid Ads (Instagram/FB),2024-10-06
CUST-01446,Rohan Sharma,Tamil Nadu,Coimbatore,641001,Affiliate,2024-06-29
CUST-01447,Rahul Sharma,Rajasthan,Jaipur,302001,Organic Search,2024-03-26
CUST-01448,Sneha Deshmukh,Tamil Nadu,Chennai,600001,Direct App Open,2025-01-07
CUST-01449,Rahul Gupta,Uttar Pradesh,Agra,282001,Paid Ads (Instagram/FB),2024-08-29
CUST-01450,Priya Deshmukh,Madhya Pradesh,Bhopal,462001,Affiliate,2025-08-17
CUST-01451,Siddharth Nair,Tamil Nadu,Coimbatore,641001,Organic Search,2024-08-31
CUST-01452,Pooja Patel,West Bengal,Howrah,711101,Affiliate,2025-02-03
CUST-01453,Siddharth Rao,Gujarat,Surat,395001,Paid Ads (Instagram/FB),2024-05-27
CUST-01454,Priya Mehta,Gujarat,Surat,395001,Direct App Open,2025-02-22
CUST-01455,Vikram Deshmukh,Maharashtra,Nashik,422001,Affiliate,2025-01-18
CUST-01456,Shreya Patel,West Bengal,Siliguri,734001,Direct App Open,2025-05-01
CUST-01457,Rahul Iyer,Tamil Nadu,Chennai,600001,Referral / WhatsApp Share,2025-05-01
CUST-01458,Shreya Kulkarni,Tamil Nadu,Chennai,600001,Affiliate,2024-02-05
CUST-01459,Kavya Rao,Maharashtra,Pune,411001,Referral / WhatsApp Share,2025-07-19
CUST-01460,Kabir Singh,West Bengal,Siliguri,734001,Organic Search,2025-07-01
CUST-01461,Kavya Iyer,Rajasthan,Jodhpur,342001,Organic Search,2025-02-06
CUST-01462,Aditya Singh,Tamil Nadu,Chennai,600001,Paid Ads (Instagram/FB),2024-10-31
CUST-01463,Ananya Mehta,Rajasthan,Udaipur,313001,Referral / WhatsApp Share,2025-02-20
CUST-01464,Siddharth Sharma,Tamil Nadu,Chennai,600001,Direct App Open,2025-04-27
CUST-01465,Shreya Joshi,West Bengal,Siliguri,734001,Direct App Open,2024-04-12
CUST-01466,Kavya Mehta,Tamil Nadu,Madurai,625001,Organic Search,2024-12-26
CUST-01467,Kabir Deshmukh,Madhya Pradesh,Gwalior,474001,Referral / WhatsApp Share,2025-04-09
CUST-01468,Shreya Sharma,Maharashtra,Pune,411001,Direct App Open,2024-05-19
CUST-01469,Aarav Joshi,Gujarat,Vadodara,390001,Referral / WhatsApp Share,2024-11-17
CUST-01470,Pooja Patel,Uttar Pradesh,Kanpur,208001,Paid Ads (Instagram/FB),2025-06-12
CUST-01471,Shreya Gupta,Karnataka,Hubballi,580020,Direct App Open,2024-11-23
CUST-01472,Neha Verma,Karnataka,Mysuru,570001,Paid Ads (Instagram/FB),2024-12-01
CUST-01473,Siddharth Singh,Gujarat,Ahmedabad,380001,Direct App Open,2025-01-11
CUST-01474,Rohan Joshi,Bihar,Muzaffarpur,842001,Paid Ads (Instagram/FB),2024-01-22
CUST-01475,Aarav Nair,Telangana,Nizamabad,503001,Paid Ads (Instagram/FB),2024-04-01
CUST-01476,Neha Iyer,Tamil Nadu,Madurai,625001,Paid Ads (Instagram/FB),2024-02-20
CUST-01477,Kabir Deshmukh,Bihar,Muzaffarpur,842001,Referral / WhatsApp Share,2024-06-01
CUST-01478,Priya Kulkarni,Karnataka,Hubballi,580020,Organic Search,2024-01-15
CUST-01479,Shreya Nair,Bihar,Gaya,823001,Direct App Open,2024-05-01
CUST-01480,Ananya Rao,Gujarat,Ahmedabad,380001,Referral / WhatsApp Share,2024-10-21
CUST-01481,Shreya Verma,Bihar,Patna,800001,Direct App Open,2024-07-30
CUST-01482,Pooja Iyer,Tamil Nadu,Madurai,625001,Paid Ads (Instagram/FB),2025-03-04
CUST-01483,Rohan Joshi,Karnataka,Bengaluru,560001,Referral / WhatsApp Share,2024-09-25
CUST-01484,Ananya Deshmukh,Rajasthan,Jaipur,302001,Referral / WhatsApp Share,2025-08-19
CUST-01485,Rahul Gupta,Rajasthan,Jaipur,302001,Organic Search,2025-04-25
CUST-01486,Rohan Kulkarni,Bihar,Muzaffarpur,842001,Paid Ads (Instagram/FB),2025-01-27
CUST-01487,Shreya Joshi,Telangana,Warangal,506001,Organic Search,2024-04-07
CUST-01488,Arjun Sharma,Maharashtra,Nagpur,440001,Paid Ads (Instagram/FB),2025-04-27
CUST-01489,Aditya Kulkarni,Telangana,Nizamabad,503001,Affiliate,2024-02-16
CUST-01490,Aarav Singh,Madhya Pradesh,Gwalior,474001,Direct App Open,2024-11-05
CUST-01491,Kabir Gupta,West Bengal,Kolkata,700001,Affiliate,2024-02-12
CUST-01492,Pooja Mehta,Tamil Nadu,Chennai,600001,Affiliate,2025-05-19
CUST-01493,Aditya Kulkarni,Rajasthan,Jaipur,302001,Organic Search,2024-11-20
CUST-01494,Shreya Nair,Bihar,Patna,800001,Referral / WhatsApp Share,2024-04-29
CUST-01495,Sneha Sharma,Karnataka,Mysuru,570001,Referral / WhatsApp Share,2025-01-04
CUST-01496,Aditya Joshi,Tamil Nadu,Coimbatore,641001,Affiliate,2024-09-27
CUST-01497,Arjun Kulkarni,Bihar,Patna,800001,Referral / WhatsApp Share,2025-05-18
CUST-01498,Siddharth Mehta,Madhya Pradesh,Gwalior,474001,Direct App Open,2024-02-24
CUST-01499,Ananya Mehta,Maharashtra,Pune,411001,Paid Ads (Instagram/FB),2024-02-06
CUST-01500,Neha Singh,Karnataka,Hubballi,580020,Direct App Open,2025-03-22
CUST-01501,Priya Verma,Maharashtra,Nashik,422001,Referral / WhatsApp Share,2025-07-28
CUST-01502,Neha Verma,Rajasthan,Jaipur,302001,Paid Ads (Instagram/FB),2024-05-06
CUST-01503,Sneha Patel,Gujarat,Surat,395001,Paid Ads (Instagram/FB),2024-06-21
CUST-01504,Shreya Nair,Tamil Nadu,Madurai,625001,Affiliate,2024-08-05
CUST-01505,Pooja Sharma,Madhya Pradesh,Gwalior,474001,Paid Ads (Instagram/FB),2025-03-02
CUST-01506,Aditya Patel,Gujarat,Surat,395001,Organic Search,2024-12-02
CUST-01507,Aarav Singh,Uttar Pradesh,Agra,282001,Referral / WhatsApp Share,2024-04-18
CUST-01508,Kavya Kulkarni,Karnataka,Bengaluru,560001,Organic Search,2025-04-16
CUST-01509,Kavya Rao,Rajasthan,Jodhpur,342001,Referral / WhatsApp Share,2024-01-06
CUST-01510,Sneha Sharma,Telangana,Warangal,506001,Referral / WhatsApp Share,2025-08-05
CUST-01511,Rohan Iyer,Maharashtra,Nagpur,440001,Referral / WhatsApp Share,2024-02-26
CUST-01512,Shreya Patel,Madhya Pradesh,Gwalior,474001,Direct App Open,2024-04-04
CUST-01513,Kabir Singh,Karnataka,Bengaluru,560001,Direct App Open,2024-04-01
CUST-01514,Aarav Iyer,Karnataka,Mysuru,570001,Direct App Open,2024-10-18
CUST-01515,Rahul Gupta,Karnataka,Bengaluru,560001,Referral / WhatsApp Share,2025-05-17
CUST-01516,Siddharth Joshi,Tamil Nadu,Madurai,625001,Affiliate,2024-05-14
CUST-01517,Sneha Gupta,Uttar Pradesh,Varanasi,221001,Affiliate,2024-07-23
CUST-01518,Neha Verma,Bihar,Gaya,823001,Referral / WhatsApp Share,2025-07-30
CUST-01519,Pooja Joshi,Uttar Pradesh,Agra,282001,Referral / WhatsApp Share,2024-07-09
CUST-01520,Kabir Gupta,Bihar,Patna,800001,Organic Search,2025-06-09
CUST-01521,Sneha Verma,Gujarat,Vadodara,390001,Paid Ads (Instagram/FB),2025-05-22
CUST-01522,Arjun Gupta,Madhya Pradesh,Bhopal,462001,Referral / WhatsApp Share,2025-04-24
CUST-01523,Kabir Patel,Rajasthan,Jodhpur,342001,Paid Ads (Instagram/FB),2024-05-10
CUST-01524,Rahul Singh,Gujarat,Vadodara,390001,Direct App Open,2024-10-29
CUST-01525,Pooja Sharma,Madhya Pradesh,Bhopal,462001,Organic Search,2025-06-09
CUST-01526,Priya Nair,Bihar,Gaya,823001,Organic Search,2025-04-20
CUST-01527,Rahul Rao,Telangana,Warangal,506001,Referral / WhatsApp Share,2024-09-17
CUST-01528,Pooja Patel,Madhya Pradesh,Bhopal,462001,Organic Search,2025-04-18
CUST-01529,Rohan Mehta,Bihar,Patna,800001,Organic Search,2025-03-02
CUST-01530,Aditya Rao,Tamil Nadu,Coimbatore,641001,Affiliate,2025-04-10
CUST-01531,Siddharth Gupta,Rajasthan,Udaipur,313001,Referral / WhatsApp Share,2024-12-15
CUST-01532,Aditya Mehta,Gujarat,Ahmedabad,380001,Organic Search,2024-09-22
CUST-01533,Kavya Gupta,Uttar Pradesh,Agra,282001,Affiliate,2024-01-19
CUST-01534,Aarav Joshi,Uttar Pradesh,Lucknow,226001,Paid Ads (Instagram/FB),2025-05-03
CUST-01535,Neha Rao,Bihar,Muzaffarpur,842001,Affiliate,2025-05-13
CUST-01536,Vikram Deshmukh,Telangana,Warangal,506001,Direct App Open,2024-11-05
CUST-01537,Priya Mehta,Karnataka,Bengaluru,560001,Paid Ads (Instagram/FB),2024-04-24
CUST-01538,Kavya Sharma,Gujarat,Ahmedabad,380001,Paid Ads (Instagram/FB),2025-05-07
CUST-01539,Rahul Mehta,Gujarat,Surat,395001,Affiliate,2024-07-14
CUST-01540,Priya Singh,Rajasthan,Jaipur,302001,Direct App Open,2025-03-08
CUST-01541,Aarav Patel,Karnataka,Bengaluru,560001,Direct App Open,2025-05-11
CUST-01542,Neha Sharma,Rajasthan,Udaipur,313001,Paid Ads (Instagram/FB),2024-07-25
CUST-01543,Vikram Deshmukh,Bihar,Patna,800001,Referral / WhatsApp Share,2024-01-09
CUST-01544,Priya Gupta,Bihar,Gaya,823001,Direct App Open,2025-08-15
CUST-01545,Pooja Rao,Madhya Pradesh,Indore,452001,Organic Search,2025-05-14
CUST-01546,Kabir Verma,Madhya Pradesh,Gwalior,474001,Affiliate,2025-05-14
CUST-01547,Ananya Rao,Maharashtra,Mumbai,400001,Direct App Open,2025-08-13
CUST-01548,Sneha Nair,Uttar Pradesh,Varanasi,221001,Direct App Open,2025-04-29
CUST-01549,Priya Verma,Telangana,Nizamabad,503001,Referral / WhatsApp Share,2025-04-04
CUST-01550,Shreya Joshi,Maharashtra,Pune,411001,Referral / WhatsApp Share,2024-07-15
CUST-01551,Neha Kulkarni,Rajasthan,Jaipur,302001,Affiliate,2024-08-12
CUST-01552,Pooja Gupta,West Bengal,Siliguri,734001,Direct App Open,2024-05-14
CUST-01553,Aditya Singh,Bihar,Gaya,823001,Referral / WhatsApp Share,2025-04-28
CUST-01554,Siddharth Mehta,Telangana,Hyderabad,500001,Referral / WhatsApp Share,2024-03-29
CUST-01555,Rahul Verma,Karnataka,Bengaluru,560001,Paid Ads (Instagram/FB),2024-06-09
CUST-01556,Pooja Verma,Uttar Pradesh,Agra,282001,Direct App Open,2024-11-06
CUST-01557,Ananya Iyer,Madhya Pradesh,Bhopal,462001,Organic Search,2025-01-02
CUST-01558,Aditya Singh,West Bengal,Siliguri,734001,Paid Ads (Instagram/FB),2024-06-27
CUST-01559,Kavya Nair,Maharashtra,Mumbai,400001,Referral / WhatsApp Share,2025-03-16
CUST-01560,Priya Deshmukh,Gujarat,Ahmedabad,380001,Affiliate,2024-08-17
CUST-01561,Neha Singh,West Bengal,Howrah,711101,Organic Search,2025-07-24
CUST-01562,Vikram Mehta,Madhya Pradesh,Gwalior,474001,Organic Search,2024-02-21
CUST-01563,Aditya Verma,Rajasthan,Jaipur,302001,Organic Search,2024-04-14
CUST-01564,Kavya Nair,Maharashtra,Mumbai,400001,Paid Ads (Instagram/FB),2024-04-30
CUST-01565,Kavya Iyer,West Bengal,Kolkata,700001,Referral / WhatsApp Share,2025-03-28
CUST-01566,Siddharth Nair,Rajasthan,Udaipur,313001,Organic Search,2024-06-06
CUST-01567,Rahul Kulkarni,West Bengal,Kolkata,700001,Organic Search,2024-07-25
CUST-01568,Neha Joshi,Maharashtra,Pune,411001,Direct App Open,2024-12-15
CUST-01569,Vikram Nair,Karnataka,Bengaluru,560001,Referral / WhatsApp Share,2025-01-16
CUST-01570,Shreya Joshi,West Bengal,Siliguri,734001,Paid Ads (Instagram/FB),2024-06-04
CUST-01571,Siddharth Nair,Bihar,Patna,800001,Paid Ads (Instagram/FB),2025-03-15
CUST-01572,Kabir Joshi,Rajasthan,Udaipur,313001,Referral / WhatsApp Share,2024-01-31
CUST-01573,Neha Mehta,Maharashtra,Mumbai,400001,Organic Search,2024-12-12
CUST-01574,Sneha Joshi,Karnataka,Mysuru,570001,Organic Search,2025-02-06
CUST-01575,Siddharth Sharma,Karnataka,Hubballi,580020,Organic Search,2025-06-16
CUST-01576,Vikram Joshi,Bihar,Muzaffarpur,842001,Affiliate,2024-11-07
CUST-01577,Shreya Rao,West Bengal,Howrah,711101,Organic Search,2024-10-13
CUST-01578,Aditya Nair,Telangana,Hyderabad,500001,Direct App Open,2025-04-01
CUST-01579,Rahul Iyer,Madhya Pradesh,Gwalior,474001,Affiliate,2025-03-28
CUST-01580,Shreya Kulkarni,Bihar,Patna,800001,Referral / WhatsApp Share,2024-03-27
CUST-01581,Aarav Nair,West Bengal,Howrah,711101,Paid Ads (Instagram/FB),2025-06-16
CUST-01582,Arjun Singh,Gujarat,Ahmedabad,380001,Affiliate,2025-07-19
CUST-01583,Vikram Nair,West Bengal,Siliguri,734001,Paid Ads (Instagram/FB),2024-01-24
CUST-01584,Aarav Nair,Telangana,Warangal,506001,Paid Ads (Instagram/FB),2024-11-07
CUST-01585,Shreya Joshi,Madhya Pradesh,Bhopal,462001,Organic Search,2025-01-16
CUST-01586,Vikram Gupta,Madhya Pradesh,Indore,452001,Organic Search,2024-02-18
CUST-01587,Siddharth Gupta,Uttar Pradesh,Agra,282001,Referral / WhatsApp Share,2025-08-09
CUST-01588,Shreya Sharma,Rajasthan,Jodhpur,342001,Paid Ads (Instagram/FB),2025-08-18
CUST-01589,Pooja Rao,Madhya Pradesh,Gwalior,474001,Paid Ads (Instagram/FB),2024-12-24
CUST-01590,Vikram Singh,Telangana,Nizamabad,503001,Paid Ads (Instagram/FB),2025-01-21
CUST-01591,Arjun Rao,Gujarat,Ahmedabad,380001,Referral / WhatsApp Share,2025-06-12
CUST-01592,Pooja Iyer,West Bengal,Howrah,711101,Organic Search,2024-05-30
CUST-01593,Shreya Joshi,Bihar,Patna,800001,Organic Search,2024-03-04
CUST-01594,Kabir Mehta,Rajasthan,Jaipur,302001,Direct App Open,2024-03-20
CUST-01595,Sneha Gupta,Madhya Pradesh,Indore,452001,Affiliate,2025-07-26
CUST-01596,Arjun Joshi,Tamil Nadu,Madurai,625001,Direct App Open,2025-03-09
CUST-01597,Neha Rao,Rajasthan,Udaipur,313001,Direct App Open,2024-06-15
CUST-01598,Rohan Nair,Karnataka,Mysuru,570001,Direct App Open,2024-05-12
CUST-01599,Shreya Nair,Madhya Pradesh,Bhopal,462001,Paid Ads (Instagram/FB),2025-04-11
CUST-01600,Neha Sharma,Karnataka,Hubballi,580020,Referral / WhatsApp Share,2024-05-01
CUST-01601,Pooja Joshi,Uttar Pradesh,Lucknow,226001,Referral / WhatsApp Share,2025-08-08
CUST-01602,Vikram Sharma,Madhya Pradesh,Bhopal,462001,Organic Search,2025-01-15
CUST-01603,Vikram Kulkarni,Tamil Nadu,Coimbatore,641001,Direct App Open,2024-01-29
CUST-01604,Siddharth Mehta,Karnataka,Hubballi,580020,Direct App Open,2024-02-19
CUST-01605,Aditya Singh,Tamil Nadu,Chennai,600001,Paid Ads (Instagram/FB),2025-05-15
CUST-01606,Aarav Patel,Madhya Pradesh,Indore,452001,Organic Search,2024-02-15
CUST-01607,Kabir Verma,Telangana,Warangal,506001,Affiliate,2025-04-08
CUST-01608,Aditya Kulkarni,Bihar,Gaya,823001,Affiliate,2024-05-15
CUST-01609,Siddharth Mehta,Madhya Pradesh,Gwalior,474001,Direct App Open,2025-04-05
CUST-01610,Rahul Verma,Karnataka,Hubballi,580020,Referral / WhatsApp Share,2024-04-01
CUST-01611,Siddharth Deshmukh,Telangana,Warangal,506001,Direct App Open,2024-08-26
CUST-01612,Aditya Joshi,West Bengal,Siliguri,734001,Organic Search,2025-03-29
CUST-01613,Shreya Singh,Uttar Pradesh,Kanpur,208001,Organic Search,2025-08-08
CUST-01614,Rahul Rao,Tamil Nadu,Madurai,625001,Organic Search,2025-07-26
CUST-01615,Priya Iyer,Telangana,Nizamabad,503001,Affiliate,2024-02-24
CUST-01616,Pooja Nair,Gujarat,Surat,395001,Affiliate,2024-01-20
CUST-01617,Priya Gupta,Madhya Pradesh,Bhopal,462001,Organic Search,2024-10-08
CUST-01618,Siddharth Iyer,Gujarat,Vadodara,390001,Affiliate,2025-03-30
CUST-01619,Priya Nair,Telangana,Warangal,506001,Direct App Open,2024-02-16
CUST-01620,Neha Sharma,West Bengal,Howrah,711101,Paid Ads (Instagram/FB),2025-02-28
CUST-01621,Aarav Nair,West Bengal,Howrah,711101,Referral / WhatsApp Share,2024-04-03
CUST-01622,Priya Patel,Madhya Pradesh,Bhopal,462001,Referral / WhatsApp Share,2024-05-27
CUST-01623,Rohan Singh,Uttar Pradesh,Kanpur,208001,Referral / WhatsApp Share,2025-02-21
CUST-01624,Rahul Mehta,Maharashtra,Nagpur,440001,Paid Ads (Instagram/FB),2024-01-28
CUST-01625,Shreya Sharma,Tamil Nadu,Coimbatore,641001,Organic Search,2024-11-23
CUST-01626,Rohan Joshi,West Bengal,Howrah,711101,Direct App Open,2024-05-03
CUST-01627,Aarav Iyer,Gujarat,Vadodara,390001,Affiliate,2024-08-30
CUST-01628,Neha Nair,Madhya Pradesh,Indore,452001,Organic Search,2024-10-02
CUST-01629,Aarav Kulkarni,Rajasthan,Udaipur,313001,Direct App Open,2024-03-08
CUST-01630,Neha Sharma,Bihar,Muzaffarpur,842001,Paid Ads (Instagram/FB),2024-01-20
CUST-01631,Vikram Nair,Telangana,Nizamabad,503001,Organic Search,2024-09-09
CUST-01632,Siddharth Nair,Karnataka,Mysuru,570001,Affiliate,2025-02-20
CUST-01633,Neha Patel,Madhya Pradesh,Bhopal,462001,Paid Ads (Instagram/FB),2025-01-17
CUST-01634,Arjun Mehta,Gujarat,Vadodara,390001,Direct App Open,2025-07-22
CUST-01635,Neha Sharma,Maharashtra,Nashik,422001,Affiliate,2024-10-23
CUST-01636,Rahul Mehta,Maharashtra,Mumbai,400001,Direct App Open,2024-10-06
CUST-01637,Pooja Singh,Bihar,Gaya,823001,Paid Ads (Instagram/FB),2025-08-22
CUST-01638,Kavya Nair,Tamil Nadu,Chennai,600001,Paid Ads (Instagram/FB),2025-06-30
CUST-01639,Pooja Patel,Tamil Nadu,Chennai,600001,Direct App Open,2024-05-05
CUST-01640,Kavya Mehta,Madhya Pradesh,Indore,452001,Direct App Open,2024-08-03
CUST-01641,Pooja Nair,West Bengal,Siliguri,734001,Referral / WhatsApp Share,2024-09-24
CUST-01642,Siddharth Rao,Rajasthan,Jodhpur,342001,Paid Ads (Instagram/FB),2024-11-25
CUST-01643,Sneha Iyer,Rajasthan,Udaipur,313001,Referral / WhatsApp Share,2024-01-17
CUST-01644,Aditya Rao,Karnataka,Hubballi,580020,Organic Search,2025-05-02
CUST-01645,Aarav Sharma,Karnataka,Mysuru,570001,Affiliate,2025-05-15
CUST-01646,Siddharth Joshi,Madhya Pradesh,Bhopal,462001,Organic Search,2025-07-05
CUST-01647,Aarav Gupta,Rajasthan,Udaipur,313001,Organic Search,2024-12-27
CUST-01648,Kavya Joshi,Telangana,Warangal,506001,Direct App Open,2024-06-30
CUST-01649,Kavya Rao,Maharashtra,Mumbai,400001,Direct App Open,2025-01-14
CUST-01650,Aditya Iyer,Rajasthan,Jaipur,302001,Paid Ads (Instagram/FB),2024-01-21
CUST-01651,Siddharth Singh,West Bengal,Kolkata,700001,Organic Search,2024-11-06
CUST-01652,Siddharth Rao,Gujarat,Ahmedabad,380001,Direct App Open,2025-01-06
CUST-01653,Aarav Singh,Rajasthan,Udaipur,313001,Affiliate,2024-08-02
CUST-01654,Aarav Iyer,Bihar,Patna,800001,Referral / WhatsApp Share,2025-08-05
CUST-01655,Arjun Verma,Karnataka,Hubballi,580020,Paid Ads (Instagram/FB),2025-08-02
CUST-01656,Rahul Gupta,Telangana,Nizamabad,503001,Paid Ads (Instagram/FB),2024-03-07
CUST-01657,Pooja Mehta,Uttar Pradesh,Kanpur,208001,Referral / WhatsApp Share,2025-08-06
CUST-01658,Kavya Iyer,Madhya Pradesh,Gwalior,474001,Referral / WhatsApp Share,2024-07-15
CUST-01659,Kavya Gupta,Maharashtra,Nagpur,440001,Affiliate,2025-04-09
CUST-01660,Aarav Joshi,Maharashtra,Nagpur,440001,Direct App Open,2025-02-20
CUST-01661,Vikram Patel,Madhya Pradesh,Indore,452001,Direct App Open,2025-01-05
CUST-01662,Arjun Sharma,Gujarat,Ahmedabad,380001,Referral / WhatsApp Share,2025-03-06
CUST-01663,Arjun Verma,West Bengal,Kolkata,700001,Direct App Open,2024-07-18
CUST-01664,Sneha Patel,Telangana,Hyderabad,500001,Paid Ads (Instagram/FB),2025-03-09
CUST-01665,Priya Iyer,Gujarat,Ahmedabad,380001,Referral / WhatsApp Share,2024-11-14
CUST-01666,Priya Gupta,Uttar Pradesh,Lucknow,226001,Direct App Open,2025-03-18
CUST-01667,Siddharth Sharma,Telangana,Nizamabad,503001,Referral / WhatsApp Share,2024-09-13
CUST-01668,Ananya Patel,Rajasthan,Jaipur,302001,Referral / WhatsApp Share,2024-02-25
CUST-01669,Kavya Kulkarni,Madhya Pradesh,Bhopal,462001,Organic Search,2025-03-25
CUST-01670,Siddharth Patel,Rajasthan,Udaipur,313001,Organic Search,2024-03-28
CUST-01671,Aarav Sharma,Bihar,Gaya,823001,Organic Search,2024-05-10
CUST-01672,Aarav Verma,Maharashtra,Nagpur,440001,Affiliate,2025-03-18
CUST-01673,Priya Patel,Maharashtra,Mumbai,400001,Referral / WhatsApp Share,2025-01-25
CUST-01674,Kabir Patel,Telangana,Warangal,506001,Paid Ads (Instagram/FB),2024-01-11
CUST-01675,Neha Joshi,Rajasthan,Jodhpur,342001,Affiliate,2024-04-13
CUST-01676,Sneha Gupta,Maharashtra,Nashik,422001,Affiliate,2024-12-02
CUST-01677,Pooja Iyer,Uttar Pradesh,Lucknow,226001,Organic Search,2024-03-10
CUST-01678,Pooja Iyer,Telangana,Hyderabad,500001,Affiliate,2024-09-19
CUST-01679,Sneha Joshi,Rajasthan,Udaipur,313001,Affiliate,2025-03-31
CUST-01680,Rohan Iyer,Karnataka,Bengaluru,560001,Organic Search,2024-05-10
CUST-01681,Vikram Deshmukh,Bihar,Muzaffarpur,842001,Referral / WhatsApp Share,2024-11-14
CUST-01682,Pooja Nair,Karnataka,Bengaluru,560001,Direct App Open,2024-11-12
CUST-01683,Pooja Kulkarni,Tamil Nadu,Coimbatore,641001,Organic Search,2025-06-14
CUST-01684,Pooja Gupta,Karnataka,Bengaluru,560001,Paid Ads (Instagram/FB),2025-06-03
CUST-01685,Kavya Nair,Maharashtra,Nashik,422001,Referral / WhatsApp Share,2024-07-19
CUST-01686,Ananya Gupta,Gujarat,Ahmedabad,380001,Referral / WhatsApp Share,2024-07-12
CUST-01687,Rahul Verma,Rajasthan,Udaipur,313001,Referral / WhatsApp Share,2025-08-15
CUST-01688,Pooja Kulkarni,Telangana,Warangal,506001,Direct App Open,2024-12-02
CUST-01689,Rohan Patel,Rajasthan,Jaipur,302001,Direct App Open,2024-08-12
CUST-01690,Aditya Sharma,Gujarat,Vadodara,390001,Paid Ads (Instagram/FB),2025-04-22
CUST-01691,Pooja Iyer,Gujarat,Surat,395001,Referral / WhatsApp Share,2025-01-19
CUST-01692,Ananya Joshi,Karnataka,Bengaluru,560001,Referral / WhatsApp Share,2024-01-11
CUST-01693,Priya Kulkarni,Maharashtra,Mumbai,400001,Paid Ads (Instagram/FB),2024-10-24
CUST-01694,Neha Iyer,Telangana,Warangal,506001,Organic Search,2024-01-31
CUST-01695,Ananya Iyer,Tamil Nadu,Chennai,600001,Paid Ads (Instagram/FB),2024-09-25
CUST-01696,Shreya Mehta,West Bengal,Siliguri,734001,Paid Ads (Instagram/FB),2024-07-01
CUST-01697,Ananya Sharma,Karnataka,Mysuru,570001,Organic Search,2024-01-22
CUST-01698,Kavya Gupta,Karnataka,Mysuru,570001,Organic Search,2024-12-12
CUST-01699,Aditya Iyer,Tamil Nadu,Coimbatore,641001,Paid Ads (Instagram/FB),2025-01-13
CUST-01700,Siddharth Kulkarni,Karnataka,Hubballi,580020,Affiliate,2025-03-20
CUST-01701,Aditya Rao,Uttar Pradesh,Lucknow,226001,Paid Ads (Instagram/FB),2024-05-13
CUST-01702,Siddharth Iyer,Gujarat,Vadodara,390001,Direct App Open,2025-01-18
CUST-01703,Sneha Deshmukh,Bihar,Muzaffarpur,842001,Paid Ads (Instagram/FB),2024-02-17
CUST-01704,Siddharth Deshmukh,Telangana,Hyderabad,500001,Affiliate,2024-10-28
CUST-01705,Siddharth Mehta,West Bengal,Kolkata,700001,Organic Search,2024-10-13
CUST-01706,Kavya Mehta,Madhya Pradesh,Gwalior,474001,Direct App Open,2024-08-02
CUST-01707,Shreya Patel,Rajasthan,Udaipur,313001,Affiliate,2024-03-07
CUST-01708,Rohan Nair,Bihar,Muzaffarpur,842001,Affiliate,2025-01-18
CUST-01709,Neha Nair,Rajasthan,Jaipur,302001,Referral / WhatsApp Share,2025-01-17
CUST-01710,Arjun Rao,Rajasthan,Udaipur,313001,Direct App Open,2025-04-30
CUST-01711,Vikram Deshmukh,Bihar,Muzaffarpur,842001,Affiliate,2024-02-07
CUST-01712,Ananya Iyer,Gujarat,Surat,395001,Paid Ads (Instagram/FB),2025-02-09
CUST-01713,Ananya Singh,Bihar,Gaya,823001,Affiliate,2024-06-09
CUST-01714,Aditya Kulkarni,Tamil Nadu,Madurai,625001,Organic Search,2024-05-17
CUST-01715,Siddharth Patel,Tamil Nadu,Coimbatore,641001,Affiliate,2024-12-26
CUST-01716,Ananya Deshmukh,Maharashtra,Nashik,422001,Affiliate,2024-12-10
CUST-01717,Kabir Verma,Rajasthan,Jodhpur,342001,Direct App Open,2025-01-11
CUST-01718,Siddharth Verma,West Bengal,Howrah,711101,Direct App Open,2024-01-26
CUST-01719,Rohan Verma,Gujarat,Surat,395001,Organic Search,2025-01-02
CUST-01720,Aditya Patel,Tamil Nadu,Madurai,625001,Affiliate,2025-07-13
CUST-01721,Rahul Patel,Tamil Nadu,Chennai,600001,Organic Search,2024-05-01
CUST-01722,Priya Kulkarni,Maharashtra,Pune,411001,Referral / WhatsApp Share,2024-07-20
CUST-01723,Rahul Kulkarni,Tamil Nadu,Coimbatore,641001,Referral / WhatsApp Share,2024-07-14
CUST-01724,Shreya Deshmukh,Karnataka,Hubballi,580020,Affiliate,2024-09-24
CUST-01725,Aarav Singh,Tamil Nadu,Coimbatore,641001,Direct App Open,2025-02-19
CUST-01726,Kavya Deshmukh,Maharashtra,Nashik,422001,Affiliate,2024-06-01
CUST-01727,Kavya Joshi,Gujarat,Ahmedabad,380001,Paid Ads (Instagram/FB),2025-04-30
CUST-01728,Ananya Nair,Telangana,Nizamabad,503001,Direct App Open,2025-04-17
CUST-01729,Sneha Patel,West Bengal,Kolkata,700001,Direct App Open,2025-03-03
CUST-01730,Ananya Verma,Rajasthan,Udaipur,313001,Organic Search,2025-01-18
CUST-01731,Rohan Deshmukh,Karnataka,Mysuru,570001,Organic Search,2025-05-26
CUST-01732,Siddharth Gupta,West Bengal,Howrah,711101,Paid Ads (Instagram/FB),2025-03-05
CUST-01733,Kabir Gupta,Bihar,Muzaffarpur,842001,Affiliate,2024-11-02
CUST-01734,Sneha Deshmukh,Maharashtra,Mumbai,400001,Paid Ads (Instagram/FB),2024-06-06
CUST-01735,Sneha Deshmukh,Telangana,Nizamabad,503001,Affiliate,2025-02-04
CUST-01736,Kabir Iyer,Bihar,Patna,800001,Affiliate,2025-01-30
CUST-01737,Ananya Verma,Uttar Pradesh,Varanasi,221001,Affiliate,2025-04-07
CUST-01738,Rahul Singh,Uttar Pradesh,Kanpur,208001,Organic Search,2025-07-20
CUST-01739,Rohan Sharma,Telangana,Warangal,506001,Organic Search,2024-07-10
CUST-01740,Ananya Patel,Bihar,Gaya,823001,Paid Ads (Instagram/FB),2024-08-26
CUST-01741,Vikram Gupta,Madhya Pradesh,Bhopal,462001,Direct App Open,2024-02-28
CUST-01742,Sneha Nair,Maharashtra,Pune,411001,Referral / WhatsApp Share,2025-02-24
CUST-01743,Kabir Mehta,Uttar Pradesh,Kanpur,208001,Affiliate,2025-03-04
CUST-01744,Neha Rao,Uttar Pradesh,Agra,282001,Paid Ads (Instagram/FB),2024-05-13
CUST-01745,Kavya Iyer,Tamil Nadu,Coimbatore,641001,Direct App Open,2024-06-11
CUST-01746,Pooja Deshmukh,Tamil Nadu,Madurai,625001,Paid Ads (Instagram/FB),2025-05-29
CUST-01747,Shreya Gupta,Rajasthan,Jodhpur,342001,Paid Ads (Instagram/FB),2024-01-08
CUST-01748,Rohan Verma,Uttar Pradesh,Agra,282001,Affiliate,2024-09-09
CUST-01749,Arjun Kulkarni,Telangana,Warangal,506001,Direct App Open,2025-04-18
CUST-01750,Pooja Sharma,Uttar Pradesh,Varanasi,221001,Direct App Open,2024-12-21
CUST-01751,Shreya Rao,Tamil Nadu,Coimbatore,641001,Affiliate,2024-06-28
CUST-01752,Kabir Iyer,Karnataka,Hubballi,580020,Direct App Open,2025-04-13
CUST-01753,Kabir Gupta,Karnataka,Hubballi,580020,Affiliate,2024-04-07
CUST-01754,Kabir Rao,Maharashtra,Pune,411001,Paid Ads (Instagram/FB),2024-10-07
CUST-01755,Aditya Gupta,Madhya Pradesh,Indore,452001,Organic Search,2024-08-10
CUST-01756,Aditya Verma,Bihar,Muzaffarpur,842001,Organic Search,2025-01-12
CUST-01757,Priya Patel,Madhya Pradesh,Indore,452001,Direct App Open,2025-04-06
CUST-01758,Rohan Singh,Gujarat,Vadodara,390001,Organic Search,2025-04-18
CUST-01759,Aarav Patel,Rajasthan,Jodhpur,342001,Referral / WhatsApp Share,2025-02-12
CUST-01760,Kavya Iyer,Bihar,Patna,800001,Organic Search,2024-09-13
CUST-01761,Priya Rao,Karnataka,Mysuru,570001,Direct App Open,2025-05-11
CUST-01762,Neha Patel,Uttar Pradesh,Kanpur,208001,Direct App Open,2024-05-23
CUST-01763,Neha Singh,Karnataka,Bengaluru,560001,Organic Search,2024-04-12
CUST-01764,Rohan Singh,Uttar Pradesh,Agra,282001,Paid Ads (Instagram/FB),2024-03-20
CUST-01765,Rahul Sharma,Tamil Nadu,Chennai,600001,Direct App Open,2025-01-01
CUST-01766,Rohan Iyer,Maharashtra,Pune,411001,Direct App Open,2024-02-18
CUST-01767,Kavya Gupta,Madhya Pradesh,Gwalior,474001,Organic Search,2025-02-03
CUST-01768,Shreya Singh,Rajasthan,Jaipur,302001,Affiliate,2024-01-05
CUST-01769,Aarav Joshi,Gujarat,Ahmedabad,380001,Referral / WhatsApp Share,2024-09-01
CUST-01770,Ananya Patel,Maharashtra,Nashik,422001,Organic Search,2024-01-15
CUST-01771,Sneha Iyer,Uttar Pradesh,Kanpur,208001,Organic Search,2024-06-20
CUST-01772,Shreya Mehta,Maharashtra,Nashik,422001,Affiliate,2024-04-20
CUST-01773,Kavya Kulkarni,West Bengal,Siliguri,734001,Paid Ads (Instagram/FB),2024-07-31
CUST-01774,Aditya Nair,Bihar,Gaya,823001,Organic Search,2024-08-25
CUST-01775,Ananya Patel,West Bengal,Howrah,711101,Paid Ads (Instagram/FB),2024-01-16
CUST-01776,Kabir Gupta,West Bengal,Kolkata,700001,Direct App Open,2024-08-05
CUST-01777,Neha Iyer,Uttar Pradesh,Varanasi,221001,Affiliate,2025-01-12
CUST-01778,Aarav Patel,Gujarat,Surat,395001,Referral / WhatsApp Share,2025-05-26
CUST-01779,Priya Rao,Madhya Pradesh,Gwalior,474001,Paid Ads (Instagram/FB),2024-09-14
CUST-01780,Priya Deshmukh,West Bengal,Siliguri,734001,Direct App Open,2024-05-16
CUST-01781,Sneha Mehta,West Bengal,Siliguri,734001,Direct App Open,2024-03-10
CUST-01782,Sneha Sharma,Telangana,Nizamabad,503001,Direct App Open,2025-01-26
CUST-01783,Arjun Gupta,Gujarat,Vadodara,390001,Affiliate,2024-01-14
CUST-01784,Ananya Sharma,Telangana,Hyderabad,500001,Referral / WhatsApp Share,2024-08-30
CUST-01785,Shreya Joshi,Gujarat,Vadodara,390001,Organic Search,2024-03-02
CUST-01786,Rohan Kulkarni,Rajasthan,Jodhpur,342001,Paid Ads (Instagram/FB),2024-06-04
CUST-01787,Kabir Iyer,Maharashtra,Pune,411001,Affiliate,2025-03-30
CUST-01788,Shreya Kulkarni,Karnataka,Mysuru,570001,Referral / WhatsApp Share,2024-02-10
CUST-01789,Arjun Joshi,Tamil Nadu,Chennai,600001,Paid Ads (Instagram/FB),2024-12-05
CUST-01790,Sneha Iyer,Gujarat,Vadodara,390001,Organic Search,2024-09-11
CUST-01791,Siddharth Gupta,Gujarat,Vadodara,390001,Direct App Open,2025-06-17
CUST-01792,Sneha Mehta,Rajasthan,Udaipur,313001,Organic Search,2024-03-07
CUST-01793,Kavya Verma,Uttar Pradesh,Kanpur,208001,Organic Search,2024-05-24
CUST-01794,Ananya Mehta,Uttar Pradesh,Kanpur,208001,Affiliate,2025-07-16
CUST-01795,Kavya Iyer,Gujarat,Vadodara,390001,Organic Search,2025-03-12
CUST-01796,Shreya Verma,Tamil Nadu,Chennai,600001,Paid Ads (Instagram/FB),2024-09-07
CUST-01797,Kabir Mehta,Telangana,Hyderabad,500001,Referral / WhatsApp Share,2024-10-19
CUST-01798,Pooja Verma,Gujarat,Surat,395001,Direct App Open,2024-03-22
CUST-01799,Sneha Joshi,Bihar,Patna,800001,Direct App Open,2025-03-27
CUST-01800,Kabir Nair,Telangana,Nizamabad,503001,Direct App Open,2024-06-08
CUST-01801,Kavya Verma,Maharashtra,Nashik,422001,Direct App Open,2024-03-26
CUST-01802,Siddharth Singh,Telangana,Nizamabad,503001,Paid Ads (Instagram/FB),2025-07-20
CUST-01803,Shreya Mehta,Tamil Nadu,Coimbatore,641001,Direct App Open,2024-11-09
CUST-01804,Neha Singh,Bihar,Muzaffarpur,842001,Affiliate,2025-05-07
CUST-01805,Priya Kulkarni,Karnataka,Hubballi,580020,Direct App Open,2024-07-19
CUST-01806,Rohan Iyer,Maharashtra,Mumbai,400001,Affiliate,2025-01-18
CUST-01807,Neha Joshi,Bihar,Gaya,823001,Referral / WhatsApp Share,2025-01-28
CUST-01808,Neha Singh,Telangana,Hyderabad,500001,Direct App Open,2024-02-09
CUST-01809,Aditya Patel,Bihar,Muzaffarpur,842001,Paid Ads (Instagram/FB),2024-07-17
CUST-01810,Siddharth Joshi,Tamil Nadu,Madurai,625001,Referral / WhatsApp Share,2025-06-05
CUST-01811,Shreya Verma,West Bengal,Siliguri,734001,Organic Search,2025-01-29
CUST-01812,Aditya Joshi,Gujarat,Ahmedabad,380001,Direct App Open,2024-02-05
CUST-01813,Aditya Kulkarni,Maharashtra,Pune,411001,Referral / WhatsApp Share,2025-04-11
CUST-01814,Rahul Mehta,Tamil Nadu,Chennai,600001,Affiliate,2025-08-15
CUST-01815,Rahul Mehta,Maharashtra,Mumbai,400001,Organic Search,2025-01-28
CUST-01816,Kabir Rao,Telangana,Hyderabad,500001,Affiliate,2024-07-12
CUST-01817,Aditya Joshi,Karnataka,Mysuru,570001,Referral / WhatsApp Share,2024-11-05
CUST-01818,Arjun Nair,Bihar,Muzaffarpur,842001,Referral / WhatsApp Share,2025-02-25
CUST-01819,Siddharth Rao,Uttar Pradesh,Lucknow,226001,Affiliate,2024-12-18
CUST-01820,Kavya Mehta,Tamil Nadu,Madurai,625001,Paid Ads (Instagram/FB),2025-02-11
CUST-01821,Shreya Singh,Maharashtra,Pune,411001,Direct App Open,2024-01-02
CUST-01822,Priya Patel,Bihar,Muzaffarpur,842001,Direct App Open,2024-10-22
CUST-01823,Shreya Joshi,Karnataka,Bengaluru,560001,Referral / WhatsApp Share,2024-07-09
CUST-01824,Shreya Mehta,Gujarat,Surat,395001,Paid Ads (Instagram/FB),2025-05-29
CUST-01825,Priya Verma,Telangana,Hyderabad,500001,Paid Ads (Instagram/FB),2024-07-24
CUST-01826,Aarav Rao,Karnataka,Bengaluru,560001,Referral / WhatsApp Share,2025-02-22
CUST-01827,Neha Gupta,Telangana,Hyderabad,500001,Paid Ads (Instagram/FB),2024-03-22
CUST-01828,Vikram Patel,Bihar,Patna,800001,Referral / WhatsApp Share,2024-03-06
CUST-01829,Sneha Sharma,Telangana,Hyderabad,500001,Direct App Open,2025-05-11
CUST-01830,Rahul Patel,Maharashtra,Mumbai,400001,Referral / WhatsApp Share,2024-01-08
CUST-01831,Rahul Deshmukh,Maharashtra,Mumbai,400001,Paid Ads (Instagram/FB),2025-06-18
CUST-01832,Siddharth Sharma,Bihar,Muzaffarpur,842001,Affiliate,2024-09-29
CUST-01833,Aditya Verma,Rajasthan,Jodhpur,342001,Affiliate,2025-03-15
CUST-01834,Sneha Kulkarni,West Bengal,Howrah,711101,Paid Ads (Instagram/FB),2025-01-04
CUST-01835,Rahul Joshi,Bihar,Muzaffarpur,842001,Organic Search,2024-12-30
CUST-01836,Kavya Kulkarni,Uttar Pradesh,Lucknow,226001,Direct App Open,2025-02-15
CUST-01837,Shreya Mehta,Maharashtra,Mumbai,400001,Affiliate,2024-10-13
CUST-01838,Shreya Iyer,West Bengal,Howrah,711101,Affiliate,2025-05-01
CUST-01839,Arjun Joshi,Gujarat,Ahmedabad,380001,Referral / WhatsApp Share,2024-01-18
CUST-01840,Rahul Kulkarni,Maharashtra,Nagpur,440001,Direct App Open,2024-08-27
CUST-01841,Pooja Verma,Bihar,Muzaffarpur,842001,Affiliate,2024-03-24
CUST-01842,Sneha Joshi,Rajasthan,Udaipur,313001,Organic Search,2025-01-29
CUST-01843,Vikram Deshmukh,Gujarat,Vadodara,390001,Paid Ads (Instagram/FB),2025-06-16
CUST-01844,Aditya Deshmukh,Madhya Pradesh,Bhopal,462001,Paid Ads (Instagram/FB),2025-05-24
CUST-01845,Siddharth Patel,Tamil Nadu,Madurai,625001,Affiliate,2025-04-23
CUST-01846,Rohan Verma,Uttar Pradesh,Agra,282001,Affiliate,2024-09-03
CUST-01847,Ananya Iyer,Karnataka,Hubballi,580020,Organic Search,2024-04-18
CUST-01848,Kabir Rao,Maharashtra,Pune,411001,Referral / WhatsApp Share,2025-01-27
CUST-01849,Siddharth Singh,Gujarat,Vadodara,390001,Referral / WhatsApp Share,2025-05-02
CUST-01850,Aditya Gupta,Uttar Pradesh,Kanpur,208001,Affiliate,2025-05-18
CUST-01851,Priya Rao,West Bengal,Kolkata,700001,Affiliate,2024-03-07
CUST-01852,Rahul Kulkarni,Bihar,Muzaffarpur,842001,Direct App Open,2025-07-29
CUST-01853,Kavya Joshi,Gujarat,Ahmedabad,380001,Referral / WhatsApp Share,2024-04-28
CUST-01854,Vikram Patel,Uttar Pradesh,Lucknow,226001,Referral / WhatsApp Share,2024-07-11
CUST-01855,Shreya Patel,Telangana,Warangal,506001,Paid Ads (Instagram/FB),2024-11-16
CUST-01856,Kabir Deshmukh,Maharashtra,Nagpur,440001,Organic Search,2025-07-02
CUST-01857,Ananya Joshi,Bihar,Gaya,823001,Referral / WhatsApp Share,2024-05-09
CUST-01858,Arjun Gupta,Telangana,Nizamabad,503001,Paid Ads (Instagram/FB),2024-04-19
CUST-01859,Kabir Sharma,Madhya Pradesh,Indore,452001,Referral / WhatsApp Share,2024-05-28
CUST-01860,Kavya Singh,Gujarat,Surat,395001,Direct App Open,2024-05-30
CUST-01861,Pooja Singh,Karnataka,Hubballi,580020,Organic Search,2024-11-23
CUST-01862,Vikram Nair,Uttar Pradesh,Varanasi,221001,Affiliate,2025-05-04
CUST-01863,Rahul Iyer,Rajasthan,Jodhpur,342001,Direct App Open,2024-03-01
CUST-01864,Siddharth Kulkarni,Karnataka,Hubballi,580020,Paid Ads (Instagram/FB),2024-08-18
CUST-01865,Shreya Rao,Maharashtra,Pune,411001,Direct App Open,2025-02-05
CUST-01866,Vikram Gupta,Karnataka,Bengaluru,560001,Affiliate,2025-02-05
CUST-01867,Sneha Joshi,Rajasthan,Jodhpur,342001,Direct App Open,2025-02-04
CUST-01868,Priya Nair,Tamil Nadu,Coimbatore,641001,Paid Ads (Instagram/FB),2025-07-15
CUST-01869,Kabir Patel,Karnataka,Mysuru,570001,Affiliate,2024-02-25
CUST-01870,Kavya Rao,Tamil Nadu,Coimbatore,641001,Paid Ads (Instagram/FB),2025-08-14
CUST-01871,Rohan Verma,Rajasthan,Jodhpur,342001,Paid Ads (Instagram/FB),2024-08-02
CUST-01872,Ananya Rao,Gujarat,Vadodara,390001,Organic Search,2025-01-05
CUST-01873,Shreya Deshmukh,Uttar Pradesh,Kanpur,208001,Direct App Open,2025-03-13
CUST-01874,Rahul Mehta,Maharashtra,Mumbai,400001,Referral / WhatsApp Share,2025-04-30
CUST-01875,Rohan Sharma,Uttar Pradesh,Varanasi,221001,Affiliate,2025-03-20
CUST-01876,Rohan Gupta,Bihar,Patna,800001,Organic Search,2024-05-01
CUST-01877,Ananya Joshi,Rajasthan,Jodhpur,342001,Affiliate,2024-06-25
CUST-01878,Rahul Rao,Bihar,Muzaffarpur,842001,Organic Search,2025-04-19
CUST-01879,Kavya Gupta,Bihar,Gaya,823001,Direct App Open,2025-01-11
CUST-01880,Aarav Patel,Uttar Pradesh,Lucknow,226001,Organic Search,2025-05-15
CUST-01881,Rahul Gupta,Madhya Pradesh,Bhopal,462001,Organic Search,2025-08-23
CUST-01882,Pooja Deshmukh,Rajasthan,Jodhpur,342001,Organic Search,2024-07-04
CUST-01883,Kabir Verma,Bihar,Gaya,823001,Affiliate,2024-05-08
CUST-01884,Priya Kulkarni,Uttar Pradesh,Kanpur,208001,Direct App Open,2024-01-21
CUST-01885,Kabir Nair,Madhya Pradesh,Gwalior,474001,Direct App Open,2024-03-06
CUST-01886,Arjun Deshmukh,Madhya Pradesh,Gwalior,474001,Organic Search,2024-07-31
CUST-01887,Rahul Patel,Karnataka,Hubballi,580020,Paid Ads (Instagram/FB),2024-01-06
CUST-01888,Arjun Verma,West Bengal,Kolkata,700001,Organic Search,2024-05-11
CUST-01889,Pooja Iyer,Karnataka,Bengaluru,560001,Affiliate,2024-09-19
CUST-01890,Kavya Sharma,Uttar Pradesh,Lucknow,226001,Affiliate,2024-11-01
CUST-01891,Sneha Nair,Karnataka,Mysuru,570001,Organic Search,2024-09-11
CUST-01892,Vikram Sharma,Madhya Pradesh,Indore,452001,Affiliate,2025-03-31
CUST-01893,Rohan Deshmukh,Rajasthan,Udaipur,313001,Referral / WhatsApp Share,2025-06-19
CUST-01894,Aditya Kulkarni,Telangana,Nizamabad,503001,Affiliate,2024-08-02
CUST-01895,Shreya Patel,Maharashtra,Pune,411001,Organic Search,2024-07-11
CUST-01896,Rohan Singh,Gujarat,Ahmedabad,380001,Affiliate,2025-07-19
CUST-01897,Ananya Deshmukh,West Bengal,Howrah,711101,Paid Ads (Instagram/FB),2025-03-08
CUST-01898,Priya Nair,Tamil Nadu,Coimbatore,641001,Direct App Open,2024-06-16
CUST-01899,Kabir Verma,Uttar Pradesh,Varanasi,221001,Direct App Open,2024-05-26
CUST-01900,Arjun Iyer,Uttar Pradesh,Varanasi,221001,Paid Ads (Instagram/FB),2025-01-16
CUST-01901,Pooja Gupta,Madhya Pradesh,Gwalior,474001,Paid Ads (Instagram/FB),2025-03-05
CUST-01902,Kavya Mehta,West Bengal,Howrah,711101,Direct App Open,2024-01-27
CUST-01903,Pooja Iyer,Uttar Pradesh,Varanasi,221001,Organic Search,2025-06-28
CUST-01904,Priya Gupta,Madhya Pradesh,Indore,452001,Organic Search,2024-12-03
CUST-01905,Rahul Patel,West Bengal,Howrah,711101,Referral / WhatsApp Share,2024-05-29
CUST-01906,Kavya Iyer,Tamil Nadu,Chennai,600001,Organic Search,2025-01-21
CUST-01907,Ananya Joshi,Uttar Pradesh,Lucknow,226001,Paid Ads (Instagram/FB),2025-06-23
CUST-01908,Shreya Singh,Telangana,Warangal,506001,Organic Search,2025-06-25
CUST-01909,Sneha Rao,Telangana,Warangal,506001,Affiliate,2024-10-04
CUST-01910,Pooja Patel,Maharashtra,Pune,411001,Referral / WhatsApp Share,2025-02-02
CUST-01911,Rohan Kulkarni,Madhya Pradesh,Gwalior,474001,Affiliate,2025-02-16
CUST-01912,Neha Deshmukh,Karnataka,Mysuru,570001,Organic Search,2025-06-09
CUST-01913,Shreya Mehta,Karnataka,Bengaluru,560001,Direct App Open,2025-08-04
CUST-01914,Shreya Singh,Maharashtra,Nagpur,440001,Paid Ads (Instagram/FB),2025-03-04
CUST-01915,Shreya Verma,Karnataka,Mysuru,570001,Referral / WhatsApp Share,2025-04-24
CUST-01916,Arjun Singh,Tamil Nadu,Coimbatore,641001,Affiliate,2024-08-22
CUST-01917,Vikram Gupta,Uttar Pradesh,Varanasi,221001,Direct App Open,2024-11-16
CUST-01918,Kavya Patel,Uttar Pradesh,Lucknow,226001,Paid Ads (Instagram/FB),2024-04-05
CUST-01919,Rohan Deshmukh,Maharashtra,Mumbai,400001,Referral / WhatsApp Share,2025-07-21
CUST-01920,Aditya Verma,Maharashtra,Nashik,422001,Affiliate,2024-05-19
CUST-01921,Neha Verma,Madhya Pradesh,Gwalior,474001,Affiliate,2024-05-07
CUST-01922,Kabir Sharma,Telangana,Hyderabad,500001,Organic Search,2025-03-11
CUST-01923,Shreya Nair,West Bengal,Kolkata,700001,Affiliate,2024-02-13
CUST-01924,Pooja Verma,Karnataka,Hubballi,580020,Affiliate,2024-08-18
CUST-01925,Rohan Patel,West Bengal,Kolkata,700001,Affiliate,2024-12-27
CUST-01926,Aarav Joshi,Rajasthan,Jodhpur,342001,Paid Ads (Instagram/FB),2025-01-17
CUST-01927,Priya Kulkarni,Gujarat,Vadodara,390001,Organic Search,2024-10-24
CUST-01928,Vikram Verma,Tamil Nadu,Coimbatore,641001,Paid Ads (Instagram/FB),2024-01-03
CUST-01929,Shreya Gupta,Telangana,Warangal,506001,Paid Ads (Instagram/FB),2024-11-08
CUST-01930,Aditya Gupta,Madhya Pradesh,Bhopal,462001,Direct App Open,2025-05-14
CUST-01931,Aarav Kulkarni,Maharashtra,Nashik,422001,Referral / WhatsApp Share,2024-11-01
CUST-01932,Sneha Patel,Maharashtra,Nagpur,440001,Paid Ads (Instagram/FB),2025-02-15
CUST-01933,Sneha Sharma,Uttar Pradesh,Agra,282001,Direct App Open,2024-07-21
CUST-01934,Priya Nair,Madhya Pradesh,Bhopal,462001,Direct App Open,2024-05-06
CUST-01935,Aditya Verma,Maharashtra,Pune,411001,Referral / WhatsApp Share,2024-08-19
CUST-01936,Neha Joshi,West Bengal,Howrah,711101,Referral / WhatsApp Share,2025-03-14
CUST-01937,Aditya Mehta,Madhya Pradesh,Indore,452001,Organic Search,2025-03-25
CUST-01938,Rahul Verma,Karnataka,Bengaluru,560001,Referral / WhatsApp Share,2025-03-20
CUST-01939,Aarav Kulkarni,Gujarat,Ahmedabad,380001,Paid Ads (Instagram/FB),2024-10-18
CUST-01940,Aarav Mehta,Bihar,Gaya,823001,Referral / WhatsApp Share,2024-02-02
CUST-01941,Rohan Gupta,Gujarat,Surat,395001,Referral / WhatsApp Share,2024-05-01
CUST-01942,Kabir Verma,Madhya Pradesh,Indore,452001,Paid Ads (Instagram/FB),2024-11-28
CUST-01943,Siddharth Joshi,Madhya Pradesh,Gwalior,474001,Direct App Open,2024-05-14
CUST-01944,Priya Patel,Maharashtra,Pune,411001,Paid Ads (Instagram/FB),2024-12-18
CUST-01945,Arjun Sharma,Gujarat,Ahmedabad,380001,Referral / WhatsApp Share,2025-03-15
CUST-01946,Pooja Rao,Maharashtra,Nashik,422001,Direct App Open,2024-10-23
CUST-01947,Vikram Verma,Uttar Pradesh,Agra,282001,Paid Ads (Instagram/FB),2024-06-05
CUST-01948,Shreya Nair,Karnataka,Bengaluru,560001,Referral / WhatsApp Share,2024-04-27
CUST-01949,Kavya Singh,Gujarat,Vadodara,390001,Direct App Open,2024-07-22
CUST-01950,Neha Rao,Uttar Pradesh,Kanpur,208001,Paid Ads (Instagram/FB),2024-06-01
CUST-01951,Ananya Patel,Karnataka,Mysuru,570001,Organic Search,2024-10-07
CUST-01952,Ananya Mehta,Bihar,Patna,800001,Affiliate,2024-07-23
CUST-01953,Priya Sharma,Bihar,Gaya,823001,Affiliate,2024-11-09
CUST-01954,Shreya Gupta,Gujarat,Ahmedabad,380001,Referral / WhatsApp Share,2025-03-12
CUST-01955,Neha Sharma,Madhya Pradesh,Indore,452001,Organic Search,2024-11-07
CUST-01956,Priya Singh,West Bengal,Howrah,711101,Referral / WhatsApp Share,2025-03-04
CUST-01957,Ananya Kulkarni,Maharashtra,Pune,411001,Organic Search,2024-01-01
CUST-01958,Aarav Gupta,West Bengal,Kolkata,700001,Referral / WhatsApp Share,2025-04-28
CUST-01959,Vikram Deshmukh,Uttar Pradesh,Agra,282001,Paid Ads (Instagram/FB),2024-09-15
CUST-01960,Neha Kulkarni,West Bengal,Howrah,711101,Organic Search,2024-04-09
CUST-01961,Rahul Sharma,Madhya Pradesh,Bhopal,462001,Referral / WhatsApp Share,2025-01-04
CUST-01962,Shreya Kulkarni,Telangana,Nizamabad,503001,Affiliate,2025-01-15
CUST-01963,Ananya Gupta,Tamil Nadu,Chennai,600001,Affiliate,2025-01-28
CUST-01964,Priya Patel,Karnataka,Hubballi,580020,Affiliate,2024-05-03
CUST-01965,Aarav Deshmukh,Gujarat,Ahmedabad,380001,Direct App Open,2024-04-11
CUST-01966,Priya Nair,Telangana,Warangal,506001,Referral / WhatsApp Share,2025-04-30
CUST-01967,Siddharth Iyer,Madhya Pradesh,Gwalior,474001,Paid Ads (Instagram/FB),2024-02-14
CUST-01968,Rohan Iyer,Bihar,Muzaffarpur,842001,Referral / WhatsApp Share,2025-07-27
CUST-01969,Sneha Kulkarni,Rajasthan,Udaipur,313001,Organic Search,2025-03-22
CUST-01970,Priya Verma,Bihar,Muzaffarpur,842001,Affiliate,2024-01-23
CUST-01971,Rohan Deshmukh,Tamil Nadu,Madurai,625001,Paid Ads (Instagram/FB),2024-10-23
CUST-01972,Aarav Deshmukh,Maharashtra,Pune,411001,Direct App Open,2025-05-21
CUST-01973,Rahul Nair,Madhya Pradesh,Bhopal,462001,Paid Ads (Instagram/FB),2025-03-24
CUST-01974,Siddharth Nair,Bihar,Muzaffarpur,842001,Direct App Open,2025-02-14
CUST-01975,Pooja Singh,Gujarat,Ahmedabad,380001,Organic Search,2024-06-12
CUST-01976,Pooja Iyer,Telangana,Nizamabad,503001,Organic Search,2025-06-09
CUST-01977,Neha Nair,Madhya Pradesh,Indore,452001,Referral / WhatsApp Share,2024-08-13
CUST-01978,Vikram Rao,Tamil Nadu,Madurai,625001,Organic Search,2024-06-24
CUST-01979,Ananya Sharma,Madhya Pradesh,Bhopal,462001,Referral / WhatsApp Share,2024-02-10
CUST-01980,Rahul Mehta,Tamil Nadu,Chennai,600001,Referral / WhatsApp Share,2024-02-22
CUST-01981,Rahul Iyer,Gujarat,Vadodara,390001,Organic Search,2024-01-02
CUST-01982,Rahul Kulkarni,Telangana,Warangal,506001,Referral / WhatsApp Share,2024-03-26
CUST-01983,Shreya Nair,Tamil Nadu,Madurai,625001,Paid Ads (Instagram/FB),2025-02-22
CUST-01984,Aditya Deshmukh,Tamil Nadu,Coimbatore,641001,Organic Search,2024-01-11
CUST-01985,Kavya Kulkarni,Gujarat,Vadodara,390001,Referral / WhatsApp Share,2024-06-29
CUST-01986,Vikram Sharma,Madhya Pradesh,Gwalior,474001,Affiliate,2024-04-18
CUST-01987,Shreya Rao,Bihar,Muzaffarpur,842001,Referral / WhatsApp Share,2025-07-18
CUST-01988,Ananya Verma,Gujarat,Surat,395001,Referral / WhatsApp Share,2024-07-27
CUST-01989,Pooja Gupta,Bihar,Patna,800001,Direct App Open,2024-08-25
CUST-01990,Shreya Rao,Bihar,Gaya,823001,Paid Ads (Instagram/FB),2025-05-05
CUST-01991,Priya Verma,Karnataka,Mysuru,570001,Paid Ads (Instagram/FB),2024-06-29
CUST-01992,Ananya Deshmukh,Rajasthan,Udaipur,313001,Paid Ads (Instagram/FB),2024-10-15
CUST-01993,Aarav Singh,Karnataka,Bengaluru,560001,Direct App Open,2024-07-11
CUST-01994,Priya Mehta,Uttar Pradesh,Agra,282001,Paid Ads (Instagram/FB),2025-04-10
CUST-01995,Aditya Gupta,Bihar,Patna,800001,Affiliate,2024-05-20
CUST-01996,Shreya Sharma,Telangana,Hyderabad,500001,Direct App Open,2025-01-28
CUST-01997,Aarav Patel,Maharashtra,Mumbai,400001,Paid Ads (Instagram/FB),2024-09-11
CUST-01998,Siddharth Patel,Tamil Nadu,Chennai,600001,Affiliate,2024-01-14
CUST-01999,Siddharth Sharma,Uttar Pradesh,Varanasi,221001,Organic Search,2024-07-26
CUST-02000,Rohan Verma,Telangana,Warangal,506001,Paid Ads (Instagram/FB),2024-11-10
CUST-02001,Sneha Verma,Karnataka,Bengaluru,560001,Organic Search,2025-07-10
CUST-02002,Shreya Singh,Madhya Pradesh,Bhopal,462001,Organic Search,2024-02-15
CUST-02003,Priya Nair,Tamil Nadu,Chennai,600001,Affiliate,2025-03-01
CUST-02004,Rohan Sharma,Gujarat,Ahmedabad,380001,Paid Ads (Instagram/FB),2025-03-13
CUST-02005,Kabir Mehta,West Bengal,Siliguri,734001,Referral / WhatsApp Share,2024-08-19
CUST-02006,Aditya Gupta,Bihar,Muzaffarpur,842001,Organic Search,2025-05-18
CUST-02007,Rohan Patel,Gujarat,Ahmedabad,380001,Referral / WhatsApp Share,2024-12-31
CUST-02008,Priya Deshmukh,West Bengal,Kolkata,700001,Referral / WhatsApp Share,2024-03-27
CUST-02009,Aditya Sharma,Telangana,Hyderabad,500001,Paid Ads (Instagram/FB),2025-03-14
CUST-02010,Arjun Kulkarni,Telangana,Hyderabad,500001,Direct App Open,2024-06-02
CUST-02011,Aditya Gupta,Tamil Nadu,Madurai,625001,Referral / WhatsApp Share,2024-12-22
CUST-02012,Aditya Patel,Tamil Nadu,Coimbatore,641001,Referral / WhatsApp Share,2024-09-28
CUST-02013,Siddharth Rao,Uttar Pradesh,Lucknow,226001,Paid Ads (Instagram/FB),2024-05-30
CUST-02014,Sneha Mehta,Bihar,Gaya,823001,Direct App Open,2024-03-09
CUST-02015,Priya Deshmukh,Bihar,Muzaffarpur,842001,Referral / WhatsApp Share,2024-05-28
CUST-02016,Priya Kulkarni,Karnataka,Bengaluru,560001,Direct App Open,2024-12-27
CUST-02017,Sneha Verma,Bihar,Gaya,823001,Direct App Open,2024-12-07
CUST-02018,Rohan Gupta,Gujarat,Surat,395001,Direct App Open,2025-07-16
CUST-02019,Neha Nair,Madhya Pradesh,Indore,452001,Affiliate,2025-07-03
CUST-02020,Kavya Iyer,Bihar,Patna,800001,Affiliate,2025-03-07
CUST-02021,Arjun Deshmukh,Gujarat,Vadodara,390001,Organic Search,2024-08-28
CUST-02022,Sneha Sharma,Gujarat,Ahmedabad,380001,Referral / WhatsApp Share,2025-07-25
CUST-02023,Neha Mehta,Uttar Pradesh,Lucknow,226001,Referral / WhatsApp Share,2025-01-04
CUST-02024,Kavya Mehta,Tamil Nadu,Coimbatore,641001,Paid Ads (Instagram/FB),2025-07-18
CUST-02025,Aditya Joshi,Gujarat,Ahmedabad,380001,Paid Ads (Instagram/FB),2024-02-27
CUST-02026,Shreya Mehta,Uttar Pradesh,Kanpur,208001,Direct App Open,2024-01-27
CUST-02027,Shreya Joshi,West Bengal,Kolkata,700001,Organic Search,2025-08-18
CUST-02028,Priya Verma,Telangana,Hyderabad,500001,Organic Search,2024-05-30
CUST-02029,Sneha Mehta,Uttar Pradesh,Kanpur,208001,Organic Search,2024-01-13
CUST-02030,Pooja Joshi,Karnataka,Bengaluru,560001,Direct App Open,2024-05-23
CUST-02031,Shreya Nair,Tamil Nadu,Coimbatore,641001,Direct App Open,2024-12-11
CUST-02032,Neha Gupta,Maharashtra,Nagpur,440001,Organic Search,2024-06-08
CUST-02033,Aarav Gupta,Maharashtra,Pune,411001,Affiliate,2024-06-13
CUST-02034,Aarav Joshi,Bihar,Muzaffarpur,842001,Direct App Open,2025-07-21
CUST-02035,Shreya Singh,Telangana,Nizamabad,503001,Referral / WhatsApp Share,2024-08-20
CUST-02036,Kabir Mehta,Tamil Nadu,Chennai,600001,Affiliate,2025-01-21
CUST-02037,Rohan Rao,Gujarat,Surat,395001,Affiliate,2024-02-27
CUST-02038,Ananya Joshi,Karnataka,Hubballi,580020,Affiliate,2024-03-20
CUST-02039,Kavya Rao,Rajasthan,Jodhpur,342001,Referral / WhatsApp Share,2025-02-18
CUST-02040,Kavya Joshi,Karnataka,Bengaluru,560001,Referral / WhatsApp Share,2025-03-10
CUST-02041,Ananya Singh,Uttar Pradesh,Lucknow,226001,Organic Search,2025-01-06
CUST-02042,Pooja Kulkarni,Maharashtra,Pune,411001,Referral / WhatsApp Share,2024-06-15
CUST-02043,Arjun Patel,Uttar Pradesh,Kanpur,208001,Affiliate,2024-01-12
CUST-02044,Siddharth Singh,Gujarat,Vadodara,390001,Paid Ads (Instagram/FB),2024-02-03
CUST-02045,Ananya Singh,Uttar Pradesh,Lucknow,226001,Affiliate,2025-05-10
CUST-02046,Aarav Sharma,West Bengal,Kolkata,700001,Referral / WhatsApp Share,2024-01-09
CUST-02047,Sneha Singh,Bihar,Muzaffarpur,842001,Paid Ads (Instagram/FB),2024-11-18
CUST-02048,Siddharth Joshi,West Bengal,Kolkata,700001,Organic Search,2024-12-05
CUST-02049,Kabir Rao,Madhya Pradesh,Bhopal,462001,Affiliate,2024-06-02
CUST-02050,Aarav Deshmukh,Bihar,Gaya,823001,Affiliate,2024-02-08
CUST-02051,Vikram Mehta,Karnataka,Hubballi,580020,Direct App Open,2024-03-21
CUST-02052,Aditya Gupta,Uttar Pradesh,Kanpur,208001,Paid Ads (Instagram/FB),2024-05-24
CUST-02053,Siddharth Rao,Karnataka,Hubballi,580020,Affiliate,2025-06-19
CUST-02054,Aditya Kulkarni,Rajasthan,Jaipur,302001,Referral / WhatsApp Share,2024-10-24
CUST-02055,Sneha Deshmukh,Bihar,Patna,800001,Direct App Open,2024-09-01
CUST-02056,Ananya Deshmukh,Telangana,Hyderabad,500001,Paid Ads (Instagram/FB),2025-08-03
CUST-02057,Rahul Verma,Uttar Pradesh,Lucknow,226001,Paid Ads (Instagram/FB),2024-11-12
CUST-02058,Arjun Patel,Rajasthan,Jaipur,302001,Direct App Open,2024-11-17
CUST-02059,Rohan Singh,Karnataka,Bengaluru,560001,Referral / WhatsApp Share,2025-08-13
CUST-02060,Sneha Kulkarni,Uttar Pradesh,Lucknow,226001,Paid Ads (Instagram/FB),2025-04-16
CUST-02061,Vikram Verma,Tamil Nadu,Coimbatore,641001,Paid Ads (Instagram/FB),2024-05-06
CUST-02062,Pooja Verma,Maharashtra,Nagpur,440001,Referral / WhatsApp Share,2025-02-14
CUST-02063,Kabir Deshmukh,Karnataka,Mysuru,570001,Referral / WhatsApp Share,2025-06-08
CUST-02064,Kavya Deshmukh,West Bengal,Howrah,711101,Organic Search,2025-02-27
CUST-02065,Arjun Verma,Tamil Nadu,Madurai,625001,Organic Search,2024-02-28
CUST-02066,Shreya Iyer,Madhya Pradesh,Bhopal,462001,Paid Ads (Instagram/FB),2024-04-17
CUST-02067,Vikram Joshi,Karnataka,Hubballi,580020,Direct App Open,2024-03-15
CUST-02068,Ananya Joshi,Rajasthan,Udaipur,313001,Organic Search,2024-12-23
CUST-02069,Neha Verma,Madhya Pradesh,Indore,452001,Organic Search,2024-03-28
CUST-02070,Rohan Rao,Uttar Pradesh,Agra,282001,Direct App Open,2024-07-23
CUST-02071,Kabir Kulkarni,Uttar Pradesh,Varanasi,221001,Referral / WhatsApp Share,2025-05-12
CUST-02072,Ananya Rao,Rajasthan,Jaipur,302001,Referral / WhatsApp Share,2025-04-10
CUST-02073,Aarav Nair,Karnataka,Mysuru,570001,Paid Ads (Instagram/FB),2024-08-06
CUST-02074,Sneha Deshmukh,Maharashtra,Nashik,422001,Organic Search,2025-01-05
CUST-02075,Siddharth Joshi,Rajasthan,Jaipur,302001,Organic Search,2024-08-04
CUST-02076,Kavya Sharma,Bihar,Gaya,823001,Referral / WhatsApp Share,2024-06-29
CUST-02077,Priya Mehta,Uttar Pradesh,Varanasi,221001,Direct App Open,2024-03-24
CUST-02078,Vikram Rao,Rajasthan,Jodhpur,342001,Affiliate,2024-08-07
CUST-02079,Rahul Singh,Karnataka,Bengaluru,560001,Organic Search,2025-03-14
CUST-02080,Sneha Singh,Karnataka,Bengaluru,560001,Referral / WhatsApp Share,2025-03-05
CUST-02081,Neha Verma,Madhya Pradesh,Gwalior,474001,Paid Ads (Instagram/FB),2025-03-23
CUST-02082,Sneha Rao,Telangana,Warangal,506001,Organic Search,2025-07-28
CUST-02083,Siddharth Deshmukh,Gujarat,Ahmedabad,380001,Affiliate,2024-05-28
CUST-02084,Sneha Gupta,West Bengal,Kolkata,700001,Paid Ads (Instagram/FB),2025-04-14
CUST-02085,Aditya Mehta,Rajasthan,Jodhpur,342001,Organic Search,2025-02-20
CUST-02086,Vikram Nair,Maharashtra,Nashik,422001,Paid Ads (Instagram/FB),2025-04-05
CUST-02087,Rahul Deshmukh,Uttar Pradesh,Lucknow,226001,Paid Ads (Instagram/FB),2024-07-11
CUST-02088,Kabir Rao,Madhya Pradesh,Bhopal,462001,Affiliate,2025-01-21
CUST-02089,Ananya Kulkarni,Gujarat,Ahmedabad,380001,Affiliate,2024-01-15
CUST-02090,Sneha Kulkarni,Maharashtra,Nagpur,440001,Referral / WhatsApp Share,2025-05-29
CUST-02091,Kavya Patel,Rajasthan,Udaipur,313001,Direct App Open,2025-02-27
CUST-02092,Kabir Kulkarni,West Bengal,Siliguri,734001,Direct App Open,2025-06-19
CUST-02093,Siddharth Kulkarni,Uttar Pradesh,Kanpur,208001,Direct App Open,2025-03-14
CUST-02094,Sneha Mehta,Madhya Pradesh,Gwalior,474001,Paid Ads (Instagram/FB),2025-07-09
CUST-02095,Kabir Joshi,Tamil Nadu,Madurai,625001,Direct App Open,2024-10-17
CUST-02096,Shreya Deshmukh,Uttar Pradesh,Lucknow,226001,Organic Search,2024-04-01
CUST-02097,Rahul Sharma,Telangana,Warangal,506001,Organic Search,2025-05-23
CUST-02098,Shreya Deshmukh,Madhya Pradesh,Bhopal,462001,Direct App Open,2025-05-30
CUST-02099,Pooja Sharma,Tamil Nadu,Coimbatore,641001,Paid Ads (Instagram/FB),2024-08-16
CUST-02100,Siddharth Verma,Madhya Pradesh,Indore,452001,Organic Search,2024-07-19
CUST-02101,Kavya Verma,Uttar Pradesh,Varanasi,221001,Direct App Open,2025-02-26
CUST-02102,Aditya Gupta,Bihar,Patna,800001,Referral / WhatsApp Share,2024-08-17
CUST-02103,Arjun Singh,Tamil Nadu,Madurai,625001,Referral / WhatsApp Share,2024-11-10
CUST-02104,Kavya Joshi,Gujarat,Ahmedabad,380001,Direct App Open,2024-02-03
CUST-02105,Aarav Sharma,Karnataka,Mysuru,570001,Affiliate,2024-11-21
CUST-02106,Sneha Mehta,Telangana,Warangal,506001,Paid Ads (Instagram/FB),2025-07-23
CUST-02107,Kabir Iyer,Telangana,Nizamabad,503001,Direct App Open,2024-02-22
CUST-02108,Siddharth Deshmukh,Bihar,Patna,800001,Direct App Open,2024-06-26
CUST-02109,Kabir Kulkarni,Madhya Pradesh,Bhopal,462001,Direct App Open,2024-08-24
CUST-02110,Priya Rao,Karnataka,Hubballi,580020,Organic Search,2025-08-13
CUST-02111,Siddharth Joshi,Tamil Nadu,Madurai,625001,Paid Ads (Instagram/FB),2024-11-26
CUST-02112,Ananya Patel,Uttar Pradesh,Lucknow,226001,Direct App Open,2024-01-12
CUST-02113,Rahul Deshmukh,Karnataka,Bengaluru,560001,Affiliate,2025-07-10
CUST-02114,Aditya Patel,Telangana,Warangal,506001,Organic Search,2024-05-13
CUST-02115,Neha Gupta,West Bengal,Kolkata,700001,Paid Ads (Instagram/FB),2024-08-15
CUST-02116,Vikram Iyer,Madhya Pradesh,Bhopal,462001,Direct App Open,2024-09-23
CUST-02117,Rahul Sharma,Tamil Nadu,Chennai,600001,Paid Ads (Instagram/FB),2024-01-24
CUST-02118,Rahul Deshmukh,Uttar Pradesh,Lucknow,226001,Direct App Open,2024-05-05
CUST-02119,Priya Mehta,Tamil Nadu,Coimbatore,641001,Paid Ads (Instagram/FB),2024-04-05
CUST-02120,Priya Verma,West Bengal,Kolkata,700001,Direct App Open,2024-04-13
CUST-02121,Neha Sharma,Bihar,Patna,800001,Direct App Open,2024-03-19
CUST-02122,Ananya Gupta,Bihar,Gaya,823001,Referral / WhatsApp Share,2025-04-06
CUST-02123,Siddharth Mehta,Karnataka,Mysuru,570001,Organic Search,2024-07-01
CUST-02124,Rahul Deshmukh,Telangana,Hyderabad,500001,Organic Search,2024-12-17
CUST-02125,Sneha Verma,Telangana,Nizamabad,503001,Affiliate,2024-01-06
CUST-02126,Rohan Nair,Tamil Nadu,Chennai,600001,Paid Ads (Instagram/FB),2024-01-31
CUST-02127,Arjun Sharma,Madhya Pradesh,Gwalior,474001,Paid Ads (Instagram/FB),2024-08-09
CUST-02128,Kavya Kulkarni,Uttar Pradesh,Kanpur,208001,Organic Search,2024-12-01
CUST-02129,Rohan Iyer,Uttar Pradesh,Kanpur,208001,Referral / WhatsApp Share,2024-10-07
CUST-02130,Neha Iyer,Uttar Pradesh,Varanasi,221001,Affiliate,2024-10-28
CUST-02131,Neha Rao,Rajasthan,Jodhpur,342001,Affiliate,2025-02-13
CUST-02132,Aditya Iyer,Tamil Nadu,Chennai,600001,Paid Ads (Instagram/FB),2024-10-14
CUST-02133,Kabir Patel,Telangana,Nizamabad,503001,Referral / WhatsApp Share,2024-06-18
CUST-02134,Siddharth Iyer,Rajasthan,Jodhpur,342001,Direct App Open,2025-03-09
CUST-02135,Pooja Rao,Tamil Nadu,Coimbatore,641001,Affiliate,2024-04-20
CUST-02136,Pooja Joshi,Bihar,Patna,800001,Affiliate,2024-12-27
CUST-02137,Sneha Gupta,Uttar Pradesh,Agra,282001,Paid Ads (Instagram/FB),2024-02-04
CUST-02138,Arjun Singh,Telangana,Warangal,506001,Referral / WhatsApp Share,2025-06-27
CUST-02139,Sneha Joshi,Maharashtra,Mumbai,400001,Paid Ads (Instagram/FB),2024-11-26
CUST-02140,Kabir Mehta,West Bengal,Kolkata,700001,Organic Search,2024-08-08
CUST-02141,Rahul Kulkarni,West Bengal,Kolkata,700001,Referral / WhatsApp Share,2024-05-05
CUST-02142,Aarav Kulkarni,Maharashtra,Nagpur,440001,Paid Ads (Instagram/FB),2025-04-21
CUST-02143,Pooja Kulkarni,Gujarat,Vadodara,390001,Organic Search,2025-01-29
CUST-02144,Vikram Deshmukh,Gujarat,Vadodara,390001,Paid Ads (Instagram/FB),2024-04-15
CUST-02145,Arjun Singh,Telangana,Nizamabad,503001,Organic Search,2025-08-10
CUST-02146,Aditya Gupta,Bihar,Muzaffarpur,842001,Direct App Open,2024-11-21
CUST-02147,Kavya Kulkarni,Gujarat,Ahmedabad,380001,Organic Search,2025-05-20
CUST-02148,Neha Sharma,Tamil Nadu,Coimbatore,641001,Organic Search,2024-05-07
CUST-02149,Neha Mehta,Telangana,Warangal,506001,Affiliate,2025-01-27
CUST-02150,Ananya Deshmukh,Maharashtra,Nagpur,440001,Organic Search,2025-08-12
CUST-02151,Aarav Verma,Tamil Nadu,Chennai,600001,Direct App Open,2024-02-07
CUST-02152,Aditya Nair,Madhya Pradesh,Bhopal,462001,Referral / WhatsApp Share,2024-01-17
CUST-02153,Priya Verma,Uttar Pradesh,Agra,282001,Referral / WhatsApp Share,2024-10-08
CUST-02154,Sneha Kulkarni,Bihar,Patna,800001,Affiliate,2024-11-16
CUST-02155,Neha Deshmukh,Maharashtra,Nashik,422001,Referral / WhatsApp Share,2025-04-10
CUST-02156,Neha Gupta,Uttar Pradesh,Varanasi,221001,Affiliate,2024-04-15
CUST-02157,Aarav Iyer,Maharashtra,Mumbai,400001,Paid Ads (Instagram/FB),2024-04-17
CUST-02158,Sneha Rao,Bihar,Patna,800001,Paid Ads (Instagram/FB),2024-03-31
CUST-02159,Ananya Rao,West Bengal,Siliguri,734001,Organic Search,2024-02-23
CUST-02160,Vikram Sharma,Uttar Pradesh,Lucknow,226001,Referral / WhatsApp Share,2024-03-17
CUST-02161,Vikram Kulkarni,Telangana,Warangal,506001,Referral / WhatsApp Share,2024-06-23
CUST-02162,Aditya Mehta,Telangana,Warangal,506001,Organic Search,2024-05-09
CUST-02163,Sneha Mehta,Telangana,Warangal,506001,Direct App Open,2024-05-05
CUST-02164,Arjun Nair,Gujarat,Vadodara,390001,Direct App Open,2025-05-16
CUST-02165,Vikram Kulkarni,Rajasthan,Jaipur,302001,Organic Search,2024-09-27
CUST-02166,Siddharth Singh,Uttar Pradesh,Varanasi,221001,Affiliate,2024-09-05
CUST-02167,Rahul Gupta,Gujarat,Vadodara,390001,Organic Search,2024-03-17
CUST-02168,Neha Sharma,Gujarat,Ahmedabad,380001,Paid Ads (Instagram/FB),2025-04-24
CUST-02169,Kavya Joshi,Gujarat,Surat,395001,Organic Search,2024-12-14
CUST-02170,Ananya Deshmukh,Madhya Pradesh,Gwalior,474001,Referral / WhatsApp Share,2024-11-15
CUST-02171,Shreya Verma,Karnataka,Hubballi,580020,Organic Search,2024-05-13
CUST-02172,Ananya Kulkarni,Bihar,Gaya,823001,Affiliate,2025-06-09
CUST-02173,Ananya Joshi,Gujarat,Ahmedabad,380001,Referral / WhatsApp Share,2025-03-09
CUST-02174,Rohan Gupta,Tamil Nadu,Madurai,625001,Organic Search,2024-05-30
CUST-02175,Neha Patel,Uttar Pradesh,Kanpur,208001,Organic Search,2025-04-16
CUST-02176,Rohan Singh,Maharashtra,Nashik,422001,Affiliate,2025-04-08
CUST-02177,Sneha Singh,Uttar Pradesh,Lucknow,226001,Referral / WhatsApp Share,2025-03-17
CUST-02178,Ananya Mehta,Bihar,Muzaffarpur,842001,Direct App Open,2025-06-04
CUST-02179,Sneha Sharma,Rajasthan,Jodhpur,342001,Referral / WhatsApp Share,2024-04-10
CUST-02180,Aarav Gupta,Bihar,Muzaffarpur,842001,Direct App Open,2024-07-17
CUST-02181,Vikram Iyer,Bihar,Patna,800001,Affiliate,2024-10-09
CUST-02182,Arjun Deshmukh,Rajasthan,Udaipur,313001,Direct App Open,2024-04-21
CUST-02183,Rahul Sharma,Gujarat,Ahmedabad,380001,Paid Ads (Instagram/FB),2024-04-27
CUST-02184,Aarav Sharma,Telangana,Warangal,506001,Paid Ads (Instagram/FB),2024-03-08
CUST-02185,Arjun Patel,Tamil Nadu,Chennai,600001,Affiliate,2025-02-18
CUST-02186,Kabir Joshi,Uttar Pradesh,Kanpur,208001,Referral / WhatsApp Share,2025-05-22
CUST-02187,Ananya Mehta,Gujarat,Surat,395001,Referral / WhatsApp Share,2024-10-21
CUST-02188,Shreya Sharma,Uttar Pradesh,Kanpur,208001,Affiliate,2025-05-03
CUST-02189,Shreya Singh,Gujarat,Ahmedabad,380001,Referral / WhatsApp Share,2024-03-12
CUST-02190,Rohan Mehta,West Bengal,Howrah,711101,Paid Ads (Instagram/FB),2024-01-14
CUST-02191,Rahul Verma,Bihar,Gaya,823001,Organic Search,2024-06-30
CUST-02192,Vikram Patel,Karnataka,Hubballi,580020,Organic Search,2024-12-26
CUST-02193,Neha Deshmukh,Maharashtra,Nashik,422001,Paid Ads (Instagram/FB),2025-04-28
CUST-02194,Priya Sharma,Maharashtra,Nagpur,440001,Paid Ads (Instagram/FB),2025-06-21
CUST-02195,Arjun Mehta,Karnataka,Bengaluru,560001,Organic Search,2024-11-07
CUST-02196,Siddharth Rao,West Bengal,Howrah,711101,Direct App Open,2024-12-25
CUST-02197,Arjun Singh,Rajasthan,Jodhpur,342001,Referral / WhatsApp Share,2025-04-14
CUST-02198,Aarav Kulkarni,Tamil Nadu,Madurai,625001,Referral / WhatsApp Share,2025-06-14
CUST-02199,Siddharth Gupta,Telangana,Warangal,506001,Organic Search,2024-10-03
CUST-02200,Rahul Nair,Maharashtra,Pune,411001,Direct App Open,2024-08-13
CUST-02201,Rahul Mehta,West Bengal,Howrah,711101,Organic Search,2024-09-07
CUST-02202,Pooja Rao,Bihar,Gaya,823001,Paid Ads (Instagram/FB),2024-04-01
CUST-02203,Ananya Joshi,Uttar Pradesh,Varanasi,221001,Affiliate,2025-04-05
CUST-02204,Aditya Nair,Karnataka,Mysuru,570001,Referral / WhatsApp Share,2024-12-05
CUST-02205,Kabir Deshmukh,Bihar,Gaya,823001,Referral / WhatsApp Share,2024-07-14
CUST-02206,Aarav Deshmukh,Madhya Pradesh,Gwalior,474001,Referral / WhatsApp Share,2024-05-05
CUST-02207,Kabir Verma,Telangana,Warangal,506001,Referral / WhatsApp Share,2024-04-22
CUST-02208,Aarav Verma,Karnataka,Mysuru,570001,Paid Ads (Instagram/FB),2025-06-19
CUST-02209,Vikram Deshmukh,Madhya Pradesh,Gwalior,474001,Paid Ads (Instagram/FB),2024-11-06
CUST-02210,Neha Singh,Uttar Pradesh,Varanasi,221001,Organic Search,2025-04-09
CUST-02211,Aarav Iyer,Tamil Nadu,Madurai,625001,Organic Search,2024-02-24
CUST-02212,Neha Singh,Maharashtra,Nashik,422001,Referral / WhatsApp Share,2024-01-01
CUST-02213,Aarav Singh,Karnataka,Mysuru,570001,Referral / WhatsApp Share,2025-05-29
CUST-02214,Rahul Nair,Karnataka,Bengaluru,560001,Referral / WhatsApp Share,2024-05-26
CUST-02215,Shreya Iyer,Bihar,Muzaffarpur,842001,Organic Search,2024-10-24
CUST-02216,Ananya Sharma,Rajasthan,Jodhpur,342001,Paid Ads (Instagram/FB),2025-01-30
CUST-02217,Kabir Joshi,Uttar Pradesh,Varanasi,221001,Referral / WhatsApp Share,2024-11-14
CUST-02218,Rohan Deshmukh,Bihar,Muzaffarpur,842001,Referral / WhatsApp Share,2025-08-15
CUST-02219,Rohan Gupta,Gujarat,Surat,395001,Paid Ads (Instagram/FB),2025-03-02
CUST-02220,Arjun Iyer,Tamil Nadu,Coimbatore,641001,Organic Search,2024-10-31
CUST-02221,Pooja Gupta,Rajasthan,Udaipur,313001,Paid Ads (Instagram/FB),2025-01-19
CUST-02222,Siddharth Joshi,Uttar Pradesh,Kanpur,208001,Affiliate,2025-03-28
CUST-02223,Shreya Kulkarni,Madhya Pradesh,Gwalior,474001,Referral / WhatsApp Share,2025-04-24
CUST-02224,Sneha Joshi,Rajasthan,Jodhpur,342001,Direct App Open,2025-04-17
CUST-02225,Aarav Nair,Maharashtra,Nashik,422001,Organic Search,2024-05-23
CUST-02226,Pooja Singh,Gujarat,Vadodara,390001,Affiliate,2025-01-17
CUST-02227,Rohan Deshmukh,Madhya Pradesh,Gwalior,474001,Referral / WhatsApp Share,2024-02-24
CUST-02228,Siddharth Joshi,Karnataka,Mysuru,570001,Organic Search,2025-04-18
CUST-02229,Siddharth Nair,Rajasthan,Jaipur,302001,Organic Search,2024-02-26
CUST-02230,Vikram Gupta,Uttar Pradesh,Varanasi,221001,Affiliate,2024-04-09
CUST-02231,Kavya Singh,Telangana,Warangal,506001,Referral / WhatsApp Share,2024-03-03
CUST-02232,Priya Rao,Telangana,Nizamabad,503001,Affiliate,2024-02-24
CUST-02233,Shreya Iyer,Madhya Pradesh,Bhopal,462001,Affiliate,2025-05-22
CUST-02234,Rohan Iyer,Karnataka,Mysuru,570001,Referral / WhatsApp Share,2024-01-07
CUST-02235,Siddharth Verma,Telangana,Nizamabad,503001,Paid Ads (Instagram/FB),2024-04-27
CUST-02236,Priya Sharma,Karnataka,Hubballi,580020,Organic Search,2025-06-16
CUST-02237,Priya Iyer,Gujarat,Ahmedabad,380001,Direct App Open,2024-01-26
CUST-02238,Kavya Nair,Rajasthan,Jodhpur,342001,Organic Search,2024-05-04
CUST-02239,Vikram Joshi,Rajasthan,Jaipur,302001,Paid Ads (Instagram/FB),2025-07-13
CUST-02240,Vikram Deshmukh,Rajasthan,Udaipur,313001,Affiliate,2024-05-06
CUST-02241,Kabir Mehta,Maharashtra,Pune,411001,Paid Ads (Instagram/FB),2024-09-03
CUST-02242,Rohan Nair,Madhya Pradesh,Bhopal,462001,Direct App Open,2025-05-06
CUST-02243,Vikram Singh,Uttar Pradesh,Agra,282001,Referral / WhatsApp Share,2024-10-08
CUST-02244,Kabir Joshi,Uttar Pradesh,Agra,282001,Direct App Open,2025-03-11
CUST-02245,Rohan Sharma,Tamil Nadu,Coimbatore,641001,Organic Search,2025-07-31
CUST-02246,Kabir Sharma,Telangana,Warangal,506001,Organic Search,2025-03-31
CUST-02247,Aarav Kulkarni,Karnataka,Mysuru,570001,Direct App Open,2024-10-10
CUST-02248,Aarav Mehta,West Bengal,Siliguri,734001,Affiliate,2024-08-03
CUST-02249,Sneha Rao,Madhya Pradesh,Indore,452001,Affiliate,2024-03-05
CUST-02250,Rohan Gupta,Karnataka,Mysuru,570001,Affiliate,2024-12-13
CUST-02251,Neha Rao,Karnataka,Mysuru,570001,Referral / WhatsApp Share,2025-02-07
CUST-02252,Priya Gupta,Rajasthan,Jodhpur,342001,Direct App Open,2024-07-03
CUST-02253,Pooja Rao,Madhya Pradesh,Gwalior,474001,Affiliate,2024-09-22
CUST-02254,Rohan Rao,West Bengal,Siliguri,734001,Affiliate,2024-12-22
CUST-02255,Pooja Deshmukh,Bihar,Patna,800001,Organic Search,2024-01-31
CUST-02256,Kavya Rao,Karnataka,Bengaluru,560001,Organic Search,2024-04-18
CUST-02257,Neha Gupta,Rajasthan,Jodhpur,342001,Paid Ads (Instagram/FB),2024-08-30
CUST-02258,Priya Mehta,Bihar,Gaya,823001,Organic Search,2024-03-04
CUST-02259,Pooja Singh,Uttar Pradesh,Lucknow,226001,Organic Search,2025-03-28
CUST-02260,Siddharth Kulkarni,Telangana,Nizamabad,503001,Organic Search,2024-06-27
CUST-02261,Sneha Patel,Rajasthan,Jodhpur,342001,Paid Ads (Instagram/FB),2025-08-10
CUST-02262,Arjun Iyer,Gujarat,Surat,395001,Direct App Open,2025-03-24
CUST-02263,Rahul Singh,Gujarat,Ahmedabad,380001,Paid Ads (Instagram/FB),2025-03-20
CUST-02264,Kavya Nair,Gujarat,Ahmedabad,380001,Affiliate,2024-01-25
CUST-02265,Rahul Gupta,Uttar Pradesh,Kanpur,208001,Organic Search,2024-05-23
CUST-02266,Aditya Sharma,West Bengal,Howrah,711101,Affiliate,2025-07-13
CUST-02267,Kavya Patel,West Bengal,Kolkata,700001,Affiliate,2025-05-23
CUST-02268,Ananya Iyer,Telangana,Warangal,506001,Affiliate,2024-12-26
CUST-02269,Sneha Deshmukh,Madhya Pradesh,Bhopal,462001,Organic Search,2025-03-25
CUST-02270,Kabir Gupta,Bihar,Patna,800001,Affiliate,2024-03-21
CUST-02271,Rohan Nair,Tamil Nadu,Chennai,600001,Organic Search,2025-05-25
CUST-02272,Ananya Sharma,Telangana,Nizamabad,503001,Referral / WhatsApp Share,2024-01-24
CUST-02273,Ananya Singh,Tamil Nadu,Coimbatore,641001,Referral / WhatsApp Share,2024-03-10
CUST-02274,Kavya Mehta,Tamil Nadu,Chennai,600001,Affiliate,2025-08-12
CUST-02275,Ananya Nair,Telangana,Nizamabad,503001,Referral / WhatsApp Share,2025-02-12
CUST-02276,Pooja Sharma,Madhya Pradesh,Gwalior,474001,Organic Search,2025-08-19
CUST-02277,Neha Singh,Maharashtra,Mumbai,400001,Referral / WhatsApp Share,2025-03-07
CUST-02278,Vikram Iyer,West Bengal,Kolkata,700001,Paid Ads (Instagram/FB),2024-07-28
CUST-02279,Arjun Rao,West Bengal,Siliguri,734001,Organic Search,2024-08-29
CUST-02280,Neha Patel,Telangana,Nizamabad,503001,Organic Search,2024-12-20
CUST-02281,Priya Joshi,Telangana,Nizamabad,503001,Affiliate,2024-03-23
CUST-02282,Aditya Nair,Rajasthan,Jaipur,302001,Referral / WhatsApp Share,2024-02-12
CUST-02283,Priya Sharma,Rajasthan,Udaipur,313001,Paid Ads (Instagram/FB),2024-12-24
CUST-02284,Kabir Verma,Tamil Nadu,Chennai,600001,Organic Search,2024-02-26
CUST-02285,Aarav Iyer,Madhya Pradesh,Gwalior,474001,Direct App Open,2024-01-19
CUST-02286,Arjun Verma,Maharashtra,Nashik,422001,Direct App Open,2024-05-08
CUST-02287,Kabir Rao,Bihar,Muzaffarpur,842001,Paid Ads (Instagram/FB),2024-04-28
CUST-02288,Neha Patel,Telangana,Warangal,506001,Referral / WhatsApp Share,2024-07-17
CUST-02289,Sneha Joshi,Maharashtra,Pune,411001,Paid Ads (Instagram/FB),2024-04-04
CUST-02290,Pooja Sharma,Gujarat,Surat,395001,Affiliate,2025-08-04
CUST-02291,Aarav Sharma,Gujarat,Ahmedabad,380001,Organic Search,2024-02-28
CUST-02292,Rohan Verma,Karnataka,Mysuru,570001,Organic Search,2024-11-17
CUST-02293,Sneha Deshmukh,Gujarat,Surat,395001,Paid Ads (Instagram/FB),2025-02-11
CUST-02294,Neha Gupta,Uttar Pradesh,Lucknow,226001,Organic Search,2024-09-13
CUST-02295,Arjun Iyer,Rajasthan,Udaipur,313001,Referral / WhatsApp Share,2024-08-13
CUST-02296,Neha Rao,Tamil Nadu,Coimbatore,641001,Affiliate,2024-10-26
CUST-02297,Kavya Gupta,Gujarat,Vadodara,390001,Referral / WhatsApp Share,2024-11-22
CUST-02298,Shreya Nair,Madhya Pradesh,Bhopal,462001,Organic Search,2024-12-20
CUST-02299,Aditya Joshi,Telangana,Warangal,506001,Referral / WhatsApp Share,2024-03-21
CUST-02300,Ananya Mehta,Madhya Pradesh,Bhopal,462001,Referral / WhatsApp Share,2025-07-20
CUST-02301,Ananya Patel,West Bengal,Siliguri,734001,Paid Ads (Instagram/FB),2024-02-06
CUST-02302,Ananya Rao,Rajasthan,Udaipur,313001,Direct App Open,2024-04-26
CUST-02303,Aarav Verma,Maharashtra,Nagpur,440001,Referral / WhatsApp Share,2025-01-28
CUST-02304,Vikram Patel,Maharashtra,Nagpur,440001,Affiliate,2025-01-28
CUST-02305,Neha Sharma,Bihar,Gaya,823001,Direct App Open,2024-02-15
CUST-02306,Ananya Iyer,Bihar,Patna,800001,Direct App Open,2025-06-29
CUST-02307,Aarav Gupta,Tamil Nadu,Chennai,600001,Affiliate,2024-12-22
CUST-02308,Aditya Sharma,Telangana,Warangal,506001,Referral / WhatsApp Share,2024-08-09
CUST-02309,Siddharth Sharma,West Bengal,Siliguri,734001,Affiliate,2025-03-20
CUST-02310,Kavya Joshi,Maharashtra,Mumbai,400001,Affiliate,2025-02-01
CUST-02311,Shreya Gupta,Tamil Nadu,Madurai,625001,Direct App Open,2025-03-10
CUST-02312,Pooja Rao,Telangana,Nizamabad,503001,Referral / WhatsApp Share,2024-06-15
CUST-02313,Kabir Verma,Gujarat,Ahmedabad,380001,Organic Search,2024-10-14
CUST-02314,Siddharth Gupta,Tamil Nadu,Chennai,600001,Paid Ads (Instagram/FB),2025-07-09
CUST-02315,Vikram Kulkarni,Telangana,Warangal,506001,Organic Search,2024-10-07
CUST-02316,Sneha Singh,Tamil Nadu,Madurai,625001,Affiliate,2024-01-13
CUST-02317,Priya Singh,Telangana,Nizamabad,503001,Referral / WhatsApp Share,2024-09-27
CUST-02318,Kavya Mehta,Rajasthan,Jodhpur,342001,Organic Search,2025-03-26
CUST-02319,Aarav Verma,Maharashtra,Nagpur,440001,Direct App Open,2025-07-23
CUST-02320,Ananya Joshi,Maharashtra,Mumbai,400001,Referral / WhatsApp Share,2025-07-18
CUST-02321,Sneha Patel,Rajasthan,Jaipur,302001,Referral / WhatsApp Share,2024-10-09
CUST-02322,Vikram Verma,Karnataka,Bengaluru,560001,Paid Ads (Instagram/FB),2024-05-30
CUST-02323,Kavya Deshmukh,Maharashtra,Pune,411001,Organic Search,2024-02-09
CUST-02324,Rohan Gupta,Madhya Pradesh,Indore,452001,Affiliate,2024-11-20
CUST-02325,Aarav Nair,Gujarat,Ahmedabad,380001,Referral / WhatsApp Share,2024-09-20
CUST-02326,Aarav Gupta,West Bengal,Siliguri,734001,Organic Search,2024-08-28
CUST-02327,Sneha Patel,Uttar Pradesh,Agra,282001,Organic Search,2025-06-07
CUST-02328,Priya Iyer,Gujarat,Surat,395001,Affiliate,2025-01-15
CUST-02329,Kavya Gupta,Bihar,Patna,800001,Direct App Open,2024-10-16
CUST-02330,Rohan Sharma,West Bengal,Siliguri,734001,Referral / WhatsApp Share,2024-12-09
CUST-02331,Kabir Gupta,West Bengal,Howrah,711101,Referral / WhatsApp Share,2024-02-01
CUST-02332,Rohan Kulkarni,Maharashtra,Nagpur,440001,Paid Ads (Instagram/FB),2024-01-27
CUST-02333,Priya Deshmukh,Gujarat,Surat,395001,Affiliate,2025-06-04
CUST-02334,Siddharth Deshmukh,West Bengal,Kolkata,700001,Direct App Open,2025-08-19
CUST-02335,Aarav Gupta,Karnataka,Mysuru,570001,Organic Search,2024-03-20
CUST-02336,Aditya Iyer,Telangana,Nizamabad,503001,Affiliate,2025-07-15
CUST-02337,Shreya Joshi,Madhya Pradesh,Gwalior,474001,Organic Search,2025-06-24
CUST-02338,Siddharth Sharma,Telangana,Warangal,506001,Affiliate,2025-06-16
CUST-02339,Neha Kulkarni,Tamil Nadu,Chennai,600001,Affiliate,2024-10-27
CUST-02340,Aditya Iyer,West Bengal,Kolkata,700001,Referral / WhatsApp Share,2024-08-24
CUST-02341,Neha Kulkarni,Uttar Pradesh,Kanpur,208001,Direct App Open,2025-02-23
CUST-02342,Sneha Patel,West Bengal,Siliguri,734001,Affiliate,2024-03-19
CUST-02343,Aditya Kulkarni,Rajasthan,Udaipur,313001,Paid Ads (Instagram/FB),2025-04-04
CUST-02344,Siddharth Joshi,Gujarat,Vadodara,390001,Paid Ads (Instagram/FB),2025-07-04
CUST-02345,Ananya Joshi,Telangana,Nizamabad,503001,Paid Ads (Instagram/FB),2024-09-23
CUST-02346,Siddharth Singh,West Bengal,Howrah,711101,Organic Search,2024-03-24
CUST-02347,Kabir Joshi,Madhya Pradesh,Bhopal,462001,Affiliate,2025-05-21
CUST-02348,Rahul Iyer,Karnataka,Mysuru,570001,Organic Search,2024-06-19
CUST-02349,Priya Joshi,Tamil Nadu,Madurai,625001,Direct App Open,2024-04-13
CUST-02350,Rohan Sharma,Bihar,Patna,800001,Paid Ads (Instagram/FB),2024-03-15
CUST-02351,Rohan Nair,Madhya Pradesh,Indore,452001,Direct App Open,2024-12-28
CUST-02352,Rohan Joshi,Madhya Pradesh,Bhopal,462001,Referral / WhatsApp Share,2024-05-01
CUST-02353,Sneha Kulkarni,Telangana,Nizamabad,503001,Affiliate,2024-04-20
CUST-02354,Shreya Sharma,Uttar Pradesh,Varanasi,221001,Direct App Open,2025-02-22
CUST-02355,Rahul Verma,Bihar,Gaya,823001,Direct App Open,2024-05-17
CUST-02356,Shreya Mehta,Telangana,Nizamabad,503001,Organic Search,2024-06-04
CUST-02357,Aditya Sharma,Telangana,Nizamabad,503001,Referral / WhatsApp Share,2025-04-09
CUST-02358,Kabir Kulkarni,Rajasthan,Jaipur,302001,Affiliate,2024-10-13
CUST-02359,Siddharth Patel,Gujarat,Surat,395001,Direct App Open,2024-12-15
CUST-02360,Aarav Deshmukh,Madhya Pradesh,Gwalior,474001,Affiliate,2025-06-04
CUST-02361,Kavya Joshi,Tamil Nadu,Coimbatore,641001,Direct App Open,2024-11-22
CUST-02362,Siddharth Mehta,Karnataka,Bengaluru,560001,Paid Ads (Instagram/FB),2025-03-16
CUST-02363,Arjun Singh,Telangana,Nizamabad,503001,Referral / WhatsApp Share,2024-04-11
CUST-02364,Sneha Singh,Karnataka,Bengaluru,560001,Referral / WhatsApp Share,2024-10-07
CUST-02365,Neha Verma,Gujarat,Ahmedabad,380001,Referral / WhatsApp Share,2024-09-22
CUST-02366,Pooja Patel,Gujarat,Vadodara,390001,Referral / WhatsApp Share,2024-05-24
CUST-02367,Priya Iyer,Madhya Pradesh,Gwalior,474001,Paid Ads (Instagram/FB),2024-01-29
CUST-02368,Pooja Sharma,Madhya Pradesh,Gwalior,474001,Paid Ads (Instagram/FB),2024-01-07
CUST-02369,Neha Sharma,West Bengal,Kolkata,700001,Referral / WhatsApp Share,2025-08-07
CUST-02370,Kabir Rao,Rajasthan,Udaipur,313001,Paid Ads (Instagram/FB),2025-04-09
CUST-02371,Vikram Patel,Uttar Pradesh,Agra,282001,Direct App Open,2025-05-20
CUST-02372,Vikram Patel,Karnataka,Mysuru,570001,Organic Search,2024-12-28
CUST-02373,Siddharth Patel,Gujarat,Vadodara,390001,Organic Search,2024-11-30
CUST-02374,Rohan Nair,West Bengal,Howrah,711101,Direct App Open,2025-06-09
CUST-02375,Rahul Patel,West Bengal,Kolkata,700001,Direct App Open,2024-04-12
CUST-02376,Aditya Rao,Madhya Pradesh,Indore,452001,Paid Ads (Instagram/FB),2025-07-25
CUST-02377,Rahul Gupta,Maharashtra,Mumbai,400001,Paid Ads (Instagram/FB),2024-05-20
CUST-02378,Pooja Joshi,Gujarat,Vadodara,390001,Paid Ads (Instagram/FB),2024-09-28
CUST-02379,Neha Mehta,Rajasthan,Jaipur,302001,Direct App Open,2024-10-16
CUST-02380,Rohan Iyer,Uttar Pradesh,Kanpur,208001,Organic Search,2025-03-20
CUST-02381,Priya Verma,Madhya Pradesh,Gwalior,474001,Paid Ads (Instagram/FB),2024-07-01
CUST-02382,Aarav Joshi,Tamil Nadu,Madurai,625001,Direct App Open,2025-08-20
CUST-02383,Ananya Gupta,West Bengal,Howrah,711101,Affiliate,2024-07-03
CUST-02384,Aditya Singh,Gujarat,Surat,395001,Direct App Open,2025-05-16
CUST-02385,Siddharth Gupta,Bihar,Muzaffarpur,842001,Referral / WhatsApp Share,2025-07-10
CUST-02386,Neha Singh,Uttar Pradesh,Kanpur,208001,Organic Search,2024-10-21
CUST-02387,Kabir Verma,West Bengal,Kolkata,700001,Direct App Open,2024-04-28
CUST-02388,Rohan Verma,West Bengal,Siliguri,734001,Organic Search,2024-12-21
CUST-02389,Shreya Joshi,Karnataka,Mysuru,570001,Direct App Open,2025-02-25
CUST-02390,Rahul Iyer,Maharashtra,Nagpur,440001,Referral / WhatsApp Share,2025-06-03
CUST-02391,Ananya Joshi,Maharashtra,Nagpur,440001,Referral / WhatsApp Share,2024-11-21
CUST-02392,Kabir Joshi,Rajasthan,Jodhpur,342001,Direct App Open,2024-09-23
CUST-02393,Aditya Sharma,Tamil Nadu,Coimbatore,641001,Paid Ads (Instagram/FB),2024-12-13
CUST-02394,Rahul Sharma,Tamil Nadu,Coimbatore,641001,Direct App Open,2024-08-14
CUST-02395,Pooja Mehta,Madhya Pradesh,Bhopal,462001,Organic Search,2024-12-03
CUST-02396,Rohan Deshmukh,Madhya Pradesh,Bhopal,462001,Organic Search,2025-01-23
CUST-02397,Priya Rao,West Bengal,Howrah,711101,Affiliate,2024-03-05
CUST-02398,Rahul Sharma,Madhya Pradesh,Bhopal,462001,Referral / WhatsApp Share,2025-07-02
CUST-02399,Ananya Mehta,Madhya Pradesh,Indore,452001,Paid Ads (Instagram/FB),2024-10-24
CUST-02400,Siddharth Mehta,West Bengal,Howrah,711101,Direct App Open,2024-08-08
CUST-02401,Arjun Rao,Gujarat,Ahmedabad,380001,Organic Search,2024-01-21
CUST-02402,Siddharth Nair,Uttar Pradesh,Agra,282001,Direct App Open,2024-02-13
CUST-02403,Rohan Singh,Tamil Nadu,Chennai,600001,Paid Ads (Instagram/FB),2024-09-10
CUST-02404,Aarav Singh,Uttar Pradesh,Agra,282001,Direct App Open,2024-05-14
CUST-02405,Kavya Rao,Tamil Nadu,Chennai,600001,Organic Search,2024-03-16
CUST-02406,Arjun Rao,Bihar,Patna,800001,Organic Search,2025-07-08
CUST-02407,Pooja Mehta,Uttar Pradesh,Agra,282001,Paid Ads (Instagram/FB),2024-11-15
CUST-02408,Siddharth Kulkarni,Bihar,Muzaffarpur,842001,Organic Search,2024-11-05
CUST-02409,Vikram Verma,Gujarat,Ahmedabad,380001,Referral / WhatsApp Share,2025-08-13
CUST-02410,Neha Joshi,Tamil Nadu,Coimbatore,641001,Organic Search,2024-08-15
CUST-02411,Kabir Nair,Tamil Nadu,Coimbatore,641001,Referral / WhatsApp Share,2025-06-30
CUST-02412,Arjun Iyer,Bihar,Patna,800001,Direct App Open,2025-02-07
CUST-02413,Sneha Nair,Uttar Pradesh,Agra,282001,Paid Ads (Instagram/FB),2025-08-14
CUST-02414,Aarav Joshi,Gujarat,Surat,395001,Referral / WhatsApp Share,2025-05-03
CUST-02415,Pooja Patel,Tamil Nadu,Coimbatore,641001,Paid Ads (Instagram/FB),2024-03-26
CUST-02416,Priya Nair,Karnataka,Bengaluru,560001,Direct App Open,2024-09-12
CUST-02417,Priya Mehta,Bihar,Muzaffarpur,842001,Direct App Open,2025-06-19
CUST-02418,Shreya Deshmukh,Gujarat,Ahmedabad,380001,Direct App Open,2024-09-15
CUST-02419,Kabir Singh,West Bengal,Kolkata,700001,Organic Search,2024-11-25
CUST-02420,Shreya Deshmukh,Telangana,Warangal,506001,Organic Search,2024-10-01
CUST-02421,Shreya Iyer,Madhya Pradesh,Indore,452001,Affiliate,2025-05-26
CUST-02422,Sneha Gupta,Gujarat,Surat,395001,Direct App Open,2025-05-09
CUST-02423,Arjun Nair,Uttar Pradesh,Lucknow,226001,Direct App Open,2024-03-20
CUST-02424,Kabir Mehta,Maharashtra,Pune,411001,Affiliate,2024-05-04
CUST-02425,Rohan Iyer,Rajasthan,Jaipur,302001,Organic Search,2025-03-10
CUST-02426,Neha Mehta,Madhya Pradesh,Indore,452001,Paid Ads (Instagram/FB),2025-07-14
CUST-02427,Kabir Joshi,Maharashtra,Nagpur,440001,Organic Search,2025-03-21
CUST-02428,Vikram Rao,Tamil Nadu,Madurai,625001,Referral / WhatsApp Share,2025-01-15
CUST-02429,Pooja Gupta,Karnataka,Bengaluru,560001,Referral / WhatsApp Share,2025-06-19
CUST-02430,Rahul Iyer,Telangana,Nizamabad,503001,Referral / WhatsApp Share,2025-06-15
CUST-02431,Pooja Singh,Rajasthan,Jodhpur,342001,Paid Ads (Instagram/FB),2024-12-04
CUST-02432,Aditya Rao,Karnataka,Bengaluru,560001,Affiliate,2025-04-30
CUST-02433,Aarav Kulkarni,Bihar,Patna,800001,Paid Ads (Instagram/FB),2025-04-26
CUST-02434,Priya Sharma,Tamil Nadu,Madurai,625001,Paid Ads (Instagram/FB),2024-07-23
CUST-02435,Shreya Patel,Madhya Pradesh,Indore,452001,Referral / WhatsApp Share,2024-04-06
CUST-02436,Aarav Deshmukh,Rajasthan,Udaipur,313001,Paid Ads (Instagram/FB),2024-03-09
CUST-02437,Sneha Gupta,Madhya Pradesh,Bhopal,462001,Referral / WhatsApp Share,2024-01-15
CUST-02438,Aditya Iyer,Tamil Nadu,Coimbatore,641001,Direct App Open,2025-08-21
CUST-02439,Shreya Singh,West Bengal,Siliguri,734001,Direct App Open,2024-09-17
CUST-02440,Arjun Nair,Gujarat,Ahmedabad,380001,Affiliate,2024-06-05
CUST-02441,Priya Rao,Gujarat,Surat,395001,Paid Ads (Instagram/FB),2024-09-26
CUST-02442,Pooja Patel,Karnataka,Hubballi,580020,Affiliate,2025-01-27
CUST-02443,Sneha Deshmukh,Telangana,Nizamabad,503001,Referral / WhatsApp Share,2025-04-29
CUST-02444,Ananya Mehta,Maharashtra,Pune,411001,Paid Ads (Instagram/FB),2024-04-03
CUST-02445,Aditya Deshmukh,Karnataka,Bengaluru,560001,Paid Ads (Instagram/FB),2025-05-01
CUST-02446,Kavya Sharma,West Bengal,Kolkata,700001,Organic Search,2024-05-20
CUST-02447,Arjun Verma,Bihar,Muzaffarpur,842001,Direct App Open,2024-11-30
CUST-02448,Vikram Nair,Uttar Pradesh,Kanpur,208001,Affiliate,2025-02-06
CUST-02449,Kabir Joshi,Rajasthan,Jodhpur,342001,Referral / WhatsApp Share,2025-06-18
CUST-02450,Sneha Nair,Uttar Pradesh,Kanpur,208001,Paid Ads (Instagram/FB),2024-10-11
CUST-02451,Shreya Mehta,Bihar,Muzaffarpur,842001,Direct App Open,2025-05-16
CUST-02452,Shreya Singh,Uttar Pradesh,Agra,282001,Referral / WhatsApp Share,2024-07-01
CUST-02453,Aarav Kulkarni,Rajasthan,Udaipur,313001,Referral / WhatsApp Share,2025-03-10
CUST-02454,Ananya Deshmukh,Madhya Pradesh,Bhopal,462001,Direct App Open,2025-01-18
CUST-02455,Rohan Rao,Maharashtra,Pune,411001,Direct App Open,2025-01-04
CUST-02456,Arjun Iyer,Maharashtra,Nagpur,440001,Referral / WhatsApp Share,2024-04-06
CUST-02457,Aditya Kulkarni,Tamil Nadu,Madurai,625001,Organic Search,2024-10-06
CUST-02458,Aarav Gupta,Tamil Nadu,Madurai,625001,Direct App Open,2025-02-11
CUST-02459,Aarav Rao,Tamil Nadu,Coimbatore,641001,Organic Search,2025-08-08
CUST-02460,Kavya Sharma,Rajasthan,Udaipur,313001,Direct App Open,2025-05-17
CUST-02461,Rohan Verma,Madhya Pradesh,Bhopal,462001,Organic Search,2025-01-13
CUST-02462,Aarav Deshmukh,Karnataka,Hubballi,580020,Paid Ads (Instagram/FB),2024-05-14
CUST-02463,Priya Joshi,Uttar Pradesh,Lucknow,226001,Direct App Open,2024-03-04
CUST-02464,Sneha Patel,Madhya Pradesh,Indore,452001,Paid Ads (Instagram/FB),2024-01-18
CUST-02465,Sneha Gupta,West Bengal,Siliguri,734001,Paid Ads (Instagram/FB),2025-08-23
CUST-02466,Shreya Kulkarni,Madhya Pradesh,Bhopal,462001,Direct App Open,2025-03-02
CUST-02467,Kavya Gupta,Maharashtra,Mumbai,400001,Paid Ads (Instagram/FB),2025-05-28
CUST-02468,Rohan Rao,Tamil Nadu,Chennai,600001,Paid Ads (Instagram/FB),2025-03-30
CUST-02469,Aarav Singh,Telangana,Hyderabad,500001,Affiliate,2025-02-23
CUST-02470,Rohan Gupta,Maharashtra,Nagpur,440001,Referral / WhatsApp Share,2025-07-28
CUST-02471,Sneha Patel,West Bengal,Howrah,711101,Affiliate,2024-03-29
CUST-02472,Pooja Verma,Uttar Pradesh,Lucknow,226001,Organic Search,2024-07-05
CUST-02473,Shreya Patel,Karnataka,Mysuru,570001,Affiliate,2024-01-21
CUST-02474,Siddharth Mehta,Maharashtra,Pune,411001,Referral / WhatsApp Share,2025-04-16
CUST-02475,Priya Rao,Gujarat,Surat,395001,Paid Ads (Instagram/FB),2024-05-15
CUST-02476,Vikram Sharma,Bihar,Muzaffarpur,842001,Referral / WhatsApp Share,2024-07-01
CUST-02477,Vikram Mehta,Telangana,Warangal,506001,Direct App Open,2024-08-19
CUST-02478,Kavya Iyer,Tamil Nadu,Chennai,600001,Paid Ads (Instagram/FB),2024-10-29
CUST-02479,Vikram Rao,Rajasthan,Jodhpur,342001,Organic Search,2025-05-16
CUST-02480,Sneha Deshmukh,West Bengal,Howrah,711101,Affiliate,2025-04-05
CUST-02481,Kavya Gupta,Karnataka,Bengaluru,560001,Affiliate,2025-01-29
CUST-02482,Rohan Nair,Telangana,Hyderabad,500001,Direct App Open,2024-12-21
CUST-02483,Rahul Gupta,Tamil Nadu,Chennai,600001,Referral / WhatsApp Share,2025-05-30
CUST-02484,Arjun Rao,Tamil Nadu,Chennai,600001,Affiliate,2024-08-03
CUST-02485,Vikram Iyer,Rajasthan,Jodhpur,342001,Organic Search,2024-04-28
CUST-02486,Arjun Gupta,Karnataka,Mysuru,570001,Paid Ads (Instagram/FB),2025-04-23
CUST-02487,Pooja Kulkarni,West Bengal,Siliguri,734001,Direct App Open,2024-02-04
CUST-02488,Sneha Rao,Uttar Pradesh,Varanasi,221001,Organic Search,2024-06-11
CUST-02489,Kabir Verma,West Bengal,Howrah,711101,Organic Search,2024-07-10
CUST-02490,Aditya Kulkarni,Tamil Nadu,Chennai,600001,Direct App Open,2025-07-13
CUST-02491,Rohan Sharma,Rajasthan,Udaipur,313001,Direct App Open,2025-08-12
CUST-02492,Shreya Joshi,Bihar,Gaya,823001,Paid Ads (Instagram/FB),2024-09-15
CUST-02493,Shreya Kulkarni,Telangana,Warangal,506001,Direct App Open,2025-02-14
CUST-02494,Vikram Sharma,Gujarat,Vadodara,390001,Organic Search,2025-03-07
CUST-02495,Kabir Singh,Telangana,Warangal,506001,Affiliate,2024-01-30
CUST-02496,Rohan Nair,Karnataka,Mysuru,570001,Affiliate,2025-06-20
CUST-02497,Ananya Deshmukh,Karnataka,Bengaluru,560001,Referral / WhatsApp Share,2024-02-25
CUST-02498,Priya Singh,Karnataka,Mysuru,570001,Direct App Open,2025-02-09
CUST-02499,Rohan Verma,Maharashtra,Pune,411001,Paid Ads (Instagram/FB),2024-06-25
CUST-02500,Vikram Singh,Uttar Pradesh,Kanpur,208001,Paid Ads (Instagram/FB),2024-07-27
CUST-02501,Kabir Patel,Gujarat,Ahmedabad,380001,Affiliate,2025-01-18
CUST-02502,Aarav Verma,Karnataka,Mysuru,570001,Organic Search,2025-04-27
CUST-02503,Arjun Gupta,Bihar,Muzaffarpur,842001,Paid Ads (Instagram/FB),2025-04-28
CUST-02504,Rahul Joshi,Rajasthan,Udaipur,313001,Paid Ads (Instagram/FB),2024-04-08
CUST-02505,Kabir Mehta,West Bengal,Kolkata,700001,Direct App Open,2024-11-30
CUST-02506,Aditya Singh,Bihar,Muzaffarpur,842001,Direct App Open,2025-06-30
CUST-02507,Priya Kulkarni,Rajasthan,Udaipur,313001,Affiliate,2024-01-28
CUST-02508,Ananya Deshmukh,Karnataka,Bengaluru,560001,Referral / WhatsApp Share,2025-01-05
CUST-02509,Sneha Nair,Maharashtra,Nashik,422001,Organic Search,2024-08-23
CUST-02510,Rohan Verma,Gujarat,Ahmedabad,380001,Paid Ads (Instagram/FB),2024-11-05
CUST-02511,Kabir Patel,West Bengal,Howrah,711101,Paid Ads (Instagram/FB),2025-03-11
CUST-02512,Rohan Singh,Tamil Nadu,Coimbatore,641001,Direct App Open,2024-02-05
CUST-02513,Vikram Joshi,Karnataka,Bengaluru,560001,Direct App Open,2025-06-13
CUST-02514,Kavya Patel,Rajasthan,Jaipur,302001,Referral / WhatsApp Share,2024-04-13
CUST-02515,Rahul Joshi,Maharashtra,Pune,411001,Referral / WhatsApp Share,2024-05-11
CUST-02516,Pooja Nair,Bihar,Muzaffarpur,842001,Direct App Open,2024-01-12
CUST-02517,Neha Gupta,Bihar,Gaya,823001,Organic Search,2024-11-06
CUST-02518,Kabir Singh,Uttar Pradesh,Agra,282001,Affiliate,2025-01-16
CUST-02519,Siddharth Verma,West Bengal,Siliguri,734001,Referral / WhatsApp Share,2024-04-24
CUST-02520,Siddharth Mehta,Bihar,Muzaffarpur,842001,Direct App Open,2024-03-22
CUST-02521,Rohan Sharma,West Bengal,Siliguri,734001,Affiliate,2024-09-21
CUST-02522,Ananya Nair,Telangana,Nizamabad,503001,Direct App Open,2025-03-21
CUST-02523,Aarav Verma,Tamil Nadu,Chennai,600001,Organic Search,2025-05-16
CUST-02524,Neha Kulkarni,Maharashtra,Nagpur,440001,Referral / WhatsApp Share,2025-03-11
CUST-02525,Sneha Gupta,Tamil Nadu,Chennai,600001,Affiliate,2024-09-30
CUST-02526,Rohan Singh,West Bengal,Howrah,711101,Organic Search,2025-04-02
CUST-02527,Sneha Singh,Maharashtra,Mumbai,400001,Referral / WhatsApp Share,2024-02-07
CUST-02528,Arjun Rao,Bihar,Patna,800001,Paid Ads (Instagram/FB),2024-03-27
CUST-02529,Arjun Patel,Karnataka,Hubballi,580020,Paid Ads (Instagram/FB),2025-05-20
CUST-02530,Kabir Singh,West Bengal,Howrah,711101,Affiliate,2024-09-06
CUST-02531,Aditya Rao,Madhya Pradesh,Gwalior,474001,Direct App Open,2024-02-11
CUST-02532,Priya Kulkarni,West Bengal,Kolkata,700001,Paid Ads (Instagram/FB),2024-04-13
CUST-02533,Kabir Nair,Uttar Pradesh,Varanasi,221001,Referral / WhatsApp Share,2025-03-08
CUST-02534,Kabir Sharma,Karnataka,Hubballi,580020,Referral / WhatsApp Share,2024-03-22
CUST-02535,Kavya Joshi,Uttar Pradesh,Kanpur,208001,Affiliate,2024-09-24
CUST-02536,Vikram Deshmukh,Madhya Pradesh,Gwalior,474001,Paid Ads (Instagram/FB),2024-02-20
CUST-02537,Sneha Deshmukh,Rajasthan,Jaipur,302001,Direct App Open,2024-10-08
CUST-02538,Shreya Rao,Karnataka,Mysuru,570001,Affiliate,2024-02-16
CUST-02539,Pooja Joshi,Karnataka,Hubballi,580020,Referral / WhatsApp Share,2024-10-06
CUST-02540,Aarav Joshi,Gujarat,Ahmedabad,380001,Direct App Open,2024-05-12
CUST-02541,Vikram Singh,Rajasthan,Udaipur,313001,Referral / WhatsApp Share,2024-04-09
CUST-02542,Ananya Iyer,Maharashtra,Nagpur,440001,Paid Ads (Instagram/FB),2024-03-06
CUST-02543,Pooja Singh,Telangana,Warangal,506001,Affiliate,2025-03-06
CUST-02544,Rahul Deshmukh,West Bengal,Siliguri,734001,Direct App Open,2025-05-02
CUST-02545,Aditya Nair,Maharashtra,Nagpur,440001,Referral / WhatsApp Share,2024-11-23
CUST-02546,Sneha Verma,Karnataka,Mysuru,570001,Direct App Open,2024-08-03
CUST-02547,Arjun Rao,Karnataka,Hubballi,580020,Direct App Open,2024-09-18
CUST-02548,Kabir Sharma,Telangana,Hyderabad,500001,Direct App Open,2025-07-28
CUST-02549,Sneha Patel,Gujarat,Vadodara,390001,Affiliate,2025-01-13
CUST-02550,Vikram Singh,West Bengal,Howrah,711101,Direct App Open,2024-01-31
CUST-02551,Rohan Deshmukh,Telangana,Hyderabad,500001,Affiliate,2024-12-26
CUST-02552,Pooja Joshi,Bihar,Patna,800001,Referral / WhatsApp Share,2025-07-23
CUST-02553,Shreya Verma,Gujarat,Surat,395001,Affiliate,2024-05-14
CUST-02554,Kabir Deshmukh,Uttar Pradesh,Lucknow,226001,Direct App Open,2024-08-11
CUST-02555,Ananya Patel,Telangana,Warangal,506001,Paid Ads (Instagram/FB),2024-06-11
CUST-02556,Siddharth Rao,Bihar,Muzaffarpur,842001,Direct App Open,2024-12-26
CUST-02557,Siddharth Iyer,Bihar,Muzaffarpur,842001,Referral / WhatsApp Share,2024-11-23
CUST-02558,Siddharth Kulkarni,Uttar Pradesh,Varanasi,221001,Affiliate,2025-07-02
CUST-02559,Arjun Joshi,Gujarat,Surat,395001,Direct App Open,2025-04-20
CUST-02560,Vikram Verma,Karnataka,Bengaluru,560001,Direct App Open,2024-10-22
CUST-02561,Aarav Nair,West Bengal,Howrah,711101,Paid Ads (Instagram/FB),2024-04-10
CUST-02562,Kabir Deshmukh,Bihar,Gaya,823001,Direct App Open,2024-07-12
CUST-02563,Rahul Sharma,Telangana,Hyderabad,500001,Paid Ads (Instagram/FB),2025-05-30
CUST-02564,Priya Deshmukh,Telangana,Nizamabad,503001,Direct App Open,2024-01-24
CUST-02565,Sneha Deshmukh,Gujarat,Ahmedabad,380001,Affiliate,2025-04-28
CUST-02566,Rahul Patel,West Bengal,Kolkata,700001,Affiliate,2025-02-02
CUST-02567,Arjun Nair,Gujarat,Ahmedabad,380001,Direct App Open,2025-01-12
CUST-02568,Shreya Iyer,Karnataka,Mysuru,570001,Paid Ads (Instagram/FB),2024-11-26
CUST-02569,Rohan Singh,Uttar Pradesh,Lucknow,226001,Paid Ads (Instagram/FB),2025-08-14
CUST-02570,Neha Verma,Gujarat,Vadodara,390001,Affiliate,2025-03-30
CUST-02571,Ananya Mehta,Rajasthan,Udaipur,313001,Organic Search,2024-12-05
CUST-02572,Kavya Mehta,Gujarat,Surat,395001,Organic Search,2024-01-08
CUST-02573,Shreya Sharma,Bihar,Muzaffarpur,842001,Direct App Open,2025-01-29
CUST-02574,Priya Joshi,Tamil Nadu,Madurai,625001,Affiliate,2024-05-03
CUST-02575,Shreya Deshmukh,Madhya Pradesh,Gwalior,474001,Organic Search,2025-03-25
CUST-02576,Neha Rao,Maharashtra,Nagpur,440001,Direct App Open,2024-02-10
CUST-02577,Sneha Joshi,Madhya Pradesh,Gwalior,474001,Direct App Open,2025-03-14
CUST-02578,Siddharth Patel,Uttar Pradesh,Kanpur,208001,Referral / WhatsApp Share,2025-08-16
CUST-02579,Siddharth Patel,Karnataka,Mysuru,570001,Direct App Open,2024-12-13
CUST-02580,Rohan Iyer,Rajasthan,Jaipur,302001,Referral / WhatsApp Share,2024-04-09
CUST-02581,Sneha Gupta,Uttar Pradesh,Agra,282001,Direct App Open,2024-09-07
CUST-02582,Siddharth Singh,West Bengal,Howrah,711101,Direct App Open,2024-12-04
CUST-02583,Siddharth Verma,Tamil Nadu,Madurai,625001,Referral / WhatsApp Share,2024-02-06
CUST-02584,Siddharth Mehta,Karnataka,Hubballi,580020,Referral / WhatsApp Share,2024-01-27
CUST-02585,Ananya Kulkarni,Telangana,Warangal,506001,Referral / WhatsApp Share,2024-11-10
CUST-02586,Shreya Mehta,Telangana,Nizamabad,503001,Referral / WhatsApp Share,2025-05-01
CUST-02587,Shreya Verma,Tamil Nadu,Chennai,600001,Paid Ads (Instagram/FB),2024-05-30
CUST-02588,Pooja Singh,Bihar,Gaya,823001,Paid Ads (Instagram/FB),2024-01-29
CUST-02589,Kavya Iyer,Telangana,Warangal,506001,Paid Ads (Instagram/FB),2025-08-21
CUST-02590,Aarav Singh,West Bengal,Siliguri,734001,Affiliate,2025-06-13
CUST-02591,Kabir Verma,Telangana,Hyderabad,500001,Referral / WhatsApp Share,2024-06-08
CUST-02592,Pooja Nair,West Bengal,Siliguri,734001,Referral / WhatsApp Share,2025-01-22
CUST-02593,Kavya Verma,Karnataka,Hubballi,580020,Direct App Open,2024-06-28
CUST-02594,Neha Joshi,Maharashtra,Mumbai,400001,Referral / WhatsApp Share,2024-08-18
CUST-02595,Vikram Iyer,Gujarat,Ahmedabad,380001,Referral / WhatsApp Share,2024-05-02
CUST-02596,Rahul Iyer,West Bengal,Howrah,711101,Direct App Open,2025-08-06
CUST-02597,Aditya Gupta,Maharashtra,Pune,411001,Paid Ads (Instagram/FB),2025-01-07
CUST-02598,Rahul Sharma,Bihar,Muzaffarpur,842001,Organic Search,2024-12-03
CUST-02599,Arjun Patel,Tamil Nadu,Madurai,625001,Affiliate,2025-07-04
CUST-02600,Kavya Patel,Maharashtra,Nashik,422001,Affiliate,2025-06-19
CUST-02601,Ananya Iyer,Tamil Nadu,Madurai,625001,Paid Ads (Instagram/FB),2024-09-07
CUST-02602,Ananya Rao,Rajasthan,Jaipur,302001,Organic Search,2024-09-29
CUST-02603,Arjun Singh,Uttar Pradesh,Kanpur,208001,Organic Search,2024-05-15
CUST-02604,Arjun Singh,Maharashtra,Pune,411001,Paid Ads (Instagram/FB),2024-09-06
CUST-02605,Pooja Deshmukh,Rajasthan,Jodhpur,342001,Organic Search,2025-07-03
CUST-02606,Aditya Sharma,West Bengal,Siliguri,734001,Organic Search,2024-07-20
CUST-02607,Neha Patel,Rajasthan,Jaipur,302001,Direct App Open,2024-07-21
CUST-02608,Priya Nair,Telangana,Hyderabad,500001,Affiliate,2025-05-13
CUST-02609,Vikram Deshmukh,Maharashtra,Nashik,422001,Organic Search,2025-03-29
CUST-02610,Siddharth Gupta,Gujarat,Vadodara,390001,Affiliate,2025-04-12
CUST-02611,Aarav Singh,Bihar,Muzaffarpur,842001,Referral / WhatsApp Share,2025-05-19
CUST-02612,Rahul Mehta,West Bengal,Siliguri,734001,Direct App Open,2025-06-10
CUST-02613,Vikram Gupta,Tamil Nadu,Coimbatore,641001,Affiliate,2024-09-11
CUST-02614,Sneha Singh,Madhya Pradesh,Gwalior,474001,Referral / WhatsApp Share,2025-03-26
CUST-02615,Priya Mehta,Rajasthan,Jaipur,302001,Referral / WhatsApp Share,2025-06-05
CUST-02616,Neha Verma,Karnataka,Bengaluru,560001,Organic Search,2025-03-18
CUST-02617,Rahul Singh,Uttar Pradesh,Agra,282001,Referral / WhatsApp Share,2025-07-05
CUST-02618,Kavya Mehta,Gujarat,Ahmedabad,380001,Paid Ads (Instagram/FB),2024-08-06
CUST-02619,Vikram Nair,Tamil Nadu,Coimbatore,641001,Affiliate,2025-04-28
CUST-02620,Priya Gupta,Tamil Nadu,Madurai,625001,Paid Ads (Instagram/FB),2025-08-07
CUST-02621,Rahul Mehta,West Bengal,Kolkata,700001,Paid Ads (Instagram/FB),2025-02-09
CUST-02622,Siddharth Mehta,Karnataka,Hubballi,580020,Paid Ads (Instagram/FB),2024-11-29
CUST-02623,Arjun Verma,Telangana,Warangal,506001,Referral / WhatsApp Share,2024-08-22
CUST-02624,Aditya Singh,Rajasthan,Jodhpur,342001,Referral / WhatsApp Share,2024-05-28
CUST-02625,Vikram Kulkarni,West Bengal,Siliguri,734001,Referral / WhatsApp Share,2025-04-05
CUST-02626,Vikram Joshi,Telangana,Warangal,506001,Direct App Open,2024-01-06
CUST-02627,Siddharth Joshi,Maharashtra,Nashik,422001,Referral / WhatsApp Share,2024-05-23
CUST-02628,Neha Singh,Maharashtra,Pune,411001,Paid Ads (Instagram/FB),2024-09-19
CUST-02629,Vikram Kulkarni,Maharashtra,Nagpur,440001,Direct App Open,2025-01-26
CUST-02630,Sneha Nair,Madhya Pradesh,Gwalior,474001,Paid Ads (Instagram/FB),2024-08-08
CUST-02631,Pooja Nair,Rajasthan,Jodhpur,342001,Organic Search,2024-03-17
CUST-02632,Ananya Mehta,West Bengal,Siliguri,734001,Direct App Open,2025-04-26
CUST-02633,Aarav Gupta,Bihar,Muzaffarpur,842001,Direct App Open,2024-09-12
CUST-02634,Vikram Deshmukh,Telangana,Warangal,506001,Organic Search,2024-04-13
CUST-02635,Aarav Gupta,West Bengal,Howrah,711101,Affiliate,2025-01-13
CUST-02636,Neha Singh,Uttar Pradesh,Agra,282001,Paid Ads (Instagram/FB),2024-03-16
CUST-02637,Sneha Rao,Bihar,Patna,800001,Paid Ads (Instagram/FB),2024-11-02
CUST-02638,Pooja Iyer,Madhya Pradesh,Bhopal,462001,Direct App Open,2024-09-08
CUST-02639,Sneha Deshmukh,Madhya Pradesh,Gwalior,474001,Referral / WhatsApp Share,2025-07-24
CUST-02640,Arjun Singh,Maharashtra,Pune,411001,Organic Search,2024-11-17
CUST-02641,Kavya Kulkarni,Rajasthan,Udaipur,313001,Paid Ads (Instagram/FB),2024-07-07
CUST-02642,Sneha Verma,Gujarat,Surat,395001,Referral / WhatsApp Share,2024-12-07
CUST-02643,Ananya Gupta,Tamil Nadu,Coimbatore,641001,Affiliate,2024-01-24
CUST-02644,Rohan Patel,Bihar,Gaya,823001,Direct App Open,2025-05-13
CUST-02645,Siddharth Sharma,Madhya Pradesh,Bhopal,462001,Affiliate,2025-01-17
CUST-02646,Aarav Deshmukh,Bihar,Patna,800001,Affiliate,2024-11-30
CUST-02647,Siddharth Nair,Rajasthan,Jodhpur,342001,Affiliate,2024-12-07
CUST-02648,Rahul Patel,Uttar Pradesh,Lucknow,226001,Affiliate,2024-04-25
CUST-02649,Arjun Mehta,Madhya Pradesh,Bhopal,462001,Affiliate,2025-04-24
CUST-02650,Pooja Gupta,Gujarat,Ahmedabad,380001,Direct App Open,2024-10-10
CUST-02651,Neha Verma,Karnataka,Hubballi,580020,Referral / WhatsApp Share,2024-03-15
CUST-02652,Rohan Gupta,Telangana,Warangal,506001,Direct App Open,2025-06-24
CUST-02653,Siddharth Rao,Bihar,Patna,800001,Direct App Open,2025-08-11
CUST-02654,Vikram Sharma,Telangana,Warangal,506001,Organic Search,2024-01-09
CUST-02655,Ananya Kulkarni,Bihar,Patna,800001,Referral / WhatsApp Share,2024-08-16
CUST-02656,Pooja Gupta,West Bengal,Siliguri,734001,Direct App Open,2024-07-24
CUST-02657,Siddharth Deshmukh,West Bengal,Siliguri,734001,Affiliate,2024-06-05
CUST-02658,Ananya Mehta,Gujarat,Surat,395001,Paid Ads (Instagram/FB),2024-04-13
CUST-02659,Aarav Nair,Telangana,Hyderabad,500001,Paid Ads (Instagram/FB),2025-07-07
CUST-02660,Sneha Patel,West Bengal,Howrah,711101,Paid Ads (Instagram/FB),2024-08-01
CUST-02661,Ananya Singh,Karnataka,Mysuru,570001,Referral / WhatsApp Share,2024-08-26
CUST-02662,Aditya Iyer,West Bengal,Kolkata,700001,Paid Ads (Instagram/FB),2025-03-26
CUST-02663,Priya Joshi,Maharashtra,Nashik,422001,Paid Ads (Instagram/FB),2025-01-24
CUST-02664,Aarav Verma,Rajasthan,Jodhpur,342001,Paid Ads (Instagram/FB),2024-07-29
CUST-02665,Siddharth Joshi,Telangana,Hyderabad,500001,Organic Search,2024-06-28
CUST-02666,Arjun Deshmukh,Madhya Pradesh,Bhopal,462001,Paid Ads (Instagram/FB),2024-08-02
CUST-02667,Priya Verma,Telangana,Warangal,506001,Referral / WhatsApp Share,2025-03-01
CUST-02668,Ananya Iyer,Uttar Pradesh,Varanasi,221001,Direct App Open,2024-09-18
CUST-02669,Arjun Patel,Rajasthan,Jaipur,302001,Organic Search,2025-01-24
CUST-02670,Siddharth Joshi,Bihar,Patna,800001,Referral / WhatsApp Share,2025-01-04
CUST-02671,Vikram Patel,Bihar,Muzaffarpur,842001,Referral / WhatsApp Share,2024-08-22
CUST-02672,Shreya Patel,Bihar,Gaya,823001,Organic Search,2024-10-08
CUST-02673,Shreya Gupta,West Bengal,Kolkata,700001,Paid Ads (Instagram/FB),2024-09-11
CUST-02674,Rohan Deshmukh,Maharashtra,Pune,411001,Affiliate,2024-06-08
CUST-02675,Rohan Rao,Rajasthan,Jaipur,302001,Organic Search,2024-08-02
CUST-02676,Kavya Rao,Tamil Nadu,Coimbatore,641001,Affiliate,2025-02-28
CUST-02677,Kavya Mehta,Bihar,Patna,800001,Paid Ads (Instagram/FB),2025-06-15
CUST-02678,Rohan Rao,Karnataka,Mysuru,570001,Organic Search,2024-06-15
CUST-02679,Aarav Verma,Gujarat,Surat,395001,Direct App Open,2025-01-17
CUST-02680,Aditya Singh,Telangana,Warangal,506001,Organic Search,2024-01-27
CUST-02681,Sneha Sharma,Rajasthan,Jaipur,302001,Paid Ads (Instagram/FB),2025-02-21
CUST-02682,Aarav Nair,Bihar,Muzaffarpur,842001,Affiliate,2024-06-22
CUST-02683,Rohan Patel,Maharashtra,Nagpur,440001,Paid Ads (Instagram/FB),2024-04-04
CUST-02684,Kabir Patel,Uttar Pradesh,Agra,282001,Direct App Open,2025-03-01
CUST-02685,Kavya Nair,Rajasthan,Jaipur,302001,Affiliate,2024-01-01
CUST-02686,Vikram Verma,Rajasthan,Jodhpur,342001,Paid Ads (Instagram/FB),2024-11-26
CUST-02687,Rahul Nair,West Bengal,Siliguri,734001,Organic Search,2025-05-04
CUST-02688,Neha Rao,Telangana,Hyderabad,500001,Paid Ads (Instagram/FB),2024-08-12
CUST-02689,Arjun Mehta,Karnataka,Bengaluru,560001,Organic Search,2024-04-07
CUST-02690,Shreya Joshi,Tamil Nadu,Madurai,625001,Organic Search,2024-09-12
CUST-02691,Ananya Singh,Karnataka,Hubballi,580020,Referral / WhatsApp Share,2024-12-02
CUST-02692,Shreya Verma,Telangana,Nizamabad,503001,Affiliate,2025-08-14
CUST-02693,Aditya Singh,Karnataka,Mysuru,570001,Direct App Open,2025-01-18
CUST-02694,Rahul Mehta,Telangana,Nizamabad,503001,Organic Search,2025-01-29
CUST-02695,Rahul Sharma,Gujarat,Ahmedabad,380001,Organic Search,2024-05-26
CUST-02696,Rahul Sharma,Gujarat,Ahmedabad,380001,Direct App Open,2024-11-26
CUST-02697,Aarav Deshmukh,Rajasthan,Jodhpur,342001,Referral / WhatsApp Share,2024-07-11
CUST-02698,Rahul Deshmukh,Bihar,Gaya,823001,Paid Ads (Instagram/FB),2025-04-09
CUST-02699,Pooja Singh,Madhya Pradesh,Indore,452001,Organic Search,2024-10-13
CUST-02700,Rahul Nair,West Bengal,Howrah,711101,Paid Ads (Instagram/FB),2024-09-18
CUST-02701,Sneha Verma,Madhya Pradesh,Indore,452001,Organic Search,2024-12-16
CUST-02702,Siddharth Nair,Tamil Nadu,Chennai,600001,Referral / WhatsApp Share,2025-03-12
CUST-02703,Rahul Sharma,Madhya Pradesh,Bhopal,462001,Organic Search,2024-08-20
CUST-02704,Neha Patel,Uttar Pradesh,Varanasi,221001,Paid Ads (Instagram/FB),2024-12-21
CUST-02705,Vikram Verma,Bihar,Muzaffarpur,842001,Organic Search,2025-05-31
CUST-02706,Rohan Joshi,Madhya Pradesh,Bhopal,462001,Paid Ads (Instagram/FB),2024-08-15
CUST-02707,Siddharth Sharma,Gujarat,Vadodara,390001,Referral / WhatsApp Share,2025-06-22
CUST-02708,Pooja Mehta,Telangana,Nizamabad,503001,Affiliate,2024-02-18
CUST-02709,Siddharth Nair,West Bengal,Siliguri,734001,Paid Ads (Instagram/FB),2025-06-27
CUST-02710,Rohan Kulkarni,Karnataka,Bengaluru,560001,Paid Ads (Instagram/FB),2024-08-19
CUST-02711,Kavya Rao,Karnataka,Hubballi,580020,Affiliate,2025-03-10
CUST-02712,Kavya Iyer,Tamil Nadu,Chennai,600001,Direct App Open,2024-10-30
CUST-02713,Kabir Nair,Bihar,Gaya,823001,Direct App Open,2024-11-25
CUST-02714,Rohan Rao,Tamil Nadu,Chennai,600001,Organic Search,2024-09-14
CUST-02715,Shreya Nair,Tamil Nadu,Chennai,600001,Affiliate,2024-03-09
CUST-02716,Aarav Joshi,Karnataka,Bengaluru,560001,Direct App Open,2024-06-13
CUST-02717,Siddharth Iyer,Bihar,Patna,800001,Direct App Open,2025-02-04
CUST-02718,Pooja Iyer,Gujarat,Surat,395001,Organic Search,2024-08-19
CUST-02719,Vikram Mehta,Bihar,Patna,800001,Affiliate,2024-06-04
CUST-02720,Ananya Verma,Karnataka,Hubballi,580020,Referral / WhatsApp Share,2024-12-01
CUST-02721,Aarav Gupta,Uttar Pradesh,Varanasi,221001,Affiliate,2024-04-15
CUST-02722,Siddharth Gupta,Telangana,Warangal,506001,Paid Ads (Instagram/FB),2025-03-24
CUST-02723,Vikram Patel,Madhya Pradesh,Gwalior,474001,Affiliate,2025-04-10
CUST-02724,Rohan Patel,West Bengal,Howrah,711101,Organic Search,2025-01-25
CUST-02725,Kavya Singh,Uttar Pradesh,Agra,282001,Direct App Open,2025-08-22
CUST-02726,Rohan Rao,Rajasthan,Jodhpur,342001,Paid Ads (Instagram/FB),2025-06-19
CUST-02727,Priya Patel,Telangana,Nizamabad,503001,Referral / WhatsApp Share,2024-09-04
CUST-02728,Kavya Gupta,Rajasthan,Udaipur,313001,Direct App Open,2025-03-07
CUST-02729,Aarav Gupta,Uttar Pradesh,Varanasi,221001,Referral / WhatsApp Share,2024-09-14
CUST-02730,Rahul Nair,West Bengal,Howrah,711101,Referral / WhatsApp Share,2024-12-31
CUST-02731,Priya Sharma,Uttar Pradesh,Agra,282001,Paid Ads (Instagram/FB),2025-08-22
CUST-02732,Neha Iyer,Telangana,Warangal,506001,Referral / WhatsApp Share,2024-04-16
CUST-02733,Siddharth Rao,Rajasthan,Udaipur,313001,Affiliate,2025-08-02
CUST-02734,Kabir Deshmukh,Madhya Pradesh,Gwalior,474001,Direct App Open,2024-02-13
CUST-02735,Pooja Patel,Telangana,Nizamabad,503001,Organic Search,2025-08-12
CUST-02736,Priya Patel,Gujarat,Surat,395001,Affiliate,2025-03-07
CUST-02737,Kavya Joshi,Maharashtra,Nagpur,440001,Direct App Open,2025-04-16
CUST-02738,Pooja Nair,Maharashtra,Nashik,422001,Direct App Open,2024-01-27
CUST-02739,Ananya Deshmukh,Karnataka,Bengaluru,560001,Referral / WhatsApp Share,2024-04-11
CUST-02740,Vikram Joshi,Maharashtra,Nashik,422001,Referral / WhatsApp Share,2025-01-02
CUST-02741,Kavya Gupta,West Bengal,Howrah,711101,Paid Ads (Instagram/FB),2024-10-10
CUST-02742,Neha Sharma,West Bengal,Howrah,711101,Referral / WhatsApp Share,2024-06-13
CUST-02743,Ananya Nair,Madhya Pradesh,Gwalior,474001,Referral / WhatsApp Share,2025-02-14
CUST-02744,Siddharth Kulkarni,Karnataka,Mysuru,570001,Organic Search,2024-12-07
CUST-02745,Sneha Deshmukh,Madhya Pradesh,Gwalior,474001,Paid Ads (Instagram/FB),2024-11-20
CUST-02746,Kavya Singh,Uttar Pradesh,Lucknow,226001,Direct App Open,2024-11-16
CUST-02747,Pooja Verma,Karnataka,Mysuru,570001,Paid Ads (Instagram/FB),2024-09-28
CUST-02748,Kavya Rao,Rajasthan,Jodhpur,342001,Referral / WhatsApp Share,2025-03-24
CUST-02749,Aditya Kulkarni,Karnataka,Bengaluru,560001,Referral / WhatsApp Share,2024-01-17
CUST-02750,Priya Iyer,Telangana,Warangal,506001,Affiliate,2025-07-27
CUST-02751,Vikram Nair,Madhya Pradesh,Bhopal,462001,Direct App Open,2024-03-18
CUST-02752,Ananya Patel,Uttar Pradesh,Agra,282001,Referral / WhatsApp Share,2024-05-29
CUST-02753,Shreya Kulkarni,Madhya Pradesh,Indore,452001,Direct App Open,2024-05-16
CUST-02754,Aditya Joshi,Uttar Pradesh,Varanasi,221001,Affiliate,2025-08-06
CUST-02755,Priya Kulkarni,Gujarat,Surat,395001,Organic Search,2024-09-08
CUST-02756,Arjun Mehta,Tamil Nadu,Chennai,600001,Direct App Open,2024-08-17
CUST-02757,Kavya Rao,Gujarat,Ahmedabad,380001,Paid Ads (Instagram/FB),2025-03-26
CUST-02758,Rahul Iyer,Karnataka,Bengaluru,560001,Referral / WhatsApp Share,2024-09-06
CUST-02759,Aarav Deshmukh,Rajasthan,Jodhpur,342001,Direct App Open,2025-07-23
CUST-02760,Arjun Deshmukh,Gujarat,Surat,395001,Paid Ads (Instagram/FB),2025-06-15
CUST-02761,Pooja Joshi,Telangana,Warangal,506001,Referral / WhatsApp Share,2025-01-07
CUST-02762,Siddharth Singh,Bihar,Gaya,823001,Referral / WhatsApp Share,2024-08-28
CUST-02763,Sneha Nair,West Bengal,Kolkata,700001,Paid Ads (Instagram/FB),2024-11-25
CUST-02764,Kavya Rao,Gujarat,Vadodara,390001,Affiliate,2024-05-11
CUST-02765,Priya Nair,Rajasthan,Udaipur,313001,Referral / WhatsApp Share,2024-04-17
CUST-02766,Siddharth Deshmukh,Gujarat,Vadodara,390001,Referral / WhatsApp Share,2025-07-21
CUST-02767,Kavya Iyer,Rajasthan,Jodhpur,342001,Affiliate,2024-02-24
CUST-02768,Neha Deshmukh,Rajasthan,Jodhpur,342001,Affiliate,2025-03-22
CUST-02769,Priya Mehta,Maharashtra,Nashik,422001,Affiliate,2024-02-28
CUST-02770,Aditya Kulkarni,Rajasthan,Udaipur,313001,Paid Ads (Instagram/FB),2024-03-06
CUST-02771,Rahul Kulkarni,Uttar Pradesh,Varanasi,221001,Affiliate,2024-09-15
CUST-02772,Aditya Rao,Maharashtra,Nashik,422001,Direct App Open,2024-05-16
CUST-02773,Kabir Iyer,Rajasthan,Jodhpur,342001,Affiliate,2024-11-07
CUST-02774,Sneha Iyer,Telangana,Nizamabad,503001,Direct App Open,2024-05-27
CUST-02775,Siddharth Nair,Telangana,Warangal,506001,Organic Search,2024-02-24
CUST-02776,Shreya Kulkarni,Telangana,Hyderabad,500001,Organic Search,2024-03-06
CUST-02777,Arjun Joshi,Karnataka,Hubballi,580020,Paid Ads (Instagram/FB),2024-09-11
CUST-02778,Pooja Mehta,Karnataka,Bengaluru,560001,Direct App Open,2024-05-02
CUST-02779,Sneha Patel,Uttar Pradesh,Agra,282001,Affiliate,2025-01-31
CUST-02780,Siddharth Joshi,Bihar,Muzaffarpur,842001,Direct App Open,2024-05-21
CUST-02781,Kavya Kulkarni,Karnataka,Bengaluru,560001,Referral / WhatsApp Share,2024-12-29
CUST-02782,Rohan Rao,Bihar,Gaya,823001,Direct App Open,2024-04-02
CUST-02783,Rohan Singh,Bihar,Patna,800001,Paid Ads (Instagram/FB),2024-12-25
CUST-02784,Rahul Gupta,Uttar Pradesh,Varanasi,221001,Direct App Open,2024-04-06
CUST-02785,Arjun Singh,Maharashtra,Mumbai,400001,Affiliate,2024-03-01
CUST-02786,Rahul Kulkarni,Uttar Pradesh,Kanpur,208001,Organic Search,2025-06-25
CUST-02787,Aarav Sharma,West Bengal,Howrah,711101,Referral / WhatsApp Share,2024-01-29
CUST-02788,Siddharth Deshmukh,Telangana,Warangal,506001,Organic Search,2024-06-25
CUST-02789,Ananya Gupta,Telangana,Warangal,506001,Paid Ads (Instagram/FB),2025-07-02
CUST-02790,Ananya Kulkarni,Uttar Pradesh,Kanpur,208001,Affiliate,2025-01-18
CUST-02791,Pooja Mehta,Rajasthan,Udaipur,313001,Paid Ads (Instagram/FB),2025-06-03
CUST-02792,Rohan Verma,Maharashtra,Mumbai,400001,Affiliate,2024-05-03
CUST-02793,Siddharth Singh,Tamil Nadu,Chennai,600001,Referral / WhatsApp Share,2024-07-03
CUST-02794,Pooja Nair,Karnataka,Bengaluru,560001,Direct App Open,2024-07-16
CUST-02795,Pooja Mehta,Telangana,Warangal,506001,Direct App Open,2025-07-15
CUST-02796,Kavya Joshi,Rajasthan,Jaipur,302001,Affiliate,2024-03-08
CUST-02797,Sneha Iyer,West Bengal,Kolkata,700001,Paid Ads (Instagram/FB),2025-05-17
CUST-02798,Ananya Joshi,Maharashtra,Nagpur,440001,Organic Search,2025-05-06
CUST-02799,Siddharth Gupta,Telangana,Hyderabad,500001,Affiliate,2024-04-03
CUST-02800,Rahul Gupta,West Bengal,Siliguri,734001,Affiliate,2025-08-11
CUST-02801,Shreya Nair,Madhya Pradesh,Indore,452001,Affiliate,2024-07-24
CUST-02802,Vikram Kulkarni,Karnataka,Mysuru,570001,Paid Ads (Instagram/FB),2024-10-26
CUST-02803,Rahul Joshi,Bihar,Gaya,823001,Direct App Open,2024-03-25
CUST-02804,Neha Sharma,Rajasthan,Jaipur,302001,Referral / WhatsApp Share,2025-07-28
CUST-02805,Neha Deshmukh,Bihar,Gaya,823001,Direct App Open,2024-10-21
CUST-02806,Siddharth Gupta,Maharashtra,Mumbai,400001,Paid Ads (Instagram/FB),2024-04-01
CUST-02807,Vikram Deshmukh,Telangana,Nizamabad,503001,Paid Ads (Instagram/FB),2024-11-17
CUST-02808,Shreya Sharma,Madhya Pradesh,Bhopal,462001,Organic Search,2024-11-06
CUST-02809,Kabir Iyer,West Bengal,Siliguri,734001,Organic Search,2025-03-20
CUST-02810,Shreya Nair,Madhya Pradesh,Bhopal,462001,Affiliate,2025-01-14
CUST-02811,Rahul Rao,Maharashtra,Pune,411001,Organic Search,2025-04-13
CUST-02812,Rohan Iyer,West Bengal,Kolkata,700001,Paid Ads (Instagram/FB),2025-05-22
CUST-02813,Ananya Deshmukh,Telangana,Hyderabad,500001,Organic Search,2025-01-25
CUST-02814,Ananya Rao,Uttar Pradesh,Varanasi,221001,Organic Search,2024-09-03
CUST-02815,Rahul Kulkarni,Karnataka,Mysuru,570001,Paid Ads (Instagram/FB),2025-01-15
CUST-02816,Aditya Joshi,Maharashtra,Pune,411001,Paid Ads (Instagram/FB),2024-09-09
CUST-02817,Pooja Gupta,Tamil Nadu,Coimbatore,641001,Affiliate,2024-11-13
CUST-02818,Ananya Gupta,Tamil Nadu,Coimbatore,641001,Organic Search,2025-03-01
CUST-02819,Kavya Joshi,Bihar,Gaya,823001,Paid Ads (Instagram/FB),2025-05-14
CUST-02820,Vikram Deshmukh,Maharashtra,Nashik,422001,Organic Search,2025-04-04
CUST-02821,Rohan Gupta,Gujarat,Ahmedabad,380001,Organic Search,2024-04-28
CUST-02822,Rohan Verma,Uttar Pradesh,Kanpur,208001,Affiliate,2024-12-01
CUST-02823,Rohan Rao,Tamil Nadu,Madurai,625001,Direct App Open,2024-10-18
CUST-02824,Arjun Singh,Tamil Nadu,Madurai,625001,Referral / WhatsApp Share,2024-04-21
CUST-02825,Siddharth Patel,Bihar,Patna,800001,Organic Search,2025-07-22
CUST-02826,Kavya Verma,Gujarat,Ahmedabad,380001,Affiliate,2024-02-06
CUST-02827,Neha Verma,Uttar Pradesh,Lucknow,226001,Paid Ads (Instagram/FB),2024-02-08
CUST-02828,Kavya Joshi,Karnataka,Bengaluru,560001,Organic Search,2024-09-04
CUST-02829,Kabir Deshmukh,West Bengal,Howrah,711101,Paid Ads (Instagram/FB),2025-03-28
CUST-02830,Pooja Sharma,Madhya Pradesh,Bhopal,462001,Paid Ads (Instagram/FB),2024-11-21
CUST-02831,Aarav Deshmukh,Maharashtra,Pune,411001,Referral / WhatsApp Share,2024-09-13
CUST-02832,Aditya Mehta,West Bengal,Howrah,711101,Paid Ads (Instagram/FB),2024-02-27
CUST-02833,Kabir Joshi,Karnataka,Mysuru,570001,Affiliate,2024-03-06
CUST-02834,Ananya Mehta,Gujarat,Surat,395001,Direct App Open,2024-01-26
CUST-02835,Kavya Verma,Uttar Pradesh,Kanpur,208001,Affiliate,2025-06-25
CUST-02836,Vikram Nair,Karnataka,Bengaluru,560001,Affiliate,2024-11-21
CUST-02837,Aarav Patel,Uttar Pradesh,Agra,282001,Affiliate,2025-07-01
CUST-02838,Aarav Deshmukh,Karnataka,Hubballi,580020,Referral / WhatsApp Share,2025-01-14
CUST-02839,Aarav Mehta,Uttar Pradesh,Kanpur,208001,Organic Search,2025-01-25
CUST-02840,Aarav Deshmukh,Maharashtra,Nashik,422001,Affiliate,2024-05-02
CUST-02841,Kavya Iyer,Maharashtra,Mumbai,400001,Organic Search,2025-05-02
CUST-02842,Aditya Deshmukh,Bihar,Gaya,823001,Affiliate,2025-01-31
CUST-02843,Neha Rao,Gujarat,Vadodara,390001,Direct App Open,2024-09-13
CUST-02844,Sneha Gupta,Rajasthan,Jodhpur,342001,Paid Ads (Instagram/FB),2025-04-10
CUST-02845,Arjun Kulkarni,Gujarat,Ahmedabad,380001,Referral / WhatsApp Share,2024-06-27
CUST-02846,Kabir Singh,Karnataka,Mysuru,570001,Organic Search,2025-03-18
CUST-02847,Siddharth Singh,Karnataka,Bengaluru,560001,Direct App Open,2025-02-24
CUST-02848,Shreya Nair,Gujarat,Surat,395001,Paid Ads (Instagram/FB),2024-12-27
CUST-02849,Ananya Joshi,Bihar,Gaya,823001,Direct App Open,2025-04-08
CUST-02850,Neha Joshi,Rajasthan,Jodhpur,342001,Referral / WhatsApp Share,2024-11-29
CUST-02851,Rahul Joshi,Karnataka,Hubballi,580020,Affiliate,2024-07-29
CUST-02852,Ananya Iyer,Gujarat,Vadodara,390001,Paid Ads (Instagram/FB),2025-01-07
CUST-02853,Aditya Verma,Madhya Pradesh,Indore,452001,Referral / WhatsApp Share,2024-11-10
CUST-02854,Ananya Joshi,Karnataka,Mysuru,570001,Organic Search,2025-07-09
CUST-02855,Rahul Verma,Tamil Nadu,Madurai,625001,Direct App Open,2024-02-22
CUST-02856,Ananya Iyer,West Bengal,Siliguri,734001,Paid Ads (Instagram/FB),2025-01-28
CUST-02857,Aditya Nair,Bihar,Patna,800001,Direct App Open,2024-01-25
CUST-02858,Shreya Iyer,Bihar,Muzaffarpur,842001,Paid Ads (Instagram/FB),2024-10-06
CUST-02859,Shreya Gupta,Telangana,Hyderabad,500001,Direct App Open,2025-08-11
CUST-02860,Siddharth Iyer,Karnataka,Mysuru,570001,Referral / WhatsApp Share,2025-04-24
CUST-02861,Ananya Rao,Karnataka,Mysuru,570001,Referral / WhatsApp Share,2025-06-27
CUST-02862,Shreya Gupta,Maharashtra,Mumbai,400001,Organic Search,2024-03-28
CUST-02863,Aarav Sharma,Maharashtra,Nagpur,440001,Organic Search,2024-11-16
CUST-02864,Aditya Kulkarni,Gujarat,Vadodara,390001,Paid Ads (Instagram/FB),2024-08-06
CUST-02865,Vikram Patel,West Bengal,Siliguri,734001,Referral / WhatsApp Share,2025-08-20
CUST-02866,Aditya Verma,Rajasthan,Jodhpur,342001,Paid Ads (Instagram/FB),2024-10-23
CUST-02867,Vikram Patel,Madhya Pradesh,Bhopal,462001,Paid Ads (Instagram/FB),2024-06-16
CUST-02868,Kabir Patel,Madhya Pradesh,Gwalior,474001,Direct App Open,2024-06-11
CUST-02869,Arjun Nair,Rajasthan,Udaipur,313001,Referral / WhatsApp Share,2024-09-12
CUST-02870,Priya Gupta,Karnataka,Mysuru,570001,Organic Search,2024-02-10
CUST-02871,Rohan Joshi,Rajasthan,Jodhpur,342001,Direct App Open,2024-06-23
CUST-02872,Siddharth Sharma,Telangana,Nizamabad,503001,Referral / WhatsApp Share,2025-03-27
CUST-02873,Pooja Deshmukh,Karnataka,Mysuru,570001,Organic Search,2025-05-18
CUST-02874,Rahul Deshmukh,West Bengal,Howrah,711101,Organic Search,2025-01-13
CUST-02875,Priya Mehta,Karnataka,Hubballi,580020,Referral / WhatsApp Share,2025-02-07
CUST-02876,Aditya Mehta,Uttar Pradesh,Kanpur,208001,Referral / WhatsApp Share,2024-10-26
CUST-02877,Shreya Patel,West Bengal,Siliguri,734001,Direct App Open,2024-01-17
CUST-02878,Pooja Deshmukh,Bihar,Patna,800001,Referral / WhatsApp Share,2024-09-15
CUST-02879,Ananya Nair,Tamil Nadu,Madurai,625001,Organic Search,2025-05-16
CUST-02880,Sneha Mehta,Maharashtra,Pune,411001,Referral / WhatsApp Share,2024-09-26
CUST-02881,Neha Joshi,West Bengal,Kolkata,700001,Referral / WhatsApp Share,2025-04-14
CUST-02882,Rahul Patel,West Bengal,Siliguri,734001,Organic Search,2024-05-13
CUST-02883,Kavya Deshmukh,Maharashtra,Mumbai,400001,Referral / WhatsApp Share,2025-01-24
CUST-02884,Ananya Verma,Bihar,Gaya,823001,Organic Search,2024-10-03
CUST-02885,Shreya Joshi,West Bengal,Howrah,711101,Affiliate,2025-03-10
CUST-02886,Kabir Rao,West Bengal,Kolkata,700001,Referral / WhatsApp Share,2024-09-24
CUST-02887,Arjun Iyer,Rajasthan,Jodhpur,342001,Referral / WhatsApp Share,2024-03-26
CUST-02888,Aditya Verma,Uttar Pradesh,Varanasi,221001,Affiliate,2024-04-26
CUST-02889,Aarav Mehta,Uttar Pradesh,Kanpur,208001,Organic Search,2024-06-30
CUST-02890,Sneha Patel,Karnataka,Hubballi,580020,Paid Ads (Instagram/FB),2024-03-30
CUST-02891,Kavya Patel,Maharashtra,Mumbai,400001,Referral / WhatsApp Share,2024-03-13
CUST-02892,Rohan Deshmukh,Rajasthan,Udaipur,313001,Referral / WhatsApp Share,2024-04-18
CUST-02893,Pooja Patel,Maharashtra,Pune,411001,Paid Ads (Instagram/FB),2024-03-24
CUST-02894,Rohan Patel,Uttar Pradesh,Lucknow,226001,Direct App Open,2024-08-26
CUST-02895,Ananya Sharma,Uttar Pradesh,Agra,282001,Referral / WhatsApp Share,2025-06-26
CUST-02896,Ananya Verma,Gujarat,Vadodara,390001,Direct App Open,2024-07-09
CUST-02897,Neha Singh,Telangana,Hyderabad,500001,Direct App Open,2024-07-08
CUST-02898,Arjun Sharma,Uttar Pradesh,Kanpur,208001,Paid Ads (Instagram/FB),2024-09-26
CUST-02899,Rohan Nair,Telangana,Hyderabad,500001,Organic Search,2024-03-18
CUST-02900,Ananya Mehta,West Bengal,Kolkata,700001,Paid Ads (Instagram/FB),2025-02-08
CUST-02901,Rahul Deshmukh,Tamil Nadu,Madurai,625001,Direct App Open,2025-06-02
CUST-02902,Rahul Singh,Gujarat,Surat,395001,Referral / WhatsApp Share,2024-12-19
CUST-02903,Shreya Iyer,Madhya Pradesh,Bhopal,462001,Referral / WhatsApp Share,2024-10-15
CUST-02904,Siddharth Mehta,Uttar Pradesh,Lucknow,226001,Organic Search,2025-05-20
CUST-02905,Sneha Rao,Maharashtra,Nashik,422001,Organic Search,2025-04-01
CUST-02906,Aarav Rao,Uttar Pradesh,Varanasi,221001,Affiliate,2025-01-05
CUST-02907,Shreya Gupta,Telangana,Nizamabad,503001,Organic Search,2025-08-05
CUST-02908,Vikram Rao,West Bengal,Howrah,711101,Referral / WhatsApp Share,2025-05-06
CUST-02909,Sneha Verma,Tamil Nadu,Coimbatore,641001,Referral / WhatsApp Share,2025-07-13
CUST-02910,Shreya Iyer,Gujarat,Vadodara,390001,Paid Ads (Instagram/FB),2024-02-13
CUST-02911,Shreya Kulkarni,Bihar,Gaya,823001,Direct App Open,2024-11-28
CUST-02912,Aditya Joshi,Rajasthan,Jodhpur,342001,Direct App Open,2024-06-05
CUST-02913,Rohan Rao,Bihar,Gaya,823001,Organic Search,2024-05-22
CUST-02914,Siddharth Kulkarni,Bihar,Muzaffarpur,842001,Paid Ads (Instagram/FB),2025-02-13
CUST-02915,Sneha Sharma,Bihar,Muzaffarpur,842001,Paid Ads (Instagram/FB),2024-06-03
CUST-02916,Pooja Mehta,Gujarat,Ahmedabad,380001,Organic Search,2025-02-04
CUST-02917,Neha Mehta,Tamil Nadu,Coimbatore,641001,Paid Ads (Instagram/FB),2024-01-23
CUST-02918,Neha Joshi,Karnataka,Mysuru,570001,Affiliate,2024-10-11
CUST-02919,Ananya Iyer,Rajasthan,Udaipur,313001,Direct App Open,2025-03-19
CUST-02920,Kabir Mehta,Rajasthan,Udaipur,313001,Organic Search,2024-12-27
CUST-02921,Priya Patel,West Bengal,Siliguri,734001,Direct App Open,2024-10-23
CUST-02922,Rohan Iyer,Madhya Pradesh,Indore,452001,Paid Ads (Instagram/FB),2025-03-02
CUST-02923,Neha Sharma,Tamil Nadu,Madurai,625001,Paid Ads (Instagram/FB),2024-12-12
CUST-02924,Rahul Singh,Telangana,Warangal,506001,Affiliate,2024-05-04
CUST-02925,Pooja Mehta,Madhya Pradesh,Indore,452001,Referral / WhatsApp Share,2025-01-17
CUST-02926,Siddharth Rao,Karnataka,Mysuru,570001,Affiliate,2025-04-29
CUST-02927,Priya Sharma,Rajasthan,Jodhpur,342001,Direct App Open,2024-09-09
CUST-02928,Ananya Kulkarni,Gujarat,Surat,395001,Direct App Open,2024-10-14
CUST-02929,Arjun Kulkarni,Telangana,Warangal,506001,Paid Ads (Instagram/FB),2024-05-10
CUST-02930,Sneha Gupta,Telangana,Hyderabad,500001,Affiliate,2024-08-30
CUST-02931,Kavya Iyer,Rajasthan,Udaipur,313001,Direct App Open,2024-01-20
CUST-02932,Sneha Nair,Uttar Pradesh,Agra,282001,Paid Ads (Instagram/FB),2024-11-25
CUST-02933,Priya Nair,Rajasthan,Jodhpur,342001,Affiliate,2024-09-29
CUST-02934,Priya Verma,Bihar,Patna,800001,Referral / WhatsApp Share,2024-05-26
CUST-02935,Sneha Sharma,Rajasthan,Jaipur,302001,Paid Ads (Instagram/FB),2024-01-04
CUST-02936,Sneha Kulkarni,Telangana,Warangal,506001,Affiliate,2024-05-29
CUST-02937,Siddharth Singh,West Bengal,Howrah,711101,Referral / WhatsApp Share,2025-07-03
CUST-02938,Ananya Gupta,Gujarat,Vadodara,390001,Affiliate,2024-05-03
CUST-02939,Vikram Rao,Maharashtra,Pune,411001,Affiliate,2025-05-31
CUST-02940,Vikram Iyer,Bihar,Gaya,823001,Organic Search,2024-11-01
CUST-02941,Vikram Iyer,Karnataka,Mysuru,570001,Organic Search,2024-01-30
CUST-02942,Rahul Gupta,Bihar,Patna,800001,Referral / WhatsApp Share,2025-04-21
CUST-02943,Siddharth Mehta,Rajasthan,Udaipur,313001,Direct App Open,2025-07-22
CUST-02944,Rohan Deshmukh,Rajasthan,Jodhpur,342001,Organic Search,2024-10-07
CUST-02945,Neha Singh,Gujarat,Vadodara,390001,Affiliate,2025-04-09
CUST-02946,Vikram Mehta,Telangana,Hyderabad,500001,Referral / WhatsApp Share,2024-01-18
CUST-02947,Priya Sharma,West Bengal,Siliguri,734001,Direct App Open,2025-01-12
CUST-02948,Rohan Kulkarni,Bihar,Muzaffarpur,842001,Organic Search,2025-03-20
CUST-02949,Rahul Kulkarni,Bihar,Patna,800001,Referral / WhatsApp Share,2024-02-05
CUST-02950,Rahul Singh,West Bengal,Siliguri,734001,Affiliate,2024-02-10
CUST-02951,Aditya Nair,Maharashtra,Pune,411001,Direct App Open,2024-03-06
CUST-02952,Aditya Patel,Karnataka,Bengaluru,560001,Organic Search,2025-06-19
CUST-02953,Rohan Rao,Gujarat,Ahmedabad,380001,Referral / WhatsApp Share,2024-12-31
CUST-02954,Sneha Patel,Bihar,Gaya,823001,Organic Search,2025-05-19
CUST-02955,Kabir Nair,Maharashtra,Nashik,422001,Direct App Open,2024-06-07
CUST-02956,Arjun Patel,Gujarat,Surat,395001,Paid Ads (Instagram/FB),2024-04-28
CUST-02957,Siddharth Singh,Gujarat,Ahmedabad,380001,Organic Search,2025-07-25
CUST-02958,Aarav Sharma,Gujarat,Surat,395001,Organic Search,2024-02-13
CUST-02959,Ananya Iyer,Karnataka,Bengaluru,560001,Affiliate,2024-11-23
CUST-02960,Sneha Joshi,Bihar,Patna,800001,Affiliate,2024-10-23
CUST-02961,Neha Sharma,Bihar,Muzaffarpur,842001,Organic Search,2024-02-11
CUST-02962,Ananya Deshmukh,Maharashtra,Pune,411001,Paid Ads (Instagram/FB),2025-08-19
CUST-02963,Neha Sharma,West Bengal,Siliguri,734001,Organic Search,2025-08-18
CUST-02964,Aditya Kulkarni,Madhya Pradesh,Bhopal,462001,Direct App Open,2024-08-05
CUST-02965,Rohan Nair,Maharashtra,Nagpur,440001,Referral / WhatsApp Share,2025-07-23
CUST-02966,Sneha Nair,Bihar,Patna,800001,Paid Ads (Instagram/FB),2024-09-19
CUST-02967,Sneha Iyer,West Bengal,Howrah,711101,Direct App Open,2024-05-02
CUST-02968,Rahul Singh,Rajasthan,Jaipur,302001,Direct App Open,2025-06-08
CUST-02969,Siddharth Joshi,Gujarat,Ahmedabad,380001,Organic Search,2024-02-12
CUST-02970,Kabir Patel,Gujarat,Ahmedabad,380001,Affiliate,2024-11-01
CUST-02971,Kavya Rao,Gujarat,Vadodara,390001,Referral / WhatsApp Share,2025-01-04
CUST-02972,Neha Sharma,Gujarat,Vadodara,390001,Referral / WhatsApp Share,2024-08-10
CUST-02973,Arjun Sharma,Tamil Nadu,Chennai,600001,Paid Ads (Instagram/FB),2024-07-04
CUST-02974,Kavya Kulkarni,Gujarat,Surat,395001,Direct App Open,2024-12-01
CUST-02975,Neha Joshi,Telangana,Hyderabad,500001,Direct App Open,2025-05-06
CUST-02976,Arjun Deshmukh,Tamil Nadu,Madurai,625001,Paid Ads (Instagram/FB),2024-03-20
CUST-02977,Pooja Patel,Maharashtra,Mumbai,400001,Affiliate,2024-02-21
CUST-02978,Kavya Sharma,Tamil Nadu,Chennai,600001,Referral / WhatsApp Share,2025-03-31
CUST-02979,Kabir Rao,Telangana,Hyderabad,500001,Organic Search,2024-02-24
CUST-02980,Sneha Iyer,Gujarat,Surat,395001,Referral / WhatsApp Share,2024-03-18
CUST-02981,Vikram Joshi,Maharashtra,Nagpur,440001,Organic Search,2024-05-02
CUST-02982,Vikram Mehta,Tamil Nadu,Coimbatore,641001,Paid Ads (Instagram/FB),2024-05-03
CUST-02983,Aditya Gupta,Maharashtra,Nashik,422001,Paid Ads (Instagram/FB),2024-01-15
CUST-02984,Priya Patel,Gujarat,Surat,395001,Affiliate,2025-07-24
CUST-02985,Vikram Singh,Maharashtra,Nashik,422001,Organic Search,2024-06-05
CUST-02986,Ananya Patel,Bihar,Muzaffarpur,842001,Direct App Open,2024-01-31
CUST-02987,Aarav Verma,Bihar,Gaya,823001,Direct App Open,2024-06-28
CUST-02988,Aarav Deshmukh,Maharashtra,Mumbai,400001,Referral / WhatsApp Share,2024-10-15
CUST-02989,Shreya Verma,Gujarat,Surat,395001,Organic Search,2024-10-05
CUST-02990,Kavya Iyer,Gujarat,Vadodara,390001,Direct App Open,2024-01-02
CUST-02991,Rahul Sharma,Telangana,Warangal,506001,Affiliate,2025-05-15
CUST-02992,Siddharth Iyer,Maharashtra,Nagpur,440001,Referral / WhatsApp Share,2024-03-31
CUST-02993,Pooja Kulkarni,Rajasthan,Jodhpur,342001,Affiliate,2024-06-16
CUST-02994,Sneha Gupta,West Bengal,Siliguri,734001,Affiliate,2025-07-07
CUST-02995,Rohan Kulkarni,West Bengal,Howrah,711101,Paid Ads (Instagram/FB),2025-08-17
CUST-02996,Kabir Kulkarni,Rajasthan,Jodhpur,342001,Referral / WhatsApp Share,2024-05-31
CUST-02997,Kavya Gupta,Rajasthan,Udaipur,313001,Affiliate,2025-02-21
CUST-02998,Sneha Joshi,Uttar Pradesh,Varanasi,221001,Paid Ads (Instagram/FB),2024-12-06
CUST-02999,Aditya Kulkarni,Rajasthan,Jodhpur,342001,Affiliate,2024-06-17
CUST-03000,Aditya Sharma,West Bengal,Siliguri,734001,Paid Ads (Instagram/FB),2024-12-15
CUST-03001,Arjun Gupta,Karnataka,Hubballi,580020,Paid Ads (Instagram/FB),2024-07-29
CUST-03002,Kavya Rao,Bihar,Patna,800001,Direct App Open,2024-04-24
CUST-03003,Arjun Nair,Maharashtra,Mumbai,400001,Affiliate,2024-01-05
CUST-03004,Vikram Nair,Karnataka,Hubballi,580020,Paid Ads (Instagram/FB),2024-12-08
CUST-03005,Neha Patel,West Bengal,Siliguri,734001,Referral / WhatsApp Share,2025-07-15
CUST-03006,Aditya Joshi,Madhya Pradesh,Gwalior,474001,Direct App Open,2024-08-12
CUST-03007,Pooja Kulkarni,Bihar,Muzaffarpur,842001,Organic Search,2024-08-19
CUST-03008,Rahul Gupta,Rajasthan,Jaipur,302001,Paid Ads (Instagram/FB),2024-01-01
CUST-03009,Aditya Nair,Uttar Pradesh,Agra,282001,Paid Ads (Instagram/FB),2024-03-14
CUST-03010,Shreya Singh,Gujarat,Surat,395001,Referral / WhatsApp Share,2024-08-02
CUST-03011,Arjun Gupta,Uttar Pradesh,Kanpur,208001,Organic Search,2024-01-17
CUST-03012,Aarav Singh,Uttar Pradesh,Kanpur,208001,Paid Ads (Instagram/FB),2024-03-14
CUST-03013,Priya Singh,Rajasthan,Jaipur,302001,Direct App Open,2025-01-01
CUST-03014,Rahul Joshi,Maharashtra,Nagpur,440001,Referral / WhatsApp Share,2025-02-01
CUST-03015,Sneha Iyer,Tamil Nadu,Coimbatore,641001,Affiliate,2025-05-04
CUST-03016,Rahul Deshmukh,Telangana,Hyderabad,500001,Direct App Open,2024-02-02
CUST-03017,Neha Kulkarni,West Bengal,Kolkata,700001,Referral / WhatsApp Share,2025-04-29
CUST-03018,Kavya Joshi,Madhya Pradesh,Bhopal,462001,Direct App Open,2024-12-25
CUST-03019,Rahul Verma,Maharashtra,Nashik,422001,Organic Search,2025-05-14
CUST-03020,Siddharth Patel,Rajasthan,Jodhpur,342001,Affiliate,2024-04-04
CUST-03021,Priya Iyer,Uttar Pradesh,Agra,282001,Direct App Open,2024-12-11
CUST-03022,Ananya Deshmukh,Rajasthan,Jaipur,302001,Referral / WhatsApp Share,2024-11-13
CUST-03023,Arjun Rao,Rajasthan,Jaipur,302001,Affiliate,2025-02-24
CUST-03024,Priya Sharma,Karnataka,Hubballi,580020,Organic Search,2025-06-02
CUST-03025,Neha Patel,Madhya Pradesh,Bhopal,462001,Direct App Open,2024-10-08
CUST-03026,Shreya Deshmukh,Bihar,Muzaffarpur,842001,Organic Search,2024-09-16
CUST-03027,Pooja Patel,Madhya Pradesh,Indore,452001,Paid Ads (Instagram/FB),2025-04-07
CUST-03028,Vikram Mehta,Maharashtra,Nagpur,440001,Affiliate,2024-12-05
CUST-03029,Kabir Patel,Karnataka,Bengaluru,560001,Paid Ads (Instagram/FB),2025-05-08
CUST-03030,Neha Iyer,Maharashtra,Nashik,422001,Paid Ads (Instagram/FB),2025-01-20
CUST-03031,Aarav Singh,Karnataka,Bengaluru,560001,Referral / WhatsApp Share,2025-08-20
CUST-03032,Kavya Verma,Gujarat,Vadodara,390001,Direct App Open,2024-04-28
CUST-03033,Priya Mehta,Karnataka,Bengaluru,560001,Affiliate,2025-07-30
CUST-03034,Aarav Verma,Rajasthan,Jodhpur,342001,Direct App Open,2024-01-22
CUST-03035,Shreya Nair,West Bengal,Siliguri,734001,Affiliate,2024-04-18
CUST-03036,Kabir Verma,Maharashtra,Nagpur,440001,Direct App Open,2025-07-24
CUST-03037,Shreya Joshi,Uttar Pradesh,Lucknow,226001,Organic Search,2024-09-26
CUST-03038,Aditya Gupta,West Bengal,Howrah,711101,Direct App Open,2025-06-03
CUST-03039,Aditya Iyer,Karnataka,Bengaluru,560001,Organic Search,2024-06-14
CUST-03040,Priya Deshmukh,Karnataka,Hubballi,580020,Paid Ads (Instagram/FB),2025-04-01
CUST-03041,Rahul Nair,West Bengal,Siliguri,734001,Referral / WhatsApp Share,2025-05-04
CUST-03042,Priya Gupta,Karnataka,Hubballi,580020,Direct App Open,2024-04-28
CUST-03043,Arjun Sharma,Gujarat,Ahmedabad,380001,Paid Ads (Instagram/FB),2024-11-03
CUST-03044,Rohan Rao,Bihar,Patna,800001,Referral / WhatsApp Share,2024-03-02
CUST-03045,Arjun Sharma,Uttar Pradesh,Varanasi,221001,Affiliate,2025-06-27
CUST-03046,Aarav Singh,Karnataka,Mysuru,570001,Paid Ads (Instagram/FB),2025-05-06
CUST-03047,Siddharth Iyer,Gujarat,Vadodara,390001,Direct App Open,2025-05-04
CUST-03048,Neha Iyer,Uttar Pradesh,Kanpur,208001,Direct App Open,2025-07-20
CUST-03049,Rahul Gupta,Madhya Pradesh,Bhopal,462001,Paid Ads (Instagram/FB),2024-05-10
CUST-03050,Kavya Nair,Karnataka,Bengaluru,560001,Direct App Open,2025-06-09
CUST-03051,Priya Deshmukh,Karnataka,Bengaluru,560001,Direct App Open,2025-01-05
CUST-03052,Ananya Singh,Bihar,Patna,800001,Direct App Open,2024-02-13
CUST-03053,Kavya Kulkarni,Bihar,Patna,800001,Paid Ads (Instagram/FB),2025-01-17
CUST-03054,Kabir Verma,Telangana,Hyderabad,500001,Paid Ads (Instagram/FB),2025-05-05
CUST-03055,Pooja Nair,Bihar,Muzaffarpur,842001,Paid Ads (Instagram/FB),2024-09-04
CUST-03056,Pooja Nair,Tamil Nadu,Coimbatore,641001,Organic Search,2025-03-19
CUST-03057,Pooja Sharma,Bihar,Patna,800001,Affiliate,2024-03-27
CUST-03058,Shreya Mehta,Maharashtra,Nagpur,440001,Referral / WhatsApp Share,2025-02-06
CUST-03059,Vikram Verma,West Bengal,Howrah,711101,Affiliate,2024-11-30
CUST-03060,Aditya Singh,Rajasthan,Udaipur,313001,Direct App Open,2025-01-30
CUST-03061,Siddharth Rao,Telangana,Nizamabad,503001,Affiliate,2025-08-10
CUST-03062,Rohan Verma,West Bengal,Kolkata,700001,Direct App Open,2024-12-16
CUST-03063,Arjun Nair,Telangana,Nizamabad,503001,Organic Search,2024-09-14
CUST-03064,Rahul Singh,Tamil Nadu,Coimbatore,641001,Affiliate,2025-06-09
CUST-03065,Ananya Kulkarni,West Bengal,Kolkata,700001,Affiliate,2024-07-14
CUST-03066,Sneha Singh,Gujarat,Surat,395001,Affiliate,2025-02-25
CUST-03067,Vikram Singh,Telangana,Warangal,506001,Paid Ads (Instagram/FB),2024-05-22
CUST-03068,Siddharth Rao,Tamil Nadu,Chennai,600001,Referral / WhatsApp Share,2025-07-09
CUST-03069,Arjun Kulkarni,Gujarat,Surat,395001,Affiliate,2025-06-16
CUST-03070,Rohan Patel,Tamil Nadu,Madurai,625001,Paid Ads (Instagram/FB),2024-07-29
CUST-03071,Pooja Gupta,West Bengal,Kolkata,700001,Direct App Open,2025-01-18
CUST-03072,Ananya Joshi,Rajasthan,Udaipur,313001,Referral / WhatsApp Share,2025-08-04
CUST-03073,Neha Nair,West Bengal,Kolkata,700001,Referral / WhatsApp Share,2024-03-14
CUST-03074,Vikram Patel,Bihar,Muzaffarpur,842001,Direct App Open,2024-01-04
CUST-03075,Priya Iyer,Tamil Nadu,Coimbatore,641001,Direct App Open,2025-07-17
CUST-03076,Pooja Singh,Madhya Pradesh,Gwalior,474001,Direct App Open,2024-07-22
CUST-03077,Vikram Sharma,Bihar,Muzaffarpur,842001,Direct App Open,2024-04-20
CUST-03078,Neha Joshi,Bihar,Gaya,823001,Organic Search,2024-05-23
CUST-03079,Rohan Patel,West Bengal,Kolkata,700001,Organic Search,2024-03-12
CUST-03080,Vikram Patel,Madhya Pradesh,Gwalior,474001,Referral / WhatsApp Share,2024-05-10
CUST-03081,Siddharth Patel,Bihar,Patna,800001,Organic Search,2025-08-03
CUST-03082,Aarav Sharma,Uttar Pradesh,Varanasi,221001,Affiliate,2024-10-10
CUST-03083,Vikram Joshi,Gujarat,Ahmedabad,380001,Paid Ads (Instagram/FB),2025-08-07
CUST-03084,Siddharth Singh,Madhya Pradesh,Indore,452001,Paid Ads (Instagram/FB),2024-06-04
CUST-03085,Aarav Nair,Telangana,Warangal,506001,Paid Ads (Instagram/FB),2024-06-24
CUST-03086,Siddharth Joshi,Gujarat,Vadodara,390001,Affiliate,2024-01-18
CUST-03087,Rohan Patel,Telangana,Nizamabad,503001,Affiliate,2024-10-03
CUST-03088,Siddharth Verma,Uttar Pradesh,Lucknow,226001,Paid Ads (Instagram/FB),2025-02-20
CUST-03089,Ananya Iyer,Rajasthan,Udaipur,313001,Paid Ads (Instagram/FB),2024-06-26
CUST-03090,Aditya Iyer,Tamil Nadu,Chennai,600001,Organic Search,2024-09-01
CUST-03091,Rahul Singh,Bihar,Muzaffarpur,842001,Affiliate,2025-01-30
CUST-03092,Neha Iyer,Gujarat,Ahmedabad,380001,Organic Search,2025-02-22
CUST-03093,Shreya Verma,Rajasthan,Jaipur,302001,Direct App Open,2025-01-24
CUST-03094,Aarav Nair,Tamil Nadu,Chennai,600001,Direct App Open,2025-03-23
CUST-03095,Siddharth Nair,West Bengal,Howrah,711101,Organic Search,2025-05-26
CUST-03096,Arjun Deshmukh,Bihar,Gaya,823001,Affiliate,2024-07-29
CUST-03097,Sneha Mehta,Uttar Pradesh,Agra,282001,Paid Ads (Instagram/FB),2025-02-17
CUST-03098,Ananya Iyer,West Bengal,Howrah,711101,Direct App Open,2024-10-07
CUST-03099,Ananya Rao,Tamil Nadu,Chennai,600001,Direct App Open,2025-04-25
CUST-03100,Aarav Gupta,Telangana,Hyderabad,500001,Organic Search,2025-04-08
CUST-03101,Shreya Sharma,Bihar,Muzaffarpur,842001,Referral / WhatsApp Share,2025-01-03
CUST-03102,Kabir Sharma,Rajasthan,Jodhpur,342001,Direct App Open,2025-03-10
CUST-03103,Priya Joshi,Tamil Nadu,Coimbatore,641001,Paid Ads (Instagram/FB),2024-10-02
CUST-03104,Sneha Singh,Rajasthan,Jaipur,302001,Paid Ads (Instagram/FB),2024-08-12
CUST-03105,Kavya Deshmukh,Madhya Pradesh,Gwalior,474001,Affiliate,2024-07-19
CUST-03106,Kavya Sharma,Bihar,Gaya,823001,Organic Search,2024-08-22
CUST-03107,Priya Rao,Karnataka,Bengaluru,560001,Affiliate,2025-07-20
CUST-03108,Aarav Singh,Uttar Pradesh,Varanasi,221001,Direct App Open,2024-06-01
CUST-03109,Vikram Mehta,Bihar,Gaya,823001,Paid Ads (Instagram/FB),2024-08-22
CUST-03110,Kabir Singh,Karnataka,Hubballi,580020,Organic Search,2024-08-25
CUST-03111,Kavya Patel,Telangana,Hyderabad,500001,Affiliate,2024-06-29
CUST-03112,Vikram Nair,Rajasthan,Jodhpur,342001,Paid Ads (Instagram/FB),2024-08-29
CUST-03113,Aarav Iyer,Telangana,Nizamabad,503001,Organic Search,2024-03-09
CUST-03114,Siddharth Patel,Tamil Nadu,Chennai,600001,Affiliate,2024-05-07
CUST-03115,Siddharth Verma,Madhya Pradesh,Indore,452001,Paid Ads (Instagram/FB),2024-06-05
CUST-03116,Arjun Mehta,Gujarat,Ahmedabad,380001,Referral / WhatsApp Share,2024-06-24
CUST-03117,Siddharth Singh,Madhya Pradesh,Bhopal,462001,Affiliate,2025-05-31
CUST-03118,Aditya Sharma,Bihar,Patna,800001,Paid Ads (Instagram/FB),2024-02-19
CUST-03119,Neha Mehta,Karnataka,Bengaluru,560001,Affiliate,2025-01-11
CUST-03120,Pooja Singh,Rajasthan,Jaipur,302001,Direct App Open,2024-06-28
CUST-03121,Shreya Patel,Gujarat,Ahmedabad,380001,Affiliate,2024-02-13
CUST-03122,Priya Joshi,Karnataka,Bengaluru,560001,Referral / WhatsApp Share,2025-04-16
CUST-03123,Arjun Verma,Bihar,Muzaffarpur,842001,Affiliate,2025-02-17
CUST-03124,Aditya Nair,Rajasthan,Udaipur,313001,Affiliate,2024-12-28
CUST-03125,Siddharth Deshmukh,Telangana,Nizamabad,503001,Direct App Open,2024-09-14
CUST-03126,Arjun Joshi,Karnataka,Hubballi,580020,Direct App Open,2024-05-09
CUST-03127,Siddharth Sharma,Gujarat,Ahmedabad,380001,Affiliate,2025-01-11
CUST-03128,Kavya Singh,Uttar Pradesh,Agra,282001,Direct App Open,2025-01-19
CUST-03129,Vikram Kulkarni,Maharashtra,Nagpur,440001,Direct App Open,2024-07-22
CUST-03130,Siddharth Sharma,Gujarat,Surat,395001,Paid Ads (Instagram/FB),2025-04-05
CUST-03131,Kavya Deshmukh,Karnataka,Hubballi,580020,Referral / WhatsApp Share,2025-02-09
CUST-03132,Ananya Mehta,Maharashtra,Pune,411001,Direct App Open,2024-09-15
CUST-03133,Neha Joshi,Rajasthan,Udaipur,313001,Direct App Open,2025-01-15
CUST-03134,Aditya Iyer,Rajasthan,Jaipur,302001,Direct App Open,2024-02-22
CUST-03135,Ananya Mehta,Uttar Pradesh,Varanasi,221001,Referral / WhatsApp Share,2024-02-24
CUST-03136,Sneha Verma,Bihar,Muzaffarpur,842001,Direct App Open,2024-03-20
CUST-03137,Pooja Singh,West Bengal,Siliguri,734001,Affiliate,2025-05-03
CUST-03138,Aarav Verma,Uttar Pradesh,Varanasi,221001,Referral / WhatsApp Share,2024-07-17
CUST-03139,Vikram Nair,Karnataka,Bengaluru,560001,Organic Search,2024-05-29
CUST-03140,Shreya Rao,Madhya Pradesh,Indore,452001,Organic Search,2024-01-26
CUST-03141,Arjun Iyer,Madhya Pradesh,Indore,452001,Organic Search,2025-04-04
CUST-03142,Kabir Kulkarni,Telangana,Warangal,506001,Referral / WhatsApp Share,2024-11-30
CUST-03143,Vikram Kulkarni,Maharashtra,Mumbai,400001,Direct App Open,2025-05-14
CUST-03144,Kabir Nair,Maharashtra,Mumbai,400001,Paid Ads (Instagram/FB),2025-01-21
CUST-03145,Sneha Gupta,Rajasthan,Udaipur,313001,Referral / WhatsApp Share,2024-05-27
CUST-03146,Rohan Iyer,Uttar Pradesh,Agra,282001,Referral / WhatsApp Share,2025-02-07
CUST-03147,Ananya Sharma,Maharashtra,Nagpur,440001,Organic Search,2024-05-16
CUST-03148,Ananya Joshi,Telangana,Hyderabad,500001,Direct App Open,2024-06-04
CUST-03149,Kabir Nair,Telangana,Warangal,506001,Paid Ads (Instagram/FB),2024-01-01
CUST-03150,Priya Mehta,Maharashtra,Nagpur,440001,Direct App Open,2024-03-08
CUST-03151,Ananya Verma,Karnataka,Hubballi,580020,Direct App Open,2024-04-26
CUST-03152,Priya Gupta,Rajasthan,Jodhpur,342001,Affiliate,2025-01-16
CUST-03153,Kavya Verma,Tamil Nadu,Madurai,625001,Affiliate,2025-07-15
CUST-03154,Aditya Rao,West Bengal,Siliguri,734001,Referral / WhatsApp Share,2025-06-23
CUST-03155,Rohan Gupta,Telangana,Nizamabad,503001,Referral / WhatsApp Share,2024-09-08
CUST-03156,Ananya Sharma,Bihar,Gaya,823001,Referral / WhatsApp Share,2024-12-02
CUST-03157,Arjun Singh,Rajasthan,Udaipur,313001,Direct App Open,2024-02-22
CUST-03158,Pooja Singh,Tamil Nadu,Chennai,600001,Paid Ads (Instagram/FB),2025-07-22
CUST-03159,Ananya Iyer,Gujarat,Surat,395001,Paid Ads (Instagram/FB),2024-04-10
CUST-03160,Shreya Nair,Madhya Pradesh,Indore,452001,Direct App Open,2025-02-13
CUST-03161,Kabir Deshmukh,West Bengal,Howrah,711101,Organic Search,2024-09-05
CUST-03162,Rohan Deshmukh,Rajasthan,Udaipur,313001,Organic Search,2024-11-17
CUST-03163,Aditya Sharma,Bihar,Gaya,823001,Direct App Open,2024-06-06
CUST-03164,Kabir Verma,Maharashtra,Nagpur,440001,Referral / WhatsApp Share,2024-05-01
CUST-03165,Vikram Iyer,Rajasthan,Jodhpur,342001,Direct App Open,2024-08-07
CUST-03166,Kabir Joshi,Gujarat,Surat,395001,Paid Ads (Instagram/FB),2024-06-17
CUST-03167,Sneha Mehta,Telangana,Warangal,506001,Affiliate,2025-01-20
CUST-03168,Kavya Patel,Uttar Pradesh,Lucknow,226001,Organic Search,2024-01-09
CUST-03169,Rohan Nair,Bihar,Gaya,823001,Organic Search,2024-06-04
CUST-03170,Aarav Sharma,Rajasthan,Jaipur,302001,Organic Search,2024-05-16
CUST-03171,Vikram Kulkarni,West Bengal,Siliguri,734001,Affiliate,2024-03-30
CUST-03172,Aarav Mehta,Tamil Nadu,Coimbatore,641001,Organic Search,2024-02-09
CUST-03173,Pooja Patel,Maharashtra,Mumbai,400001,Paid Ads (Instagram/FB),2024-06-23
CUST-03174,Aditya Joshi,Rajasthan,Jaipur,302001,Referral / WhatsApp Share,2024-10-25
CUST-03175,Pooja Nair,Uttar Pradesh,Varanasi,221001,Paid Ads (Instagram/FB),2024-03-07
CUST-03176,Neha Deshmukh,Tamil Nadu,Chennai,600001,Affiliate,2024-04-08
CUST-03177,Neha Deshmukh,Gujarat,Vadodara,390001,Referral / WhatsApp Share,2024-02-02
CUST-03178,Kabir Kulkarni,Karnataka,Hubballi,580020,Direct App Open,2025-04-08
CUST-03179,Sneha Nair,Tamil Nadu,Coimbatore,641001,Direct App Open,2025-03-04
CUST-03180,Siddharth Iyer,Tamil Nadu,Madurai,625001,Referral / WhatsApp Share,2024-08-03
CUST-03181,Ananya Verma,Karnataka,Hubballi,580020,Paid Ads (Instagram/FB),2024-02-07
CUST-03182,Priya Sharma,Telangana,Hyderabad,500001,Paid Ads (Instagram/FB),2024-04-20
CUST-03183,Neha Mehta,Karnataka,Hubballi,580020,Organic Search,2024-10-16
CUST-03184,Siddharth Kulkarni,West Bengal,Siliguri,734001,Paid Ads (Instagram/FB),2025-05-08
CUST-03185,Kabir Joshi,Uttar Pradesh,Varanasi,221001,Paid Ads (Instagram/FB),2025-04-29
CUST-03186,Rahul Sharma,West Bengal,Kolkata,700001,Direct App Open,2024-07-15
CUST-03187,Sneha Patel,Maharashtra,Mumbai,400001,Referral / WhatsApp Share,2025-02-02
CUST-03188,Rohan Verma,Rajasthan,Udaipur,313001,Direct App Open,2024-11-27
CUST-03189,Neha Mehta,West Bengal,Siliguri,734001,Direct App Open,2024-11-18
CUST-03190,Aditya Deshmukh,Karnataka,Bengaluru,560001,Paid Ads (Instagram/FB),2024-09-13
CUST-03191,Kabir Patel,Rajasthan,Jodhpur,342001,Paid Ads (Instagram/FB),2024-02-13
CUST-03192,Aditya Mehta,Gujarat,Vadodara,390001,Affiliate,2025-05-22
CUST-03193,Vikram Iyer,Karnataka,Mysuru,570001,Organic Search,2024-01-10
CUST-03194,Rahul Kulkarni,West Bengal,Siliguri,734001,Referral / WhatsApp Share,2024-12-11
CUST-03195,Aarav Patel,Rajasthan,Udaipur,313001,Paid Ads (Instagram/FB),2024-08-04
CUST-03196,Rohan Kulkarni,Madhya Pradesh,Indore,452001,Affiliate,2025-02-04
CUST-03197,Aditya Nair,Telangana,Nizamabad,503001,Affiliate,2024-07-20
CUST-03198,Kabir Rao,Maharashtra,Nashik,422001,Affiliate,2025-07-14
CUST-03199,Vikram Nair,Rajasthan,Jaipur,302001,Referral / WhatsApp Share,2024-12-06
CUST-03200,Aarav Joshi,Telangana,Nizamabad,503001,Organic Search,2025-04-30
CUST-03201,Kavya Joshi,Rajasthan,Udaipur,313001,Affiliate,2024-08-24
CUST-03202,Aditya Kulkarni,Telangana,Hyderabad,500001,Direct App Open,2024-09-28
CUST-03203,Vikram Gupta,Maharashtra,Pune,411001,Affiliate,2024-09-17
CUST-03204,Kabir Singh,Maharashtra,Pune,411001,Organic Search,2024-08-15
CUST-03205,Kavya Verma,Gujarat,Surat,395001,Organic Search,2025-03-16
CUST-03206,Aarav Patel,Tamil Nadu,Madurai,625001,Affiliate,2025-03-02
CUST-03207,Aarav Nair,Tamil Nadu,Madurai,625001,Organic Search,2025-05-23
CUST-03208,Pooja Iyer,Madhya Pradesh,Gwalior,474001,Affiliate,2024-10-21
CUST-03209,Siddharth Patel,Gujarat,Surat,395001,Affiliate,2024-12-02
CUST-03210,Rohan Nair,Gujarat,Ahmedabad,380001,Direct App Open,2024-03-22
CUST-03211,Sneha Gupta,Gujarat,Surat,395001,Organic Search,2024-04-11
CUST-03212,Rohan Rao,Tamil Nadu,Chennai,600001,Referral / WhatsApp Share,2024-09-20
CUST-03213,Kabir Mehta,Bihar,Patna,800001,Paid Ads (Instagram/FB),2025-01-05
CUST-03214,Priya Singh,Tamil Nadu,Madurai,625001,Affiliate,2024-03-11
CUST-03215,Priya Mehta,Uttar Pradesh,Lucknow,226001,Paid Ads (Instagram/FB),2024-03-08
CUST-03216,Siddharth Singh,Karnataka,Bengaluru,560001,Direct App Open,2024-12-11
CUST-03217,Priya Nair,Madhya Pradesh,Indore,452001,Affiliate,2024-05-05
CUST-03218,Neha Gupta,Telangana,Warangal,506001,Organic Search,2024-12-30
CUST-03219,Siddharth Patel,West Bengal,Kolkata,700001,Direct App Open,2024-07-12
CUST-03220,Arjun Singh,Maharashtra,Mumbai,400001,Organic Search,2024-06-15
CUST-03221,Rohan Kulkarni,Karnataka,Hubballi,580020,Affiliate,2024-07-17
CUST-03222,Neha Gupta,West Bengal,Kolkata,700001,Referral / WhatsApp Share,2025-02-02
CUST-03223,Siddharth Joshi,Uttar Pradesh,Agra,282001,Paid Ads (Instagram/FB),2024-06-20
CUST-03224,Ananya Deshmukh,Rajasthan,Udaipur,313001,Organic Search,2024-08-20
CUST-03225,Kavya Gupta,Rajasthan,Udaipur,313001,Direct App Open,2025-01-31
CUST-03226,Sneha Gupta,West Bengal,Kolkata,700001,Organic Search,2024-02-07
CUST-03227,Neha Iyer,Maharashtra,Nagpur,440001,Organic Search,2025-01-16
CUST-03228,Rahul Kulkarni,Bihar,Muzaffarpur,842001,Organic Search,2024-11-18
CUST-03229,Kavya Verma,Uttar Pradesh,Kanpur,208001,Organic Search,2025-06-17
CUST-03230,Arjun Patel,Telangana,Hyderabad,500001,Direct App Open,2025-05-21
CUST-03231,Arjun Nair,West Bengal,Kolkata,700001,Affiliate,2024-02-03
CUST-03232,Siddharth Gupta,West Bengal,Kolkata,700001,Referral / WhatsApp Share,2025-07-03
CUST-03233,Kavya Joshi,Tamil Nadu,Chennai,600001,Organic Search,2024-02-26
CUST-03234,Vikram Gupta,Karnataka,Hubballi,580020,Referral / WhatsApp Share,2025-01-23
CUST-03235,Rohan Singh,West Bengal,Howrah,711101,Organic Search,2025-06-27
CUST-03236,Sneha Patel,Rajasthan,Jodhpur,342001,Referral / WhatsApp Share,2025-02-20
CUST-03237,Aarav Sharma,Tamil Nadu,Coimbatore,641001,Paid Ads (Instagram/FB),2024-04-05
CUST-03238,Kavya Mehta,Madhya Pradesh,Gwalior,474001,Affiliate,2024-04-12
CUST-03239,Sneha Patel,Uttar Pradesh,Varanasi,221001,Referral / WhatsApp Share,2024-11-21
CUST-03240,Aditya Patel,Karnataka,Hubballi,580020,Paid Ads (Instagram/FB),2025-08-19
CUST-03241,Siddharth Patel,Gujarat,Ahmedabad,380001,Referral / WhatsApp Share,2024-11-14
CUST-03242,Kavya Nair,Madhya Pradesh,Bhopal,462001,Affiliate,2025-08-14
CUST-03243,Kavya Rao,Madhya Pradesh,Indore,452001,Affiliate,2024-10-31
CUST-03244,Priya Joshi,Maharashtra,Nagpur,440001,Direct App Open,2024-04-05
CUST-03245,Rahul Kulkarni,Tamil Nadu,Madurai,625001,Organic Search,2024-05-20
CUST-03246,Priya Patel,Telangana,Hyderabad,500001,Organic Search,2025-05-03
CUST-03247,Aarav Verma,West Bengal,Howrah,711101,Affiliate,2024-04-19
CUST-03248,Vikram Mehta,Telangana,Nizamabad,503001,Paid Ads (Instagram/FB),2024-03-24
CUST-03249,Sneha Mehta,Karnataka,Hubballi,580020,Affiliate,2024-04-16
CUST-03250,Rahul Sharma,Rajasthan,Jaipur,302001,Paid Ads (Instagram/FB),2024-06-22
CUST-03251,Shreya Gupta,Madhya Pradesh,Bhopal,462001,Direct App Open,2024-01-06
CUST-03252,Rahul Nair,Tamil Nadu,Madurai,625001,Paid Ads (Instagram/FB),2025-05-19
CUST-03253,Arjun Iyer,Maharashtra,Nashik,422001,Paid Ads (Instagram/FB),2025-02-01
CUST-03254,Ananya Nair,Tamil Nadu,Coimbatore,641001,Paid Ads (Instagram/FB),2025-02-18
CUST-03255,Pooja Joshi,Telangana,Warangal,506001,Referral / WhatsApp Share,2024-09-12
CUST-03256,Pooja Patel,Bihar,Gaya,823001,Affiliate,2025-05-24
CUST-03257,Aarav Patel,Bihar,Muzaffarpur,842001,Paid Ads (Instagram/FB),2024-09-16
CUST-03258,Shreya Mehta,Telangana,Hyderabad,500001,Affiliate,2024-05-02
CUST-03259,Rahul Iyer,Karnataka,Hubballi,580020,Organic Search,2024-08-24
CUST-03260,Ananya Rao,Maharashtra,Mumbai,400001,Direct App Open,2024-05-16
CUST-03261,Ananya Singh,Uttar Pradesh,Lucknow,226001,Paid Ads (Instagram/FB),2024-04-23
CUST-03262,Kavya Rao,Maharashtra,Nashik,422001,Organic Search,2024-12-15
CUST-03263,Ananya Verma,Karnataka,Bengaluru,560001,Organic Search,2025-01-12
CUST-03264,Sneha Joshi,Bihar,Muzaffarpur,842001,Affiliate,2024-10-08
CUST-03265,Neha Gupta,Gujarat,Vadodara,390001,Paid Ads (Instagram/FB),2024-07-30
CUST-03266,Kabir Kulkarni,Gujarat,Vadodara,390001,Paid Ads (Instagram/FB),2025-05-16
CUST-03267,Neha Singh,Bihar,Patna,800001,Referral / WhatsApp Share,2024-01-04
CUST-03268,Kabir Verma,Karnataka,Bengaluru,560001,Organic Search,2025-04-14
CUST-03269,Arjun Singh,Gujarat,Surat,395001,Organic Search,2024-10-21
CUST-03270,Rohan Singh,Tamil Nadu,Chennai,600001,Direct App Open,2024-01-15
CUST-03271,Neha Nair,Uttar Pradesh,Agra,282001,Referral / WhatsApp Share,2024-11-06
CUST-03272,Rahul Iyer,Rajasthan,Jaipur,302001,Referral / WhatsApp Share,2025-05-03
CUST-03273,Kabir Singh,Karnataka,Mysuru,570001,Paid Ads (Instagram/FB),2025-03-24
CUST-03274,Aditya Mehta,Maharashtra,Pune,411001,Direct App Open,2025-01-28
CUST-03275,Ananya Nair,Madhya Pradesh,Gwalior,474001,Paid Ads (Instagram/FB),2024-04-22
CUST-03276,Vikram Rao,West Bengal,Siliguri,734001,Referral / WhatsApp Share,2024-04-11
CUST-03277,Vikram Gupta,Madhya Pradesh,Indore,452001,Direct App Open,2024-01-21
CUST-03278,Priya Deshmukh,Uttar Pradesh,Kanpur,208001,Referral / WhatsApp Share,2024-09-15
CUST-03279,Siddharth Iyer,Madhya Pradesh,Gwalior,474001,Affiliate,2025-06-26
CUST-03280,Aditya Mehta,Rajasthan,Udaipur,313001,Organic Search,2024-06-01
CUST-03281,Aarav Kulkarni,Madhya Pradesh,Indore,452001,Affiliate,2024-12-15
CUST-03282,Aarav Verma,Gujarat,Ahmedabad,380001,Organic Search,2024-11-09
CUST-03283,Shreya Joshi,Tamil Nadu,Madurai,625001,Referral / WhatsApp Share,2025-08-23
CUST-03284,Ananya Gupta,Bihar,Muzaffarpur,842001,Affiliate,2025-08-01
CUST-03285,Pooja Kulkarni,Uttar Pradesh,Agra,282001,Direct App Open,2024-07-19
CUST-03286,Aditya Iyer,West Bengal,Kolkata,700001,Referral / WhatsApp Share,2024-12-31
CUST-03287,Neha Iyer,Madhya Pradesh,Indore,452001,Direct App Open,2024-08-21
CUST-03288,Kabir Nair,Maharashtra,Mumbai,400001,Organic Search,2025-08-01
CUST-03289,Aditya Mehta,Gujarat,Surat,395001,Organic Search,2024-07-28
CUST-03290,Neha Joshi,Madhya Pradesh,Gwalior,474001,Organic Search,2024-04-15
CUST-03291,Rahul Nair,Rajasthan,Udaipur,313001,Paid Ads (Instagram/FB),2024-08-14
CUST-03292,Shreya Iyer,Gujarat,Surat,395001,Organic Search,2024-02-07
CUST-03293,Vikram Sharma,Telangana,Warangal,506001,Organic Search,2024-10-14
CUST-03294,Rahul Deshmukh,Rajasthan,Jaipur,302001,Organic Search,2024-12-14
CUST-03295,Aditya Iyer,Telangana,Hyderabad,500001,Organic Search,2024-09-13
CUST-03296,Siddharth Deshmukh,Madhya Pradesh,Gwalior,474001,Paid Ads (Instagram/FB),2024-02-15
CUST-03297,Neha Rao,Tamil Nadu,Madurai,625001,Paid Ads (Instagram/FB),2024-01-07
CUST-03298,Aditya Verma,Gujarat,Surat,395001,Referral / WhatsApp Share,2024-04-12
CUST-03299,Priya Nair,Telangana,Hyderabad,500001,Affiliate,2024-10-11
CUST-03300,Aarav Joshi,West Bengal,Howrah,711101,Direct App Open,2025-07-23
CUST-03301,Shreya Mehta,Maharashtra,Mumbai,400001,Affiliate,2024-01-22
CUST-03302,Rahul Singh,Gujarat,Ahmedabad,380001,Paid Ads (Instagram/FB),2024-08-27
CUST-03303,Shreya Sharma,Karnataka,Bengaluru,560001,Paid Ads (Instagram/FB),2024-07-21
CUST-03304,Rohan Singh,Rajasthan,Jaipur,302001,Direct App Open,2024-08-19
CUST-03305,Pooja Mehta,Maharashtra,Mumbai,400001,Paid Ads (Instagram/FB),2025-01-10
CUST-03306,Rahul Singh,Bihar,Patna,800001,Organic Search,2024-06-11
CUST-03307,Neha Joshi,Maharashtra,Pune,411001,Referral / WhatsApp Share,2024-02-05
CUST-03308,Arjun Mehta,Bihar,Patna,800001,Organic Search,2024-06-10
CUST-03309,Ananya Patel,Karnataka,Mysuru,570001,Organic Search,2025-03-21
CUST-03310,Ananya Rao,Karnataka,Mysuru,570001,Affiliate,2025-07-22
CUST-03311,Aditya Gupta,Madhya Pradesh,Gwalior,474001,Affiliate,2024-12-03
CUST-03312,Aditya Verma,Karnataka,Hubballi,580020,Affiliate,2025-08-03
CUST-03313,Ananya Verma,Bihar,Patna,800001,Affiliate,2025-03-31
CUST-03314,Vikram Kulkarni,Tamil Nadu,Madurai,625001,Paid Ads (Instagram/FB),2024-01-21
CUST-03315,Ananya Joshi,Tamil Nadu,Coimbatore,641001,Affiliate,2025-04-21
CUST-03316,Aditya Patel,Telangana,Hyderabad,500001,Paid Ads (Instagram/FB),2024-02-25
CUST-03317,Ananya Rao,Madhya Pradesh,Bhopal,462001,Affiliate,2025-05-05
CUST-03318,Kabir Gupta,Telangana,Nizamabad,503001,Paid Ads (Instagram/FB),2024-02-24
CUST-03319,Arjun Mehta,Madhya Pradesh,Bhopal,462001,Paid Ads (Instagram/FB),2024-09-03
CUST-03320,Aditya Sharma,Madhya Pradesh,Gwalior,474001,Affiliate,2024-03-16
CUST-03321,Ananya Nair,Madhya Pradesh,Bhopal,462001,Referral / WhatsApp Share,2025-06-21
CUST-03322,Arjun Patel,Tamil Nadu,Coimbatore,641001,Referral / WhatsApp Share,2025-07-16
CUST-03323,Rohan Mehta,Maharashtra,Nashik,422001,Direct App Open,2024-07-29
CUST-03324,Rohan Iyer,Uttar Pradesh,Kanpur,208001,Affiliate,2025-03-28
CUST-03325,Priya Joshi,Madhya Pradesh,Bhopal,462001,Referral / WhatsApp Share,2025-04-16
CUST-03326,Rohan Gupta,Tamil Nadu,Coimbatore,641001,Organic Search,2024-02-03
CUST-03327,Siddharth Sharma,Maharashtra,Mumbai,400001,Organic Search,2024-03-26
CUST-03328,Sneha Mehta,Telangana,Hyderabad,500001,Organic Search,2024-07-13
CUST-03329,Neha Patel,Rajasthan,Udaipur,313001,Referral / WhatsApp Share,2024-02-28
CUST-03330,Siddharth Gupta,Telangana,Hyderabad,500001,Paid Ads (Instagram/FB),2024-12-27
CUST-03331,Sneha Joshi,Uttar Pradesh,Varanasi,221001,Referral / WhatsApp Share,2024-09-24
CUST-03332,Rohan Patel,Madhya Pradesh,Bhopal,462001,Affiliate,2025-08-13
CUST-03333,Arjun Verma,Tamil Nadu,Coimbatore,641001,Affiliate,2024-03-19
CUST-03334,Rohan Mehta,Tamil Nadu,Madurai,625001,Affiliate,2024-02-13
CUST-03335,Sneha Joshi,Rajasthan,Jaipur,302001,Affiliate,2025-03-21
CUST-03336,Neha Sharma,Maharashtra,Mumbai,400001,Organic Search,2024-09-24
CUST-03337,Aditya Iyer,Bihar,Gaya,823001,Referral / WhatsApp Share,2024-03-31
CUST-03338,Sneha Rao,Madhya Pradesh,Indore,452001,Affiliate,2024-06-02
CUST-03339,Kabir Joshi,Telangana,Hyderabad,500001,Paid Ads (Instagram/FB),2025-02-26
CUST-03340,Rohan Singh,Madhya Pradesh,Bhopal,462001,Referral / WhatsApp Share,2025-01-13
CUST-03341,Rahul Sharma,West Bengal,Howrah,711101,Paid Ads (Instagram/FB),2025-08-13
CUST-03342,Kabir Rao,Maharashtra,Mumbai,400001,Direct App Open,2024-02-24
CUST-03343,Kabir Iyer,Gujarat,Surat,395001,Affiliate,2025-07-25
CUST-03344,Neha Deshmukh,West Bengal,Kolkata,700001,Affiliate,2025-06-22
CUST-03345,Rohan Mehta,Uttar Pradesh,Lucknow,226001,Referral / WhatsApp Share,2024-02-18
CUST-03346,Aditya Patel,Bihar,Gaya,823001,Affiliate,2024-05-07
CUST-03347,Aditya Nair,Madhya Pradesh,Gwalior,474001,Organic Search,2024-09-24
CUST-03348,Rahul Rao,Tamil Nadu,Madurai,625001,Paid Ads (Instagram/FB),2025-07-14
CUST-03349,Neha Verma,Gujarat,Vadodara,390001,Paid Ads (Instagram/FB),2025-01-22
CUST-03350,Shreya Iyer,Madhya Pradesh,Gwalior,474001,Organic Search,2025-02-13
CUST-03351,Vikram Iyer,Karnataka,Hubballi,580020,Organic Search,2024-05-24
CUST-03352,Shreya Joshi,Telangana,Nizamabad,503001,Referral / WhatsApp Share,2024-06-23
CUST-03353,Arjun Deshmukh,Tamil Nadu,Coimbatore,641001,Referral / WhatsApp Share,2024-06-11
CUST-03354,Aarav Iyer,Bihar,Muzaffarpur,842001,Paid Ads (Instagram/FB),2025-01-12
CUST-03355,Shreya Rao,Madhya Pradesh,Indore,452001,Paid Ads (Instagram/FB),2024-04-16
CUST-03356,Vikram Singh,Uttar Pradesh,Agra,282001,Organic Search,2025-02-03
CUST-03357,Vikram Gupta,Bihar,Patna,800001,Referral / WhatsApp Share,2025-01-17
CUST-03358,Siddharth Singh,Maharashtra,Pune,411001,Direct App Open,2024-08-22
CUST-03359,Shreya Gupta,West Bengal,Howrah,711101,Affiliate,2024-07-10
CUST-03360,Vikram Iyer,Maharashtra,Mumbai,400001,Direct App Open,2025-01-21
CUST-03361,Vikram Joshi,Tamil Nadu,Coimbatore,641001,Affiliate,2025-08-12
CUST-03362,Kavya Nair,Madhya Pradesh,Bhopal,462001,Paid Ads (Instagram/FB),2024-04-21
CUST-03363,Sneha Iyer,Madhya Pradesh,Gwalior,474001,Affiliate,2025-06-15
CUST-03364,Rohan Singh,West Bengal,Siliguri,734001,Paid Ads (Instagram/FB),2025-04-21
CUST-03365,Pooja Rao,Maharashtra,Nagpur,440001,Organic Search,2024-10-23
CUST-03366,Rahul Gupta,Maharashtra,Nagpur,440001,Paid Ads (Instagram/FB),2024-07-28
CUST-03367,Aditya Iyer,Gujarat,Surat,395001,Paid Ads (Instagram/FB),2025-06-22
CUST-03368,Vikram Deshmukh,West Bengal,Siliguri,734001,Organic Search,2025-02-08
CUST-03369,Shreya Iyer,Karnataka,Bengaluru,560001,Organic Search,2024-04-06
CUST-03370,Shreya Deshmukh,Rajasthan,Udaipur,313001,Direct App Open,2024-05-06
CUST-03371,Arjun Sharma,Telangana,Hyderabad,500001,Paid Ads (Instagram/FB),2024-04-03
CUST-03372,Rahul Gupta,Gujarat,Surat,395001,Paid Ads (Instagram/FB),2024-05-17
CUST-03373,Kabir Gupta,West Bengal,Kolkata,700001,Organic Search,2025-02-20
CUST-03374,Kavya Sharma,Uttar Pradesh,Lucknow,226001,Affiliate,2025-06-01
CUST-03375,Neha Kulkarni,Bihar,Patna,800001,Direct App Open,2025-05-27
CUST-03376,Kavya Joshi,Madhya Pradesh,Gwalior,474001,Affiliate,2024-01-09
CUST-03377,Aarav Mehta,Gujarat,Ahmedabad,380001,Organic Search,2025-08-23
CUST-03378,Priya Kulkarni,Bihar,Patna,800001,Affiliate,2024-05-10
CUST-03379,Kavya Deshmukh,Madhya Pradesh,Bhopal,462001,Paid Ads (Instagram/FB),2025-01-21
CUST-03380,Sneha Verma,Rajasthan,Jodhpur,342001,Referral / WhatsApp Share,2024-05-02
CUST-03381,Shreya Joshi,Maharashtra,Pune,411001,Direct App Open,2025-01-11
CUST-03382,Pooja Kulkarni,Karnataka,Bengaluru,560001,Organic Search,2024-11-14
CUST-03383,Pooja Patel,Uttar Pradesh,Varanasi,221001,Organic Search,2025-07-06
CUST-03384,Vikram Iyer,Gujarat,Surat,395001,Affiliate,2025-05-03
CUST-03385,Sneha Sharma,Telangana,Hyderabad,500001,Direct App Open,2024-07-18
CUST-03386,Rohan Rao,Karnataka,Bengaluru,560001,Affiliate,2025-06-01
CUST-03387,Rohan Patel,Gujarat,Surat,395001,Referral / WhatsApp Share,2024-12-09
CUST-03388,Sneha Joshi,Uttar Pradesh,Lucknow,226001,Referral / WhatsApp Share,2024-02-07
CUST-03389,Shreya Rao,Tamil Nadu,Chennai,600001,Affiliate,2025-07-02
CUST-03390,Kabir Rao,Maharashtra,Nagpur,440001,Organic Search,2024-12-11
CUST-03391,Ananya Verma,Bihar,Gaya,823001,Direct App Open,2024-02-17
CUST-03392,Arjun Rao,Uttar Pradesh,Lucknow,226001,Paid Ads (Instagram/FB),2025-03-12
CUST-03393,Siddharth Sharma,Maharashtra,Pune,411001,Organic Search,2025-06-16
CUST-03394,Aditya Iyer,West Bengal,Howrah,711101,Direct App Open,2024-03-31
CUST-03395,Kavya Sharma,Bihar,Patna,800001,Direct App Open,2024-03-15
CUST-03396,Sneha Rao,Gujarat,Ahmedabad,380001,Paid Ads (Instagram/FB),2024-08-11
CUST-03397,Vikram Kulkarni,West Bengal,Kolkata,700001,Direct App Open,2025-06-05
CUST-03398,Arjun Mehta,Bihar,Muzaffarpur,842001,Organic Search,2025-05-12
CUST-03399,Rahul Verma,Bihar,Muzaffarpur,842001,Paid Ads (Instagram/FB),2024-08-03
CUST-03400,Arjun Singh,Tamil Nadu,Madurai,625001,Organic Search,2024-04-28
CUST-03401,Ananya Singh,Madhya Pradesh,Bhopal,462001,Affiliate,2025-04-03
CUST-03402,Siddharth Iyer,West Bengal,Howrah,711101,Paid Ads (Instagram/FB),2025-05-03
CUST-03403,Kavya Gupta,Madhya Pradesh,Gwalior,474001,Affiliate,2024-05-19
CUST-03404,Kabir Sharma,Gujarat,Ahmedabad,380001,Referral / WhatsApp Share,2024-05-07
CUST-03405,Aarav Patel,West Bengal,Howrah,711101,Organic Search,2024-02-18
CUST-03406,Arjun Kulkarni,Telangana,Nizamabad,503001,Organic Search,2024-10-23
CUST-03407,Vikram Deshmukh,Karnataka,Bengaluru,560001,Direct App Open,2024-09-18
CUST-03408,Pooja Mehta,Bihar,Muzaffarpur,842001,Affiliate,2025-03-06
CUST-03409,Siddharth Deshmukh,Telangana,Warangal,506001,Referral / WhatsApp Share,2025-07-19
CUST-03410,Rahul Deshmukh,Telangana,Nizamabad,503001,Direct App Open,2024-04-01
CUST-03411,Aditya Nair,Tamil Nadu,Chennai,600001,Affiliate,2025-01-09
CUST-03412,Pooja Joshi,Telangana,Hyderabad,500001,Paid Ads (Instagram/FB),2024-12-04
CUST-03413,Pooja Patel,Tamil Nadu,Chennai,600001,Affiliate,2024-11-13
CUST-03414,Pooja Deshmukh,Gujarat,Ahmedabad,380001,Paid Ads (Instagram/FB),2024-04-20
CUST-03415,Rohan Iyer,Tamil Nadu,Chennai,600001,Direct App Open,2025-02-17
CUST-03416,Pooja Nair,Maharashtra,Nashik,422001,Affiliate,2024-01-24
CUST-03417,Arjun Verma,Karnataka,Mysuru,570001,Organic Search,2025-04-13
CUST-03418,Siddharth Joshi,Maharashtra,Nashik,422001,Paid Ads (Instagram/FB),2024-08-09
CUST-03419,Vikram Nair,Gujarat,Vadodara,390001,Affiliate,2024-08-13
CUST-03420,Sneha Gupta,Telangana,Warangal,506001,Paid Ads (Instagram/FB),2025-06-16
CUST-03421,Rohan Gupta,Madhya Pradesh,Bhopal,462001,Referral / WhatsApp Share,2024-01-04
CUST-03422,Aditya Kulkarni,Bihar,Muzaffarpur,842001,Organic Search,2024-05-25
CUST-03423,Aditya Rao,Telangana,Nizamabad,503001,Direct App Open,2024-12-15
CUST-03424,Aarav Nair,Karnataka,Mysuru,570001,Affiliate,2025-01-02
CUST-03425,Arjun Gupta,Karnataka,Mysuru,570001,Referral / WhatsApp Share,2024-04-05
CUST-03426,Siddharth Nair,Bihar,Muzaffarpur,842001,Direct App Open,2024-12-18
CUST-03427,Kabir Gupta,Uttar Pradesh,Kanpur,208001,Organic Search,2025-07-29
CUST-03428,Neha Joshi,Uttar Pradesh,Kanpur,208001,Paid Ads (Instagram/FB),2025-06-25
CUST-03429,Sneha Deshmukh,West Bengal,Kolkata,700001,Referral / WhatsApp Share,2024-07-15
CUST-03430,Siddharth Singh,Bihar,Muzaffarpur,842001,Paid Ads (Instagram/FB),2024-09-03
CUST-03431,Pooja Singh,Madhya Pradesh,Indore,452001,Organic Search,2024-01-31
CUST-03432,Kavya Mehta,Rajasthan,Jaipur,302001,Organic Search,2024-01-07
CUST-03433,Rahul Nair,Bihar,Muzaffarpur,842001,Direct App Open,2025-02-02
CUST-03434,Priya Sharma,Uttar Pradesh,Agra,282001,Affiliate,2024-07-25
CUST-03435,Priya Patel,Gujarat,Vadodara,390001,Referral / WhatsApp Share,2024-01-27
CUST-03436,Aarav Patel,Bihar,Muzaffarpur,842001,Organic Search,2024-10-12
CUST-03437,Priya Singh,Telangana,Hyderabad,500001,Referral / WhatsApp Share,2024-02-25
CUST-03438,Neha Joshi,Karnataka,Hubballi,580020,Affiliate,2024-07-19
CUST-03439,Kavya Deshmukh,Rajasthan,Udaipur,313001,Direct App Open,2024-05-27
CUST-03440,Aarav Rao,West Bengal,Kolkata,700001,Referral / WhatsApp Share,2024-10-03
CUST-03441,Aarav Verma,Rajasthan,Jodhpur,342001,Affiliate,2024-10-15
CUST-03442,Kabir Mehta,Maharashtra,Nashik,422001,Paid Ads (Instagram/FB),2025-02-16
CUST-03443,Siddharth Joshi,Karnataka,Hubballi,580020,Paid Ads (Instagram/FB),2024-12-18
CUST-03444,Aarav Nair,Uttar Pradesh,Agra,282001,Direct App Open,2025-01-28
CUST-03445,Aditya Sharma,Karnataka,Hubballi,580020,Affiliate,2024-03-09
CUST-03446,Siddharth Singh,Maharashtra,Nashik,422001,Affiliate,2025-06-30
CUST-03447,Vikram Patel,Gujarat,Ahmedabad,380001,Paid Ads (Instagram/FB),2025-04-09
CUST-03448,Ananya Patel,Karnataka,Mysuru,570001,Referral / WhatsApp Share,2024-06-24
CUST-03449,Ananya Kulkarni,Bihar,Patna,800001,Direct App Open,2025-07-11
CUST-03450,Aditya Patel,Rajasthan,Jaipur,302001,Paid Ads (Instagram/FB),2024-06-17
CUST-03451,Rahul Patel,Uttar Pradesh,Kanpur,208001,Organic Search,2025-01-23
CUST-03452,Priya Iyer,Bihar,Patna,800001,Affiliate,2024-11-21
CUST-03453,Rohan Verma,Rajasthan,Udaipur,313001,Affiliate,2024-12-19
CUST-03454,Kabir Patel,Gujarat,Ahmedabad,380001,Direct App Open,2024-03-17
CUST-03455,Aditya Gupta,Madhya Pradesh,Indore,452001,Referral / WhatsApp Share,2024-09-27
CUST-03456,Pooja Sharma,Karnataka,Hubballi,580020,Referral / WhatsApp Share,2024-02-18
CUST-03457,Rohan Joshi,Tamil Nadu,Madurai,625001,Organic Search,2024-04-06
CUST-03458,Kabir Singh,Tamil Nadu,Chennai,600001,Paid Ads (Instagram/FB),2025-04-07
CUST-03459,Ananya Gupta,Tamil Nadu,Chennai,600001,Direct App Open,2025-04-26
CUST-03460,Arjun Patel,Karnataka,Mysuru,570001,Direct App Open,2025-06-09
CUST-03461,Rohan Mehta,Uttar Pradesh,Lucknow,226001,Paid Ads (Instagram/FB),2024-04-04
CUST-03462,Aditya Verma,Telangana,Nizamabad,503001,Paid Ads (Instagram/FB),2024-04-14
CUST-03463,Rahul Iyer,Tamil Nadu,Madurai,625001,Direct App Open,2024-06-24
CUST-03464,Pooja Nair,West Bengal,Siliguri,734001,Direct App Open,2025-03-24
CUST-03465,Ananya Joshi,Gujarat,Vadodara,390001,Paid Ads (Instagram/FB),2024-04-27
CUST-03466,Kavya Nair,Karnataka,Hubballi,580020,Referral / WhatsApp Share,2025-02-22
CUST-03467,Aarav Kulkarni,Gujarat,Vadodara,390001,Direct App Open,2024-01-24
CUST-03468,Neha Rao,Telangana,Nizamabad,503001,Direct App Open,2025-02-16
CUST-03469,Rahul Patel,Rajasthan,Jodhpur,342001,Organic Search,2025-02-16
CUST-03470,Kavya Verma,Gujarat,Surat,395001,Affiliate,2024-05-30
CUST-03471,Kavya Sharma,West Bengal,Kolkata,700001,Direct App Open,2025-07-07
CUST-03472,Rohan Patel,Karnataka,Bengaluru,560001,Paid Ads (Instagram/FB),2024-12-23
CUST-03473,Sneha Gupta,Karnataka,Bengaluru,560001,Direct App Open,2025-01-09
CUST-03474,Aarav Kulkarni,Madhya Pradesh,Indore,452001,Organic Search,2024-09-28
CUST-03475,Kabir Deshmukh,Karnataka,Hubballi,580020,Organic Search,2025-06-19
CUST-03476,Rahul Mehta,Uttar Pradesh,Kanpur,208001,Referral / WhatsApp Share,2025-08-04
CUST-03477,Kabir Verma,Telangana,Hyderabad,500001,Affiliate,2025-07-01
CUST-03478,Siddharth Gupta,Tamil Nadu,Chennai,600001,Direct App Open,2025-07-08
CUST-03479,Vikram Nair,Maharashtra,Pune,411001,Paid Ads (Instagram/FB),2024-02-08
CUST-03480,Kavya Kulkarni,Maharashtra,Pune,411001,Affiliate,2025-03-19
CUST-03481,Shreya Deshmukh,Tamil Nadu,Madurai,625001,Referral / WhatsApp Share,2024-05-13
CUST-03482,Vikram Deshmukh,West Bengal,Siliguri,734001,Affiliate,2025-06-08
CUST-03483,Arjun Gupta,Uttar Pradesh,Lucknow,226001,Referral / WhatsApp Share,2024-12-21
CUST-03484,Neha Gupta,Madhya Pradesh,Gwalior,474001,Direct App Open,2024-02-06
CUST-03485,Shreya Gupta,Rajasthan,Jaipur,302001,Referral / WhatsApp Share,2024-07-02
CUST-03486,Ananya Nair,Bihar,Gaya,823001,Direct App Open,2025-05-04
CUST-03487,Ananya Nair,Karnataka,Bengaluru,560001,Affiliate,2025-04-07
CUST-03488,Vikram Joshi,Uttar Pradesh,Lucknow,226001,Direct App Open,2025-05-21
CUST-03489,Pooja Nair,Rajasthan,Jodhpur,342001,Affiliate,2024-06-02
CUST-03490,Kavya Deshmukh,Telangana,Warangal,506001,Affiliate,2025-05-24
CUST-03491,Shreya Mehta,Karnataka,Mysuru,570001,Affiliate,2025-08-13
CUST-03492,Ananya Verma,Maharashtra,Nagpur,440001,Affiliate,2024-01-01
CUST-03493,Kabir Gupta,Karnataka,Hubballi,580020,Paid Ads (Instagram/FB),2025-01-12
CUST-03494,Aarav Rao,Tamil Nadu,Chennai,600001,Referral / WhatsApp Share,2025-02-03
CUST-03495,Kabir Rao,Telangana,Warangal,506001,Direct App Open,2025-08-05
CUST-03496,Aarav Sharma,Uttar Pradesh,Kanpur,208001,Referral / WhatsApp Share,2025-07-08
CUST-03497,Rohan Rao,West Bengal,Howrah,711101,Referral / WhatsApp Share,2024-09-14
CUST-03498,Rohan Nair,Bihar,Gaya,823001,Affiliate,2025-02-07
CUST-03499,Ananya Mehta,West Bengal,Siliguri,734001,Referral / WhatsApp Share,2024-07-09
CUST-03500,Rahul Iyer,Karnataka,Hubballi,580020,Affiliate,2025-08-12
CUST-03501,Kavya Singh,Bihar,Patna,800001,Paid Ads (Instagram/FB),2025-07-13
CUST-03502,Aditya Deshmukh,Uttar Pradesh,Varanasi,221001,Direct App Open,2024-06-17
CUST-03503,Vikram Patel,West Bengal,Kolkata,700001,Affiliate,2024-12-11
CUST-03504,Shreya Verma,Karnataka,Mysuru,570001,Direct App Open,2024-06-20
CUST-03505,Pooja Mehta,Bihar,Muzaffarpur,842001,Paid Ads (Instagram/FB),2024-08-15
CUST-03506,Sneha Nair,Telangana,Nizamabad,503001,Referral / WhatsApp Share,2024-04-14
CUST-03507,Ananya Nair,Uttar Pradesh,Agra,282001,Referral / WhatsApp Share,2025-01-09
CUST-03508,Aarav Gupta,Rajasthan,Udaipur,313001,Referral / WhatsApp Share,2025-01-30
CUST-03509,Kavya Nair,West Bengal,Kolkata,700001,Affiliate,2024-11-24
CUST-03510,Siddharth Verma,Tamil Nadu,Coimbatore,641001,Paid Ads (Instagram/FB),2024-01-08
CUST-03511,Ananya Singh,Telangana,Hyderabad,500001,Affiliate,2025-08-13
CUST-03512,Priya Patel,Rajasthan,Udaipur,313001,Direct App Open,2024-06-17
CUST-03513,Aarav Iyer,Madhya Pradesh,Gwalior,474001,Referral / WhatsApp Share,2025-08-18
CUST-03514,Ananya Singh,Maharashtra,Mumbai,400001,Referral / WhatsApp Share,2024-08-03
CUST-03515,Kabir Singh,Uttar Pradesh,Varanasi,221001,Referral / WhatsApp Share,2025-04-09
CUST-03516,Priya Kulkarni,West Bengal,Kolkata,700001,Organic Search,2024-08-09
CUST-03517,Shreya Mehta,West Bengal,Siliguri,734001,Paid Ads (Instagram/FB),2025-03-05
CUST-03518,Neha Rao,Madhya Pradesh,Bhopal,462001,Paid Ads (Instagram/FB),2025-03-12
CUST-03519,Neha Kulkarni,Maharashtra,Mumbai,400001,Affiliate,2024-09-29
CUST-03520,Kavya Mehta,Uttar Pradesh,Varanasi,221001,Organic Search,2024-02-06
CUST-03521,Siddharth Kulkarni,Karnataka,Mysuru,570001,Direct App Open,2025-06-25
CUST-03522,Priya Rao,Telangana,Nizamabad,503001,Direct App Open,2025-07-28
CUST-03523,Aarav Deshmukh,Karnataka,Mysuru,570001,Organic Search,2024-10-05
CUST-03524,Sneha Mehta,Gujarat,Vadodara,390001,Affiliate,2025-07-25
CUST-03525,Kavya Kulkarni,Bihar,Patna,800001,Paid Ads (Instagram/FB),2024-12-04
CUST-03526,Arjun Joshi,Bihar,Patna,800001,Referral / WhatsApp Share,2025-08-20
CUST-03527,Arjun Joshi,Rajasthan,Udaipur,313001,Direct App Open,2024-10-13
CUST-03528,Vikram Mehta,Karnataka,Mysuru,570001,Referral / WhatsApp Share,2025-06-06
CUST-03529,Sneha Rao,Tamil Nadu,Madurai,625001,Referral / WhatsApp Share,2025-03-08
CUST-03530,Sneha Kulkarni,Telangana,Warangal,506001,Paid Ads (Instagram/FB),2025-05-29
CUST-03531,Rohan Singh,Telangana,Hyderabad,500001,Organic Search,2025-03-14
CUST-03532,Sneha Sharma,Karnataka,Bengaluru,560001,Organic Search,2024-02-13
CUST-03533,Rohan Singh,West Bengal,Siliguri,734001,Paid Ads (Instagram/FB),2025-08-23
CUST-03534,Rahul Iyer,Uttar Pradesh,Kanpur,208001,Paid Ads (Instagram/FB),2024-04-28
CUST-03535,Siddharth Kulkarni,West Bengal,Kolkata,700001,Paid Ads (Instagram/FB),2024-01-06
CUST-03536,Sneha Kulkarni,Rajasthan,Jaipur,302001,Affiliate,2024-07-27
CUST-03537,Rahul Gupta,Bihar,Muzaffarpur,842001,Paid Ads (Instagram/FB),2024-04-12
CUST-03538,Vikram Singh,Tamil Nadu,Madurai,625001,Affiliate,2025-01-27
CUST-03539,Kabir Deshmukh,Telangana,Nizamabad,503001,Direct App Open,2024-05-27
CUST-03540,Neha Rao,Gujarat,Surat,395001,Direct App Open,2025-03-27
CUST-03541,Shreya Singh,Bihar,Patna,800001,Organic Search,2024-05-12
CUST-03542,Sneha Nair,Karnataka,Mysuru,570001,Referral / WhatsApp Share,2024-08-02
CUST-03543,Priya Nair,Gujarat,Ahmedabad,380001,Affiliate,2024-04-18
CUST-03544,Shreya Mehta,Gujarat,Ahmedabad,380001,Paid Ads (Instagram/FB),2024-07-23
CUST-03545,Pooja Mehta,Maharashtra,Nagpur,440001,Affiliate,2024-04-04
CUST-03546,Aarav Joshi,Maharashtra,Mumbai,400001,Affiliate,2024-09-07
CUST-03547,Kabir Singh,Rajasthan,Jaipur,302001,Paid Ads (Instagram/FB),2025-07-20
CUST-03548,Neha Kulkarni,Maharashtra,Pune,411001,Direct App Open,2025-02-17
CUST-03549,Arjun Rao,Uttar Pradesh,Agra,282001,Paid Ads (Instagram/FB),2024-07-04
CUST-03550,Aditya Kulkarni,Rajasthan,Jodhpur,342001,Referral / WhatsApp Share,2024-09-23
CUST-03551,Shreya Kulkarni,Madhya Pradesh,Gwalior,474001,Referral / WhatsApp Share,2025-05-10
CUST-03552,Rohan Joshi,Karnataka,Hubballi,580020,Organic Search,2024-11-29
CUST-03553,Rohan Deshmukh,Uttar Pradesh,Agra,282001,Direct App Open,2025-07-21
CUST-03554,Ananya Rao,Uttar Pradesh,Agra,282001,Organic Search,2025-07-16
CUST-03555,Kavya Mehta,Rajasthan,Jaipur,302001,Direct App Open,2024-06-28
CUST-03556,Priya Verma,Gujarat,Ahmedabad,380001,Direct App Open,2024-08-10
CUST-03557,Aditya Deshmukh,Telangana,Hyderabad,500001,Organic Search,2024-11-29
CUST-03558,Rohan Mehta,Karnataka,Hubballi,580020,Affiliate,2024-08-07
CUST-03559,Shreya Joshi,Karnataka,Bengaluru,560001,Direct App Open,2024-11-30
CUST-03560,Rahul Deshmukh,Uttar Pradesh,Varanasi,221001,Paid Ads (Instagram/FB),2025-07-20
CUST-03561,Arjun Mehta,Gujarat,Ahmedabad,380001,Referral / WhatsApp Share,2025-01-07
CUST-03562,Shreya Iyer,Telangana,Nizamabad,503001,Paid Ads (Instagram/FB),2024-11-23
CUST-03563,Arjun Singh,Tamil Nadu,Coimbatore,641001,Organic Search,2025-05-15
CUST-03564,Shreya Gupta,Rajasthan,Udaipur,313001,Direct App Open,2024-08-12
CUST-03565,Rohan Joshi,Tamil Nadu,Chennai,600001,Organic Search,2025-08-07
CUST-03566,Sneha Singh,Tamil Nadu,Madurai,625001,Direct App Open,2024-04-29
CUST-03567,Rohan Verma,Telangana,Nizamabad,503001,Direct App Open,2024-01-03
CUST-03568,Rohan Deshmukh,Karnataka,Mysuru,570001,Organic Search,2024-06-14
CUST-03569,Aarav Kulkarni,Gujarat,Vadodara,390001,Affiliate,2025-04-24
CUST-03570,Siddharth Nair,Rajasthan,Udaipur,313001,Organic Search,2024-08-07
CUST-03571,Neha Rao,West Bengal,Kolkata,700001,Affiliate,2025-07-25
CUST-03572,Aditya Nair,Gujarat,Ahmedabad,380001,Paid Ads (Instagram/FB),2024-01-29
CUST-03573,Siddharth Gupta,Uttar Pradesh,Kanpur,208001,Referral / WhatsApp Share,2025-02-10
CUST-03574,Shreya Rao,Maharashtra,Pune,411001,Paid Ads (Instagram/FB),2024-02-08
CUST-03575,Aditya Sharma,Tamil Nadu,Madurai,625001,Direct App Open,2025-04-21
CUST-03576,Arjun Nair,Madhya Pradesh,Gwalior,474001,Direct App Open,2024-12-23
CUST-03577,Rahul Iyer,West Bengal,Siliguri,734001,Affiliate,2024-12-31
CUST-03578,Rohan Iyer,Madhya Pradesh,Indore,452001,Organic Search,2024-02-11
CUST-03579,Ananya Sharma,Tamil Nadu,Coimbatore,641001,Paid Ads (Instagram/FB),2025-02-01
CUST-03580,Rahul Patel,Telangana,Nizamabad,503001,Referral / WhatsApp Share,2024-04-22
CUST-03581,Neha Patel,West Bengal,Kolkata,700001,Paid Ads (Instagram/FB),2025-08-07
CUST-03582,Aditya Patel,Maharashtra,Pune,411001,Affiliate,2024-06-20
CUST-03583,Siddharth Rao,Telangana,Nizamabad,503001,Referral / WhatsApp Share,2024-01-25
CUST-03584,Priya Singh,Gujarat,Surat,395001,Referral / WhatsApp Share,2025-06-07
CUST-03585,Ananya Sharma,Telangana,Hyderabad,500001,Organic Search,2025-08-13
CUST-03586,Kabir Verma,Uttar Pradesh,Kanpur,208001,Affiliate,2025-05-26
CUST-03587,Priya Deshmukh,Uttar Pradesh,Kanpur,208001,Direct App Open,2024-02-19
CUST-03588,Rahul Mehta,Karnataka,Bengaluru,560001,Paid Ads (Instagram/FB),2024-06-10
CUST-03589,Priya Gupta,Rajasthan,Jodhpur,342001,Direct App Open,2024-05-22
CUST-03590,Aarav Patel,Telangana,Nizamabad,503001,Organic Search,2024-04-28
CUST-03591,Priya Joshi,Bihar,Patna,800001,Paid Ads (Instagram/FB),2024-07-04
CUST-03592,Aarav Patel,Telangana,Nizamabad,503001,Organic Search,2025-04-02
CUST-03593,Rohan Rao,West Bengal,Siliguri,734001,Affiliate,2025-03-24
CUST-03594,Aditya Iyer,Gujarat,Vadodara,390001,Paid Ads (Instagram/FB),2024-02-07
CUST-03595,Vikram Deshmukh,Gujarat,Surat,395001,Direct App Open,2024-12-11
CUST-03596,Ananya Nair,Maharashtra,Pune,411001,Direct App Open,2024-11-04
CUST-03597,Siddharth Nair,Uttar Pradesh,Kanpur,208001,Referral / WhatsApp Share,2024-06-29
CUST-03598,Priya Patel,Tamil Nadu,Chennai,600001,Affiliate,2025-02-08
CUST-03599,Rahul Nair,Karnataka,Mysuru,570001,Organic Search,2025-08-13
CUST-03600,Rahul Kulkarni,Karnataka,Bengaluru,560001,Affiliate,2024-10-20
CUST-03601,Kabir Mehta,Maharashtra,Pune,411001,Referral / WhatsApp Share,2024-12-24
CUST-03602,Shreya Joshi,Uttar Pradesh,Lucknow,226001,Paid Ads (Instagram/FB),2025-08-05
CUST-03603,Pooja Kulkarni,Karnataka,Hubballi,580020,Affiliate,2025-05-23
CUST-03604,Kavya Sharma,Uttar Pradesh,Kanpur,208001,Direct App Open,2024-05-01
CUST-03605,Rohan Singh,Gujarat,Surat,395001,Referral / WhatsApp Share,2025-07-16
CUST-03606,Sneha Nair,West Bengal,Howrah,711101,Referral / WhatsApp Share,2024-05-13
CUST-03607,Ananya Sharma,Tamil Nadu,Chennai,600001,Paid Ads (Instagram/FB),2024-01-27
CUST-03608,Rohan Verma,Maharashtra,Nashik,422001,Organic Search,2025-01-05
CUST-03609,Pooja Mehta,Rajasthan,Jaipur,302001,Affiliate,2025-05-21
CUST-03610,Vikram Sharma,Karnataka,Hubballi,580020,Affiliate,2024-03-03
CUST-03611,Neha Rao,Uttar Pradesh,Agra,282001,Direct App Open,2024-01-23
CUST-03612,Kabir Iyer,Karnataka,Bengaluru,560001,Referral / WhatsApp Share,2025-06-27
CUST-03613,Rahul Patel,West Bengal,Howrah,711101,Referral / WhatsApp Share,2024-06-11
CUST-03614,Kavya Gupta,Maharashtra,Pune,411001,Referral / WhatsApp Share,2024-02-03
CUST-03615,Ananya Sharma,Uttar Pradesh,Lucknow,226001,Affiliate,2025-01-06
CUST-03616,Aditya Joshi,Rajasthan,Udaipur,313001,Direct App Open,2025-01-12
CUST-03617,Kabir Singh,Telangana,Hyderabad,500001,Referral / WhatsApp Share,2025-03-29
CUST-03618,Pooja Gupta,West Bengal,Howrah,711101,Referral / WhatsApp Share,2025-03-11
CUST-03619,Kavya Mehta,Gujarat,Surat,395001,Direct App Open,2024-04-18
CUST-03620,Rohan Singh,Rajasthan,Jodhpur,342001,Organic Search,2024-04-23
CUST-03621,Aarav Nair,Maharashtra,Mumbai,400001,Affiliate,2024-05-05
CUST-03622,Aarav Iyer,Maharashtra,Nashik,422001,Affiliate,2024-08-23
CUST-03623,Priya Verma,Bihar,Gaya,823001,Organic Search,2025-05-15
CUST-03624,Rohan Joshi,Madhya Pradesh,Bhopal,462001,Affiliate,2024-01-14
CUST-03625,Arjun Patel,West Bengal,Howrah,711101,Organic Search,2024-05-31
CUST-03626,Pooja Sharma,Uttar Pradesh,Varanasi,221001,Organic Search,2025-04-19
CUST-03627,Priya Iyer,Madhya Pradesh,Bhopal,462001,Direct App Open,2025-04-08
CUST-03628,Priya Iyer,Maharashtra,Nashik,422001,Paid Ads (Instagram/FB),2024-12-06
CUST-03629,Priya Sharma,Tamil Nadu,Coimbatore,641001,Affiliate,2024-10-09
CUST-03630,Neha Singh,Gujarat,Surat,395001,Paid Ads (Instagram/FB),2024-04-26
CUST-03631,Shreya Iyer,Maharashtra,Mumbai,400001,Affiliate,2025-03-21
CUST-03632,Rohan Kulkarni,Madhya Pradesh,Gwalior,474001,Referral / WhatsApp Share,2025-04-02
CUST-03633,Kabir Rao,Bihar,Muzaffarpur,842001,Referral / WhatsApp Share,2025-05-23
CUST-03634,Aarav Iyer,Uttar Pradesh,Lucknow,226001,Referral / WhatsApp Share,2024-07-22
CUST-03635,Rahul Iyer,Telangana,Warangal,506001,Paid Ads (Instagram/FB),2025-03-26
CUST-03636,Aditya Singh,Bihar,Gaya,823001,Direct App Open,2024-06-01
CUST-03637,Priya Kulkarni,Telangana,Hyderabad,500001,Affiliate,2024-09-03
CUST-03638,Kavya Mehta,Rajasthan,Jaipur,302001,Organic Search,2024-02-28
CUST-03639,Vikram Joshi,Bihar,Gaya,823001,Organic Search,2024-11-14
CUST-03640,Sneha Gupta,Telangana,Hyderabad,500001,Organic Search,2024-04-29
CUST-03641,Aarav Verma,Telangana,Warangal,506001,Direct App Open,2024-05-07
CUST-03642,Aditya Singh,Maharashtra,Mumbai,400001,Referral / WhatsApp Share,2025-08-22
CUST-03643,Ananya Nair,Madhya Pradesh,Bhopal,462001,Affiliate,2024-10-03
CUST-03644,Pooja Sharma,West Bengal,Kolkata,700001,Organic Search,2024-11-20
CUST-03645,Siddharth Mehta,Maharashtra,Nagpur,440001,Affiliate,2025-05-28
CUST-03646,Aarav Deshmukh,Tamil Nadu,Madurai,625001,Affiliate,2025-05-23
CUST-03647,Aditya Joshi,Telangana,Nizamabad,503001,Direct App Open,2024-08-17
CUST-03648,Rahul Patel,Gujarat,Surat,395001,Affiliate,2025-03-25
CUST-03649,Rahul Patel,Bihar,Gaya,823001,Affiliate,2025-07-23
CUST-03650,Shreya Singh,Uttar Pradesh,Agra,282001,Direct App Open,2024-04-11
CUST-03651,Rohan Iyer,Rajasthan,Jodhpur,342001,Organic Search,2025-05-11
CUST-03652,Neha Deshmukh,Tamil Nadu,Chennai,600001,Paid Ads (Instagram/FB),2024-06-27
CUST-03653,Siddharth Kulkarni,Bihar,Patna,800001,Paid Ads (Instagram/FB),2025-06-11
CUST-03654,Rahul Deshmukh,Telangana,Warangal,506001,Affiliate,2025-08-05
CUST-03655,Aditya Patel,Telangana,Warangal,506001,Organic Search,2024-03-09
CUST-03656,Shreya Singh,Karnataka,Mysuru,570001,Paid Ads (Instagram/FB),2024-01-27
CUST-03657,Ananya Verma,Maharashtra,Nashik,422001,Affiliate,2024-06-24
CUST-03658,Priya Patel,Bihar,Patna,800001,Paid Ads (Instagram/FB),2024-01-29
CUST-03659,Rahul Gupta,Tamil Nadu,Chennai,600001,Affiliate,2024-03-26
CUST-03660,Ananya Kulkarni,Telangana,Nizamabad,503001,Affiliate,2025-05-31
CUST-03661,Aditya Deshmukh,Rajasthan,Jaipur,302001,Organic Search,2024-03-26
CUST-03662,Neha Sharma,Madhya Pradesh,Gwalior,474001,Affiliate,2024-10-23
CUST-03663,Aditya Gupta,Madhya Pradesh,Bhopal,462001,Organic Search,2025-07-13
CUST-03664,Aditya Joshi,Tamil Nadu,Coimbatore,641001,Affiliate,2024-05-21
CUST-03665,Rohan Patel,Rajasthan,Jodhpur,342001,Affiliate,2025-06-09
CUST-03666,Shreya Iyer,Telangana,Warangal,506001,Affiliate,2025-01-17
CUST-03667,Neha Sharma,Madhya Pradesh,Bhopal,462001,Organic Search,2024-01-27
CUST-03668,Vikram Nair,Maharashtra,Nashik,422001,Direct App Open,2024-11-23
CUST-03669,Neha Gupta,Uttar Pradesh,Kanpur,208001,Paid Ads (Instagram/FB),2025-01-24
CUST-03670,Pooja Patel,Tamil Nadu,Madurai,625001,Direct App Open,2024-04-03
CUST-03671,Siddharth Gupta,Uttar Pradesh,Kanpur,208001,Affiliate,2025-05-26
CUST-03672,Rahul Deshmukh,Tamil Nadu,Chennai,600001,Affiliate,2025-03-09
CUST-03673,Arjun Nair,Karnataka,Mysuru,570001,Direct App Open,2025-08-15
CUST-03674,Rahul Verma,Maharashtra,Nagpur,440001,Organic Search,2024-12-29
CUST-03675,Ananya Rao,Uttar Pradesh,Varanasi,221001,Organic Search,2025-08-17
CUST-03676,Kabir Patel,West Bengal,Howrah,711101,Organic Search,2025-05-21
CUST-03677,Aditya Nair,Gujarat,Ahmedabad,380001,Direct App Open,2024-10-17
CUST-03678,Rahul Rao,Madhya Pradesh,Gwalior,474001,Paid Ads (Instagram/FB),2024-12-07
CUST-03679,Shreya Joshi,West Bengal,Kolkata,700001,Direct App Open,2025-08-17
CUST-03680,Siddharth Gupta,Bihar,Patna,800001,Referral / WhatsApp Share,2024-02-16
CUST-03681,Aditya Deshmukh,Bihar,Muzaffarpur,842001,Referral / WhatsApp Share,2025-01-20
CUST-03682,Kabir Nair,Gujarat,Vadodara,390001,Referral / WhatsApp Share,2025-03-15
CUST-03683,Aarav Singh,Rajasthan,Udaipur,313001,Referral / WhatsApp Share,2024-06-04
CUST-03684,Priya Verma,Maharashtra,Pune,411001,Affiliate,2024-12-12
CUST-03685,Priya Joshi,Karnataka,Bengaluru,560001,Referral / WhatsApp Share,2025-08-16
CUST-03686,Siddharth Iyer,Bihar,Gaya,823001,Affiliate,2025-07-13
CUST-03687,Rohan Sharma,Madhya Pradesh,Gwalior,474001,Paid Ads (Instagram/FB),2024-09-29
CUST-03688,Arjun Joshi,Madhya Pradesh,Gwalior,474001,Affiliate,2024-08-21
CUST-03689,Pooja Sharma,Bihar,Patna,800001,Referral / WhatsApp Share,2025-02-08
CUST-03690,Neha Mehta,Madhya Pradesh,Indore,452001,Affiliate,2025-08-12
CUST-03691,Priya Joshi,Maharashtra,Mumbai,400001,Organic Search,2024-11-03
CUST-03692,Priya Iyer,Uttar Pradesh,Kanpur,208001,Referral / WhatsApp Share,2024-06-16
CUST-03693,Kavya Iyer,Bihar,Patna,800001,Paid Ads (Instagram/FB),2024-08-06
CUST-03694,Neha Rao,Bihar,Patna,800001,Referral / WhatsApp Share,2024-07-10
CUST-03695,Ananya Sharma,Tamil Nadu,Coimbatore,641001,Affiliate,2025-06-07
CUST-03696,Priya Joshi,West Bengal,Siliguri,734001,Organic Search,2024-06-18
CUST-03697,Sneha Singh,Tamil Nadu,Coimbatore,641001,Paid Ads (Instagram/FB),2024-09-25
CUST-03698,Priya Deshmukh,Uttar Pradesh,Agra,282001,Referral / WhatsApp Share,2024-02-02
CUST-03699,Kavya Iyer,Tamil Nadu,Coimbatore,641001,Organic Search,2025-08-03
CUST-03700,Kabir Joshi,Uttar Pradesh,Agra,282001,Direct App Open,2024-03-07
CUST-03701,Siddharth Nair,Karnataka,Hubballi,580020,Referral / WhatsApp Share,2025-07-05
CUST-03702,Pooja Nair,Maharashtra,Mumbai,400001,Direct App Open,2025-04-17
CUST-03703,Kavya Nair,Karnataka,Bengaluru,560001,Referral / WhatsApp Share,2024-03-22
CUST-03704,Neha Singh,Bihar,Muzaffarpur,842001,Organic Search,2024-08-19
CUST-03705,Kavya Kulkarni,Telangana,Hyderabad,500001,Direct App Open,2025-01-20
CUST-03706,Vikram Nair,Bihar,Muzaffarpur,842001,Affiliate,2024-09-11
CUST-03707,Shreya Deshmukh,Bihar,Muzaffarpur,842001,Affiliate,2025-07-16
CUST-03708,Neha Singh,Madhya Pradesh,Indore,452001,Affiliate,2024-11-15
CUST-03709,Shreya Patel,West Bengal,Howrah,711101,Affiliate,2024-09-24
CUST-03710,Sneha Gupta,Maharashtra,Mumbai,400001,Organic Search,2024-05-18
CUST-03711,Shreya Deshmukh,Karnataka,Bengaluru,560001,Direct App Open,2025-01-04
CUST-03712,Ananya Rao,Bihar,Muzaffarpur,842001,Organic Search,2024-12-25
CUST-03713,Priya Patel,Rajasthan,Jaipur,302001,Direct App Open,2024-03-04
CUST-03714,Ananya Deshmukh,Madhya Pradesh,Gwalior,474001,Direct App Open,2024-07-31
CUST-03715,Kabir Kulkarni,Gujarat,Surat,395001,Paid Ads (Instagram/FB),2024-04-12
CUST-03716,Arjun Deshmukh,Tamil Nadu,Coimbatore,641001,Referral / WhatsApp Share,2024-02-27
CUST-03717,Kabir Verma,Maharashtra,Mumbai,400001,Organic Search,2025-08-09
CUST-03718,Vikram Mehta,Tamil Nadu,Madurai,625001,Affiliate,2024-09-13
CUST-03719,Rohan Sharma,Tamil Nadu,Coimbatore,641001,Direct App Open,2024-10-07
CUST-03720,Siddharth Rao,Madhya Pradesh,Gwalior,474001,Direct App Open,2025-03-17
CUST-03721,Neha Joshi,Maharashtra,Nagpur,440001,Direct App Open,2024-09-25
CUST-03722,Rohan Sharma,Tamil Nadu,Coimbatore,641001,Direct App Open,2025-01-07
CUST-03723,Neha Verma,West Bengal,Siliguri,734001,Organic Search,2025-08-07
CUST-03724,Neha Singh,West Bengal,Kolkata,700001,Paid Ads (Instagram/FB),2025-06-02
CUST-03725,Siddharth Deshmukh,Maharashtra,Nashik,422001,Paid Ads (Instagram/FB),2024-09-05
CUST-03726,Kavya Kulkarni,Tamil Nadu,Coimbatore,641001,Direct App Open,2024-05-13
CUST-03727,Kavya Gupta,Karnataka,Mysuru,570001,Referral / WhatsApp Share,2024-10-23
CUST-03728,Aarav Patel,Bihar,Muzaffarpur,842001,Referral / WhatsApp Share,2024-12-21
CUST-03729,Ananya Sharma,Maharashtra,Nashik,422001,Paid Ads (Instagram/FB),2024-07-10
CUST-03730,Priya Mehta,Karnataka,Mysuru,570001,Paid Ads (Instagram/FB),2025-04-07
CUST-03731,Kabir Verma,Rajasthan,Jodhpur,342001,Direct App Open,2024-05-17
CUST-03732,Siddharth Kulkarni,Telangana,Hyderabad,500001,Direct App Open,2024-01-29
CUST-03733,Priya Patel,Karnataka,Mysuru,570001,Organic Search,2024-04-04
CUST-03734,Sneha Nair,Tamil Nadu,Madurai,625001,Affiliate,2025-02-01
CUST-03735,Aarav Sharma,Madhya Pradesh,Bhopal,462001,Organic Search,2025-04-30
CUST-03736,Pooja Nair,Bihar,Gaya,823001,Direct App Open,2025-07-26
CUST-03737,Rohan Iyer,Uttar Pradesh,Kanpur,208001,Affiliate,2025-01-01
CUST-03738,Neha Sharma,Tamil Nadu,Coimbatore,641001,Paid Ads (Instagram/FB),2025-02-22
CUST-03739,Siddharth Singh,Karnataka,Hubballi,580020,Direct App Open,2024-03-18
CUST-03740,Rohan Rao,Uttar Pradesh,Kanpur,208001,Organic Search,2024-07-27
CUST-03741,Arjun Singh,Gujarat,Vadodara,390001,Direct App Open,2024-12-16
CUST-03742,Ananya Joshi,West Bengal,Siliguri,734001,Affiliate,2025-01-30
CUST-03743,Kavya Nair,Maharashtra,Nashik,422001,Affiliate,2024-12-24
CUST-03744,Kavya Gupta,Karnataka,Mysuru,570001,Referral / WhatsApp Share,2025-06-10
CUST-03745,Rohan Singh,Karnataka,Bengaluru,560001,Affiliate,2024-08-26
CUST-03746,Arjun Kulkarni,Tamil Nadu,Coimbatore,641001,Referral / WhatsApp Share,2024-02-18
CUST-03747,Aarav Gupta,Bihar,Gaya,823001,Referral / WhatsApp Share,2025-01-11
CUST-03748,Vikram Gupta,Rajasthan,Jodhpur,342001,Paid Ads (Instagram/FB),2024-07-20
CUST-03749,Kavya Patel,Uttar Pradesh,Kanpur,208001,Paid Ads (Instagram/FB),2024-06-06
CUST-03750,Aditya Rao,Rajasthan,Jodhpur,342001,Affiliate,2025-05-18
CUST-03751,Rahul Deshmukh,Uttar Pradesh,Agra,282001,Direct App Open,2025-02-11
CUST-03752,Siddharth Iyer,Gujarat,Vadodara,390001,Referral / WhatsApp Share,2024-06-19
CUST-03753,Neha Mehta,Maharashtra,Pune,411001,Affiliate,2025-07-05
CUST-03754,Kabir Gupta,Karnataka,Bengaluru,560001,Direct App Open,2024-12-28
CUST-03755,Shreya Sharma,Madhya Pradesh,Bhopal,462001,Organic Search,2025-01-31
CUST-03756,Ananya Sharma,Tamil Nadu,Coimbatore,641001,Paid Ads (Instagram/FB),2024-02-03
CUST-03757,Kabir Deshmukh,Gujarat,Surat,395001,Affiliate,2025-05-30
CUST-03758,Kavya Mehta,Tamil Nadu,Madurai,625001,Paid Ads (Instagram/FB),2024-12-04
CUST-03759,Kavya Iyer,Tamil Nadu,Chennai,600001,Organic Search,2024-04-16
CUST-03760,Arjun Patel,Bihar,Gaya,823001,Direct App Open,2025-06-01
CUST-03761,Vikram Nair,Uttar Pradesh,Agra,282001,Referral / WhatsApp Share,2024-06-25
CUST-03762,Vikram Singh,Tamil Nadu,Madurai,625001,Referral / WhatsApp Share,2024-09-24
CUST-03763,Vikram Joshi,Maharashtra,Pune,411001,Affiliate,2025-01-05
CUST-03764,Shreya Patel,Rajasthan,Udaipur,313001,Affiliate,2024-08-10
CUST-03765,Neha Rao,Madhya Pradesh,Bhopal,462001,Organic Search,2024-11-24
CUST-03766,Ananya Gupta,Telangana,Hyderabad,500001,Paid Ads (Instagram/FB),2025-07-03
CUST-03767,Neha Nair,Madhya Pradesh,Gwalior,474001,Referral / WhatsApp Share,2025-07-05
CUST-03768,Shreya Joshi,Telangana,Nizamabad,503001,Affiliate,2025-03-11
CUST-03769,Pooja Nair,Madhya Pradesh,Bhopal,462001,Affiliate,2024-03-03
CUST-03770,Vikram Kulkarni,Rajasthan,Udaipur,313001,Paid Ads (Instagram/FB),2025-05-05
CUST-03771,Priya Singh,Rajasthan,Udaipur,313001,Paid Ads (Instagram/FB),2024-09-16
CUST-03772,Kabir Iyer,Maharashtra,Mumbai,400001,Affiliate,2025-07-07
CUST-03773,Shreya Joshi,Tamil Nadu,Chennai,600001,Referral / WhatsApp Share,2024-05-15
CUST-03774,Aditya Iyer,Madhya Pradesh,Gwalior,474001,Paid Ads (Instagram/FB),2025-04-05
CUST-03775,Rohan Nair,Gujarat,Ahmedabad,380001,Affiliate,2024-04-15
CUST-03776,Rohan Patel,Madhya Pradesh,Indore,452001,Organic Search,2025-02-05
CUST-03777,Aditya Mehta,Telangana,Hyderabad,500001,Paid Ads (Instagram/FB),2025-06-13
CUST-03778,Kavya Nair,Maharashtra,Pune,411001,Paid Ads (Instagram/FB),2024-05-29
CUST-03779,Priya Sharma,Uttar Pradesh,Lucknow,226001,Paid Ads (Instagram/FB),2024-08-23
CUST-03780,Rohan Sharma,Maharashtra,Mumbai,400001,Affiliate,2025-01-30
CUST-03781,Neha Joshi,Bihar,Patna,800001,Organic Search,2024-01-31
CUST-03782,Arjun Gupta,Telangana,Nizamabad,503001,Affiliate,2025-05-07
CUST-03783,Shreya Joshi,Uttar Pradesh,Lucknow,226001,Affiliate,2024-03-26
CUST-03784,Kavya Singh,Gujarat,Surat,395001,Direct App Open,2024-04-05
CUST-03785,Vikram Sharma,Gujarat,Vadodara,390001,Referral / WhatsApp Share,2024-11-22
CUST-03786,Rahul Iyer,Uttar Pradesh,Lucknow,226001,Direct App Open,2024-10-09
CUST-03787,Kabir Nair,Karnataka,Bengaluru,560001,Referral / WhatsApp Share,2024-11-12
CUST-03788,Kabir Deshmukh,West Bengal,Siliguri,734001,Organic Search,2024-02-05
CUST-03789,Aarav Iyer,Maharashtra,Nashik,422001,Direct App Open,2024-07-05
CUST-03790,Aarav Kulkarni,Tamil Nadu,Coimbatore,641001,Affiliate,2025-01-23
CUST-03791,Neha Patel,West Bengal,Kolkata,700001,Organic Search,2025-03-22
CUST-03792,Kabir Gupta,Bihar,Gaya,823001,Referral / WhatsApp Share,2024-04-04
CUST-03793,Priya Sharma,Bihar,Gaya,823001,Referral / WhatsApp Share,2024-03-29
CUST-03794,Shreya Patel,Gujarat,Surat,395001,Organic Search,2025-04-02
CUST-03795,Arjun Kulkarni,Uttar Pradesh,Agra,282001,Affiliate,2024-10-02
CUST-03796,Siddharth Deshmukh,Rajasthan,Jaipur,302001,Affiliate,2024-01-16
CUST-03797,Sneha Nair,Gujarat,Surat,395001,Direct App Open,2025-07-15
CUST-03798,Ananya Singh,Madhya Pradesh,Bhopal,462001,Direct App Open,2025-07-01
CUST-03799,Shreya Deshmukh,Telangana,Nizamabad,503001,Direct App Open,2024-06-12
CUST-03800,Kabir Deshmukh,Rajasthan,Jaipur,302001,Affiliate,2024-08-27
CUST-03801,Arjun Joshi,Madhya Pradesh,Gwalior,474001,Affiliate,2025-08-02
CUST-03802,Priya Verma,Madhya Pradesh,Gwalior,474001,Direct App Open,2024-03-15
CUST-03803,Sneha Sharma,West Bengal,Siliguri,734001,Direct App Open,2024-07-03
CUST-03804,Sneha Verma,Uttar Pradesh,Agra,282001,Direct App Open,2024-01-24
CUST-03805,Shreya Deshmukh,Gujarat,Ahmedabad,380001,Organic Search,2024-03-30
CUST-03806,Rohan Joshi,West Bengal,Howrah,711101,Affiliate,2025-08-14
CUST-03807,Arjun Mehta,Bihar,Patna,800001,Referral / WhatsApp Share,2024-03-21
CUST-03808,Arjun Sharma,Telangana,Warangal,506001,Paid Ads (Instagram/FB),2024-03-15
CUST-03809,Siddharth Verma,West Bengal,Howrah,711101,Affiliate,2024-11-17
CUST-03810,Priya Verma,Rajasthan,Jodhpur,342001,Referral / WhatsApp Share,2024-04-02
CUST-03811,Rahul Rao,Karnataka,Mysuru,570001,Referral / WhatsApp Share,2025-01-29
CUST-03812,Pooja Mehta,Uttar Pradesh,Lucknow,226001,Affiliate,2025-07-18
CUST-03813,Rohan Singh,Uttar Pradesh,Agra,282001,Paid Ads (Instagram/FB),2025-03-22
CUST-03814,Vikram Mehta,Karnataka,Bengaluru,560001,Affiliate,2025-05-03
CUST-03815,Sneha Nair,Telangana,Hyderabad,500001,Direct App Open,2024-02-24
CUST-03816,Siddharth Rao,Tamil Nadu,Madurai,625001,Referral / WhatsApp Share,2024-09-29
CUST-03817,Aditya Mehta,Uttar Pradesh,Varanasi,221001,Referral / WhatsApp Share,2025-01-16
CUST-03818,Neha Sharma,West Bengal,Howrah,711101,Affiliate,2024-05-09
CUST-03819,Aarav Deshmukh,Karnataka,Bengaluru,560001,Referral / WhatsApp Share,2025-05-23
CUST-03820,Kavya Sharma,Telangana,Hyderabad,500001,Organic Search,2024-03-05
CUST-03821,Rahul Joshi,Gujarat,Vadodara,390001,Referral / WhatsApp Share,2025-02-23
CUST-03822,Vikram Sharma,Rajasthan,Jaipur,302001,Paid Ads (Instagram/FB),2024-05-19
CUST-03823,Vikram Verma,Karnataka,Hubballi,580020,Paid Ads (Instagram/FB),2025-07-27
CUST-03824,Pooja Kulkarni,Tamil Nadu,Chennai,600001,Organic Search,2024-04-01
CUST-03825,Neha Nair,Madhya Pradesh,Bhopal,462001,Paid Ads (Instagram/FB),2024-09-25
CUST-03826,Shreya Verma,Gujarat,Ahmedabad,380001,Paid Ads (Instagram/FB),2025-03-05
CUST-03827,Priya Joshi,Madhya Pradesh,Indore,452001,Organic Search,2025-05-08
CUST-03828,Priya Sharma,West Bengal,Siliguri,734001,Organic Search,2024-04-03
CUST-03829,Priya Deshmukh,West Bengal,Kolkata,700001,Affiliate,2024-07-01
CUST-03830,Kavya Verma,Uttar Pradesh,Lucknow,226001,Referral / WhatsApp Share,2024-07-09
CUST-03831,Kabir Patel,Maharashtra,Nagpur,440001,Paid Ads (Instagram/FB),2025-03-27
CUST-03832,Aarav Deshmukh,Karnataka,Bengaluru,560001,Organic Search,2024-02-03
CUST-03833,Neha Patel,Bihar,Muzaffarpur,842001,Referral / WhatsApp Share,2024-01-16
CUST-03834,Aarav Verma,Tamil Nadu,Madurai,625001,Organic Search,2025-05-31
CUST-03835,Pooja Singh,Madhya Pradesh,Gwalior,474001,Referral / WhatsApp Share,2024-10-27
CUST-03836,Ananya Gupta,Karnataka,Hubballi,580020,Affiliate,2025-04-24
CUST-03837,Kabir Deshmukh,Madhya Pradesh,Gwalior,474001,Paid Ads (Instagram/FB),2025-02-26
CUST-03838,Sneha Mehta,Telangana,Warangal,506001,Referral / WhatsApp Share,2025-04-28
CUST-03839,Siddharth Patel,Bihar,Muzaffarpur,842001,Organic Search,2025-06-11
CUST-03840,Aditya Mehta,Rajasthan,Jaipur,302001,Referral / WhatsApp Share,2025-07-05
CUST-03841,Priya Iyer,Uttar Pradesh,Lucknow,226001,Referral / WhatsApp Share,2024-12-06
CUST-03842,Aarav Mehta,West Bengal,Siliguri,734001,Affiliate,2025-02-16
CUST-03843,Ananya Gupta,Karnataka,Bengaluru,560001,Direct App Open,2024-10-30
CUST-03844,Ananya Rao,West Bengal,Howrah,711101,Referral / WhatsApp Share,2025-06-20
CUST-03845,Siddharth Iyer,West Bengal,Kolkata,700001,Direct App Open,2025-06-26
CUST-03846,Aarav Joshi,Tamil Nadu,Madurai,625001,Direct App Open,2024-02-09
CUST-03847,Shreya Joshi,Rajasthan,Jaipur,302001,Affiliate,2025-07-15
CUST-03848,Ananya Rao,Tamil Nadu,Coimbatore,641001,Affiliate,2025-05-30
CUST-03849,Ananya Nair,Tamil Nadu,Chennai,600001,Referral / WhatsApp Share,2024-08-21
CUST-03850,Kabir Gupta,Tamil Nadu,Coimbatore,641001,Paid Ads (Instagram/FB),2025-07-07
CUST-03851,Aarav Kulkarni,West Bengal,Kolkata,700001,Direct App Open,2025-03-30
CUST-03852,Aditya Singh,Maharashtra,Nashik,422001,Referral / WhatsApp Share,2025-04-04
CUST-03853,Pooja Kulkarni,West Bengal,Kolkata,700001,Referral / WhatsApp Share,2025-02-10
CUST-03854,Rohan Iyer,Telangana,Hyderabad,500001,Organic Search,2024-02-04
CUST-03855,Arjun Kulkarni,West Bengal,Kolkata,700001,Organic Search,2025-05-20
CUST-03856,Rahul Rao,Tamil Nadu,Madurai,625001,Organic Search,2024-04-14
CUST-03857,Aditya Iyer,Uttar Pradesh,Lucknow,226001,Organic Search,2025-04-18
CUST-03858,Siddharth Nair,Bihar,Patna,800001,Affiliate,2024-01-20
CUST-03859,Rohan Kulkarni,Tamil Nadu,Madurai,625001,Direct App Open,2025-02-02
CUST-03860,Aarav Gupta,Karnataka,Bengaluru,560001,Organic Search,2025-02-19
CUST-03861,Shreya Deshmukh,West Bengal,Kolkata,700001,Referral / WhatsApp Share,2024-10-01
CUST-03862,Shreya Patel,Karnataka,Bengaluru,560001,Organic Search,2024-05-18
CUST-03863,Rohan Verma,West Bengal,Siliguri,734001,Referral / WhatsApp Share,2024-03-01
CUST-03864,Aarav Mehta,Bihar,Muzaffarpur,842001,Organic Search,2024-03-21
CUST-03865,Sneha Patel,West Bengal,Kolkata,700001,Paid Ads (Instagram/FB),2024-12-21
CUST-03866,Siddharth Gupta,Telangana,Warangal,506001,Direct App Open,2024-12-13
CUST-03867,Aarav Verma,Tamil Nadu,Chennai,600001,Direct App Open,2024-04-12
CUST-03868,Siddharth Verma,Gujarat,Ahmedabad,380001,Direct App Open,2025-07-17
CUST-03869,Aarav Kulkarni,Telangana,Nizamabad,503001,Referral / WhatsApp Share,2024-01-29
CUST-03870,Aditya Iyer,Uttar Pradesh,Lucknow,226001,Organic Search,2025-02-06
CUST-03871,Vikram Gupta,Telangana,Hyderabad,500001,Referral / WhatsApp Share,2024-01-13
CUST-03872,Ananya Rao,Telangana,Hyderabad,500001,Organic Search,2024-10-11
CUST-03873,Sneha Mehta,Maharashtra,Pune,411001,Direct App Open,2024-02-16
CUST-03874,Arjun Deshmukh,Tamil Nadu,Chennai,600001,Organic Search,2025-07-09
CUST-03875,Vikram Gupta,Telangana,Hyderabad,500001,Paid Ads (Instagram/FB),2024-12-10
CUST-03876,Aditya Deshmukh,Telangana,Hyderabad,500001,Affiliate,2025-01-02
CUST-03877,Sneha Iyer,West Bengal,Siliguri,734001,Affiliate,2024-12-14
CUST-03878,Rohan Sharma,West Bengal,Howrah,711101,Organic Search,2024-02-04
CUST-03879,Aarav Joshi,Rajasthan,Udaipur,313001,Affiliate,2024-01-14
CUST-03880,Rahul Sharma,Bihar,Muzaffarpur,842001,Direct App Open,2025-07-14
CUST-03881,Aarav Patel,Madhya Pradesh,Indore,452001,Direct App Open,2025-05-03
CUST-03882,Vikram Sharma,Gujarat,Surat,395001,Affiliate,2024-09-30
CUST-03883,Shreya Gupta,Karnataka,Hubballi,580020,Paid Ads (Instagram/FB),2024-07-17
CUST-03884,Pooja Singh,Tamil Nadu,Madurai,625001,Referral / WhatsApp Share,2024-08-18
CUST-03885,Aarav Sharma,Bihar,Gaya,823001,Direct App Open,2025-01-21
CUST-03886,Siddharth Mehta,West Bengal,Howrah,711101,Organic Search,2024-08-11
CUST-03887,Rohan Gupta,West Bengal,Kolkata,700001,Organic Search,2025-05-20
CUST-03888,Ananya Joshi,West Bengal,Howrah,711101,Paid Ads (Instagram/FB),2025-02-04
CUST-03889,Rohan Singh,Uttar Pradesh,Agra,282001,Affiliate,2024-09-17
CUST-03890,Rohan Deshmukh,Maharashtra,Pune,411001,Affiliate,2024-06-02
CUST-03891,Ananya Iyer,Tamil Nadu,Coimbatore,641001,Organic Search,2024-03-12
CUST-03892,Aarav Rao,Maharashtra,Mumbai,400001,Direct App Open,2024-02-17
CUST-03893,Sneha Iyer,Maharashtra,Nashik,422001,Affiliate,2024-09-16
CUST-03894,Ananya Sharma,Karnataka,Bengaluru,560001,Organic Search,2025-01-28
CUST-03895,Kabir Verma,Gujarat,Ahmedabad,380001,Affiliate,2024-01-07
CUST-03896,Vikram Gupta,West Bengal,Howrah,711101,Referral / WhatsApp Share,2025-07-30
CUST-03897,Arjun Nair,Rajasthan,Jodhpur,342001,Affiliate,2024-07-09
CUST-03898,Priya Mehta,Telangana,Nizamabad,503001,Affiliate,2025-03-09
CUST-03899,Vikram Mehta,Bihar,Patna,800001,Paid Ads (Instagram/FB),2024-09-03
CUST-03900,Kabir Gupta,Karnataka,Bengaluru,560001,Paid Ads (Instagram/FB),2025-04-13
CUST-03901,Sneha Kulkarni,Madhya Pradesh,Bhopal,462001,Organic Search,2024-09-18
CUST-03902,Neha Verma,Maharashtra,Pune,411001,Organic Search,2025-03-31
CUST-03903,Priya Patel,West Bengal,Kolkata,700001,Paid Ads (Instagram/FB),2025-07-17
CUST-03904,Aarav Mehta,Gujarat,Surat,395001,Paid Ads (Instagram/FB),2024-04-11
CUST-03905,Rahul Deshmukh,Karnataka,Bengaluru,560001,Referral / WhatsApp Share,2025-06-21
CUST-03906,Siddharth Patel,Madhya Pradesh,Gwalior,474001,Direct App Open,2024-01-05
CUST-03907,Rahul Kulkarni,Telangana,Hyderabad,500001,Direct App Open,2024-04-18
CUST-03908,Siddharth Patel,Madhya Pradesh,Indore,452001,Paid Ads (Instagram/FB),2025-07-02
CUST-03909,Sneha Kulkarni,Madhya Pradesh,Gwalior,474001,Organic Search,2024-11-16
CUST-03910,Pooja Rao,Rajasthan,Udaipur,313001,Direct App Open,2024-06-20
CUST-03911,Shreya Rao,Uttar Pradesh,Agra,282001,Affiliate,2025-06-13
CUST-03912,Aarav Rao,Maharashtra,Nagpur,440001,Paid Ads (Instagram/FB),2025-05-05
CUST-03913,Arjun Rao,Telangana,Hyderabad,500001,Organic Search,2025-07-14
CUST-03914,Kabir Deshmukh,Karnataka,Hubballi,580020,Affiliate,2025-05-06
CUST-03915,Aditya Mehta,Madhya Pradesh,Indore,452001,Referral / WhatsApp Share,2024-11-14
CUST-03916,Kavya Sharma,Uttar Pradesh,Kanpur,208001,Paid Ads (Instagram/FB),2025-05-03
CUST-03917,Rohan Sharma,Maharashtra,Pune,411001,Affiliate,2024-08-06
CUST-03918,Pooja Singh,Madhya Pradesh,Bhopal,462001,Paid Ads (Instagram/FB),2024-05-18
CUST-03919,Rahul Mehta,Maharashtra,Nagpur,440001,Organic Search,2024-10-11
CUST-03920,Vikram Verma,Tamil Nadu,Madurai,625001,Paid Ads (Instagram/FB),2024-05-14
CUST-03921,Aditya Rao,Madhya Pradesh,Gwalior,474001,Organic Search,2024-03-08
CUST-03922,Kabir Kulkarni,Telangana,Nizamabad,503001,Paid Ads (Instagram/FB),2024-01-11
CUST-03923,Rahul Mehta,Maharashtra,Pune,411001,Organic Search,2024-07-31
CUST-03924,Aarav Singh,Karnataka,Bengaluru,560001,Paid Ads (Instagram/FB),2024-05-13
CUST-03925,Shreya Verma,Rajasthan,Jodhpur,342001,Paid Ads (Instagram/FB),2024-04-15
CUST-03926,Ananya Kulkarni,Gujarat,Ahmedabad,380001,Paid Ads (Instagram/FB),2025-05-30
CUST-03927,Priya Joshi,West Bengal,Kolkata,700001,Direct App Open,2024-09-16
CUST-03928,Kabir Iyer,Maharashtra,Mumbai,400001,Referral / WhatsApp Share,2024-08-24
CUST-03929,Aditya Verma,Rajasthan,Jodhpur,342001,Referral / WhatsApp Share,2025-02-11
CUST-03930,Aditya Deshmukh,Uttar Pradesh,Kanpur,208001,Paid Ads (Instagram/FB),2024-03-13
CUST-03931,Rahul Sharma,Karnataka,Hubballi,580020,Organic Search,2025-03-01
CUST-03932,Rahul Gupta,Uttar Pradesh,Agra,282001,Referral / WhatsApp Share,2025-01-22
CUST-03933,Kavya Deshmukh,Maharashtra,Pune,411001,Affiliate,2025-06-27
CUST-03934,Ananya Patel,Maharashtra,Nagpur,440001,Paid Ads (Instagram/FB),2025-07-08
CUST-03935,Kavya Singh,Uttar Pradesh,Agra,282001,Direct App Open,2024-06-15
CUST-03936,Rohan Deshmukh,Uttar Pradesh,Kanpur,208001,Organic Search,2025-03-05
CUST-03937,Neha Sharma,Madhya Pradesh,Bhopal,462001,Referral / WhatsApp Share,2025-02-19
CUST-03938,Arjun Kulkarni,Bihar,Gaya,823001,Direct App Open,2024-02-11
CUST-03939,Kabir Iyer,Bihar,Patna,800001,Organic Search,2025-08-07
CUST-03940,Arjun Joshi,West Bengal,Howrah,711101,Organic Search,2024-11-06
CUST-03941,Pooja Singh,Tamil Nadu,Coimbatore,641001,Organic Search,2025-03-27
CUST-03942,Kabir Joshi,Gujarat,Vadodara,390001,Referral / WhatsApp Share,2024-07-12
CUST-03943,Shreya Iyer,Telangana,Warangal,506001,Referral / WhatsApp Share,2024-01-09
CUST-03944,Vikram Gupta,Telangana,Warangal,506001,Paid Ads (Instagram/FB),2025-04-09
CUST-03945,Ananya Mehta,Karnataka,Mysuru,570001,Paid Ads (Instagram/FB),2025-03-20
CUST-03946,Aditya Patel,Uttar Pradesh,Varanasi,221001,Paid Ads (Instagram/FB),2024-09-18
CUST-03947,Ananya Joshi,Karnataka,Hubballi,580020,Referral / WhatsApp Share,2025-07-22
CUST-03948,Shreya Kulkarni,Tamil Nadu,Madurai,625001,Paid Ads (Instagram/FB),2024-04-13
CUST-03949,Rahul Nair,Madhya Pradesh,Gwalior,474001,Organic Search,2025-06-30
CUST-03950,Shreya Verma,Telangana,Nizamabad,503001,Affiliate,2024-04-10
CUST-03951,Shreya Deshmukh,Bihar,Patna,800001,Paid Ads (Instagram/FB),2024-11-14
CUST-03952,Aditya Rao,Uttar Pradesh,Agra,282001,Referral / WhatsApp Share,2024-08-13
CUST-03953,Ananya Nair,West Bengal,Kolkata,700001,Paid Ads (Instagram/FB),2024-10-15
CUST-03954,Neha Mehta,West Bengal,Siliguri,734001,Organic Search,2025-01-08
CUST-03955,Arjun Iyer,Gujarat,Ahmedabad,380001,Referral / WhatsApp Share,2024-07-26
CUST-03956,Kavya Sharma,Gujarat,Ahmedabad,380001,Organic Search,2025-01-09
CUST-03957,Kavya Gupta,Madhya Pradesh,Indore,452001,Direct App Open,2024-01-29
CUST-03958,Sneha Rao,Tamil Nadu,Coimbatore,641001,Direct App Open,2025-02-03
CUST-03959,Aditya Rao,Telangana,Nizamabad,503001,Referral / WhatsApp Share,2025-05-26
CUST-03960,Sneha Verma,Bihar,Muzaffarpur,842001,Referral / WhatsApp Share,2024-12-09
CUST-03961,Ananya Kulkarni,Gujarat,Surat,395001,Referral / WhatsApp Share,2025-07-31
CUST-03962,Neha Singh,Bihar,Gaya,823001,Affiliate,2025-05-29
CUST-03963,Kabir Patel,Bihar,Patna,800001,Referral / WhatsApp Share,2024-05-09
CUST-03964,Priya Mehta,West Bengal,Howrah,711101,Referral / WhatsApp Share,2024-01-23
CUST-03965,Arjun Rao,Maharashtra,Nagpur,440001,Affiliate,2024-11-09
CUST-03966,Arjun Patel,West Bengal,Kolkata,700001,Direct App Open,2024-05-26
CUST-03967,Sneha Kulkarni,Telangana,Warangal,506001,Direct App Open,2024-11-05
CUST-03968,Kavya Verma,Karnataka,Bengaluru,560001,Paid Ads (Instagram/FB),2024-01-14
CUST-03969,Neha Singh,Karnataka,Bengaluru,560001,Referral / WhatsApp Share,2024-05-01
CUST-03970,Vikram Mehta,Bihar,Patna,800001,Referral / WhatsApp Share,2024-02-23
CUST-03971,Rahul Singh,Madhya Pradesh,Gwalior,474001,Paid Ads (Instagram/FB),2024-09-10
CUST-03972,Siddharth Mehta,Bihar,Patna,800001,Referral / WhatsApp Share,2024-11-20
CUST-03973,Aditya Singh,Gujarat,Vadodara,390001,Organic Search,2025-04-08
CUST-03974,Pooja Joshi,Gujarat,Vadodara,390001,Direct App Open,2024-08-19
CUST-03975,Priya Gupta,Maharashtra,Mumbai,400001,Affiliate,2024-05-04
CUST-03976,Neha Nair,West Bengal,Kolkata,700001,Paid Ads (Instagram/FB),2024-05-03
CUST-03977,Priya Kulkarni,Madhya Pradesh,Indore,452001,Organic Search,2025-07-24
CUST-03978,Vikram Kulkarni,Karnataka,Bengaluru,560001,Referral / WhatsApp Share,2024-10-13
CUST-03979,Shreya Mehta,Bihar,Muzaffarpur,842001,Direct App Open,2024-09-22
CUST-03980,Vikram Gupta,Rajasthan,Jaipur,302001,Organic Search,2025-05-24
CUST-03981,Ananya Gupta,Karnataka,Hubballi,580020,Organic Search,2025-06-25
CUST-03982,Kabir Kulkarni,Karnataka,Bengaluru,560001,Direct App Open,2025-04-18
CUST-03983,Neha Mehta,Telangana,Warangal,506001,Direct App Open,2024-11-27
CUST-03984,Kabir Iyer,Gujarat,Surat,395001,Organic Search,2024-04-24
CUST-03985,Vikram Sharma,Maharashtra,Nagpur,440001,Paid Ads (Instagram/FB),2025-03-25
CUST-03986,Aditya Nair,Uttar Pradesh,Lucknow,226001,Referral / WhatsApp Share,2024-11-29
CUST-03987,Rahul Nair,Maharashtra,Mumbai,400001,Organic Search,2024-06-04
CUST-03988,Neha Gupta,Karnataka,Hubballi,580020,Paid Ads (Instagram/FB),2024-03-08
CUST-03989,Vikram Mehta,West Bengal,Howrah,711101,Paid Ads (Instagram/FB),2024-05-02
CUST-03990,Kabir Sharma,Telangana,Warangal,506001,Paid Ads (Instagram/FB),2025-08-10
CUST-03991,Shreya Patel,Gujarat,Surat,395001,Affiliate,2024-03-29
CUST-03992,Neha Mehta,Maharashtra,Pune,411001,Organic Search,2024-07-21
CUST-03993,Kabir Deshmukh,West Bengal,Howrah,711101,Paid Ads (Instagram/FB),2025-06-14
CUST-03994,Siddharth Joshi,Karnataka,Hubballi,580020,Organic Search,2024-07-09
CUST-03995,Pooja Rao,Rajasthan,Jaipur,302001,Referral / WhatsApp Share,2024-05-10
CUST-03996,Shreya Kulkarni,Telangana,Warangal,506001,Paid Ads (Instagram/FB),2024-08-28
CUST-03997,Rohan Mehta,Karnataka,Hubballi,580020,Direct App Open,2024-08-20
CUST-03998,Shreya Deshmukh,Gujarat,Vadodara,390001,Affiliate,2024-06-27
CUST-03999,Aarav Singh,West Bengal,Howrah,711101,Paid Ads (Instagram/FB),2024-12-28
CUST-04000,Ananya Mehta,Gujarat,Surat,395001,Direct App Open,2024-03-30
CUST-04001,Arjun Kulkarni,Maharashtra,Nashik,422001,Direct App Open,2024-04-03
CUST-04002,Aditya Sharma,Madhya Pradesh,Indore,452001,Organic Search,2025-06-07
CUST-04003,Rohan Joshi,Telangana,Warangal,506001,Organic Search,2025-06-01
CUST-04004,Siddharth Mehta,Gujarat,Surat,395001,Organic Search,2024-04-11
CUST-04005,Aarav Verma,Uttar Pradesh,Kanpur,208001,Direct App Open,2024-04-12
CUST-04006,Sneha Gupta,Madhya Pradesh,Bhopal,462001,Affiliate,2025-07-27
CUST-04007,Rahul Mehta,Uttar Pradesh,Agra,282001,Direct App Open,2024-09-25
CUST-04008,Arjun Singh,Bihar,Gaya,823001,Paid Ads (Instagram/FB),2024-11-28
CUST-04009,Neha Singh,Karnataka,Bengaluru,560001,Paid Ads (Instagram/FB),2024-08-09
CUST-04010,Shreya Mehta,Karnataka,Bengaluru,560001,Affiliate,2024-01-18
CUST-04011,Rahul Patel,Telangana,Warangal,506001,Referral / WhatsApp Share,2024-06-06
CUST-04012,Sneha Nair,Telangana,Hyderabad,500001,Paid Ads (Instagram/FB),2024-07-01
CUST-04013,Shreya Kulkarni,Bihar,Patna,800001,Direct App Open,2024-07-06
CUST-04014,Kavya Deshmukh,West Bengal,Kolkata,700001,Referral / WhatsApp Share,2024-02-20
CUST-04015,Aditya Joshi,Gujarat,Vadodara,390001,Direct App Open,2024-09-07
CUST-04016,Priya Gupta,Uttar Pradesh,Lucknow,226001,Referral / WhatsApp Share,2025-02-10
CUST-04017,Rahul Verma,Tamil Nadu,Chennai,600001,Paid Ads (Instagram/FB),2024-01-07
CUST-04018,Neha Gupta,West Bengal,Kolkata,700001,Affiliate,2024-11-08
CUST-04019,Siddharth Patel,Madhya Pradesh,Indore,452001,Paid Ads (Instagram/FB),2024-01-14
CUST-04020,Aditya Gupta,Uttar Pradesh,Kanpur,208001,Direct App Open,2024-06-27
CUST-04021,Kabir Gupta,Maharashtra,Nagpur,440001,Direct App Open,2024-08-22
CUST-04022,Pooja Rao,Rajasthan,Udaipur,313001,Referral / WhatsApp Share,2025-01-30
CUST-04023,Priya Kulkarni,Tamil Nadu,Coimbatore,641001,Organic Search,2025-01-05
CUST-04024,Sneha Singh,Telangana,Hyderabad,500001,Paid Ads (Instagram/FB),2024-03-09
CUST-04025,Sneha Patel,Bihar,Muzaffarpur,842001,Referral / WhatsApp Share,2024-03-14
CUST-04026,Priya Deshmukh,West Bengal,Howrah,711101,Direct App Open,2024-10-05
CUST-04027,Aarav Deshmukh,Uttar Pradesh,Agra,282001,Affiliate,2024-08-04
CUST-04028,Pooja Kulkarni,Rajasthan,Udaipur,313001,Direct App Open,2025-01-01
CUST-04029,Siddharth Mehta,Maharashtra,Nashik,422001,Organic Search,2024-05-20
CUST-04030,Aarav Singh,Karnataka,Mysuru,570001,Paid Ads (Instagram/FB),2024-01-16
CUST-04031,Priya Deshmukh,Rajasthan,Jaipur,302001,Paid Ads (Instagram/FB),2024-04-01
CUST-04032,Rohan Singh,Uttar Pradesh,Kanpur,208001,Affiliate,2024-09-06
CUST-04033,Siddharth Rao,Bihar,Muzaffarpur,842001,Direct App Open,2025-04-18
CUST-04034,Arjun Deshmukh,Rajasthan,Jodhpur,342001,Organic Search,2025-08-02
CUST-04035,Arjun Verma,Gujarat,Ahmedabad,380001,Paid Ads (Instagram/FB),2025-03-12
CUST-04036,Neha Verma,Gujarat,Ahmedabad,380001,Affiliate,2024-07-08
CUST-04037,Rohan Verma,Bihar,Muzaffarpur,842001,Organic Search,2025-04-16
CUST-04038,Sneha Rao,Telangana,Nizamabad,503001,Affiliate,2025-05-01
CUST-04039,Rahul Nair,Bihar,Gaya,823001,Paid Ads (Instagram/FB),2024-07-31
CUST-04040,Rahul Gupta,Telangana,Nizamabad,503001,Referral / WhatsApp Share,2024-07-26
CUST-04041,Priya Deshmukh,Uttar Pradesh,Agra,282001,Referral / WhatsApp Share,2024-11-12
CUST-04042,Ananya Sharma,Madhya Pradesh,Gwalior,474001,Affiliate,2024-12-08
CUST-04043,Rohan Iyer,Uttar Pradesh,Kanpur,208001,Organic Search,2024-06-11
CUST-04044,Priya Deshmukh,Uttar Pradesh,Varanasi,221001,Organic Search,2024-12-23
CUST-04045,Neha Joshi,Tamil Nadu,Coimbatore,641001,Affiliate,2025-04-12
CUST-04046,Siddharth Singh,Rajasthan,Jaipur,302001,Organic Search,2024-01-02
CUST-04047,Rohan Joshi,Madhya Pradesh,Indore,452001,Direct App Open,2024-11-09
CUST-04048,Vikram Nair,Bihar,Gaya,823001,Direct App Open,2024-10-31
CUST-04049,Pooja Verma,Telangana,Warangal,506001,Referral / WhatsApp Share,2024-04-01
CUST-04050,Kabir Iyer,Bihar,Gaya,823001,Direct App Open,2024-02-04
CUST-04051,Vikram Kulkarni,Maharashtra,Mumbai,400001,Direct App Open,2024-09-07
CUST-04052,Sneha Kulkarni,Gujarat,Surat,395001,Paid Ads (Instagram/FB),2024-02-08
CUST-04053,Pooja Rao,Bihar,Gaya,823001,Affiliate,2025-03-12
CUST-04054,Pooja Mehta,Rajasthan,Jodhpur,342001,Organic Search,2024-04-22
CUST-04055,Aditya Gupta,Telangana,Nizamabad,503001,Referral / WhatsApp Share,2024-05-20
CUST-04056,Pooja Rao,Bihar,Patna,800001,Referral / WhatsApp Share,2024-07-29
CUST-04057,Aarav Rao,West Bengal,Siliguri,734001,Direct App Open,2024-01-09
CUST-04058,Rohan Kulkarni,West Bengal,Kolkata,700001,Paid Ads (Instagram/FB),2025-06-25
CUST-04059,Rohan Verma,Bihar,Muzaffarpur,842001,Paid Ads (Instagram/FB),2025-03-12
CUST-04060,Vikram Iyer,Uttar Pradesh,Varanasi,221001,Affiliate,2024-10-23
CUST-04061,Aditya Nair,Telangana,Nizamabad,503001,Affiliate,2024-12-09
CUST-04062,Pooja Joshi,West Bengal,Howrah,711101,Direct App Open,2025-03-21
CUST-04063,Ananya Singh,West Bengal,Howrah,711101,Referral / WhatsApp Share,2024-08-14
CUST-04064,Vikram Rao,Tamil Nadu,Chennai,600001,Referral / WhatsApp Share,2024-05-04
CUST-04065,Kabir Deshmukh,Telangana,Nizamabad,503001,Paid Ads (Instagram/FB),2024-09-05
CUST-04066,Kavya Rao,Tamil Nadu,Coimbatore,641001,Affiliate,2025-04-06
CUST-04067,Vikram Iyer,Telangana,Warangal,506001,Direct App Open,2024-09-27
CUST-04068,Aarav Nair,Madhya Pradesh,Bhopal,462001,Paid Ads (Instagram/FB),2024-08-17
CUST-04069,Aarav Deshmukh,West Bengal,Siliguri,734001,Direct App Open,2024-05-11
CUST-04070,Pooja Rao,Rajasthan,Udaipur,313001,Paid Ads (Instagram/FB),2025-08-12
CUST-04071,Rahul Nair,Madhya Pradesh,Gwalior,474001,Referral / WhatsApp Share,2024-04-12
CUST-04072,Ananya Mehta,Uttar Pradesh,Lucknow,226001,Affiliate,2025-04-01
CUST-04073,Rohan Sharma,Karnataka,Bengaluru,560001,Direct App Open,2024-02-14
CUST-04074,Neha Kulkarni,Tamil Nadu,Madurai,625001,Referral / WhatsApp Share,2024-07-16
CUST-04075,Vikram Gupta,Bihar,Gaya,823001,Referral / WhatsApp Share,2025-04-28
CUST-04076,Siddharth Deshmukh,Karnataka,Bengaluru,560001,Organic Search,2024-09-07
CUST-04077,Aarav Sharma,Tamil Nadu,Coimbatore,641001,Affiliate,2025-03-19
CUST-04078,Kavya Singh,Bihar,Patna,800001,Paid Ads (Instagram/FB),2024-08-16
CUST-04079,Pooja Sharma,Maharashtra,Pune,411001,Referral / WhatsApp Share,2024-04-19
CUST-04080,Rohan Patel,Gujarat,Vadodara,390001,Direct App Open,2024-12-07
CUST-04081,Kavya Joshi,West Bengal,Siliguri,734001,Affiliate,2025-02-05
CUST-04082,Ananya Kulkarni,Telangana,Warangal,506001,Direct App Open,2024-01-03
CUST-04083,Arjun Joshi,Uttar Pradesh,Kanpur,208001,Organic Search,2024-09-24
CUST-04084,Shreya Kulkarni,Madhya Pradesh,Indore,452001,Paid Ads (Instagram/FB),2024-09-22
CUST-04085,Shreya Kulkarni,Bihar,Gaya,823001,Paid Ads (Instagram/FB),2024-03-27
CUST-04086,Priya Iyer,Madhya Pradesh,Gwalior,474001,Referral / WhatsApp Share,2024-02-19
CUST-04087,Aditya Iyer,Tamil Nadu,Chennai,600001,Paid Ads (Instagram/FB),2025-02-21
CUST-04088,Rohan Gupta,Karnataka,Bengaluru,560001,Paid Ads (Instagram/FB),2024-07-18
CUST-04089,Vikram Verma,Tamil Nadu,Chennai,600001,Referral / WhatsApp Share,2025-02-20
CUST-04090,Ananya Gupta,Uttar Pradesh,Lucknow,226001,Referral / WhatsApp Share,2024-08-25
CUST-04091,Rahul Verma,Telangana,Warangal,506001,Affiliate,2025-02-09
CUST-04092,Siddharth Nair,Maharashtra,Mumbai,400001,Affiliate,2024-11-17
CUST-04093,Shreya Rao,Karnataka,Hubballi,580020,Referral / WhatsApp Share,2025-01-25
CUST-04094,Siddharth Deshmukh,Maharashtra,Pune,411001,Organic Search,2025-05-13
CUST-04095,Neha Singh,Uttar Pradesh,Agra,282001,Referral / WhatsApp Share,2024-07-11
CUST-04096,Aarav Singh,Gujarat,Surat,395001,Organic Search,2024-06-07
CUST-04097,Ananya Nair,West Bengal,Kolkata,700001,Paid Ads (Instagram/FB),2024-06-14
CUST-04098,Kavya Nair,Telangana,Warangal,506001,Direct App Open,2025-02-04
CUST-04099,Sneha Mehta,Rajasthan,Jodhpur,342001,Paid Ads (Instagram/FB),2024-07-22
CUST-04100,Ananya Mehta,Madhya Pradesh,Bhopal,462001,Affiliate,2024-08-27
CUST-04101,Aarav Mehta,Maharashtra,Pune,411001,Referral / WhatsApp Share,2025-02-14
CUST-04102,Pooja Patel,Gujarat,Ahmedabad,380001,Organic Search,2024-08-23
CUST-04103,Aarav Iyer,Gujarat,Surat,395001,Direct App Open,2025-04-24
CUST-04104,Neha Patel,Uttar Pradesh,Agra,282001,Direct App Open,2025-01-08
CUST-04105,Aditya Sharma,Rajasthan,Jodhpur,342001,Paid Ads (Instagram/FB),2025-05-04
CUST-04106,Pooja Deshmukh,West Bengal,Howrah,711101,Paid Ads (Instagram/FB),2024-02-28
CUST-04107,Rohan Singh,West Bengal,Kolkata,700001,Organic Search,2024-03-21
CUST-04108,Aditya Mehta,Gujarat,Vadodara,390001,Affiliate,2025-07-23
CUST-04109,Siddharth Singh,Rajasthan,Jaipur,302001,Paid Ads (Instagram/FB),2024-01-30
CUST-04110,Ananya Singh,Karnataka,Bengaluru,560001,Paid Ads (Instagram/FB),2025-07-07
CUST-04111,Vikram Verma,Uttar Pradesh,Lucknow,226001,Organic Search,2025-04-10
CUST-04112,Shreya Mehta,Karnataka,Hubballi,580020,Paid Ads (Instagram/FB),2024-10-26
CUST-04113,Aarav Kulkarni,Maharashtra,Nashik,422001,Direct App Open,2024-09-22
CUST-04114,Rahul Nair,Rajasthan,Udaipur,313001,Organic Search,2025-05-02
CUST-04115,Rahul Gupta,Rajasthan,Jodhpur,342001,Referral / WhatsApp Share,2025-02-27
CUST-04116,Priya Deshmukh,Telangana,Hyderabad,500001,Referral / WhatsApp Share,2024-02-21
CUST-04117,Kabir Kulkarni,Madhya Pradesh,Bhopal,462001,Affiliate,2025-03-27
CUST-04118,Rohan Gupta,Rajasthan,Udaipur,313001,Paid Ads (Instagram/FB),2024-12-13
CUST-04119,Arjun Patel,Karnataka,Bengaluru,560001,Referral / WhatsApp Share,2024-02-11
CUST-04120,Siddharth Deshmukh,West Bengal,Howrah,711101,Direct App Open,2025-06-30
CUST-04121,Vikram Rao,Tamil Nadu,Madurai,625001,Paid Ads (Instagram/FB),2024-09-10
CUST-04122,Neha Iyer,Gujarat,Surat,395001,Affiliate,2024-03-19
CUST-04123,Siddharth Mehta,Uttar Pradesh,Kanpur,208001,Organic Search,2024-03-29
CUST-04124,Aarav Patel,Madhya Pradesh,Indore,452001,Affiliate,2024-02-12
CUST-04125,Ananya Rao,West Bengal,Siliguri,734001,Affiliate,2025-03-01
CUST-04126,Siddharth Rao,Telangana,Hyderabad,500001,Organic Search,2025-04-10
CUST-04127,Kavya Sharma,Rajasthan,Jodhpur,342001,Organic Search,2024-08-18
CUST-04128,Pooja Mehta,West Bengal,Kolkata,700001,Affiliate,2024-09-14
CUST-04129,Shreya Kulkarni,Karnataka,Hubballi,580020,Referral / WhatsApp Share,2024-04-22
CUST-04130,Neha Patel,Karnataka,Bengaluru,560001,Paid Ads (Instagram/FB),2025-05-19
CUST-04131,Kabir Rao,Tamil Nadu,Chennai,600001,Paid Ads (Instagram/FB),2025-07-24
CUST-04132,Neha Mehta,Karnataka,Bengaluru,560001,Referral / WhatsApp Share,2024-10-23
CUST-04133,Rohan Mehta,Uttar Pradesh,Agra,282001,Paid Ads (Instagram/FB),2025-01-20
CUST-04134,Rahul Kulkarni,Tamil Nadu,Madurai,625001,Direct App Open,2024-07-15
CUST-04135,Aditya Iyer,Maharashtra,Pune,411001,Paid Ads (Instagram/FB),2024-10-23
CUST-04136,Vikram Singh,Rajasthan,Jaipur,302001,Referral / WhatsApp Share,2025-05-29
CUST-04137,Kavya Nair,Rajasthan,Udaipur,313001,Affiliate,2025-08-17
CUST-04138,Aditya Kulkarni,Maharashtra,Nagpur,440001,Direct App Open,2024-01-22
CUST-04139,Siddharth Mehta,Maharashtra,Nagpur,440001,Affiliate,2025-01-21
CUST-04140,Siddharth Nair,West Bengal,Kolkata,700001,Affiliate,2024-11-16
CUST-04141,Ananya Gupta,Rajasthan,Jodhpur,342001,Referral / WhatsApp Share,2024-07-05
CUST-04142,Kabir Joshi,Gujarat,Ahmedabad,380001,Affiliate,2024-11-20
CUST-04143,Kabir Iyer,Tamil Nadu,Chennai,600001,Direct App Open,2025-05-24
CUST-04144,Neha Kulkarni,Karnataka,Bengaluru,560001,Referral / WhatsApp Share,2025-08-03
CUST-04145,Rohan Sharma,Bihar,Patna,800001,Direct App Open,2024-12-23
CUST-04146,Arjun Patel,Karnataka,Hubballi,580020,Paid Ads (Instagram/FB),2024-01-29
CUST-04147,Rahul Kulkarni,Telangana,Nizamabad,503001,Paid Ads (Instagram/FB),2024-06-03
CUST-04148,Pooja Singh,Uttar Pradesh,Lucknow,226001,Referral / WhatsApp Share,2025-02-24
CUST-04149,Ananya Sharma,Karnataka,Hubballi,580020,Referral / WhatsApp Share,2024-11-19
CUST-04150,Siddharth Gupta,Telangana,Warangal,506001,Paid Ads (Instagram/FB),2025-03-22
CUST-04151,Ananya Verma,Karnataka,Hubballi,580020,Direct App Open,2024-06-25
CUST-04152,Kavya Deshmukh,Tamil Nadu,Madurai,625001,Paid Ads (Instagram/FB),2024-02-13
CUST-04153,Kabir Joshi,Uttar Pradesh,Varanasi,221001,Referral / WhatsApp Share,2025-06-10
CUST-04154,Aarav Gupta,Madhya Pradesh,Indore,452001,Organic Search,2024-07-18
CUST-04155,Ananya Rao,Uttar Pradesh,Kanpur,208001,Affiliate,2024-02-11
CUST-04156,Aarav Singh,Telangana,Nizamabad,503001,Paid Ads (Instagram/FB),2024-06-09
CUST-04157,Priya Gupta,Uttar Pradesh,Kanpur,208001,Paid Ads (Instagram/FB),2024-04-06
CUST-04158,Kavya Mehta,Uttar Pradesh,Varanasi,221001,Referral / WhatsApp Share,2025-06-07
CUST-04159,Rahul Patel,West Bengal,Siliguri,734001,Paid Ads (Instagram/FB),2025-03-21
CUST-04160,Arjun Joshi,Madhya Pradesh,Indore,452001,Direct App Open,2024-11-01
CUST-04161,Aditya Sharma,Uttar Pradesh,Lucknow,226001,Affiliate,2024-11-30
CUST-04162,Vikram Nair,Madhya Pradesh,Bhopal,462001,Direct App Open,2024-11-12
CUST-04163,Vikram Mehta,Maharashtra,Mumbai,400001,Direct App Open,2024-06-30
CUST-04164,Pooja Nair,Rajasthan,Jodhpur,342001,Affiliate,2025-05-06
CUST-04165,Ananya Kulkarni,Madhya Pradesh,Indore,452001,Direct App Open,2025-02-15
CUST-04166,Vikram Joshi,Tamil Nadu,Madurai,625001,Organic Search,2025-03-21
CUST-04167,Shreya Mehta,Gujarat,Surat,395001,Paid Ads (Instagram/FB),2024-04-24
CUST-04168,Pooja Mehta,Bihar,Patna,800001,Paid Ads (Instagram/FB),2024-03-17
CUST-04169,Ananya Mehta,Maharashtra,Nagpur,440001,Organic Search,2024-02-16
CUST-04170,Vikram Mehta,Telangana,Warangal,506001,Affiliate,2024-08-10
CUST-04171,Siddharth Patel,Tamil Nadu,Madurai,625001,Direct App Open,2025-06-07
CUST-04172,Aditya Deshmukh,Uttar Pradesh,Lucknow,226001,Direct App Open,2025-04-02
CUST-04173,Rohan Joshi,Telangana,Nizamabad,503001,Affiliate,2024-10-11
CUST-04174,Pooja Rao,Madhya Pradesh,Bhopal,462001,Paid Ads (Instagram/FB),2025-06-10
CUST-04175,Shreya Iyer,Uttar Pradesh,Lucknow,226001,Organic Search,2024-08-12
CUST-04176,Aditya Joshi,Bihar,Gaya,823001,Organic Search,2024-06-21
CUST-04177,Shreya Sharma,Maharashtra,Mumbai,400001,Referral / WhatsApp Share,2024-07-20
CUST-04178,Shreya Mehta,Madhya Pradesh,Indore,452001,Paid Ads (Instagram/FB),2025-07-11
CUST-04179,Kabir Iyer,Uttar Pradesh,Lucknow,226001,Referral / WhatsApp Share,2024-02-17
CUST-04180,Sneha Mehta,Tamil Nadu,Chennai,600001,Affiliate,2024-08-28
CUST-04181,Arjun Rao,Maharashtra,Nagpur,440001,Affiliate,2024-06-14
CUST-04182,Aditya Joshi,Telangana,Hyderabad,500001,Affiliate,2024-03-04
CUST-04183,Aarav Verma,Bihar,Muzaffarpur,842001,Direct App Open,2024-06-16
CUST-04184,Kavya Verma,Bihar,Patna,800001,Paid Ads (Instagram/FB),2024-06-30
CUST-04185,Kavya Nair,Gujarat,Vadodara,390001,Affiliate,2025-01-29
CUST-04186,Rahul Iyer,Gujarat,Surat,395001,Direct App Open,2024-03-26
CUST-04187,Arjun Kulkarni,Uttar Pradesh,Agra,282001,Paid Ads (Instagram/FB),2025-02-11
CUST-04188,Neha Patel,Gujarat,Surat,395001,Affiliate,2024-11-08
CUST-04189,Siddharth Patel,Maharashtra,Mumbai,400001,Paid Ads (Instagram/FB),2024-06-07
CUST-04190,Rahul Nair,Karnataka,Bengaluru,560001,Paid Ads (Instagram/FB),2024-06-05
CUST-04191,Priya Gupta,Madhya Pradesh,Gwalior,474001,Paid Ads (Instagram/FB),2024-12-23
CUST-04192,Aditya Mehta,Rajasthan,Udaipur,313001,Affiliate,2024-03-05
CUST-04193,Arjun Verma,West Bengal,Siliguri,734001,Organic Search,2025-02-19
CUST-04194,Aditya Verma,Rajasthan,Jodhpur,342001,Organic Search,2024-02-14
CUST-04195,Kabir Gupta,West Bengal,Siliguri,734001,Paid Ads (Instagram/FB),2024-01-07
CUST-04196,Rahul Nair,Madhya Pradesh,Bhopal,462001,Referral / WhatsApp Share,2024-09-10
CUST-04197,Siddharth Patel,Telangana,Hyderabad,500001,Direct App Open,2025-03-31
CUST-04198,Kabir Patel,Rajasthan,Udaipur,313001,Organic Search,2024-12-26
CUST-04199,Pooja Joshi,Telangana,Nizamabad,503001,Paid Ads (Instagram/FB),2025-07-08
CUST-04200,Shreya Singh,West Bengal,Siliguri,734001,Direct App Open,2024-07-01
CUST-04201,Shreya Gupta,Maharashtra,Pune,411001,Direct App Open,2025-01-20
CUST-04202,Sneha Rao,Bihar,Muzaffarpur,842001,Direct App Open,2024-06-23
CUST-04203,Pooja Kulkarni,Telangana,Hyderabad,500001,Paid Ads (Instagram/FB),2024-11-27
CUST-04204,Neha Iyer,Tamil Nadu,Madurai,625001,Affiliate,2025-08-02
CUST-04205,Aditya Mehta,West Bengal,Howrah,711101,Paid Ads (Instagram/FB),2024-10-06
CUST-04206,Rahul Joshi,Maharashtra,Nashik,422001,Referral / WhatsApp Share,2024-05-19
CUST-04207,Pooja Deshmukh,Maharashtra,Nashik,422001,Referral / WhatsApp Share,2025-05-01
CUST-04208,Rohan Deshmukh,Bihar,Gaya,823001,Affiliate,2024-11-07
CUST-04209,Priya Verma,Telangana,Nizamabad,503001,Direct App Open,2025-05-11
CUST-04210,Aarav Nair,Maharashtra,Nashik,422001,Referral / WhatsApp Share,2025-05-24
CUST-04211,Vikram Nair,West Bengal,Siliguri,734001,Affiliate,2025-08-07
CUST-04212,Vikram Joshi,Tamil Nadu,Chennai,600001,Affiliate,2024-07-17
CUST-04213,Siddharth Deshmukh,Madhya Pradesh,Indore,452001,Organic Search,2025-02-24
CUST-04214,Neha Iyer,Tamil Nadu,Coimbatore,641001,Affiliate,2024-12-17
CUST-04215,Ananya Joshi,Telangana,Nizamabad,503001,Affiliate,2024-04-19
CUST-04216,Kabir Singh,Telangana,Nizamabad,503001,Organic Search,2024-09-28
CUST-04217,Vikram Kulkarni,Maharashtra,Pune,411001,Affiliate,2025-02-07
CUST-04218,Aditya Sharma,West Bengal,Kolkata,700001,Organic Search,2024-02-02
CUST-04219,Rohan Joshi,Karnataka,Mysuru,570001,Organic Search,2025-02-10
CUST-04220,Kabir Singh,Madhya Pradesh,Gwalior,474001,Organic Search,2024-01-19
CUST-04221,Kavya Nair,Karnataka,Mysuru,570001,Affiliate,2024-09-15
CUST-04222,Sneha Nair,Uttar Pradesh,Kanpur,208001,Organic Search,2025-07-23
CUST-04223,Aditya Nair,Telangana,Nizamabad,503001,Paid Ads (Instagram/FB),2024-02-12
CUST-04224,Sneha Verma,Tamil Nadu,Madurai,625001,Affiliate,2025-07-18
CUST-04225,Ananya Deshmukh,Telangana,Nizamabad,503001,Direct App Open,2024-09-25
CUST-04226,Kavya Rao,Uttar Pradesh,Varanasi,221001,Direct App Open,2024-08-30
CUST-04227,Aarav Mehta,Rajasthan,Jodhpur,342001,Organic Search,2024-02-18
CUST-04228,Aarav Iyer,Maharashtra,Nagpur,440001,Direct App Open,2025-02-16
CUST-04229,Priya Deshmukh,Telangana,Warangal,506001,Paid Ads (Instagram/FB),2024-01-18
CUST-04230,Aditya Kulkarni,Bihar,Gaya,823001,Organic Search,2025-07-25
CUST-04231,Vikram Deshmukh,Gujarat,Surat,395001,Affiliate,2024-10-28
CUST-04232,Kabir Verma,Telangana,Hyderabad,500001,Affiliate,2025-05-06
CUST-04233,Aditya Rao,Maharashtra,Mumbai,400001,Affiliate,2025-04-28
CUST-04234,Rohan Joshi,Maharashtra,Mumbai,400001,Organic Search,2024-07-27
CUST-04235,Kabir Kulkarni,Uttar Pradesh,Lucknow,226001,Paid Ads (Instagram/FB),2024-10-04
CUST-04236,Aditya Singh,Tamil Nadu,Coimbatore,641001,Paid Ads (Instagram/FB),2024-02-14
CUST-04237,Kabir Verma,Tamil Nadu,Madurai,625001,Referral / WhatsApp Share,2025-03-08
CUST-04238,Arjun Joshi,West Bengal,Kolkata,700001,Referral / WhatsApp Share,2024-02-09
CUST-04239,Kabir Mehta,Karnataka,Bengaluru,560001,Referral / WhatsApp Share,2024-12-18
CUST-04240,Pooja Deshmukh,Bihar,Gaya,823001,Paid Ads (Instagram/FB),2024-11-18
CUST-04241,Aditya Joshi,Karnataka,Bengaluru,560001,Paid Ads (Instagram/FB),2024-05-07
CUST-04242,Pooja Sharma,West Bengal,Kolkata,700001,Paid Ads (Instagram/FB),2024-10-28
CUST-04243,Neha Sharma,Tamil Nadu,Coimbatore,641001,Referral / WhatsApp Share,2025-05-06
CUST-04244,Aditya Joshi,Tamil Nadu,Madurai,625001,Referral / WhatsApp Share,2024-11-29
CUST-04245,Sneha Deshmukh,Gujarat,Vadodara,390001,Direct App Open,2024-11-30
CUST-04246,Rohan Patel,Gujarat,Vadodara,390001,Paid Ads (Instagram/FB),2024-11-16
CUST-04247,Aarav Verma,Uttar Pradesh,Kanpur,208001,Referral / WhatsApp Share,2024-12-07
CUST-04248,Shreya Kulkarni,Gujarat,Ahmedabad,380001,Paid Ads (Instagram/FB),2024-02-27
CUST-04249,Aarav Rao,Gujarat,Surat,395001,Paid Ads (Instagram/FB),2024-07-08
CUST-04250,Priya Patel,Rajasthan,Jaipur,302001,Paid Ads (Instagram/FB),2025-04-19
CUST-04251,Neha Mehta,Bihar,Gaya,823001,Affiliate,2025-07-12
CUST-04252,Shreya Iyer,Telangana,Warangal,506001,Affiliate,2024-11-24
CUST-04253,Shreya Gupta,West Bengal,Siliguri,734001,Referral / WhatsApp Share,2024-06-24
CUST-04254,Rohan Deshmukh,Tamil Nadu,Chennai,600001,Referral / WhatsApp Share,2024-05-23
CUST-04255,Shreya Kulkarni,Uttar Pradesh,Agra,282001,Organic Search,2025-05-29
CUST-04256,Sneha Verma,West Bengal,Siliguri,734001,Organic Search,2025-04-04
CUST-04257,Priya Sharma,West Bengal,Kolkata,700001,Affiliate,2024-02-18
CUST-04258,Sneha Singh,Telangana,Hyderabad,500001,Referral / WhatsApp Share,2025-04-03
CUST-04259,Neha Singh,Tamil Nadu,Coimbatore,641001,Paid Ads (Instagram/FB),2025-01-09
CUST-04260,Rahul Iyer,West Bengal,Kolkata,700001,Referral / WhatsApp Share,2025-03-24
CUST-04261,Kavya Nair,Tamil Nadu,Chennai,600001,Direct App Open,2024-05-01
CUST-04262,Sneha Deshmukh,Tamil Nadu,Madurai,625001,Affiliate,2025-04-15
CUST-04263,Ananya Singh,Tamil Nadu,Madurai,625001,Paid Ads (Instagram/FB),2024-02-07
CUST-04264,Sneha Iyer,Rajasthan,Udaipur,313001,Affiliate,2024-02-01
CUST-04265,Ananya Iyer,Uttar Pradesh,Kanpur,208001,Direct App Open,2024-03-26
CUST-04266,Kavya Patel,Gujarat,Ahmedabad,380001,Affiliate,2024-07-05
CUST-04267,Kabir Sharma,Madhya Pradesh,Indore,452001,Affiliate,2025-07-01
CUST-04268,Aditya Mehta,Madhya Pradesh,Bhopal,462001,Referral / WhatsApp Share,2024-06-27
CUST-04269,Neha Nair,Rajasthan,Jaipur,302001,Organic Search,2024-10-19
CUST-04270,Kavya Nair,Bihar,Patna,800001,Referral / WhatsApp Share,2024-03-05
CUST-04271,Sneha Mehta,Uttar Pradesh,Agra,282001,Referral / WhatsApp Share,2025-02-22
CUST-04272,Sneha Gupta,Gujarat,Surat,395001,Paid Ads (Instagram/FB),2025-05-09
CUST-04273,Siddharth Nair,Maharashtra,Mumbai,400001,Affiliate,2025-08-01
CUST-04274,Kavya Patel,West Bengal,Howrah,711101,Direct App Open,2024-07-11
CUST-04275,Vikram Singh,Bihar,Gaya,823001,Organic Search,2025-05-05
CUST-04276,Neha Rao,Bihar,Patna,800001,Affiliate,2025-02-11
CUST-04277,Pooja Patel,Tamil Nadu,Chennai,600001,Paid Ads (Instagram/FB),2025-02-09
CUST-04278,Rohan Deshmukh,Telangana,Nizamabad,503001,Referral / WhatsApp Share,2025-01-20
CUST-04279,Rahul Joshi,Tamil Nadu,Coimbatore,641001,Organic Search,2025-08-11
CUST-04280,Pooja Sharma,Maharashtra,Mumbai,400001,Organic Search,2025-06-29
CUST-04281,Pooja Nair,West Bengal,Howrah,711101,Paid Ads (Instagram/FB),2025-08-14
CUST-04282,Aarav Nair,Gujarat,Vadodara,390001,Referral / WhatsApp Share,2024-06-16
CUST-04283,Priya Rao,Uttar Pradesh,Agra,282001,Affiliate,2024-10-24
CUST-04284,Aditya Singh,Karnataka,Hubballi,580020,Referral / WhatsApp Share,2025-02-03
CUST-04285,Vikram Rao,Madhya Pradesh,Gwalior,474001,Referral / WhatsApp Share,2025-04-13
CUST-04286,Pooja Kulkarni,Rajasthan,Jaipur,302001,Affiliate,2025-01-14
CUST-04287,Kavya Verma,West Bengal,Siliguri,734001,Affiliate,2024-12-22
CUST-04288,Siddharth Nair,Karnataka,Hubballi,580020,Organic Search,2024-02-22
CUST-04289,Rohan Mehta,Uttar Pradesh,Agra,282001,Affiliate,2025-04-18
CUST-04290,Shreya Nair,Telangana,Nizamabad,503001,Organic Search,2024-05-20
CUST-04291,Vikram Nair,Madhya Pradesh,Bhopal,462001,Affiliate,2025-04-07
CUST-04292,Aditya Patel,Rajasthan,Jaipur,302001,Referral / WhatsApp Share,2025-08-17
CUST-04293,Arjun Singh,Tamil Nadu,Coimbatore,641001,Organic Search,2024-09-29
CUST-04294,Siddharth Iyer,Bihar,Gaya,823001,Paid Ads (Instagram/FB),2025-06-19
CUST-04295,Kabir Nair,Uttar Pradesh,Lucknow,226001,Paid Ads (Instagram/FB),2024-08-10
CUST-04296,Rahul Sharma,Gujarat,Vadodara,390001,Affiliate,2024-12-15
CUST-04297,Siddharth Joshi,Madhya Pradesh,Bhopal,462001,Organic Search,2025-08-14
CUST-04298,Ananya Deshmukh,Rajasthan,Udaipur,313001,Organic Search,2024-10-08
CUST-04299,Aditya Kulkarni,Telangana,Hyderabad,500001,Organic Search,2025-08-09
CUST-04300,Rahul Mehta,Uttar Pradesh,Agra,282001,Direct App Open,2025-08-13
CUST-04301,Aarav Kulkarni,West Bengal,Kolkata,700001,Affiliate,2025-03-11
CUST-04302,Aditya Joshi,Telangana,Hyderabad,500001,Paid Ads (Instagram/FB),2025-01-17
CUST-04303,Priya Gupta,West Bengal,Siliguri,734001,Affiliate,2025-07-05
CUST-04304,Siddharth Sharma,Rajasthan,Udaipur,313001,Organic Search,2024-11-22
CUST-04305,Ananya Mehta,Bihar,Patna,800001,Organic Search,2024-05-04
CUST-04306,Pooja Iyer,Telangana,Hyderabad,500001,Organic Search,2024-09-11
CUST-04307,Kavya Nair,Karnataka,Hubballi,580020,Direct App Open,2024-11-10
CUST-04308,Rohan Gupta,West Bengal,Howrah,711101,Organic Search,2024-09-06
CUST-04309,Shreya Joshi,Maharashtra,Mumbai,400001,Affiliate,2024-12-01
CUST-04310,Kavya Nair,Uttar Pradesh,Lucknow,226001,Organic Search,2024-10-17
CUST-04311,Sneha Sharma,Karnataka,Mysuru,570001,Paid Ads (Instagram/FB),2025-04-17
CUST-04312,Ananya Joshi,Uttar Pradesh,Varanasi,221001,Affiliate,2025-05-23
CUST-04313,Ananya Joshi,Bihar,Patna,800001,Direct App Open,2024-03-21
CUST-04314,Ananya Rao,West Bengal,Siliguri,734001,Affiliate,2025-02-14
CUST-04315,Pooja Iyer,Gujarat,Surat,395001,Paid Ads (Instagram/FB),2024-03-02
CUST-04316,Shreya Sharma,West Bengal,Siliguri,734001,Referral / WhatsApp Share,2025-03-16
CUST-04317,Priya Kulkarni,Tamil Nadu,Coimbatore,641001,Paid Ads (Instagram/FB),2024-03-29
CUST-04318,Rahul Kulkarni,Bihar,Gaya,823001,Paid Ads (Instagram/FB),2025-08-21
CUST-04319,Neha Deshmukh,Karnataka,Mysuru,570001,Referral / WhatsApp Share,2024-04-28
CUST-04320,Priya Joshi,Tamil Nadu,Chennai,600001,Direct App Open,2024-02-13
CUST-04321,Rahul Mehta,Madhya Pradesh,Bhopal,462001,Direct App Open,2025-05-12
CUST-04322,Rohan Verma,Maharashtra,Pune,411001,Affiliate,2025-03-07
CUST-04323,Siddharth Gupta,Bihar,Gaya,823001,Organic Search,2024-12-17
CUST-04324,Aditya Iyer,Tamil Nadu,Chennai,600001,Affiliate,2024-03-25
CUST-04325,Kabir Singh,Tamil Nadu,Chennai,600001,Direct App Open,2024-03-19
CUST-04326,Aarav Patel,Telangana,Nizamabad,503001,Direct App Open,2024-11-27
CUST-04327,Rahul Iyer,West Bengal,Siliguri,734001,Referral / WhatsApp Share,2025-02-23
CUST-04328,Kavya Singh,Maharashtra,Nagpur,440001,Organic Search,2024-02-08
CUST-04329,Ananya Gupta,Madhya Pradesh,Gwalior,474001,Organic Search,2024-05-18
CUST-04330,Neha Iyer,Maharashtra,Nagpur,440001,Paid Ads (Instagram/FB),2025-05-13
CUST-04331,Kabir Iyer,Bihar,Patna,800001,Affiliate,2024-04-14
CUST-04332,Vikram Gupta,Tamil Nadu,Madurai,625001,Referral / WhatsApp Share,2025-04-09
CUST-04333,Priya Nair,Telangana,Hyderabad,500001,Affiliate,2024-11-20
CUST-04334,Siddharth Iyer,Maharashtra,Nashik,422001,Affiliate,2024-02-15
CUST-04335,Kabir Verma,Bihar,Gaya,823001,Affiliate,2024-01-04
CUST-04336,Pooja Mehta,Karnataka,Hubballi,580020,Affiliate,2024-10-11
CUST-04337,Pooja Nair,Rajasthan,Jodhpur,342001,Referral / WhatsApp Share,2024-12-25
CUST-04338,Priya Rao,Gujarat,Surat,395001,Affiliate,2025-04-09
CUST-04339,Rohan Verma,Uttar Pradesh,Agra,282001,Referral / WhatsApp Share,2024-07-20
CUST-04340,Aarav Gupta,Bihar,Muzaffarpur,842001,Affiliate,2024-05-02
CUST-04341,Siddharth Patel,Bihar,Gaya,823001,Organic Search,2024-07-26
CUST-04342,Vikram Iyer,Telangana,Nizamabad,503001,Affiliate,2024-03-07
CUST-04343,Arjun Verma,Gujarat,Vadodara,390001,Direct App Open,2025-03-29
CUST-04344,Rahul Rao,West Bengal,Siliguri,734001,Paid Ads (Instagram/FB),2024-08-27
CUST-04345,Ananya Joshi,Tamil Nadu,Coimbatore,641001,Direct App Open,2024-01-15
CUST-04346,Kavya Singh,Uttar Pradesh,Kanpur,208001,Organic Search,2024-01-13
CUST-04347,Pooja Patel,West Bengal,Kolkata,700001,Affiliate,2025-03-05
CUST-04348,Aarav Mehta,Madhya Pradesh,Bhopal,462001,Direct App Open,2024-05-16
CUST-04349,Sneha Singh,Karnataka,Bengaluru,560001,Referral / WhatsApp Share,2024-03-10
CUST-04350,Rahul Mehta,Gujarat,Ahmedabad,380001,Affiliate,2024-02-05
CUST-04351,Shreya Gupta,West Bengal,Howrah,711101,Direct App Open,2024-05-17
CUST-04352,Aarav Singh,Tamil Nadu,Chennai,600001,Organic Search,2024-02-27
CUST-04353,Shreya Rao,Rajasthan,Udaipur,313001,Affiliate,2024-10-05
CUST-04354,Priya Deshmukh,Gujarat,Ahmedabad,380001,Referral / WhatsApp Share,2025-01-15
CUST-04355,Siddharth Iyer,Madhya Pradesh,Gwalior,474001,Organic Search,2024-03-01
CUST-04356,Pooja Verma,Telangana,Warangal,506001,Organic Search,2024-05-27
CUST-04357,Rohan Singh,Madhya Pradesh,Indore,452001,Organic Search,2025-07-25
CUST-04358,Neha Mehta,Bihar,Gaya,823001,Affiliate,2025-02-20
CUST-04359,Ananya Mehta,Karnataka,Mysuru,570001,Organic Search,2025-05-22
CUST-04360,Kavya Singh,Karnataka,Bengaluru,560001,Referral / WhatsApp Share,2024-01-15
CUST-04361,Vikram Rao,Gujarat,Ahmedabad,380001,Direct App Open,2024-04-12
CUST-04362,Priya Nair,Telangana,Hyderabad,500001,Organic Search,2024-07-16
CUST-04363,Vikram Joshi,Madhya Pradesh,Indore,452001,Organic Search,2025-01-25
CUST-04364,Ananya Sharma,Rajasthan,Jaipur,302001,Paid Ads (Instagram/FB),2025-07-13
CUST-04365,Kabir Verma,Karnataka,Bengaluru,560001,Paid Ads (Instagram/FB),2024-02-05
CUST-04366,Aarav Deshmukh,West Bengal,Kolkata,700001,Direct App Open,2025-02-28
CUST-04367,Shreya Mehta,Uttar Pradesh,Varanasi,221001,Paid Ads (Instagram/FB),2025-02-23
CUST-04368,Arjun Deshmukh,Maharashtra,Mumbai,400001,Referral / WhatsApp Share,2025-04-21
CUST-04369,Neha Deshmukh,West Bengal,Kolkata,700001,Organic Search,2024-04-08
CUST-04370,Neha Iyer,Karnataka,Mysuru,570001,Affiliate,2024-01-13
CUST-04371,Aarav Verma,Gujarat,Vadodara,390001,Direct App Open,2024-04-01
CUST-04372,Ananya Sharma,Rajasthan,Jaipur,302001,Paid Ads (Instagram/FB),2024-04-05
CUST-04373,Priya Iyer,Madhya Pradesh,Indore,452001,Affiliate,2024-02-12
CUST-04374,Shreya Nair,Rajasthan,Jaipur,302001,Direct App Open,2025-05-22
CUST-04375,Rohan Mehta,Uttar Pradesh,Lucknow,226001,Referral / WhatsApp Share,2024-11-19
CUST-04376,Kavya Rao,Tamil Nadu,Madurai,625001,Direct App Open,2024-04-24
CUST-04377,Neha Patel,Telangana,Hyderabad,500001,Affiliate,2024-03-11
CUST-04378,Neha Sharma,Rajasthan,Jodhpur,342001,Referral / WhatsApp Share,2024-09-07
CUST-04379,Kabir Sharma,Karnataka,Bengaluru,560001,Referral / WhatsApp Share,2024-10-27
CUST-04380,Kavya Mehta,Karnataka,Mysuru,570001,Paid Ads (Instagram/FB),2024-04-05
CUST-04381,Rahul Joshi,Maharashtra,Pune,411001,Referral / WhatsApp Share,2024-07-04
CUST-04382,Ananya Deshmukh,Tamil Nadu,Chennai,600001,Paid Ads (Instagram/FB),2024-01-18
CUST-04383,Pooja Singh,Tamil Nadu,Madurai,625001,Direct App Open,2025-04-30
CUST-04384,Aditya Mehta,Bihar,Muzaffarpur,842001,Organic Search,2024-08-01
CUST-04385,Rahul Mehta,Bihar,Muzaffarpur,842001,Referral / WhatsApp Share,2024-11-19
CUST-04386,Priya Iyer,Karnataka,Mysuru,570001,Direct App Open,2024-03-21
CUST-04387,Rahul Verma,Telangana,Warangal,506001,Affiliate,2024-01-25
CUST-04388,Rahul Mehta,Tamil Nadu,Coimbatore,641001,Referral / WhatsApp Share,2025-08-21
CUST-04389,Arjun Kulkarni,Uttar Pradesh,Agra,282001,Organic Search,2024-05-14
CUST-04390,Priya Patel,Telangana,Nizamabad,503001,Organic Search,2024-11-23
CUST-04391,Aditya Nair,Telangana,Hyderabad,500001,Paid Ads (Instagram/FB),2025-03-16
CUST-04392,Arjun Joshi,Tamil Nadu,Madurai,625001,Affiliate,2025-07-02
CUST-04393,Aditya Joshi,Tamil Nadu,Coimbatore,641001,Affiliate,2025-03-14
CUST-04394,Siddharth Nair,Bihar,Patna,800001,Paid Ads (Instagram/FB),2025-04-19
CUST-04395,Kabir Sharma,Maharashtra,Nagpur,440001,Referral / WhatsApp Share,2025-04-12
CUST-04396,Vikram Sharma,Madhya Pradesh,Gwalior,474001,Paid Ads (Instagram/FB),2025-03-24
CUST-04397,Kavya Gupta,Madhya Pradesh,Bhopal,462001,Affiliate,2024-04-22
CUST-04398,Pooja Sharma,Rajasthan,Jodhpur,342001,Affiliate,2025-08-03
CUST-04399,Rohan Patel,Bihar,Gaya,823001,Organic Search,2024-02-21
CUST-04400,Kabir Deshmukh,Madhya Pradesh,Bhopal,462001,Direct App Open,2024-05-10
CUST-04401,Kavya Iyer,West Bengal,Kolkata,700001,Referral / WhatsApp Share,2025-07-07
CUST-04402,Vikram Nair,Bihar,Gaya,823001,Direct App Open,2024-02-10
CUST-04403,Arjun Mehta,Uttar Pradesh,Kanpur,208001,Affiliate,2025-06-24
CUST-04404,Kabir Kulkarni,Tamil Nadu,Coimbatore,641001,Paid Ads (Instagram/FB),2024-05-31
CUST-04405,Shreya Sharma,Karnataka,Bengaluru,560001,Paid Ads (Instagram/FB),2024-07-23
CUST-04406,Shreya Rao,Rajasthan,Udaipur,313001,Paid Ads (Instagram/FB),2024-01-15
CUST-04407,Sneha Kulkarni,Maharashtra,Pune,411001,Paid Ads (Instagram/FB),2024-01-03
CUST-04408,Aarav Sharma,Maharashtra,Nashik,422001,Paid Ads (Instagram/FB),2024-10-25
CUST-04409,Shreya Rao,Bihar,Gaya,823001,Paid Ads (Instagram/FB),2024-04-23
CUST-04410,Pooja Sharma,Maharashtra,Mumbai,400001,Organic Search,2024-09-15
CUST-04411,Priya Joshi,Maharashtra,Mumbai,400001,Affiliate,2024-04-04
CUST-04412,Kabir Deshmukh,Karnataka,Bengaluru,560001,Paid Ads (Instagram/FB),2025-05-21
CUST-04413,Ananya Verma,Telangana,Nizamabad,503001,Affiliate,2025-08-14
CUST-04414,Shreya Verma,Telangana,Hyderabad,500001,Direct App Open,2024-01-10
CUST-04415,Arjun Rao,West Bengal,Howrah,711101,Affiliate,2024-03-25
CUST-04416,Kavya Nair,Bihar,Gaya,823001,Referral / WhatsApp Share,2025-02-01
CUST-04417,Ananya Sharma,Maharashtra,Mumbai,400001,Affiliate,2025-06-11
CUST-04418,Vikram Gupta,Gujarat,Ahmedabad,380001,Direct App Open,2024-05-01
CUST-04419,Aditya Patel,Gujarat,Surat,395001,Organic Search,2024-04-08
CUST-04420,Arjun Patel,West Bengal,Kolkata,700001,Affiliate,2025-07-22
CUST-04421,Rahul Kulkarni,Tamil Nadu,Coimbatore,641001,Affiliate,2024-05-24
CUST-04422,Siddharth Deshmukh,Tamil Nadu,Chennai,600001,Organic Search,2024-07-12
CUST-04423,Rahul Singh,Maharashtra,Mumbai,400001,Referral / WhatsApp Share,2024-07-27
CUST-04424,Sneha Iyer,Tamil Nadu,Coimbatore,641001,Direct App Open,2024-01-31
CUST-04425,Neha Kulkarni,Bihar,Muzaffarpur,842001,Affiliate,2024-09-13
CUST-04426,Vikram Deshmukh,Tamil Nadu,Coimbatore,641001,Direct App Open,2025-03-28
CUST-04427,Rohan Rao,Maharashtra,Mumbai,400001,Organic Search,2025-07-17
CUST-04428,Rohan Singh,Maharashtra,Pune,411001,Affiliate,2024-04-03
CUST-04429,Shreya Nair,Karnataka,Bengaluru,560001,Paid Ads (Instagram/FB),2025-06-09
CUST-04430,Neha Deshmukh,Tamil Nadu,Chennai,600001,Paid Ads (Instagram/FB),2025-02-04
CUST-04431,Rohan Sharma,Madhya Pradesh,Indore,452001,Affiliate,2024-03-12
CUST-04432,Neha Singh,West Bengal,Kolkata,700001,Direct App Open,2024-08-20
CUST-04433,Siddharth Kulkarni,Gujarat,Surat,395001,Referral / WhatsApp Share,2024-06-12
CUST-04434,Aditya Iyer,West Bengal,Howrah,711101,Organic Search,2024-01-09
CUST-04435,Vikram Patel,Karnataka,Hubballi,580020,Organic Search,2025-07-27
CUST-04436,Rohan Nair,West Bengal,Kolkata,700001,Affiliate,2024-04-28
CUST-04437,Rahul Joshi,Uttar Pradesh,Kanpur,208001,Referral / WhatsApp Share,2024-12-20
CUST-04438,Pooja Sharma,Tamil Nadu,Madurai,625001,Direct App Open,2024-04-27
CUST-04439,Aditya Sharma,Maharashtra,Nashik,422001,Affiliate,2024-06-26
CUST-04440,Ananya Sharma,Tamil Nadu,Coimbatore,641001,Direct App Open,2024-01-25
CUST-04441,Aarav Patel,Karnataka,Hubballi,580020,Paid Ads (Instagram/FB),2025-06-18
CUST-04442,Rohan Verma,Uttar Pradesh,Lucknow,226001,Organic Search,2024-06-28
CUST-04443,Ananya Mehta,Telangana,Nizamabad,503001,Direct App Open,2024-03-11
CUST-04444,Sneha Patel,Karnataka,Bengaluru,560001,Referral / WhatsApp Share,2025-06-29
CUST-04445,Shreya Kulkarni,Maharashtra,Nashik,422001,Direct App Open,2025-03-21
CUST-04446,Siddharth Kulkarni,Gujarat,Vadodara,390001,Referral / WhatsApp Share,2024-11-15
CUST-04447,Kabir Rao,Maharashtra,Nagpur,440001,Paid Ads (Instagram/FB),2024-05-27
CUST-04448,Neha Joshi,Gujarat,Vadodara,390001,Referral / WhatsApp Share,2025-01-27
CUST-04449,Kavya Sharma,Uttar Pradesh,Lucknow,226001,Referral / WhatsApp Share,2024-08-30
CUST-04450,Aarav Kulkarni,Rajasthan,Udaipur,313001,Paid Ads (Instagram/FB),2024-11-12
CUST-04451,Neha Mehta,Tamil Nadu,Chennai,600001,Referral / WhatsApp Share,2025-07-25
CUST-04452,Kabir Patel,Rajasthan,Jodhpur,342001,Affiliate,2024-06-22
CUST-04453,Rohan Kulkarni,Uttar Pradesh,Kanpur,208001,Direct App Open,2024-07-06
CUST-04454,Kabir Verma,Maharashtra,Nashik,422001,Direct App Open,2025-01-31
CUST-04455,Aditya Kulkarni,Bihar,Patna,800001,Paid Ads (Instagram/FB),2024-10-09
CUST-04456,Priya Deshmukh,Rajasthan,Jodhpur,342001,Affiliate,2025-03-28
CUST-04457,Arjun Singh,Telangana,Warangal,506001,Direct App Open,2025-04-23
CUST-04458,Kavya Patel,Karnataka,Hubballi,580020,Organic Search,2024-07-31
CUST-04459,Sneha Sharma,Maharashtra,Nashik,422001,Organic Search,2025-06-06
CUST-04460,Vikram Nair,Telangana,Warangal,506001,Referral / WhatsApp Share,2024-05-29
CUST-04461,Rohan Iyer,West Bengal,Howrah,711101,Paid Ads (Instagram/FB),2024-11-10
CUST-04462,Aarav Singh,Bihar,Muzaffarpur,842001,Direct App Open,2025-07-14
CUST-04463,Rohan Patel,Karnataka,Bengaluru,560001,Referral / WhatsApp Share,2025-03-19
CUST-04464,Kavya Singh,Telangana,Nizamabad,503001,Referral / WhatsApp Share,2024-06-16
CUST-04465,Sneha Singh,Telangana,Hyderabad,500001,Organic Search,2025-02-13
CUST-04466,Rahul Rao,Tamil Nadu,Coimbatore,641001,Organic Search,2024-05-06
CUST-04467,Priya Gupta,Telangana,Warangal,506001,Paid Ads (Instagram/FB),2025-07-13
CUST-04468,Arjun Patel,Madhya Pradesh,Bhopal,462001,Direct App Open,2024-09-12
CUST-04469,Aarav Gupta,Bihar,Patna,800001,Referral / WhatsApp Share,2024-08-18
CUST-04470,Sneha Gupta,Telangana,Warangal,506001,Affiliate,2025-05-29
CUST-04471,Siddharth Mehta,Uttar Pradesh,Varanasi,221001,Affiliate,2025-03-05
CUST-04472,Arjun Sharma,Bihar,Gaya,823001,Referral / WhatsApp Share,2024-01-19
CUST-04473,Sneha Patel,Uttar Pradesh,Lucknow,226001,Paid Ads (Instagram/FB),2024-04-03
CUST-04474,Rohan Kulkarni,Tamil Nadu,Chennai,600001,Referral / WhatsApp Share,2024-03-25
CUST-04475,Siddharth Rao,Karnataka,Bengaluru,560001,Organic Search,2024-05-01
CUST-04476,Shreya Joshi,Maharashtra,Nagpur,440001,Affiliate,2025-06-24
CUST-04477,Kabir Sharma,Gujarat,Surat,395001,Paid Ads (Instagram/FB),2024-04-12
CUST-04478,Shreya Rao,Madhya Pradesh,Indore,452001,Organic Search,2024-02-29
CUST-04479,Ananya Mehta,Maharashtra,Pune,411001,Organic Search,2025-04-02
CUST-04480,Arjun Deshmukh,Telangana,Nizamabad,503001,Organic Search,2024-03-23
CUST-04481,Priya Singh,Maharashtra,Mumbai,400001,Paid Ads (Instagram/FB),2024-10-31
CUST-04482,Aditya Verma,Uttar Pradesh,Kanpur,208001,Organic Search,2025-05-23
CUST-04483,Shreya Patel,Telangana,Warangal,506001,Affiliate,2025-02-28
CUST-04484,Aarav Rao,Uttar Pradesh,Agra,282001,Paid Ads (Instagram/FB),2024-12-29
CUST-04485,Rahul Rao,Telangana,Hyderabad,500001,Affiliate,2024-09-21
CUST-04486,Priya Deshmukh,Tamil Nadu,Madurai,625001,Direct App Open,2025-06-20
CUST-04487,Sneha Kulkarni,Maharashtra,Mumbai,400001,Organic Search,2024-07-29
CUST-04488,Neha Kulkarni,Gujarat,Surat,395001,Affiliate,2024-06-18
CUST-04489,Shreya Patel,Maharashtra,Nashik,422001,Paid Ads (Instagram/FB),2025-07-25
CUST-04490,Arjun Gupta,Rajasthan,Udaipur,313001,Organic Search,2025-04-27
CUST-04491,Rohan Verma,Telangana,Hyderabad,500001,Paid Ads (Instagram/FB),2025-04-24
CUST-04492,Priya Joshi,Uttar Pradesh,Agra,282001,Organic Search,2025-07-19
CUST-04493,Shreya Nair,Uttar Pradesh,Agra,282001,Paid Ads (Instagram/FB),2024-05-12
CUST-04494,Aditya Iyer,Telangana,Nizamabad,503001,Direct App Open,2024-09-14
CUST-04495,Neha Verma,Uttar Pradesh,Kanpur,208001,Direct App Open,2024-12-12
CUST-04496,Kavya Iyer,Maharashtra,Nashik,422001,Direct App Open,2025-07-27
CUST-04497,Kavya Patel,Maharashtra,Pune,411001,Referral / WhatsApp Share,2025-07-14
CUST-04498,Aarav Gupta,Madhya Pradesh,Indore,452001,Referral / WhatsApp Share,2025-04-21
CUST-04499,Kavya Nair,Maharashtra,Mumbai,400001,Paid Ads (Instagram/FB),2024-09-20
CUST-04500,Rahul Singh,Gujarat,Ahmedabad,380001,Paid Ads (Instagram/FB),2025-02-08
CUST-04501,Rohan Mehta,Uttar Pradesh,Agra,282001,Affiliate,2024-02-08
CUST-04502,Siddharth Joshi,Telangana,Nizamabad,503001,Direct App Open,2025-07-18
CUST-04503,Sneha Verma,Tamil Nadu,Coimbatore,641001,Direct App Open,2024-01-21
CUST-04504,Kabir Verma,West Bengal,Kolkata,700001,Direct App Open,2024-05-01
CUST-04505,Ananya Deshmukh,West Bengal,Siliguri,734001,Paid Ads (Instagram/FB),2024-04-01
CUST-04506,Sneha Sharma,Uttar Pradesh,Agra,282001,Referral / WhatsApp Share,2024-05-28
CUST-04507,Kabir Patel,Maharashtra,Nashik,422001,Organic Search,2024-08-10
CUST-04508,Ananya Kulkarni,Maharashtra,Nagpur,440001,Paid Ads (Instagram/FB),2024-10-15
CUST-04509,Kavya Iyer,Uttar Pradesh,Kanpur,208001,Affiliate,2024-05-20
CUST-04510,Vikram Nair,Tamil Nadu,Madurai,625001,Organic Search,2024-08-13
CUST-04511,Aarav Sharma,Tamil Nadu,Chennai,600001,Direct App Open,2024-03-17
CUST-04512,Kavya Sharma,West Bengal,Kolkata,700001,Organic Search,2024-05-30
CUST-04513,Priya Kulkarni,Uttar Pradesh,Agra,282001,Direct App Open,2025-01-08
CUST-04514,Siddharth Rao,Madhya Pradesh,Indore,452001,Referral / WhatsApp Share,2025-02-17
CUST-04515,Shreya Iyer,Gujarat,Vadodara,390001,Affiliate,2024-12-03
CUST-04516,Ananya Singh,Madhya Pradesh,Bhopal,462001,Organic Search,2024-01-04
CUST-04517,Sneha Sharma,Uttar Pradesh,Varanasi,221001,Direct App Open,2025-03-06
CUST-04518,Vikram Mehta,Rajasthan,Udaipur,313001,Affiliate,2025-03-10
CUST-04519,Kavya Patel,West Bengal,Howrah,711101,Paid Ads (Instagram/FB),2025-07-19
CUST-04520,Sneha Kulkarni,Uttar Pradesh,Kanpur,208001,Affiliate,2024-03-19
CUST-04521,Aditya Verma,Rajasthan,Jodhpur,342001,Organic Search,2024-05-17
CUST-04522,Ananya Deshmukh,West Bengal,Siliguri,734001,Direct App Open,2025-06-02
CUST-04523,Priya Kulkarni,West Bengal,Howrah,711101,Paid Ads (Instagram/FB),2025-01-20
CUST-04524,Kavya Gupta,Maharashtra,Nashik,422001,Paid Ads (Instagram/FB),2024-08-20
CUST-04525,Shreya Joshi,Maharashtra,Pune,411001,Referral / WhatsApp Share,2024-10-26
CUST-04526,Kabir Rao,West Bengal,Howrah,711101,Direct App Open,2025-04-18
CUST-04527,Neha Mehta,Maharashtra,Nagpur,440001,Organic Search,2025-03-28
CUST-04528,Priya Sharma,Rajasthan,Jaipur,302001,Organic Search,2025-05-27
CUST-04529,Neha Patel,West Bengal,Howrah,711101,Referral / WhatsApp Share,2025-05-07
CUST-04530,Arjun Gupta,Gujarat,Surat,395001,Organic Search,2024-08-09
CUST-04531,Priya Verma,West Bengal,Howrah,711101,Paid Ads (Instagram/FB),2025-06-26
CUST-04532,Aarav Mehta,Rajasthan,Jodhpur,342001,Organic Search,2024-11-04
CUST-04533,Arjun Kulkarni,Rajasthan,Udaipur,313001,Paid Ads (Instagram/FB),2025-01-27
CUST-04534,Aarav Mehta,Telangana,Hyderabad,500001,Referral / WhatsApp Share,2024-09-22
CUST-04535,Siddharth Joshi,Madhya Pradesh,Indore,452001,Paid Ads (Instagram/FB),2025-04-06
CUST-04536,Rohan Nair,Madhya Pradesh,Indore,452001,Organic Search,2025-04-04
CUST-04537,Kabir Joshi,Tamil Nadu,Chennai,600001,Organic Search,2025-04-01
CUST-04538,Rahul Joshi,Gujarat,Ahmedabad,380001,Direct App Open,2024-03-10
CUST-04539,Kavya Rao,Gujarat,Surat,395001,Paid Ads (Instagram/FB),2025-07-15
CUST-04540,Aditya Joshi,Rajasthan,Jodhpur,342001,Paid Ads (Instagram/FB),2025-01-01
CUST-04541,Pooja Mehta,Gujarat,Vadodara,390001,Direct App Open,2025-05-31
CUST-04542,Kavya Verma,Telangana,Hyderabad,500001,Direct App Open,2024-01-31
CUST-04543,Siddharth Singh,Madhya Pradesh,Gwalior,474001,Direct App Open,2024-08-27
CUST-04544,Rohan Sharma,West Bengal,Howrah,711101,Paid Ads (Instagram/FB),2024-09-22
CUST-04545,Aarav Kulkarni,Maharashtra,Pune,411001,Direct App Open,2024-07-23
CUST-04546,Pooja Joshi,Uttar Pradesh,Varanasi,221001,Affiliate,2025-04-05
CUST-04547,Kabir Singh,Maharashtra,Nagpur,440001,Paid Ads (Instagram/FB),2024-11-25
CUST-04548,Kabir Verma,Maharashtra,Nashik,422001,Affiliate,2025-04-19
CUST-04549,Neha Rao,West Bengal,Howrah,711101,Referral / WhatsApp Share,2024-06-11
CUST-04550,Kabir Patel,Telangana,Nizamabad,503001,Organic Search,2024-09-04
CUST-04551,Kavya Nair,Tamil Nadu,Chennai,600001,Paid Ads (Instagram/FB),2025-05-03
CUST-04552,Ananya Joshi,Karnataka,Mysuru,570001,Paid Ads (Instagram/FB),2024-07-03
CUST-04553,Aarav Rao,Karnataka,Bengaluru,560001,Paid Ads (Instagram/FB),2025-05-08
CUST-04554,Priya Patel,Uttar Pradesh,Agra,282001,Referral / WhatsApp Share,2025-05-16
CUST-04555,Kabir Deshmukh,Uttar Pradesh,Agra,282001,Organic Search,2025-03-09
CUST-04556,Rohan Sharma,Tamil Nadu,Chennai,600001,Affiliate,2025-07-10
CUST-04557,Sneha Patel,Tamil Nadu,Coimbatore,641001,Affiliate,2025-02-17
CUST-04558,Pooja Nair,Gujarat,Ahmedabad,380001,Referral / WhatsApp Share,2024-06-28
CUST-04559,Priya Joshi,Telangana,Hyderabad,500001,Paid Ads (Instagram/FB),2025-08-21
CUST-04560,Kavya Mehta,Karnataka,Bengaluru,560001,Paid Ads (Instagram/FB),2025-02-27
CUST-04561,Pooja Nair,Maharashtra,Mumbai,400001,Referral / WhatsApp Share,2024-07-07
CUST-04562,Rahul Joshi,Tamil Nadu,Coimbatore,641001,Organic Search,2024-03-03
CUST-04563,Kabir Nair,Maharashtra,Mumbai,400001,Direct App Open,2025-04-20
CUST-04564,Aditya Sharma,Gujarat,Ahmedabad,380001,Direct App Open,2024-07-17
CUST-04565,Neha Sharma,West Bengal,Siliguri,734001,Organic Search,2024-02-03
CUST-04566,Vikram Deshmukh,Gujarat,Ahmedabad,380001,Paid Ads (Instagram/FB),2025-02-27
CUST-04567,Kavya Verma,Karnataka,Mysuru,570001,Referral / WhatsApp Share,2025-01-20
CUST-04568,Pooja Iyer,Uttar Pradesh,Agra,282001,Paid Ads (Instagram/FB),2025-07-30
CUST-04569,Vikram Verma,Bihar,Patna,800001,Affiliate,2024-01-06
CUST-04570,Arjun Iyer,Telangana,Hyderabad,500001,Direct App Open,2024-11-28
CUST-04571,Vikram Sharma,Karnataka,Mysuru,570001,Affiliate,2025-07-17
CUST-04572,Sneha Patel,Telangana,Hyderabad,500001,Affiliate,2024-08-18
CUST-04573,Rohan Verma,Karnataka,Mysuru,570001,Paid Ads (Instagram/FB),2025-07-07
CUST-04574,Kavya Patel,Karnataka,Hubballi,580020,Organic Search,2025-01-31
CUST-04575,Ananya Kulkarni,Maharashtra,Nagpur,440001,Affiliate,2025-03-15
CUST-04576,Aarav Mehta,Bihar,Muzaffarpur,842001,Direct App Open,2025-04-08
CUST-04577,Kabir Gupta,West Bengal,Kolkata,700001,Direct App Open,2024-06-19
CUST-04578,Arjun Gupta,Tamil Nadu,Coimbatore,641001,Paid Ads (Instagram/FB),2025-05-15
CUST-04579,Vikram Deshmukh,Telangana,Warangal,506001,Organic Search,2025-04-08
CUST-04580,Shreya Sharma,Madhya Pradesh,Gwalior,474001,Direct App Open,2024-11-04
CUST-04581,Kavya Sharma,Bihar,Muzaffarpur,842001,Direct App Open,2025-01-07
CUST-04582,Siddharth Joshi,Maharashtra,Pune,411001,Organic Search,2025-07-12
CUST-04583,Aarav Gupta,Uttar Pradesh,Kanpur,208001,Affiliate,2024-02-17
CUST-04584,Rohan Mehta,Uttar Pradesh,Varanasi,221001,Referral / WhatsApp Share,2024-08-31
CUST-04585,Pooja Sharma,Tamil Nadu,Coimbatore,641001,Affiliate,2025-08-09
CUST-04586,Aditya Sharma,Telangana,Hyderabad,500001,Paid Ads (Instagram/FB),2024-06-09
CUST-04587,Sneha Iyer,Gujarat,Ahmedabad,380001,Paid Ads (Instagram/FB),2024-01-07
CUST-04588,Rohan Iyer,West Bengal,Kolkata,700001,Organic Search,2024-06-06
CUST-04589,Siddharth Kulkarni,West Bengal,Howrah,711101,Organic Search,2024-04-26
CUST-04590,Pooja Rao,Gujarat,Surat,395001,Referral / WhatsApp Share,2024-12-02
CUST-04591,Siddharth Rao,Maharashtra,Pune,411001,Direct App Open,2025-08-17
CUST-04592,Arjun Nair,Madhya Pradesh,Indore,452001,Paid Ads (Instagram/FB),2024-07-17
CUST-04593,Siddharth Iyer,Gujarat,Ahmedabad,380001,Referral / WhatsApp Share,2024-09-09
CUST-04594,Kabir Mehta,Telangana,Warangal,506001,Paid Ads (Instagram/FB),2024-01-08
CUST-04595,Siddharth Nair,Maharashtra,Nagpur,440001,Affiliate,2025-07-05
CUST-04596,Rahul Iyer,Uttar Pradesh,Kanpur,208001,Referral / WhatsApp Share,2024-10-03
CUST-04597,Priya Mehta,Telangana,Hyderabad,500001,Direct App Open,2024-12-07
CUST-04598,Siddharth Deshmukh,Bihar,Gaya,823001,Affiliate,2024-05-17
CUST-04599,Aarav Patel,Karnataka,Bengaluru,560001,Direct App Open,2025-02-15
CUST-04600,Ananya Patel,Rajasthan,Jodhpur,342001,Referral / WhatsApp Share,2025-01-15
CUST-04601,Vikram Mehta,Uttar Pradesh,Lucknow,226001,Direct App Open,2024-07-05
CUST-04602,Pooja Singh,Uttar Pradesh,Kanpur,208001,Direct App Open,2024-12-16
CUST-04603,Pooja Patel,Telangana,Hyderabad,500001,Paid Ads (Instagram/FB),2025-02-09
CUST-04604,Neha Patel,Gujarat,Ahmedabad,380001,Direct App Open,2025-01-16
CUST-04605,Ananya Rao,Bihar,Patna,800001,Direct App Open,2024-10-07
CUST-04606,Neha Kulkarni,Karnataka,Hubballi,580020,Affiliate,2025-02-12
CUST-04607,Vikram Joshi,Uttar Pradesh,Kanpur,208001,Organic Search,2025-03-11
CUST-04608,Priya Verma,Gujarat,Ahmedabad,380001,Organic Search,2025-08-07
CUST-04609,Pooja Mehta,Madhya Pradesh,Indore,452001,Referral / WhatsApp Share,2024-05-20
CUST-04610,Vikram Sharma,Gujarat,Ahmedabad,380001,Organic Search,2024-03-05
CUST-04611,Sneha Rao,Gujarat,Surat,395001,Referral / WhatsApp Share,2024-01-11
CUST-04612,Sneha Patel,Tamil Nadu,Chennai,600001,Paid Ads (Instagram/FB),2024-04-12
CUST-04613,Pooja Gupta,Uttar Pradesh,Varanasi,221001,Paid Ads (Instagram/FB),2024-02-20
CUST-04614,Arjun Verma,Rajasthan,Udaipur,313001,Direct App Open,2024-05-23
CUST-04615,Vikram Verma,Telangana,Hyderabad,500001,Referral / WhatsApp Share,2024-09-14
CUST-04616,Kavya Mehta,Karnataka,Bengaluru,560001,Affiliate,2025-07-12
CUST-04617,Ananya Rao,Tamil Nadu,Madurai,625001,Referral / WhatsApp Share,2025-07-06
CUST-04618,Siddharth Patel,Telangana,Hyderabad,500001,Organic Search,2024-11-05
CUST-04619,Siddharth Nair,Rajasthan,Jodhpur,342001,Organic Search,2025-03-17
CUST-04620,Neha Gupta,Bihar,Muzaffarpur,842001,Paid Ads (Instagram/FB),2024-08-01
CUST-04621,Aditya Iyer,Karnataka,Hubballi,580020,Affiliate,2025-07-25
CUST-04622,Kabir Kulkarni,Uttar Pradesh,Varanasi,221001,Affiliate,2024-02-28
CUST-04623,Rohan Kulkarni,Rajasthan,Udaipur,313001,Affiliate,2024-10-23
CUST-04624,Kabir Singh,Maharashtra,Nagpur,440001,Affiliate,2025-01-02
CUST-04625,Shreya Nair,Madhya Pradesh,Bhopal,462001,Affiliate,2024-06-24
CUST-04626,Siddharth Kulkarni,Bihar,Muzaffarpur,842001,Direct App Open,2024-05-18
CUST-04627,Kabir Mehta,Maharashtra,Nagpur,440001,Direct App Open,2025-05-08
CUST-04628,Rohan Gupta,Telangana,Hyderabad,500001,Referral / WhatsApp Share,2024-11-08
CUST-04629,Aditya Iyer,West Bengal,Siliguri,734001,Referral / WhatsApp Share,2024-03-23
CUST-04630,Siddharth Deshmukh,Bihar,Patna,800001,Affiliate,2024-06-11
CUST-04631,Rohan Mehta,West Bengal,Kolkata,700001,Organic Search,2025-06-30
CUST-04632,Rohan Kulkarni,Bihar,Patna,800001,Referral / WhatsApp Share,2025-04-02
CUST-04633,Rohan Nair,Bihar,Patna,800001,Affiliate,2024-09-14
CUST-04634,Aditya Mehta,Maharashtra,Mumbai,400001,Paid Ads (Instagram/FB),2024-06-15
CUST-04635,Ananya Singh,Uttar Pradesh,Varanasi,221001,Affiliate,2025-08-10
CUST-04636,Rohan Deshmukh,Maharashtra,Mumbai,400001,Affiliate,2025-03-03
CUST-04637,Kabir Mehta,Rajasthan,Jaipur,302001,Paid Ads (Instagram/FB),2025-02-23
CUST-04638,Kabir Sharma,Tamil Nadu,Coimbatore,641001,Organic Search,2025-08-17
CUST-04639,Sneha Joshi,Gujarat,Ahmedabad,380001,Organic Search,2025-05-03
CUST-04640,Kavya Singh,Maharashtra,Mumbai,400001,Paid Ads (Instagram/FB),2024-03-17
CUST-04641,Aarav Rao,Uttar Pradesh,Kanpur,208001,Paid Ads (Instagram/FB),2025-01-14
CUST-04642,Siddharth Iyer,Madhya Pradesh,Gwalior,474001,Paid Ads (Instagram/FB),2024-05-17
CUST-04643,Rohan Singh,Rajasthan,Jaipur,302001,Organic Search,2024-08-15
CUST-04644,Kabir Sharma,Maharashtra,Nashik,422001,Organic Search,2025-06-25
CUST-04645,Rohan Verma,Rajasthan,Udaipur,313001,Organic Search,2024-11-24
CUST-04646,Kabir Singh,Bihar,Patna,800001,Direct App Open,2024-02-26
CUST-04647,Neha Joshi,Karnataka,Mysuru,570001,Referral / WhatsApp Share,2024-08-11
CUST-04648,Shreya Nair,West Bengal,Kolkata,700001,Organic Search,2025-08-09
CUST-04649,Sneha Iyer,Rajasthan,Jaipur,302001,Paid Ads (Instagram/FB),2024-10-04
CUST-04650,Kabir Patel,Rajasthan,Jodhpur,342001,Paid Ads (Instagram/FB),2024-08-16
CUST-04651,Rahul Patel,Gujarat,Ahmedabad,380001,Direct App Open,2024-04-27
CUST-04652,Aarav Gupta,Telangana,Warangal,506001,Referral / WhatsApp Share,2024-04-05
CUST-04653,Kabir Singh,Karnataka,Bengaluru,560001,Organic Search,2025-02-02
CUST-04654,Sneha Singh,Tamil Nadu,Chennai,600001,Paid Ads (Instagram/FB),2025-04-15
CUST-04655,Rohan Verma,Rajasthan,Udaipur,313001,Direct App Open,2025-06-19
CUST-04656,Sneha Verma,Bihar,Patna,800001,Direct App Open,2024-08-01
CUST-04657,Siddharth Singh,Telangana,Warangal,506001,Paid Ads (Instagram/FB),2024-02-16
CUST-04658,Kavya Singh,Bihar,Patna,800001,Direct App Open,2024-12-01
CUST-04659,Kavya Kulkarni,Uttar Pradesh,Agra,282001,Organic Search,2024-03-29
CUST-04660,Kavya Verma,Telangana,Nizamabad,503001,Affiliate,2024-07-12
CUST-04661,Rohan Singh,Karnataka,Bengaluru,560001,Paid Ads (Instagram/FB),2024-10-20
CUST-04662,Arjun Iyer,Rajasthan,Jodhpur,342001,Referral / WhatsApp Share,2024-09-30
CUST-04663,Priya Verma,Karnataka,Bengaluru,560001,Referral / WhatsApp Share,2024-12-19
CUST-04664,Kabir Kulkarni,Gujarat,Vadodara,390001,Direct App Open,2025-08-09
CUST-04665,Vikram Verma,Telangana,Hyderabad,500001,Paid Ads (Instagram/FB),2025-01-02
CUST-04666,Kavya Singh,Madhya Pradesh,Indore,452001,Paid Ads (Instagram/FB),2025-01-22
CUST-04667,Kavya Mehta,Bihar,Muzaffarpur,842001,Affiliate,2024-02-12
CUST-04668,Vikram Rao,Rajasthan,Jaipur,302001,Paid Ads (Instagram/FB),2025-06-12
CUST-04669,Kabir Rao,Tamil Nadu,Chennai,600001,Organic Search,2024-01-04
CUST-04670,Pooja Kulkarni,Gujarat,Vadodara,390001,Referral / WhatsApp Share,2024-11-16
CUST-04671,Neha Rao,Tamil Nadu,Chennai,600001,Organic Search,2025-02-04
CUST-04672,Shreya Singh,Gujarat,Surat,395001,Affiliate,2024-01-17
CUST-04673,Kavya Sharma,Telangana,Hyderabad,500001,Direct App Open,2025-06-30
CUST-04674,Priya Singh,Bihar,Patna,800001,Referral / WhatsApp Share,2025-05-15
CUST-04675,Kavya Gupta,Bihar,Muzaffarpur,842001,Organic Search,2024-10-27
CUST-04676,Ananya Verma,Madhya Pradesh,Gwalior,474001,Referral / WhatsApp Share,2024-10-09
CUST-04677,Ananya Verma,Maharashtra,Nashik,422001,Direct App Open,2024-03-25
CUST-04678,Arjun Verma,West Bengal,Howrah,711101,Referral / WhatsApp Share,2025-02-28
CUST-04679,Kavya Verma,Karnataka,Hubballi,580020,Direct App Open,2024-08-27
CUST-04680,Kabir Nair,Uttar Pradesh,Varanasi,221001,Referral / WhatsApp Share,2024-03-30
CUST-04681,Arjun Kulkarni,Madhya Pradesh,Gwalior,474001,Affiliate,2025-08-07
CUST-04682,Aarav Sharma,Karnataka,Mysuru,570001,Direct App Open,2024-06-19
CUST-04683,Pooja Patel,Maharashtra,Nagpur,440001,Referral / WhatsApp Share,2024-02-11
CUST-04684,Shreya Verma,Madhya Pradesh,Indore,452001,Organic Search,2024-10-24
CUST-04685,Ananya Kulkarni,Bihar,Gaya,823001,Organic Search,2024-12-11
CUST-04686,Aditya Sharma,Gujarat,Vadodara,390001,Paid Ads (Instagram/FB),2025-03-30
CUST-04687,Vikram Joshi,Telangana,Nizamabad,503001,Paid Ads (Instagram/FB),2024-08-04
CUST-04688,Aarav Joshi,Rajasthan,Udaipur,313001,Direct App Open,2024-08-04
CUST-04689,Aarav Joshi,Rajasthan,Udaipur,313001,Organic Search,2025-07-15
CUST-04690,Aditya Mehta,Karnataka,Hubballi,580020,Paid Ads (Instagram/FB),2025-03-06
CUST-04691,Kabir Verma,Telangana,Nizamabad,503001,Referral / WhatsApp Share,2024-03-24
CUST-04692,Pooja Sharma,Madhya Pradesh,Indore,452001,Affiliate,2025-06-03
CUST-04693,Kabir Kulkarni,Gujarat,Vadodara,390001,Referral / WhatsApp Share,2024-02-17
CUST-04694,Kabir Verma,Gujarat,Vadodara,390001,Direct App Open,2024-07-28
CUST-04695,Vikram Gupta,Karnataka,Hubballi,580020,Affiliate,2025-05-30
CUST-04696,Siddharth Verma,Bihar,Patna,800001,Referral / WhatsApp Share,2024-11-26
CUST-04697,Kavya Sharma,Tamil Nadu,Madurai,625001,Paid Ads (Instagram/FB),2024-05-22
CUST-04698,Kavya Patel,Rajasthan,Jaipur,302001,Referral / WhatsApp Share,2025-07-28
CUST-04699,Kabir Rao,Uttar Pradesh,Agra,282001,Direct App Open,2024-01-31
CUST-04700,Kabir Joshi,Gujarat,Ahmedabad,380001,Organic Search,2024-03-12
CUST-04701,Kabir Mehta,Telangana,Nizamabad,503001,Organic Search,2025-04-30
CUST-04702,Ananya Deshmukh,Telangana,Hyderabad,500001,Affiliate,2024-03-23
CUST-04703,Rahul Deshmukh,Madhya Pradesh,Bhopal,462001,Direct App Open,2024-05-02
CUST-04704,Arjun Mehta,Bihar,Muzaffarpur,842001,Referral / WhatsApp Share,2024-07-27
CUST-04705,Siddharth Iyer,Rajasthan,Jaipur,302001,Direct App Open,2024-01-07
CUST-04706,Arjun Joshi,Tamil Nadu,Madurai,625001,Referral / WhatsApp Share,2024-06-24
CUST-04707,Kabir Deshmukh,Tamil Nadu,Chennai,600001,Organic Search,2024-07-30
CUST-04708,Shreya Rao,Telangana,Nizamabad,503001,Paid Ads (Instagram/FB),2024-03-30
CUST-04709,Rahul Iyer,West Bengal,Howrah,711101,Affiliate,2024-01-20
CUST-04710,Priya Singh,West Bengal,Siliguri,734001,Affiliate,2025-03-04
CUST-04711,Neha Sharma,Bihar,Muzaffarpur,842001,Paid Ads (Instagram/FB),2024-03-06
CUST-04712,Pooja Kulkarni,Madhya Pradesh,Indore,452001,Paid Ads (Instagram/FB),2024-01-03
CUST-04713,Sneha Singh,Telangana,Nizamabad,503001,Paid Ads (Instagram/FB),2024-10-05
CUST-04714,Ananya Nair,Madhya Pradesh,Gwalior,474001,Referral / WhatsApp Share,2024-09-08
CUST-04715,Siddharth Sharma,Karnataka,Hubballi,580020,Organic Search,2025-04-22
CUST-04716,Shreya Nair,Uttar Pradesh,Agra,282001,Direct App Open,2025-05-29
CUST-04717,Kavya Sharma,Bihar,Muzaffarpur,842001,Direct App Open,2024-10-04
CUST-04718,Rahul Iyer,Uttar Pradesh,Varanasi,221001,Affiliate,2025-08-16
CUST-04719,Kavya Sharma,Uttar Pradesh,Agra,282001,Referral / WhatsApp Share,2025-08-17
CUST-04720,Aditya Rao,Karnataka,Hubballi,580020,Affiliate,2024-04-05
CUST-04721,Sneha Sharma,Gujarat,Surat,395001,Organic Search,2024-04-27
CUST-04722,Neha Sharma,Telangana,Hyderabad,500001,Direct App Open,2024-11-01
CUST-04723,Aarav Verma,Maharashtra,Pune,411001,Organic Search,2025-06-09
CUST-04724,Rahul Nair,Maharashtra,Mumbai,400001,Direct App Open,2024-06-12
CUST-04725,Kabir Mehta,Madhya Pradesh,Bhopal,462001,Affiliate,2025-02-28
CUST-04726,Arjun Mehta,Tamil Nadu,Coimbatore,641001,Affiliate,2024-11-30
CUST-04727,Siddharth Sharma,Maharashtra,Nashik,422001,Paid Ads (Instagram/FB),2025-06-12
CUST-04728,Arjun Gupta,Telangana,Warangal,506001,Affiliate,2024-07-07
CUST-04729,Rahul Gupta,Rajasthan,Udaipur,313001,Referral / WhatsApp Share,2024-03-31
CUST-04730,Priya Joshi,Madhya Pradesh,Bhopal,462001,Direct App Open,2024-04-25
CUST-04731,Shreya Deshmukh,Bihar,Patna,800001,Paid Ads (Instagram/FB),2025-04-28
CUST-04732,Kabir Joshi,Karnataka,Bengaluru,560001,Affiliate,2024-02-03
CUST-04733,Arjun Mehta,Maharashtra,Pune,411001,Affiliate,2024-05-02
CUST-04734,Neha Sharma,Karnataka,Mysuru,570001,Paid Ads (Instagram/FB),2024-09-27
CUST-04735,Vikram Singh,Gujarat,Surat,395001,Affiliate,2025-01-25
CUST-04736,Rahul Gupta,Karnataka,Hubballi,580020,Referral / WhatsApp Share,2024-12-08
CUST-04737,Arjun Gupta,Rajasthan,Jaipur,302001,Organic Search,2024-07-01
CUST-04738,Aarav Rao,Tamil Nadu,Madurai,625001,Paid Ads (Instagram/FB),2024-11-01
CUST-04739,Rohan Gupta,West Bengal,Kolkata,700001,Direct App Open,2024-01-20
CUST-04740,Pooja Patel,Karnataka,Bengaluru,560001,Direct App Open,2025-01-07
CUST-04741,Ananya Sharma,Karnataka,Hubballi,580020,Referral / WhatsApp Share,2025-08-06
CUST-04742,Neha Joshi,Maharashtra,Pune,411001,Affiliate,2025-01-20
CUST-04743,Rahul Verma,Maharashtra,Pune,411001,Referral / WhatsApp Share,2024-09-05
CUST-04744,Kabir Kulkarni,Karnataka,Hubballi,580020,Referral / WhatsApp Share,2024-02-13
CUST-04745,Sneha Kulkarni,Gujarat,Vadodara,390001,Direct App Open,2024-09-18
CUST-04746,Arjun Patel,Madhya Pradesh,Indore,452001,Referral / WhatsApp Share,2024-10-12
CUST-04747,Rahul Sharma,Gujarat,Surat,395001,Referral / WhatsApp Share,2025-06-06
CUST-04748,Arjun Mehta,Uttar Pradesh,Varanasi,221001,Affiliate,2025-04-07
CUST-04749,Neha Iyer,Madhya Pradesh,Indore,452001,Referral / WhatsApp Share,2025-02-13
CUST-04750,Kabir Mehta,Gujarat,Ahmedabad,380001,Paid Ads (Instagram/FB),2025-03-14
CUST-04751,Aarav Joshi,Bihar,Gaya,823001,Affiliate,2025-06-25
CUST-04752,Kabir Singh,Telangana,Hyderabad,500001,Paid Ads (Instagram/FB),2025-01-16
CUST-04753,Pooja Singh,Telangana,Warangal,506001,Paid Ads (Instagram/FB),2024-05-18
CUST-04754,Shreya Sharma,Tamil Nadu,Chennai,600001,Affiliate,2025-06-21
CUST-04755,Kabir Mehta,Karnataka,Mysuru,570001,Affiliate,2024-05-11
CUST-04756,Aarav Joshi,Bihar,Gaya,823001,Organic Search,2025-04-09
CUST-04757,Aditya Deshmukh,Telangana,Warangal,506001,Paid Ads (Instagram/FB),2024-07-12
CUST-04758,Aditya Kulkarni,Bihar,Muzaffarpur,842001,Affiliate,2024-06-07
CUST-04759,Pooja Rao,Telangana,Nizamabad,503001,Affiliate,2024-09-10
CUST-04760,Ananya Kulkarni,Madhya Pradesh,Gwalior,474001,Direct App Open,2025-02-13
CUST-04761,Arjun Nair,Rajasthan,Udaipur,313001,Direct App Open,2025-04-06
CUST-04762,Pooja Mehta,West Bengal,Howrah,711101,Organic Search,2024-11-04
CUST-04763,Priya Iyer,Tamil Nadu,Madurai,625001,Paid Ads (Instagram/FB),2024-02-20
CUST-04764,Arjun Singh,Telangana,Hyderabad,500001,Organic Search,2024-12-01
CUST-04765,Ananya Deshmukh,Madhya Pradesh,Gwalior,474001,Paid Ads (Instagram/FB),2024-03-27
CUST-04766,Rohan Mehta,Bihar,Patna,800001,Organic Search,2024-01-05
CUST-04767,Aditya Patel,Tamil Nadu,Coimbatore,641001,Organic Search,2025-04-22
CUST-04768,Aditya Joshi,Karnataka,Hubballi,580020,Organic Search,2024-11-08
CUST-04769,Shreya Gupta,Gujarat,Ahmedabad,380001,Referral / WhatsApp Share,2025-07-31
CUST-04770,Priya Iyer,Tamil Nadu,Chennai,600001,Organic Search,2024-07-28
CUST-04771,Arjun Deshmukh,Rajasthan,Jodhpur,342001,Paid Ads (Instagram/FB),2025-07-10
CUST-04772,Neha Mehta,Maharashtra,Nashik,422001,Referral / WhatsApp Share,2025-01-27
CUST-04773,Vikram Mehta,Karnataka,Mysuru,570001,Organic Search,2024-12-03
CUST-04774,Pooja Rao,Karnataka,Bengaluru,560001,Affiliate,2024-07-06
CUST-04775,Ananya Kulkarni,Gujarat,Ahmedabad,380001,Affiliate,2025-05-11
CUST-04776,Kabir Joshi,Telangana,Hyderabad,500001,Affiliate,2024-09-24
CUST-04777,Arjun Deshmukh,Bihar,Patna,800001,Affiliate,2025-07-12
CUST-04778,Aditya Sharma,West Bengal,Howrah,711101,Affiliate,2024-05-14
CUST-04779,Aditya Sharma,Uttar Pradesh,Agra,282001,Referral / WhatsApp Share,2024-09-08
CUST-04780,Rahul Sharma,Rajasthan,Udaipur,313001,Direct App Open,2025-02-22
CUST-04781,Priya Nair,Bihar,Muzaffarpur,842001,Referral / WhatsApp Share,2025-05-06
CUST-04782,Rohan Gupta,Tamil Nadu,Chennai,600001,Referral / WhatsApp Share,2024-09-10
CUST-04783,Siddharth Singh,Rajasthan,Jodhpur,342001,Organic Search,2024-06-16
CUST-04784,Sneha Iyer,Uttar Pradesh,Kanpur,208001,Direct App Open,2024-11-19
CUST-04785,Kavya Joshi,Uttar Pradesh,Lucknow,226001,Organic Search,2025-05-23
CUST-04786,Neha Verma,Gujarat,Vadodara,390001,Paid Ads (Instagram/FB),2024-03-16
CUST-04787,Neha Kulkarni,Maharashtra,Pune,411001,Direct App Open,2024-03-29
CUST-04788,Siddharth Deshmukh,Karnataka,Bengaluru,560001,Paid Ads (Instagram/FB),2024-12-07
CUST-04789,Kavya Deshmukh,Telangana,Nizamabad,503001,Organic Search,2024-07-22
CUST-04790,Arjun Verma,Gujarat,Ahmedabad,380001,Direct App Open,2024-02-11
CUST-04791,Ananya Singh,Karnataka,Mysuru,570001,Referral / WhatsApp Share,2024-10-08
CUST-04792,Kavya Verma,Tamil Nadu,Madurai,625001,Affiliate,2024-01-01
CUST-04793,Siddharth Singh,Rajasthan,Jodhpur,342001,Organic Search,2025-03-30
CUST-04794,Shreya Nair,Bihar,Patna,800001,Paid Ads (Instagram/FB),2024-11-18
CUST-04795,Priya Sharma,Rajasthan,Jodhpur,342001,Referral / WhatsApp Share,2024-03-19
CUST-04796,Siddharth Deshmukh,Uttar Pradesh,Agra,282001,Organic Search,2025-07-24
CUST-04797,Kavya Kulkarni,Uttar Pradesh,Agra,282001,Paid Ads (Instagram/FB),2024-06-19
CUST-04798,Kavya Nair,Telangana,Warangal,506001,Organic Search,2024-10-01
CUST-04799,Sneha Joshi,Gujarat,Surat,395001,Organic Search,2024-03-16
CUST-04800,Arjun Kulkarni,Madhya Pradesh,Bhopal,462001,Referral / WhatsApp Share,2024-12-20
CUST-04801,Arjun Rao,Uttar Pradesh,Lucknow,226001,Referral / WhatsApp Share,2025-04-07
CUST-04802,Vikram Singh,Telangana,Warangal,506001,Referral / WhatsApp Share,2024-09-11
CUST-04803,Pooja Gupta,Uttar Pradesh,Agra,282001,Organic Search,2025-05-18
CUST-04804,Kavya Verma,Maharashtra,Mumbai,400001,Referral / WhatsApp Share,2024-01-12
CUST-04805,Pooja Iyer,Maharashtra,Nagpur,440001,Referral / WhatsApp Share,2024-11-15
CUST-04806,Priya Nair,Tamil Nadu,Chennai,600001,Paid Ads (Instagram/FB),2025-07-13
CUST-04807,Rohan Mehta,Uttar Pradesh,Lucknow,226001,Paid Ads (Instagram/FB),2025-01-26
CUST-04808,Kabir Mehta,Maharashtra,Pune,411001,Affiliate,2025-01-15
CUST-04809,Aditya Nair,Madhya Pradesh,Indore,452001,Referral / WhatsApp Share,2024-01-22
CUST-04810,Rahul Verma,Madhya Pradesh,Gwalior,474001,Organic Search,2024-06-04
CUST-04811,Kabir Kulkarni,Karnataka,Hubballi,580020,Referral / WhatsApp Share,2024-04-02
CUST-04812,Aditya Joshi,Tamil Nadu,Madurai,625001,Direct App Open,2024-07-30
CUST-04813,Kavya Iyer,Gujarat,Surat,395001,Direct App Open,2024-05-15
CUST-04814,Ananya Sharma,Gujarat,Vadodara,390001,Direct App Open,2024-11-03
CUST-04815,Vikram Sharma,Madhya Pradesh,Gwalior,474001,Organic Search,2025-03-18
CUST-04816,Neha Sharma,Madhya Pradesh,Gwalior,474001,Affiliate,2025-07-25
CUST-04817,Neha Sharma,Telangana,Hyderabad,500001,Organic Search,2024-04-30
CUST-04818,Pooja Rao,Telangana,Hyderabad,500001,Affiliate,2024-10-15
CUST-04819,Kavya Iyer,Uttar Pradesh,Lucknow,226001,Paid Ads (Instagram/FB),2024-05-28
CUST-04820,Siddharth Joshi,Bihar,Patna,800001,Organic Search,2024-12-09
CUST-04821,Arjun Singh,Madhya Pradesh,Indore,452001,Affiliate,2024-02-18
CUST-04822,Sneha Mehta,Bihar,Patna,800001,Paid Ads (Instagram/FB),2024-05-02
CUST-04823,Priya Deshmukh,Bihar,Patna,800001,Referral / WhatsApp Share,2025-04-10
CUST-04824,Siddharth Gupta,Karnataka,Bengaluru,560001,Organic Search,2024-11-17
CUST-04825,Ananya Deshmukh,Rajasthan,Udaipur,313001,Organic Search,2025-05-02
CUST-04826,Neha Singh,West Bengal,Siliguri,734001,Referral / WhatsApp Share,2024-10-30
CUST-04827,Neha Rao,Maharashtra,Pune,411001,Paid Ads (Instagram/FB),2024-03-22
CUST-04828,Neha Patel,Tamil Nadu,Coimbatore,641001,Organic Search,2025-08-09
CUST-04829,Sneha Rao,Gujarat,Vadodara,390001,Referral / WhatsApp Share,2025-03-07
CUST-04830,Aditya Verma,Bihar,Gaya,823001,Paid Ads (Instagram/FB),2025-02-21
CUST-04831,Rohan Iyer,West Bengal,Siliguri,734001,Affiliate,2025-01-19
CUST-04832,Aditya Sharma,West Bengal,Kolkata,700001,Organic Search,2024-05-21
CUST-04833,Shreya Joshi,Uttar Pradesh,Varanasi,221001,Organic Search,2024-05-12
CUST-04834,Sneha Verma,Madhya Pradesh,Indore,452001,Organic Search,2024-08-09
CUST-04835,Aditya Joshi,Madhya Pradesh,Indore,452001,Organic Search,2024-12-04
CUST-04836,Aditya Sharma,Bihar,Patna,800001,Organic Search,2025-02-09
CUST-04837,Kabir Iyer,Bihar,Patna,800001,Referral / WhatsApp Share,2024-02-15
CUST-04838,Rohan Rao,Madhya Pradesh,Gwalior,474001,Organic Search,2025-03-15
CUST-04839,Vikram Sharma,Telangana,Nizamabad,503001,Affiliate,2024-05-03
CUST-04840,Aarav Iyer,Telangana,Hyderabad,500001,Affiliate,2024-05-01
CUST-04841,Rohan Sharma,Gujarat,Vadodara,390001,Organic Search,2024-05-26
CUST-04842,Sneha Mehta,Maharashtra,Nagpur,440001,Referral / WhatsApp Share,2024-06-10
CUST-04843,Shreya Iyer,Rajasthan,Jodhpur,342001,Affiliate,2025-04-23
CUST-04844,Shreya Deshmukh,West Bengal,Kolkata,700001,Organic Search,2025-08-11
CUST-04845,Rahul Mehta,Bihar,Patna,800001,Organic Search,2025-06-30
CUST-04846,Kabir Sharma,Karnataka,Mysuru,570001,Referral / WhatsApp Share,2025-05-19
CUST-04847,Aditya Singh,West Bengal,Howrah,711101,Referral / WhatsApp Share,2024-05-20
CUST-04848,Aarav Kulkarni,Tamil Nadu,Madurai,625001,Affiliate,2024-10-15
CUST-04849,Shreya Singh,West Bengal,Kolkata,700001,Affiliate,2024-04-02
CUST-04850,Priya Nair,Maharashtra,Mumbai,400001,Affiliate,2025-02-02
CUST-04851,Sneha Gupta,West Bengal,Siliguri,734001,Paid Ads (Instagram/FB),2024-10-17
CUST-04852,Aditya Singh,West Bengal,Howrah,711101,Direct App Open,2024-06-09
CUST-04853,Kavya Mehta,Telangana,Nizamabad,503001,Referral / WhatsApp Share,2024-06-01
CUST-04854,Priya Verma,Telangana,Warangal,506001,Organic Search,2024-11-18
CUST-04855,Shreya Joshi,Bihar,Patna,800001,Paid Ads (Instagram/FB),2025-02-22
CUST-04856,Priya Joshi,Karnataka,Mysuru,570001,Affiliate,2025-03-09
CUST-04857,Aarav Verma,Maharashtra,Nagpur,440001,Direct App Open,2024-06-06
CUST-04858,Siddharth Joshi,Bihar,Patna,800001,Paid Ads (Instagram/FB),2024-07-20
CUST-04859,Sneha Patel,West Bengal,Siliguri,734001,Referral / WhatsApp Share,2024-01-28
CUST-04860,Priya Kulkarni,Gujarat,Vadodara,390001,Organic Search,2024-03-10
CUST-04861,Neha Iyer,Uttar Pradesh,Agra,282001,Direct App Open,2024-04-06
CUST-04862,Sneha Joshi,Maharashtra,Nagpur,440001,Affiliate,2025-03-26
CUST-04863,Pooja Sharma,West Bengal,Kolkata,700001,Paid Ads (Instagram/FB),2024-09-18
CUST-04864,Vikram Patel,Gujarat,Ahmedabad,380001,Affiliate,2024-11-30
CUST-04865,Vikram Verma,Telangana,Warangal,506001,Organic Search,2025-01-19
CUST-04866,Vikram Rao,West Bengal,Kolkata,700001,Organic Search,2024-11-23
CUST-04867,Shreya Verma,Telangana,Hyderabad,500001,Referral / WhatsApp Share,2025-04-16
CUST-04868,Priya Deshmukh,Uttar Pradesh,Agra,282001,Direct App Open,2024-11-03
CUST-04869,Kavya Rao,Bihar,Muzaffarpur,842001,Paid Ads (Instagram/FB),2025-03-15
CUST-04870,Sneha Joshi,Uttar Pradesh,Kanpur,208001,Paid Ads (Instagram/FB),2024-11-26
CUST-04871,Shreya Deshmukh,Rajasthan,Jodhpur,342001,Affiliate,2025-04-16
CUST-04872,Kabir Nair,Maharashtra,Nagpur,440001,Direct App Open,2024-02-20
CUST-04873,Siddharth Mehta,Gujarat,Vadodara,390001,Direct App Open,2025-04-30
CUST-04874,Siddharth Rao,Uttar Pradesh,Varanasi,221001,Paid Ads (Instagram/FB),2024-01-07
CUST-04875,Siddharth Gupta,Uttar Pradesh,Kanpur,208001,Paid Ads (Instagram/FB),2024-01-27
CUST-04876,Pooja Kulkarni,Bihar,Gaya,823001,Paid Ads (Instagram/FB),2024-08-10
CUST-04877,Ananya Mehta,Telangana,Nizamabad,503001,Direct App Open,2024-08-05
CUST-04878,Siddharth Gupta,Karnataka,Bengaluru,560001,Affiliate,2025-02-18
CUST-04879,Vikram Singh,Maharashtra,Pune,411001,Affiliate,2024-05-16
CUST-04880,Sneha Iyer,Karnataka,Mysuru,570001,Direct App Open,2025-01-20
CUST-04881,Pooja Deshmukh,Karnataka,Mysuru,570001,Paid Ads (Instagram/FB),2025-03-25
CUST-04882,Neha Iyer,Telangana,Nizamabad,503001,Paid Ads (Instagram/FB),2024-08-17
CUST-04883,Shreya Nair,West Bengal,Siliguri,734001,Paid Ads (Instagram/FB),2024-02-17
CUST-04884,Rohan Iyer,Karnataka,Bengaluru,560001,Affiliate,2024-04-06
CUST-04885,Vikram Rao,Maharashtra,Mumbai,400001,Direct App Open,2024-07-12
CUST-04886,Ananya Mehta,Madhya Pradesh,Indore,452001,Referral / WhatsApp Share,2024-05-21
CUST-04887,Ananya Singh,Rajasthan,Udaipur,313001,Organic Search,2025-06-21
CUST-04888,Rohan Deshmukh,Maharashtra,Nashik,422001,Referral / WhatsApp Share,2024-11-24
CUST-04889,Kavya Patel,West Bengal,Howrah,711101,Referral / WhatsApp Share,2024-05-09
CUST-04890,Aditya Joshi,Maharashtra,Nashik,422001,Referral / WhatsApp Share,2025-03-22
CUST-04891,Pooja Rao,Telangana,Nizamabad,503001,Organic Search,2024-07-25
CUST-04892,Arjun Iyer,Uttar Pradesh,Lucknow,226001,Organic Search,2025-02-06
CUST-04893,Siddharth Singh,Gujarat,Ahmedabad,380001,Paid Ads (Instagram/FB),2024-07-07
CUST-04894,Siddharth Joshi,Karnataka,Bengaluru,560001,Direct App Open,2025-04-05
CUST-04895,Neha Verma,Gujarat,Ahmedabad,380001,Organic Search,2025-02-28
CUST-04896,Aditya Rao,Madhya Pradesh,Gwalior,474001,Organic Search,2025-02-11
CUST-04897,Kabir Singh,Rajasthan,Jaipur,302001,Direct App Open,2024-01-04
CUST-04898,Ananya Nair,West Bengal,Kolkata,700001,Paid Ads (Instagram/FB),2025-01-22
CUST-04899,Siddharth Sharma,West Bengal,Siliguri,734001,Referral / WhatsApp Share,2024-06-22
CUST-04900,Pooja Nair,Tamil Nadu,Chennai,600001,Referral / WhatsApp Share,2024-03-27
CUST-04901,Shreya Sharma,Rajasthan,Udaipur,313001,Referral / WhatsApp Share,2024-02-24
CUST-04902,Rohan Verma,Tamil Nadu,Chennai,600001,Direct App Open,2025-04-29
CUST-04903,Siddharth Kulkarni,Madhya Pradesh,Bhopal,462001,Direct App Open,2025-04-09
CUST-04904,Kabir Mehta,West Bengal,Siliguri,734001,Organic Search,2025-03-16
CUST-04905,Kavya Mehta,Maharashtra,Mumbai,400001,Paid Ads (Instagram/FB),2025-02-18
CUST-04906,Ananya Nair,West Bengal,Siliguri,734001,Direct App Open,2024-09-25
CUST-04907,Kabir Rao,Uttar Pradesh,Varanasi,221001,Affiliate,2025-04-03
CUST-04908,Vikram Kulkarni,Telangana,Warangal,506001,Affiliate,2024-08-01
CUST-04909,Priya Nair,Gujarat,Vadodara,390001,Affiliate,2025-05-11
CUST-04910,Shreya Deshmukh,Madhya Pradesh,Gwalior,474001,Referral / WhatsApp Share,2024-03-20
CUST-04911,Vikram Deshmukh,Madhya Pradesh,Indore,452001,Organic Search,2024-11-18
CUST-04912,Kavya Kulkarni,Maharashtra,Nagpur,440001,Affiliate,2024-07-31
CUST-04913,Rohan Joshi,Bihar,Gaya,823001,Paid Ads (Instagram/FB),2024-05-10
CUST-04914,Rohan Rao,Gujarat,Vadodara,390001,Referral / WhatsApp Share,2025-01-25
CUST-04915,Priya Mehta,Uttar Pradesh,Kanpur,208001,Affiliate,2025-08-22
CUST-04916,Shreya Nair,Uttar Pradesh,Lucknow,226001,Referral / WhatsApp Share,2024-10-22
CUST-04917,Arjun Kulkarni,Gujarat,Surat,395001,Organic Search,2024-01-05
CUST-04918,Shreya Patel,Karnataka,Hubballi,580020,Direct App Open,2025-03-23
CUST-04919,Shreya Rao,Karnataka,Bengaluru,560001,Paid Ads (Instagram/FB),2025-06-27
CUST-04920,Shreya Singh,Rajasthan,Jodhpur,342001,Paid Ads (Instagram/FB),2024-06-14
CUST-04921,Sneha Joshi,Rajasthan,Udaipur,313001,Affiliate,2025-05-18
CUST-04922,Priya Nair,Madhya Pradesh,Gwalior,474001,Paid Ads (Instagram/FB),2024-05-11
CUST-04923,Ananya Verma,Madhya Pradesh,Gwalior,474001,Affiliate,2025-05-09
CUST-04924,Aarav Kulkarni,Madhya Pradesh,Indore,452001,Organic Search,2025-02-01
CUST-04925,Arjun Sharma,Bihar,Muzaffarpur,842001,Organic Search,2024-07-23
CUST-04926,Shreya Rao,Tamil Nadu,Madurai,625001,Referral / WhatsApp Share,2025-02-14
CUST-04927,Vikram Verma,Telangana,Nizamabad,503001,Affiliate,2024-10-04
CUST-04928,Kabir Sharma,West Bengal,Siliguri,734001,Direct App Open,2025-03-30
CUST-04929,Pooja Singh,Telangana,Warangal,506001,Paid Ads (Instagram/FB),2025-07-08
CUST-04930,Ananya Sharma,Telangana,Warangal,506001,Paid Ads (Instagram/FB),2024-07-25
CUST-04931,Kabir Patel,Maharashtra,Mumbai,400001,Affiliate,2024-05-24
CUST-04932,Kabir Patel,Bihar,Gaya,823001,Paid Ads (Instagram/FB),2024-01-08
CUST-04933,Priya Joshi,West Bengal,Howrah,711101,Referral / WhatsApp Share,2025-04-05
CUST-04934,Rahul Nair,Bihar,Gaya,823001,Referral / WhatsApp Share,2025-05-26
CUST-04935,Rahul Nair,Bihar,Gaya,823001,Referral / WhatsApp Share,2025-01-02
CUST-04936,Aditya Verma,West Bengal,Kolkata,700001,Paid Ads (Instagram/FB),2024-09-17
CUST-04937,Neha Joshi,Tamil Nadu,Chennai,600001,Organic Search,2024-02-23
CUST-04938,Kabir Nair,Rajasthan,Jodhpur,342001,Affiliate,2025-02-28
CUST-04939,Siddharth Nair,Karnataka,Mysuru,570001,Organic Search,2024-12-31
CUST-04940,Priya Joshi,Bihar,Gaya,823001,Referral / WhatsApp Share,2024-11-28
CUST-04941,Priya Mehta,Karnataka,Mysuru,570001,Referral / WhatsApp Share,2024-09-23
CUST-04942,Priya Nair,Telangana,Nizamabad,503001,Direct App Open,2024-10-30
CUST-04943,Aarav Mehta,Gujarat,Ahmedabad,380001,Affiliate,2025-02-20
CUST-04944,Aditya Nair,Bihar,Patna,800001,Affiliate,2024-08-26
CUST-04945,Kavya Kulkarni,Rajasthan,Jaipur,302001,Organic Search,2025-04-08
CUST-04946,Aarav Iyer,Bihar,Patna,800001,Organic Search,2024-11-01
CUST-04947,Siddharth Singh,Karnataka,Bengaluru,560001,Affiliate,2025-02-25
CUST-04948,Aarav Mehta,Maharashtra,Nagpur,440001,Organic Search,2025-07-07
CUST-04949,Pooja Rao,Madhya Pradesh,Bhopal,462001,Organic Search,2024-10-11
CUST-04950,Shreya Patel,Gujarat,Surat,395001,Affiliate,2024-01-13
CUST-04951,Pooja Joshi,Uttar Pradesh,Agra,282001,Affiliate,2025-05-11
CUST-04952,Kavya Deshmukh,Rajasthan,Jaipur,302001,Referral / WhatsApp Share,2024-12-10
CUST-04953,Rohan Nair,Tamil Nadu,Chennai,600001,Paid Ads (Instagram/FB),2025-01-06
CUST-04954,Kabir Deshmukh,Tamil Nadu,Madurai,625001,Organic Search,2024-11-01
CUST-04955,Sneha Sharma,Rajasthan,Jaipur,302001,Referral / WhatsApp Share,2025-01-21
CUST-04956,Siddharth Rao,Rajasthan,Jodhpur,342001,Affiliate,2024-01-15
CUST-04957,Pooja Kulkarni,Rajasthan,Udaipur,313001,Paid Ads (Instagram/FB),2025-08-09
CUST-04958,Vikram Gupta,Maharashtra,Nagpur,440001,Affiliate,2025-07-15
CUST-04959,Aarav Mehta,Bihar,Patna,800001,Paid Ads (Instagram/FB),2024-09-13
CUST-04960,Vikram Mehta,Maharashtra,Pune,411001,Organic Search,2024-12-28
CUST-04961,Aditya Nair,Telangana,Hyderabad,500001,Referral / WhatsApp Share,2025-06-17
CUST-04962,Vikram Deshmukh,Maharashtra,Nashik,422001,Paid Ads (Instagram/FB),2024-11-15
CUST-04963,Rohan Sharma,Gujarat,Ahmedabad,380001,Affiliate,2025-03-26
CUST-04964,Rahul Verma,Rajasthan,Jodhpur,342001,Affiliate,2025-03-23
CUST-04965,Neha Kulkarni,Telangana,Warangal,506001,Organic Search,2024-11-12
CUST-04966,Priya Nair,Bihar,Muzaffarpur,842001,Referral / WhatsApp Share,2025-06-19
CUST-04967,Shreya Mehta,Gujarat,Ahmedabad,380001,Affiliate,2025-06-18
CUST-04968,Siddharth Rao,Karnataka,Hubballi,580020,Referral / WhatsApp Share,2025-06-16
CUST-04969,Kavya Joshi,Madhya Pradesh,Indore,452001,Organic Search,2025-08-07
CUST-04970,Kabir Mehta,Gujarat,Vadodara,390001,Paid Ads (Instagram/FB),2024-06-21
CUST-04971,Aditya Joshi,Maharashtra,Nagpur,440001,Affiliate,2025-01-20
CUST-04972,Shreya Deshmukh,Tamil Nadu,Chennai,600001,Direct App Open,2025-03-06
CUST-04973,Kavya Verma,Tamil Nadu,Madurai,625001,Paid Ads (Instagram/FB),2024-04-11
CUST-04974,Kavya Verma,Gujarat,Vadodara,390001,Organic Search,2025-01-28
CUST-04975,Kabir Mehta,Telangana,Hyderabad,500001,Organic Search,2025-01-15
CUST-04976,Priya Nair,Uttar Pradesh,Agra,282001,Affiliate,2025-05-27
CUST-04977,Rohan Singh,Karnataka,Mysuru,570001,Referral / WhatsApp Share,2024-12-14
CUST-04978,Pooja Singh,Bihar,Muzaffarpur,842001,Affiliate,2024-01-24
CUST-04979,Aditya Joshi,Karnataka,Bengaluru,560001,Paid Ads (Instagram/FB),2025-04-16
CUST-04980,Shreya Mehta,Gujarat,Vadodara,390001,Direct App Open,2024-05-01
CUST-04981,Neha Deshmukh,Madhya Pradesh,Gwalior,474001,Organic Search,2024-06-04
CUST-04982,Aditya Mehta,Gujarat,Surat,395001,Affiliate,2024-02-27
CUST-04983,Aarav Rao,Bihar,Gaya,823001,Referral / WhatsApp Share,2025-07-09
CUST-04984,Rahul Gupta,Rajasthan,Jaipur,302001,Affiliate,2024-10-14
CUST-04985,Siddharth Verma,Rajasthan,Udaipur,313001,Referral / WhatsApp Share,2024-09-22
CUST-04986,Priya Gupta,Rajasthan,Jodhpur,342001,Direct App Open,2024-11-17
CUST-04987,Sneha Iyer,Telangana,Nizamabad,503001,Organic Search,2025-07-11
CUST-04988,Arjun Deshmukh,Maharashtra,Nashik,422001,Paid Ads (Instagram/FB),2025-04-18
CUST-04989,Arjun Patel,West Bengal,Siliguri,734001,Organic Search,2024-11-24
CUST-04990,Neha Deshmukh,Maharashtra,Nagpur,440001,Referral / WhatsApp Share,2025-06-06
CUST-04991,Pooja Rao,Bihar,Patna,800001,Direct App Open,2025-07-17
CUST-04992,Ananya Nair,Tamil Nadu,Madurai,625001,Affiliate,2025-03-29
CUST-04993,Kabir Iyer,Madhya Pradesh,Bhopal,462001,Paid Ads (Instagram/FB),2024-01-18
CUST-04994,Rahul Verma,Bihar,Patna,800001,Paid Ads (Instagram/FB),2024-08-31
CUST-04995,Pooja Joshi,Uttar Pradesh,Kanpur,208001,Organic Search,2024-01-29
CUST-04996,Rahul Kulkarni,Uttar Pradesh,Lucknow,226001,Paid Ads (Instagram/FB),2025-08-03
CUST-04997,Rahul Nair,Madhya Pradesh,Gwalior,474001,Direct App Open,2024-04-10
CUST-04998,Arjun Mehta,Maharashtra,Nashik,422001,Organic Search,2025-02-15
CUST-04999,Kabir Rao,Telangana,Hyderabad,500001,Organic Search,2024-02-18
CUST-05000,Neha Deshmukh,Karnataka,Bengaluru,560001,Direct App Open,2024-05-30
CUST-05001,Pooja Nair,Karnataka,Mysuru,570001,Affiliate,2024-08-24
CUST-05002,Ananya Singh,Madhya Pradesh,Gwalior,474001,Direct App Open,2024-11-07
CUST-05003,Pooja Verma,Maharashtra,Pune,411001,Referral / WhatsApp Share,2024-02-15
CUST-05004,Kabir Verma,West Bengal,Howrah,711101,Affiliate,2025-02-27
CUST-05005,Kavya Nair,Gujarat,Ahmedabad,380001,Referral / WhatsApp Share,2024-12-28
CUST-05006,Shreya Verma,Maharashtra,Nashik,422001,Direct App Open,2024-08-29
CUST-05007,Shreya Patel,Karnataka,Hubballi,580020,Paid Ads (Instagram/FB),2024-04-12
CUST-05008,Sneha Kulkarni,West Bengal,Siliguri,734001,Organic Search,2024-11-21
CUST-05009,Neha Gupta,Maharashtra,Nagpur,440001,Paid Ads (Instagram/FB),2024-04-05
CUST-05010,Arjun Verma,Telangana,Nizamabad,503001,Paid Ads (Instagram/FB),2025-06-12
CUST-05011,Vikram Rao,Tamil Nadu,Coimbatore,641001,Organic Search,2024-11-14
CUST-05012,Sneha Nair,Madhya Pradesh,Bhopal,462001,Organic Search,2024-03-19
CUST-05013,Vikram Patel,Tamil Nadu,Coimbatore,641001,Organic Search,2024-04-14
CUST-05014,Siddharth Mehta,Gujarat,Vadodara,390001,Referral / WhatsApp Share,2024-02-20
CUST-05015,Ananya Joshi,Madhya Pradesh,Indore,452001,Organic Search,2024-11-28
CUST-05016,Rahul Joshi,Madhya Pradesh,Gwalior,474001,Organic Search,2024-02-08
CUST-05017,Pooja Gupta,Rajasthan,Jodhpur,342001,Affiliate,2025-04-02
CUST-05018,Arjun Sharma,Karnataka,Bengaluru,560001,Referral / WhatsApp Share,2024-09-30
CUST-05019,Sneha Joshi,Madhya Pradesh,Indore,452001,Referral / WhatsApp Share,2025-02-25
CUST-05020,Neha Deshmukh,Tamil Nadu,Chennai,600001,Paid Ads (Instagram/FB),2025-03-09
CUST-05021,Shreya Joshi,Tamil Nadu,Chennai,600001,Organic Search,2025-03-18
CUST-05022,Ananya Mehta,Telangana,Warangal,506001,Direct App Open,2024-08-11
CUST-05023,Siddharth Verma,Madhya Pradesh,Gwalior,474001,Paid Ads (Instagram/FB),2024-05-01
CUST-05024,Sneha Deshmukh,Rajasthan,Jodhpur,342001,Direct App Open,2024-06-13
CUST-05025,Pooja Rao,Karnataka,Hubballi,580020,Direct App Open,2024-08-27
CUST-05026,Priya Nair,Bihar,Muzaffarpur,842001,Paid Ads (Instagram/FB),2024-02-08
CUST-05027,Rohan Deshmukh,Uttar Pradesh,Varanasi,221001,Affiliate,2025-01-12
CUST-05028,Aditya Rao,Tamil Nadu,Madurai,625001,Paid Ads (Instagram/FB),2024-08-20
CUST-05029,Ananya Mehta,Tamil Nadu,Chennai,600001,Direct App Open,2025-01-16
CUST-05030,Priya Nair,West Bengal,Siliguri,734001,Referral / WhatsApp Share,2025-07-04
CUST-05031,Ananya Deshmukh,Bihar,Gaya,823001,Organic Search,2025-04-22
CUST-05032,Aditya Iyer,Tamil Nadu,Coimbatore,641001,Direct App Open,2025-04-27
CUST-05033,Shreya Singh,Bihar,Patna,800001,Organic Search,2024-12-19
CUST-05034,Shreya Gupta,Telangana,Warangal,506001,Affiliate,2024-10-17
CUST-05035,Rahul Patel,Rajasthan,Jodhpur,342001,Affiliate,2024-04-27
CUST-05036,Kabir Patel,Rajasthan,Jaipur,302001,Referral / WhatsApp Share,2024-01-14
CUST-05037,Rohan Mehta,Uttar Pradesh,Lucknow,226001,Direct App Open,2025-08-01
CUST-05038,Arjun Patel,Tamil Nadu,Chennai,600001,Paid Ads (Instagram/FB),2024-11-03
CUST-05039,Kavya Singh,Rajasthan,Jodhpur,342001,Organic Search,2024-09-18
CUST-05040,Kavya Nair,Gujarat,Vadodara,390001,Direct App Open,2025-04-05
CUST-05041,Vikram Sharma,Karnataka,Hubballi,580020,Paid Ads (Instagram/FB),2025-07-02
CUST-05042,Kabir Singh,Gujarat,Ahmedabad,380001,Organic Search,2024-06-04
CUST-05043,Kabir Gupta,West Bengal,Siliguri,734001,Organic Search,2025-08-11
CUST-05044,Shreya Gupta,Telangana,Warangal,506001,Paid Ads (Instagram/FB),2024-04-29
CUST-05045,Arjun Iyer,Bihar,Gaya,823001,Direct App Open,2025-04-15
CUST-05046,Priya Deshmukh,Bihar,Gaya,823001,Direct App Open,2025-03-21
CUST-05047,Priya Sharma,Karnataka,Mysuru,570001,Direct App Open,2024-09-03
CUST-05048,Vikram Mehta,Maharashtra,Pune,411001,Paid Ads (Instagram/FB),2024-05-16
CUST-05049,Rahul Rao,Gujarat,Surat,395001,Affiliate,2025-07-11
CUST-05050,Aarav Patel,Gujarat,Vadodara,390001,Direct App Open,2025-03-09
CUST-05051,Arjun Iyer,Bihar,Gaya,823001,Referral / WhatsApp Share,2024-01-17
CUST-05052,Priya Verma,Rajasthan,Udaipur,313001,Organic Search,2024-12-01
CUST-05053,Rohan Gupta,Tamil Nadu,Coimbatore,641001,Direct App Open,2024-05-03
CUST-05054,Vikram Singh,Maharashtra,Pune,411001,Paid Ads (Instagram/FB),2024-09-08
CUST-05055,Siddharth Kulkarni,Uttar Pradesh,Agra,282001,Referral / WhatsApp Share,2025-02-08
CUST-05056,Aditya Kulkarni,Bihar,Gaya,823001,Paid Ads (Instagram/FB),2025-01-20
CUST-05057,Kavya Sharma,Uttar Pradesh,Agra,282001,Paid Ads (Instagram/FB),2025-05-16
CUST-05058,Siddharth Mehta,Bihar,Patna,800001,Organic Search,2025-08-04
CUST-05059,Pooja Kulkarni,Bihar,Muzaffarpur,842001,Referral / WhatsApp Share,2024-12-30
CUST-05060,Pooja Mehta,Karnataka,Mysuru,570001,Direct App Open,2025-01-19
CUST-05061,Kavya Singh,Uttar Pradesh,Varanasi,221001,Affiliate,2024-02-16
CUST-05062,Aarav Iyer,Madhya Pradesh,Indore,452001,Organic Search,2024-07-02
CUST-05063,Shreya Kulkarni,West Bengal,Kolkata,700001,Paid Ads (Instagram/FB),2024-10-04
CUST-05064,Siddharth Singh,Tamil Nadu,Madurai,625001,Direct App Open,2025-05-07
CUST-05065,Rohan Mehta,Madhya Pradesh,Gwalior,474001,Paid Ads (Instagram/FB),2025-08-09
CUST-05066,Aarav Singh,Rajasthan,Jaipur,302001,Paid Ads (Instagram/FB),2024-03-08
CUST-05067,Vikram Kulkarni,Tamil Nadu,Coimbatore,641001,Organic Search,2025-01-17
CUST-05068,Rahul Verma,Tamil Nadu,Madurai,625001,Paid Ads (Instagram/FB),2024-06-01
CUST-05069,Sneha Patel,Uttar Pradesh,Varanasi,221001,Affiliate,2025-04-13
CUST-05070,Arjun Nair,Rajasthan,Udaipur,313001,Referral / WhatsApp Share,2024-08-06
CUST-05071,Priya Mehta,Maharashtra,Nagpur,440001,Organic Search,2025-08-20
CUST-05072,Sneha Singh,Gujarat,Surat,395001,Direct App Open,2025-03-21
CUST-05073,Kabir Patel,Madhya Pradesh,Bhopal,462001,Organic Search,2025-06-25
CUST-05074,Siddharth Kulkarni,Madhya Pradesh,Bhopal,462001,Organic Search,2024-04-12
CUST-05075,Shreya Rao,Madhya Pradesh,Indore,452001,Paid Ads (Instagram/FB),2024-03-28
CUST-05076,Vikram Iyer,Telangana,Hyderabad,500001,Referral / WhatsApp Share,2024-04-04
CUST-05077,Priya Singh,Gujarat,Surat,395001,Direct App Open,2025-07-01
CUST-05078,Kabir Mehta,Uttar Pradesh,Lucknow,226001,Direct App Open,2025-07-15
CUST-05079,Priya Nair,Rajasthan,Jaipur,302001,Organic Search,2025-02-19
CUST-05080,Rahul Nair,West Bengal,Howrah,711101,Referral / WhatsApp Share,2024-05-11
CUST-05081,Sneha Verma,Maharashtra,Nashik,422001,Affiliate,2024-01-03
CUST-05082,Rohan Joshi,Telangana,Nizamabad,503001,Paid Ads (Instagram/FB),2024-09-07
CUST-05083,Aditya Rao,Uttar Pradesh,Varanasi,221001,Referral / WhatsApp Share,2024-07-02
CUST-05084,Shreya Rao,Gujarat,Ahmedabad,380001,Direct App Open,2024-02-04
CUST-05085,Aarav Mehta,Gujarat,Ahmedabad,380001,Paid Ads (Instagram/FB),2025-05-29
CUST-05086,Kabir Kulkarni,West Bengal,Siliguri,734001,Organic Search,2024-11-30
CUST-05087,Aditya Mehta,Karnataka,Mysuru,570001,Organic Search,2024-04-08
CUST-05088,Vikram Mehta,Maharashtra,Nashik,422001,Direct App Open,2025-05-06
CUST-05089,Aarav Patel,West Bengal,Kolkata,700001,Referral / WhatsApp Share,2024-11-23
CUST-05090,Shreya Deshmukh,Telangana,Hyderabad,500001,Organic Search,2024-04-07
CUST-05091,Kavya Joshi,Bihar,Patna,800001,Paid Ads (Instagram/FB),2025-06-15
CUST-05092,Rohan Mehta,Karnataka,Bengaluru,560001,Referral / WhatsApp Share,2024-02-08
CUST-05093,Aarav Kulkarni,Gujarat,Vadodara,390001,Paid Ads (Instagram/FB),2024-07-07
CUST-05094,Rahul Mehta,Maharashtra,Nagpur,440001,Direct App Open,2024-05-23
CUST-05095,Rahul Sharma,Uttar Pradesh,Lucknow,226001,Organic Search,2024-04-26
CUST-05096,Siddharth Iyer,Tamil Nadu,Madurai,625001,Referral / WhatsApp Share,2024-08-02
CUST-05097,Ananya Deshmukh,Uttar Pradesh,Kanpur,208001,Paid Ads (Instagram/FB),2024-06-27
CUST-05098,Sneha Mehta,Madhya Pradesh,Indore,452001,Organic Search,2024-08-07
CUST-05099,Rohan Iyer,Telangana,Warangal,506001,Referral / WhatsApp Share,2025-02-25
CUST-05100,Rahul Singh,West Bengal,Kolkata,700001,Paid Ads (Instagram/FB),2024-11-07
CUST-05101,Rohan Nair,Bihar,Gaya,823001,Referral / WhatsApp Share,2025-03-29
CUST-05102,Kabir Sharma,Karnataka,Mysuru,570001,Affiliate,2025-06-08
CUST-05103,Kabir Joshi,Gujarat,Surat,395001,Paid Ads (Instagram/FB),2024-02-25
CUST-05104,Shreya Deshmukh,West Bengal,Kolkata,700001,Direct App Open,2025-04-09
CUST-05105,Rahul Gupta,Rajasthan,Udaipur,313001,Paid Ads (Instagram/FB),2024-10-10
CUST-05106,Rahul Deshmukh,Madhya Pradesh,Gwalior,474001,Referral / WhatsApp Share,2024-06-30
CUST-05107,Pooja Verma,Gujarat,Surat,395001,Direct App Open,2024-04-04
CUST-05108,Sneha Rao,Karnataka,Mysuru,570001,Direct App Open,2025-01-14
CUST-05109,Kavya Kulkarni,Telangana,Hyderabad,500001,Referral / WhatsApp Share,2025-05-14
CUST-05110,Siddharth Joshi,Karnataka,Mysuru,570001,Paid Ads (Instagram/FB),2025-06-07
CUST-05111,Aarav Deshmukh,Bihar,Gaya,823001,Referral / WhatsApp Share,2024-04-17
CUST-05112,Vikram Verma,West Bengal,Kolkata,700001,Paid Ads (Instagram/FB),2025-02-18
CUST-05113,Kavya Deshmukh,West Bengal,Kolkata,700001,Referral / WhatsApp Share,2025-03-28
CUST-05114,Siddharth Singh,Bihar,Gaya,823001,Referral / WhatsApp Share,2024-08-26
CUST-05115,Sneha Iyer,Madhya Pradesh,Gwalior,474001,Direct App Open,2024-05-10
CUST-05116,Siddharth Gupta,Telangana,Nizamabad,503001,Referral / WhatsApp Share,2024-09-12
CUST-05117,Rohan Singh,Gujarat,Vadodara,390001,Direct App Open,2025-05-20
CUST-05118,Aditya Deshmukh,Karnataka,Mysuru,570001,Organic Search,2024-12-12
CUST-05119,Neha Patel,Karnataka,Hubballi,580020,Direct App Open,2025-03-04
CUST-05120,Ananya Rao,Madhya Pradesh,Bhopal,462001,Referral / WhatsApp Share,2024-10-04
CUST-05121,Ananya Gupta,Tamil Nadu,Coimbatore,641001,Affiliate,2024-12-02
CUST-05122,Arjun Rao,Bihar,Patna,800001,Affiliate,2024-01-27
CUST-05123,Kabir Patel,Bihar,Muzaffarpur,842001,Affiliate,2024-05-30
CUST-05124,Vikram Deshmukh,Rajasthan,Udaipur,313001,Paid Ads (Instagram/FB),2025-07-13
CUST-05125,Siddharth Gupta,Uttar Pradesh,Agra,282001,Organic Search,2024-12-28
CUST-05126,Kavya Iyer,Madhya Pradesh,Bhopal,462001,Organic Search,2025-02-07
CUST-05127,Aditya Nair,Gujarat,Vadodara,390001,Direct App Open,2024-03-31
CUST-05128,Aarav Iyer,Maharashtra,Nashik,422001,Paid Ads (Instagram/FB),2025-04-30
CUST-05129,Rohan Joshi,Maharashtra,Nashik,422001,Paid Ads (Instagram/FB),2024-01-05
CUST-05130,Priya Singh,Madhya Pradesh,Gwalior,474001,Direct App Open,2025-05-08
CUST-05131,Arjun Rao,Maharashtra,Pune,411001,Direct App Open,2024-10-08
CUST-05132,Pooja Iyer,Uttar Pradesh,Kanpur,208001,Organic Search,2024-10-19
CUST-05133,Kabir Iyer,Telangana,Warangal,506001,Direct App Open,2025-02-10
CUST-05134,Rohan Kulkarni,Tamil Nadu,Chennai,600001,Affiliate,2024-06-17
CUST-05135,Kabir Rao,Tamil Nadu,Coimbatore,641001,Direct App Open,2024-07-29
CUST-05136,Aditya Iyer,Telangana,Hyderabad,500001,Direct App Open,2024-05-22
CUST-05137,Shreya Deshmukh,Telangana,Nizamabad,503001,Referral / WhatsApp Share,2024-01-12
CUST-05138,Ananya Joshi,Telangana,Warangal,506001,Affiliate,2024-03-22
CUST-05139,Rahul Patel,Karnataka,Hubballi,580020,Direct App Open,2025-01-27
CUST-05140,Shreya Singh,Telangana,Warangal,506001,Organic Search,2025-02-23
CUST-05141,Neha Gupta,Maharashtra,Nashik,422001,Affiliate,2024-08-17
CUST-05142,Ananya Kulkarni,Gujarat,Vadodara,390001,Organic Search,2024-02-03
CUST-05143,Priya Joshi,Uttar Pradesh,Kanpur,208001,Referral / WhatsApp Share,2025-08-07
CUST-05144,Aarav Patel,Bihar,Muzaffarpur,842001,Paid Ads (Instagram/FB),2025-08-04
CUST-05145,Pooja Singh,Telangana,Hyderabad,500001,Organic Search,2024-07-18
CUST-05146,Ananya Iyer,Tamil Nadu,Coimbatore,641001,Paid Ads (Instagram/FB),2025-05-02
CUST-05147,Aditya Gupta,Bihar,Gaya,823001,Paid Ads (Instagram/FB),2024-10-07
CUST-05148,Arjun Patel,Tamil Nadu,Chennai,600001,Affiliate,2025-07-12
CUST-05149,Siddharth Rao,Tamil Nadu,Chennai,600001,Organic Search,2024-03-13
CUST-05150,Kavya Joshi,Rajasthan,Udaipur,313001,Paid Ads (Instagram/FB),2024-02-08
CUST-05151,Priya Singh,Madhya Pradesh,Bhopal,462001,Organic Search,2025-02-14
CUST-05152,Aarav Singh,Telangana,Nizamabad,503001,Affiliate,2024-03-26
CUST-05153,Siddharth Sharma,Maharashtra,Nagpur,440001,Paid Ads (Instagram/FB),2024-02-09
CUST-05154,Rohan Nair,Madhya Pradesh,Indore,452001,Direct App Open,2024-05-01
CUST-05155,Kabir Nair,Maharashtra,Mumbai,400001,Affiliate,2024-02-10
CUST-05156,Ananya Singh,Karnataka,Bengaluru,560001,Paid Ads (Instagram/FB),2024-09-21
CUST-05157,Arjun Rao,West Bengal,Howrah,711101,Affiliate,2024-09-24
CUST-05158,Aditya Mehta,Maharashtra,Pune,411001,Referral / WhatsApp Share,2024-07-21
CUST-05159,Priya Joshi,Maharashtra,Nashik,422001,Affiliate,2024-04-08
CUST-05160,Neha Deshmukh,Uttar Pradesh,Kanpur,208001,Affiliate,2025-01-26
CUST-05161,Aarav Patel,West Bengal,Howrah,711101,Organic Search,2024-03-29
CUST-05162,Siddharth Verma,Uttar Pradesh,Kanpur,208001,Paid Ads (Instagram/FB),2024-04-10
CUST-05163,Pooja Gupta,Tamil Nadu,Chennai,600001,Paid Ads (Instagram/FB),2024-11-06
CUST-05164,Aditya Verma,Maharashtra,Pune,411001,Affiliate,2025-07-22
CUST-05165,Siddharth Gupta,Uttar Pradesh,Varanasi,221001,Organic Search,2024-05-02
CUST-05166,Rohan Nair,Rajasthan,Udaipur,313001,Referral / WhatsApp Share,2024-11-20
CUST-05167,Rohan Verma,Uttar Pradesh,Kanpur,208001,Direct App Open,2025-05-02
CUST-05168,Kavya Nair,West Bengal,Howrah,711101,Direct App Open,2024-10-28
CUST-05169,Kavya Joshi,Gujarat,Vadodara,390001,Organic Search,2024-09-01
CUST-05170,Arjun Patel,Maharashtra,Nashik,422001,Referral / WhatsApp Share,2024-04-23
CUST-05171,Rahul Joshi,Uttar Pradesh,Varanasi,221001,Paid Ads (Instagram/FB),2024-09-12
CUST-05172,Rahul Mehta,Uttar Pradesh,Varanasi,221001,Referral / WhatsApp Share,2024-02-19
CUST-05173,Priya Rao,Gujarat,Ahmedabad,380001,Referral / WhatsApp Share,2024-08-11
CUST-05174,Sneha Sharma,Bihar,Muzaffarpur,842001,Direct App Open,2024-07-08
CUST-05175,Kabir Patel,Bihar,Muzaffarpur,842001,Referral / WhatsApp Share,2024-12-18
CUST-05176,Sneha Mehta,West Bengal,Kolkata,700001,Direct App Open,2024-11-15
CUST-05177,Aditya Patel,Maharashtra,Pune,411001,Referral / WhatsApp Share,2024-10-16
CUST-05178,Neha Rao,Uttar Pradesh,Agra,282001,Affiliate,2025-07-09
CUST-05179,Pooja Rao,Telangana,Warangal,506001,Affiliate,2025-06-22
CUST-05180,Aditya Kulkarni,Bihar,Gaya,823001,Affiliate,2024-10-16
CUST-05181,Arjun Deshmukh,Telangana,Hyderabad,500001,Organic Search,2024-02-01
CUST-05182,Sneha Patel,Telangana,Nizamabad,503001,Referral / WhatsApp Share,2025-03-19
CUST-05183,Neha Kulkarni,Bihar,Patna,800001,Referral / WhatsApp Share,2025-01-07
CUST-05184,Siddharth Nair,Tamil Nadu,Chennai,600001,Paid Ads (Instagram/FB),2025-04-04
CUST-05185,Rahul Rao,Uttar Pradesh,Agra,282001,Paid Ads (Instagram/FB),2025-02-03
CUST-05186,Kabir Mehta,West Bengal,Howrah,711101,Referral / WhatsApp Share,2024-01-27
CUST-05187,Vikram Joshi,Maharashtra,Nashik,422001,Organic Search,2024-02-13
CUST-05188,Priya Singh,Tamil Nadu,Chennai,600001,Paid Ads (Instagram/FB),2024-01-06
CUST-05189,Kavya Joshi,Madhya Pradesh,Gwalior,474001,Direct App Open,2024-07-03
CUST-05190,Vikram Sharma,Madhya Pradesh,Indore,452001,Organic Search,2024-01-06
CUST-05191,Aarav Gupta,Bihar,Gaya,823001,Affiliate,2024-03-01
CUST-05192,Rahul Singh,Uttar Pradesh,Agra,282001,Paid Ads (Instagram/FB),2025-07-03
CUST-05193,Rohan Sharma,Rajasthan,Jodhpur,342001,Paid Ads (Instagram/FB),2024-07-15
CUST-05194,Arjun Rao,Uttar Pradesh,Lucknow,226001,Referral / WhatsApp Share,2024-06-14
CUST-05195,Rohan Iyer,Karnataka,Hubballi,580020,Paid Ads (Instagram/FB),2024-07-04
CUST-05196,Rohan Nair,Karnataka,Mysuru,570001,Organic Search,2025-07-02
CUST-05197,Vikram Verma,West Bengal,Kolkata,700001,Affiliate,2024-07-16
CUST-05198,Sneha Deshmukh,Telangana,Nizamabad,503001,Referral / WhatsApp Share,2024-02-02
CUST-05199,Aarav Singh,Uttar Pradesh,Lucknow,226001,Affiliate,2024-10-01
CUST-05200,Neha Deshmukh,Uttar Pradesh,Kanpur,208001,Referral / WhatsApp Share,2024-04-14
CUST-05201,Shreya Patel,Gujarat,Surat,395001,Organic Search,2024-11-17
CUST-05202,Ananya Kulkarni,Rajasthan,Jaipur,302001,Paid Ads (Instagram/FB),2025-06-27
CUST-05203,Pooja Mehta,Maharashtra,Nashik,422001,Referral / WhatsApp Share,2024-04-30
CUST-05204,Rahul Rao,West Bengal,Howrah,711101,Affiliate,2024-02-11
CUST-05205,Pooja Verma,Madhya Pradesh,Bhopal,462001,Organic Search,2024-05-10
CUST-05206,Aditya Nair,Maharashtra,Mumbai,400001,Organic Search,2024-11-03
CUST-05207,Priya Deshmukh,Tamil Nadu,Madurai,625001,Referral / WhatsApp Share,2024-09-05
CUST-05208,Vikram Patel,Telangana,Warangal,506001,Paid Ads (Instagram/FB),2025-06-06
CUST-05209,Siddharth Patel,Tamil Nadu,Coimbatore,641001,Direct App Open,2025-07-23
CUST-05210,Kabir Verma,Tamil Nadu,Madurai,625001,Paid Ads (Instagram/FB),2025-07-17
CUST-05211,Aarav Mehta,Uttar Pradesh,Kanpur,208001,Organic Search,2025-01-29
CUST-05212,Ananya Kulkarni,Rajasthan,Udaipur,313001,Organic Search,2024-08-20
CUST-05213,Neha Nair,Telangana,Hyderabad,500001,Paid Ads (Instagram/FB),2024-04-09
CUST-05214,Ananya Gupta,Telangana,Nizamabad,503001,Direct App Open,2024-09-13
CUST-05215,Aditya Iyer,Bihar,Muzaffarpur,842001,Affiliate,2024-01-15
CUST-05216,Sneha Kulkarni,Madhya Pradesh,Indore,452001,Referral / WhatsApp Share,2025-05-19
CUST-05217,Siddharth Kulkarni,Telangana,Nizamabad,503001,Referral / WhatsApp Share,2024-01-22
CUST-05218,Arjun Singh,Karnataka,Hubballi,580020,Organic Search,2025-03-05
CUST-05219,Pooja Joshi,Telangana,Nizamabad,503001,Organic Search,2024-11-01
CUST-05220,Sneha Mehta,Madhya Pradesh,Gwalior,474001,Affiliate,2025-03-15
CUST-05221,Aarav Joshi,Uttar Pradesh,Lucknow,226001,Direct App Open,2024-12-05
CUST-05222,Kabir Verma,Gujarat,Ahmedabad,380001,Direct App Open,2024-10-06
CUST-05223,Sneha Verma,Maharashtra,Mumbai,400001,Direct App Open,2024-11-21
CUST-05224,Rohan Verma,Bihar,Patna,800001,Paid Ads (Instagram/FB),2025-03-04
CUST-05225,Rahul Nair,Uttar Pradesh,Varanasi,221001,Affiliate,2025-07-19
CUST-05226,Aarav Mehta,West Bengal,Kolkata,700001,Organic Search,2025-06-08
CUST-05227,Vikram Iyer,Rajasthan,Udaipur,313001,Direct App Open,2024-06-13
CUST-05228,Rahul Deshmukh,Bihar,Gaya,823001,Referral / WhatsApp Share,2024-11-04
CUST-05229,Neha Verma,Karnataka,Mysuru,570001,Organic Search,2025-06-28
CUST-05230,Vikram Gupta,Karnataka,Bengaluru,560001,Paid Ads (Instagram/FB),2024-09-13
CUST-05231,Rohan Iyer,Tamil Nadu,Madurai,625001,Organic Search,2024-02-02
CUST-05232,Vikram Patel,Rajasthan,Udaipur,313001,Paid Ads (Instagram/FB),2024-11-11
CUST-05233,Priya Rao,West Bengal,Howrah,711101,Paid Ads (Instagram/FB),2025-02-11
CUST-05234,Pooja Patel,West Bengal,Siliguri,734001,Referral / WhatsApp Share,2024-11-18
CUST-05235,Neha Singh,Telangana,Hyderabad,500001,Direct App Open,2024-06-27
CUST-05236,Kavya Verma,Telangana,Warangal,506001,Organic Search,2024-06-15
CUST-05237,Vikram Mehta,West Bengal,Howrah,711101,Organic Search,2024-09-01
CUST-05238,Siddharth Iyer,Gujarat,Vadodara,390001,Paid Ads (Instagram/FB),2024-12-12
CUST-05239,Rahul Deshmukh,Tamil Nadu,Coimbatore,641001,Paid Ads (Instagram/FB),2024-08-15
CUST-05240,Kavya Patel,West Bengal,Siliguri,734001,Affiliate,2024-05-22
CUST-05241,Arjun Joshi,Gujarat,Ahmedabad,380001,Referral / WhatsApp Share,2024-01-21
CUST-05242,Aditya Mehta,Telangana,Warangal,506001,Direct App Open,2024-07-07
CUST-05243,Aditya Rao,Telangana,Nizamabad,503001,Organic Search,2025-03-29
CUST-05244,Rohan Patel,Rajasthan,Jodhpur,342001,Paid Ads (Instagram/FB),2024-05-22
CUST-05245,Kavya Mehta,Maharashtra,Nagpur,440001,Organic Search,2025-02-21
CUST-05246,Neha Nair,Karnataka,Bengaluru,560001,Referral / WhatsApp Share,2024-09-03
CUST-05247,Pooja Mehta,Bihar,Gaya,823001,Affiliate,2024-08-02
CUST-05248,Neha Sharma,Bihar,Patna,800001,Paid Ads (Instagram/FB),2024-12-29
CUST-05249,Siddharth Sharma,Gujarat,Ahmedabad,380001,Paid Ads (Instagram/FB),2025-08-23
CUST-05250,Rohan Nair,Maharashtra,Nagpur,440001,Affiliate,2025-01-01
CUST-05251,Aarav Mehta,Karnataka,Bengaluru,560001,Direct App Open,2024-04-07
CUST-05252,Rahul Deshmukh,Maharashtra,Mumbai,400001,Affiliate,2024-09-02
CUST-05253,Rahul Iyer,Gujarat,Surat,395001,Affiliate,2024-08-19
CUST-05254,Neha Deshmukh,Rajasthan,Jaipur,302001,Affiliate,2024-03-04
CUST-05255,Aarav Sharma,Maharashtra,Pune,411001,Affiliate,2024-12-15
CUST-05256,Kabir Patel,Bihar,Patna,800001,Paid Ads (Instagram/FB),2024-12-14
CUST-05257,Kabir Rao,Tamil Nadu,Madurai,625001,Direct App Open,2024-03-06
CUST-05258,Arjun Rao,West Bengal,Howrah,711101,Affiliate,2024-11-12
CUST-05259,Aarav Rao,Rajasthan,Udaipur,313001,Affiliate,2024-05-26
CUST-05260,Ananya Sharma,Tamil Nadu,Coimbatore,641001,Paid Ads (Instagram/FB),2024-05-19
CUST-05261,Shreya Iyer,Uttar Pradesh,Agra,282001,Direct App Open,2025-04-21
CUST-05262,Aditya Nair,Uttar Pradesh,Varanasi,221001,Referral / WhatsApp Share,2025-01-20
CUST-05263,Vikram Verma,Tamil Nadu,Chennai,600001,Direct App Open,2024-01-14
CUST-05264,Siddharth Rao,Uttar Pradesh,Varanasi,221001,Referral / WhatsApp Share,2024-07-19
CUST-05265,Rahul Deshmukh,Uttar Pradesh,Lucknow,226001,Direct App Open,2025-05-25
CUST-05266,Kabir Joshi,Bihar,Gaya,823001,Organic Search,2024-12-18
CUST-05267,Rohan Gupta,Rajasthan,Udaipur,313001,Direct App Open,2024-03-09
CUST-05268,Rohan Sharma,Telangana,Hyderabad,500001,Affiliate,2024-03-29
CUST-05269,Kavya Rao,West Bengal,Howrah,711101,Affiliate,2024-02-26
CUST-05270,Kabir Gupta,Uttar Pradesh,Lucknow,226001,Paid Ads (Instagram/FB),2024-05-15
CUST-05271,Ananya Patel,Uttar Pradesh,Agra,282001,Direct App Open,2025-07-14
CUST-05272,Rahul Verma,Maharashtra,Nashik,422001,Direct App Open,2025-03-13
CUST-05273,Ananya Kulkarni,Gujarat,Ahmedabad,380001,Paid Ads (Instagram/FB),2024-07-22
CUST-05274,Rahul Verma,Uttar Pradesh,Varanasi,221001,Affiliate,2024-06-08
CUST-05275,Priya Mehta,Bihar,Muzaffarpur,842001,Affiliate,2024-10-18
CUST-05276,Rahul Nair,West Bengal,Howrah,711101,Paid Ads (Instagram/FB),2025-05-24
CUST-05277,Priya Patel,Tamil Nadu,Chennai,600001,Affiliate,2024-11-15
CUST-05278,Ananya Sharma,Maharashtra,Mumbai,400001,Paid Ads (Instagram/FB),2025-04-09
CUST-05279,Kavya Kulkarni,Gujarat,Vadodara,390001,Affiliate,2025-08-01
CUST-05280,Aditya Rao,Karnataka,Bengaluru,560001,Organic Search,2024-07-31
CUST-05281,Rohan Singh,Bihar,Gaya,823001,Affiliate,2025-05-29
CUST-05282,Kavya Joshi,Bihar,Muzaffarpur,842001,Paid Ads (Instagram/FB),2024-05-09
CUST-05283,Neha Nair,Tamil Nadu,Chennai,600001,Direct App Open,2025-07-21
CUST-05284,Ananya Gupta,Rajasthan,Jodhpur,342001,Referral / WhatsApp Share,2025-08-06
CUST-05285,Priya Kulkarni,Gujarat,Vadodara,390001,Paid Ads (Instagram/FB),2024-02-12
CUST-05286,Priya Patel,Tamil Nadu,Madurai,625001,Organic Search,2025-02-01
CUST-05287,Siddharth Kulkarni,Karnataka,Hubballi,580020,Direct App Open,2025-02-06
CUST-05288,Vikram Mehta,Bihar,Gaya,823001,Paid Ads (Instagram/FB),2025-01-12
CUST-05289,Priya Mehta,Rajasthan,Jaipur,302001,Referral / WhatsApp Share,2024-11-19
CUST-05290,Sneha Iyer,Gujarat,Surat,395001,Referral / WhatsApp Share,2025-02-05
CUST-05291,Sneha Joshi,Telangana,Warangal,506001,Direct App Open,2024-09-23
CUST-05292,Arjun Verma,Madhya Pradesh,Indore,452001,Affiliate,2025-03-12
CUST-05293,Rohan Mehta,Tamil Nadu,Madurai,625001,Referral / WhatsApp Share,2025-01-11
CUST-05294,Kavya Patel,Maharashtra,Nagpur,440001,Direct App Open,2024-05-21
CUST-05295,Sneha Sharma,Bihar,Muzaffarpur,842001,Paid Ads (Instagram/FB),2025-08-04
CUST-05296,Kabir Kulkarni,Bihar,Muzaffarpur,842001,Referral / WhatsApp Share,2024-04-22
CUST-05297,Rohan Gupta,Maharashtra,Nashik,422001,Paid Ads (Instagram/FB),2025-04-03
CUST-05298,Aditya Joshi,Rajasthan,Jaipur,302001,Affiliate,2024-08-24
CUST-05299,Shreya Kulkarni,Maharashtra,Nashik,422001,Affiliate,2024-08-08
CUST-05300,Vikram Gupta,Tamil Nadu,Chennai,600001,Organic Search,2024-05-14
CUST-05301,Pooja Patel,Tamil Nadu,Coimbatore,641001,Referral / WhatsApp Share,2024-01-05
CUST-05302,Rohan Mehta,Gujarat,Surat,395001,Direct App Open,2025-04-17
CUST-05303,Arjun Rao,Maharashtra,Nagpur,440001,Referral / WhatsApp Share,2025-05-19
CUST-05304,Shreya Deshmukh,Rajasthan,Jaipur,302001,Referral / WhatsApp Share,2024-04-29
CUST-05305,Kavya Nair,Tamil Nadu,Madurai,625001,Organic Search,2025-04-14
CUST-05306,Aarav Iyer,Gujarat,Vadodara,390001,Affiliate,2025-06-26
CUST-05307,Rohan Patel,Tamil Nadu,Coimbatore,641001,Affiliate,2024-05-27
CUST-05308,Siddharth Iyer,Gujarat,Surat,395001,Paid Ads (Instagram/FB),2024-02-27
CUST-05309,Aditya Deshmukh,Tamil Nadu,Coimbatore,641001,Organic Search,2025-02-08
CUST-05310,Neha Joshi,Rajasthan,Jaipur,302001,Direct App Open,2024-07-20
CUST-05311,Kabir Gupta,Gujarat,Vadodara,390001,Paid Ads (Instagram/FB),2025-06-16
CUST-05312,Kabir Iyer,Maharashtra,Mumbai,400001,Organic Search,2024-05-21
CUST-05313,Aditya Mehta,Maharashtra,Mumbai,400001,Affiliate,2024-10-26
CUST-05314,Arjun Singh,Karnataka,Mysuru,570001,Referral / WhatsApp Share,2025-07-10
CUST-05315,Ananya Iyer,Gujarat,Surat,395001,Direct App Open,2025-08-13
CUST-05316,Kabir Sharma,Madhya Pradesh,Bhopal,462001,Affiliate,2025-02-19
CUST-05317,Neha Rao,Uttar Pradesh,Kanpur,208001,Direct App Open,2024-01-09
CUST-05318,Kavya Kulkarni,Tamil Nadu,Madurai,625001,Referral / WhatsApp Share,2025-03-21
CUST-05319,Aditya Deshmukh,Karnataka,Bengaluru,560001,Affiliate,2025-01-14
CUST-05320,Aditya Joshi,Tamil Nadu,Madurai,625001,Organic Search,2024-04-26
CUST-05321,Kavya Iyer,Karnataka,Mysuru,570001,Affiliate,2025-01-13
CUST-05322,Siddharth Patel,Telangana,Hyderabad,500001,Referral / WhatsApp Share,2024-02-21
CUST-05323,Kavya Gupta,Maharashtra,Mumbai,400001,Organic Search,2024-12-05
CUST-05324,Vikram Joshi,Uttar Pradesh,Agra,282001,Referral / WhatsApp Share,2025-06-27
CUST-05325,Shreya Rao,Maharashtra,Mumbai,400001,Paid Ads (Instagram/FB),2025-06-20
CUST-05326,Shreya Nair,Telangana,Nizamabad,503001,Organic Search,2024-10-19
CUST-05327,Vikram Gupta,Uttar Pradesh,Lucknow,226001,Referral / WhatsApp Share,2024-03-03
CUST-05328,Vikram Iyer,Uttar Pradesh,Varanasi,221001,Direct App Open,2025-01-29
CUST-05329,Aditya Nair,West Bengal,Kolkata,700001,Paid Ads (Instagram/FB),2024-12-04
CUST-05330,Ananya Nair,Uttar Pradesh,Varanasi,221001,Affiliate,2024-08-10
CUST-05331,Neha Singh,Rajasthan,Jodhpur,342001,Referral / WhatsApp Share,2025-06-01
CUST-05332,Aarav Iyer,Maharashtra,Mumbai,400001,Organic Search,2025-02-16
CUST-05333,Arjun Kulkarni,Bihar,Gaya,823001,Direct App Open,2024-04-22
CUST-05334,Neha Verma,Madhya Pradesh,Indore,452001,Organic Search,2024-04-03
CUST-05335,Aditya Deshmukh,Maharashtra,Pune,411001,Direct App Open,2024-04-15
CUST-05336,Kabir Deshmukh,Madhya Pradesh,Gwalior,474001,Affiliate,2024-07-28
CUST-05337,Neha Rao,Uttar Pradesh,Agra,282001,Organic Search,2024-04-19
CUST-05338,Sneha Nair,Bihar,Gaya,823001,Affiliate,2025-03-08
CUST-05339,Priya Patel,Telangana,Nizamabad,503001,Direct App Open,2025-01-29
CUST-05340,Neha Kulkarni,Telangana,Nizamabad,503001,Affiliate,2024-07-25
CUST-05341,Rahul Iyer,Karnataka,Mysuru,570001,Organic Search,2025-05-02
CUST-05342,Kavya Sharma,West Bengal,Kolkata,700001,Referral / WhatsApp Share,2025-07-03
CUST-05343,Ananya Kulkarni,Gujarat,Surat,395001,Referral / WhatsApp Share,2025-07-06
CUST-05344,Priya Deshmukh,West Bengal,Howrah,711101,Referral / WhatsApp Share,2025-03-26
CUST-05345,Shreya Mehta,Madhya Pradesh,Indore,452001,Paid Ads (Instagram/FB),2025-01-08
CUST-05346,Ananya Iyer,Telangana,Nizamabad,503001,Affiliate,2025-06-05
CUST-05347,Rohan Singh,Karnataka,Mysuru,570001,Direct App Open,2024-05-25
CUST-05348,Priya Verma,Rajasthan,Jodhpur,342001,Affiliate,2024-02-14
CUST-05349,Priya Gupta,West Bengal,Siliguri,734001,Referral / WhatsApp Share,2025-03-11
CUST-05350,Kabir Nair,Rajasthan,Udaipur,313001,Paid Ads (Instagram/FB),2024-01-05
CUST-05351,Kavya Iyer,Maharashtra,Pune,411001,Affiliate,2024-12-15
CUST-05352,Ananya Mehta,Rajasthan,Jaipur,302001,Direct App Open,2025-01-28
CUST-05353,Kabir Deshmukh,Madhya Pradesh,Gwalior,474001,Paid Ads (Instagram/FB),2024-09-18
CUST-05354,Sneha Patel,West Bengal,Siliguri,734001,Organic Search,2024-06-17
CUST-05355,Sneha Mehta,Madhya Pradesh,Indore,452001,Referral / WhatsApp Share,2025-03-12
CUST-05356,Priya Iyer,Maharashtra,Nashik,422001,Paid Ads (Instagram/FB),2024-01-08
CUST-05357,Arjun Deshmukh,Rajasthan,Jaipur,302001,Organic Search,2025-04-12
CUST-05358,Siddharth Iyer,Madhya Pradesh,Gwalior,474001,Paid Ads (Instagram/FB),2025-05-10
CUST-05359,Siddharth Verma,Rajasthan,Jodhpur,342001,Organic Search,2024-05-03
CUST-05360,Aditya Nair,Tamil Nadu,Chennai,600001,Referral / WhatsApp Share,2024-05-11
CUST-05361,Shreya Rao,Rajasthan,Udaipur,313001,Affiliate,2025-02-03
CUST-05362,Ananya Sharma,Telangana,Hyderabad,500001,Organic Search,2025-03-29
CUST-05363,Aditya Patel,Karnataka,Bengaluru,560001,Organic Search,2024-05-24
CUST-05364,Shreya Singh,Karnataka,Bengaluru,560001,Referral / WhatsApp Share,2024-10-24
CUST-05365,Neha Iyer,Maharashtra,Nagpur,440001,Direct App Open,2025-04-02
CUST-05366,Neha Patel,Telangana,Nizamabad,503001,Direct App Open,2024-05-03
CUST-05367,Rahul Deshmukh,Telangana,Nizamabad,503001,Direct App Open,2024-04-20
CUST-05368,Kabir Kulkarni,Telangana,Warangal,506001,Referral / WhatsApp Share,2025-02-12
CUST-05369,Kabir Verma,Bihar,Gaya,823001,Organic Search,2025-01-21
CUST-05370,Arjun Iyer,Gujarat,Surat,395001,Referral / WhatsApp Share,2024-01-17
CUST-05371,Aarav Deshmukh,West Bengal,Kolkata,700001,Paid Ads (Instagram/FB),2024-10-15
CUST-05372,Rohan Gupta,Bihar,Muzaffarpur,842001,Referral / WhatsApp Share,2024-07-19
CUST-05373,Siddharth Verma,Telangana,Hyderabad,500001,Paid Ads (Instagram/FB),2024-05-10
CUST-05374,Kavya Patel,Telangana,Hyderabad,500001,Referral / WhatsApp Share,2024-09-06
CUST-05375,Pooja Rao,Maharashtra,Nashik,422001,Organic Search,2025-01-05
CUST-05376,Shreya Singh,Rajasthan,Udaipur,313001,Paid Ads (Instagram/FB),2025-03-07
CUST-05377,Aarav Patel,West Bengal,Howrah,711101,Affiliate,2024-04-27
CUST-05378,Priya Kulkarni,Maharashtra,Mumbai,400001,Organic Search,2024-03-11
CUST-05379,Kabir Rao,Karnataka,Mysuru,570001,Organic Search,2024-02-01
CUST-05380,Arjun Sharma,Karnataka,Mysuru,570001,Referral / WhatsApp Share,2025-07-27
CUST-05381,Pooja Rao,Gujarat,Vadodara,390001,Referral / WhatsApp Share,2025-04-24
CUST-05382,Aditya Kulkarni,Telangana,Warangal,506001,Affiliate,2024-07-27
CUST-05383,Ananya Kulkarni,Tamil Nadu,Madurai,625001,Affiliate,2024-07-30
CUST-05384,Sneha Verma,Uttar Pradesh,Kanpur,208001,Organic Search,2024-10-17
CUST-05385,Pooja Joshi,Rajasthan,Udaipur,313001,Organic Search,2024-09-15
CUST-05386,Kabir Iyer,Madhya Pradesh,Indore,452001,Direct App Open,2024-10-17
CUST-05387,Rahul Iyer,Karnataka,Bengaluru,560001,Paid Ads (Instagram/FB),2024-04-03
CUST-05388,Neha Rao,Karnataka,Hubballi,580020,Direct App Open,2025-03-09
CUST-05389,Sneha Mehta,Madhya Pradesh,Bhopal,462001,Referral / WhatsApp Share,2025-02-06
CUST-05390,Arjun Kulkarni,Tamil Nadu,Madurai,625001,Paid Ads (Instagram/FB),2025-05-25
CUST-05391,Rahul Mehta,Tamil Nadu,Chennai,600001,Organic Search,2024-02-05
CUST-05392,Shreya Rao,Karnataka,Bengaluru,560001,Affiliate,2025-02-04
CUST-05393,Rahul Sharma,Uttar Pradesh,Varanasi,221001,Direct App Open,2024-01-18
CUST-05394,Sneha Patel,Telangana,Hyderabad,500001,Affiliate,2024-12-12
CUST-05395,Vikram Iyer,Karnataka,Mysuru,570001,Organic Search,2025-02-14
CUST-05396,Rahul Iyer,Maharashtra,Pune,411001,Paid Ads (Instagram/FB),2024-11-23
CUST-05397,Aditya Joshi,Gujarat,Surat,395001,Affiliate,2024-07-24
CUST-05398,Siddharth Sharma,Uttar Pradesh,Lucknow,226001,Organic Search,2024-02-08
CUST-05399,Pooja Sharma,Madhya Pradesh,Gwalior,474001,Affiliate,2024-08-28
CUST-05400,Priya Nair,Rajasthan,Udaipur,313001,Organic Search,2024-01-04
CUST-05401,Siddharth Singh,Madhya Pradesh,Bhopal,462001,Paid Ads (Instagram/FB),2025-06-23
CUST-05402,Rahul Iyer,West Bengal,Siliguri,734001,Referral / WhatsApp Share,2024-03-07
CUST-05403,Sneha Nair,Telangana,Hyderabad,500001,Affiliate,2024-02-21
CUST-05404,Pooja Rao,Gujarat,Ahmedabad,380001,Referral / WhatsApp Share,2024-08-13
CUST-05405,Rahul Verma,Bihar,Gaya,823001,Organic Search,2024-09-05
CUST-05406,Siddharth Joshi,Bihar,Patna,800001,Affiliate,2024-01-26
CUST-05407,Arjun Patel,Karnataka,Bengaluru,560001,Direct App Open,2025-06-16
CUST-05408,Priya Kulkarni,Telangana,Warangal,506001,Direct App Open,2024-09-19
CUST-05409,Siddharth Verma,Maharashtra,Nagpur,440001,Paid Ads (Instagram/FB),2024-03-16
CUST-05410,Kavya Patel,Maharashtra,Nagpur,440001,Affiliate,2024-08-05
CUST-05411,Rahul Rao,Gujarat,Ahmedabad,380001,Affiliate,2025-03-19
CUST-05412,Neha Iyer,Telangana,Warangal,506001,Affiliate,2025-05-30
CUST-05413,Vikram Mehta,Uttar Pradesh,Lucknow,226001,Referral / WhatsApp Share,2024-05-23
CUST-05414,Rahul Joshi,Telangana,Hyderabad,500001,Direct App Open,2025-02-21
CUST-05415,Shreya Kulkarni,Maharashtra,Mumbai,400001,Direct App Open,2025-05-12
CUST-05416,Kabir Verma,Uttar Pradesh,Agra,282001,Direct App Open,2025-02-11
CUST-05417,Kavya Mehta,Madhya Pradesh,Gwalior,474001,Paid Ads (Instagram/FB),2025-02-22
CUST-05418,Aditya Iyer,Bihar,Muzaffarpur,842001,Affiliate,2025-01-01
CUST-05419,Aarav Patel,Bihar,Muzaffarpur,842001,Paid Ads (Instagram/FB),2025-04-15
CUST-05420,Aditya Joshi,Karnataka,Hubballi,580020,Paid Ads (Instagram/FB),2024-07-07
CUST-05421,Kabir Joshi,Bihar,Gaya,823001,Affiliate,2025-06-11
CUST-05422,Aarav Deshmukh,Gujarat,Surat,395001,Direct App Open,2024-03-28
CUST-05423,Kabir Kulkarni,Karnataka,Bengaluru,560001,Affiliate,2025-07-04
CUST-05424,Pooja Sharma,Rajasthan,Jodhpur,342001,Affiliate,2025-08-20
CUST-05425,Ananya Kulkarni,Telangana,Nizamabad,503001,Organic Search,2024-05-18
CUST-05426,Sneha Kulkarni,Telangana,Warangal,506001,Direct App Open,2025-04-21
CUST-05427,Rohan Joshi,West Bengal,Siliguri,734001,Direct App Open,2025-01-24
CUST-05428,Vikram Sharma,Madhya Pradesh,Bhopal,462001,Affiliate,2025-01-13
CUST-05429,Shreya Nair,Maharashtra,Nagpur,440001,Organic Search,2024-03-15
CUST-05430,Aditya Rao,Tamil Nadu,Chennai,600001,Direct App Open,2024-04-21
CUST-05431,Aditya Joshi,West Bengal,Howrah,711101,Affiliate,2025-08-19
CUST-05432,Ananya Deshmukh,Uttar Pradesh,Kanpur,208001,Affiliate,2024-12-26
CUST-05433,Kavya Joshi,West Bengal,Kolkata,700001,Affiliate,2025-06-29
CUST-05434,Neha Patel,Uttar Pradesh,Varanasi,221001,Affiliate,2025-03-14
CUST-05435,Aarav Sharma,West Bengal,Kolkata,700001,Organic Search,2024-07-07
CUST-05436,Vikram Singh,Telangana,Nizamabad,503001,Paid Ads (Instagram/FB),2025-06-19
CUST-05437,Neha Nair,Rajasthan,Jodhpur,342001,Direct App Open,2024-02-20
CUST-05438,Rahul Iyer,Maharashtra,Pune,411001,Affiliate,2024-07-19
CUST-05439,Aarav Patel,Uttar Pradesh,Kanpur,208001,Referral / WhatsApp Share,2024-01-14
CUST-05440,Priya Gupta,Madhya Pradesh,Indore,452001,Organic Search,2025-05-20
CUST-05441,Vikram Mehta,Telangana,Hyderabad,500001,Direct App Open,2024-12-18
CUST-05442,Rohan Mehta,Karnataka,Bengaluru,560001,Paid Ads (Instagram/FB),2025-02-21
CUST-05443,Pooja Iyer,Uttar Pradesh,Lucknow,226001,Direct App Open,2024-06-21
CUST-05444,Aditya Sharma,Maharashtra,Nashik,422001,Paid Ads (Instagram/FB),2024-01-21
CUST-05445,Rohan Singh,Karnataka,Mysuru,570001,Direct App Open,2024-05-22
CUST-05446,Vikram Rao,Telangana,Warangal,506001,Referral / WhatsApp Share,2024-09-01
CUST-05447,Neha Rao,Tamil Nadu,Chennai,600001,Referral / WhatsApp Share,2025-05-21
CUST-05448,Aditya Rao,Uttar Pradesh,Varanasi,221001,Referral / WhatsApp Share,2025-02-04
CUST-05449,Rahul Deshmukh,West Bengal,Howrah,711101,Direct App Open,2024-09-18
CUST-05450,Aarav Rao,Bihar,Muzaffarpur,842001,Direct App Open,2024-08-01
CUST-05451,Sneha Gupta,Tamil Nadu,Coimbatore,641001,Referral / WhatsApp Share,2024-08-12
CUST-05452,Vikram Kulkarni,Uttar Pradesh,Varanasi,221001,Direct App Open,2025-03-15
CUST-05453,Aditya Nair,Madhya Pradesh,Gwalior,474001,Direct App Open,2024-12-28
CUST-05454,Aditya Nair,Gujarat,Vadodara,390001,Referral / WhatsApp Share,2025-06-02
CUST-05455,Ananya Singh,Madhya Pradesh,Gwalior,474001,Paid Ads (Instagram/FB),2024-12-27
CUST-05456,Rahul Nair,Bihar,Muzaffarpur,842001,Paid Ads (Instagram/FB),2025-03-02
CUST-05457,Kavya Verma,Gujarat,Surat,395001,Direct App Open,2024-11-02
CUST-05458,Arjun Kulkarni,Gujarat,Ahmedabad,380001,Organic Search,2025-04-16
CUST-05459,Neha Kulkarni,Madhya Pradesh,Indore,452001,Organic Search,2025-06-04
CUST-05460,Aditya Deshmukh,Tamil Nadu,Chennai,600001,Paid Ads (Instagram/FB),2025-02-22
CUST-05461,Siddharth Deshmukh,Madhya Pradesh,Bhopal,462001,Referral / WhatsApp Share,2024-11-03
CUST-05462,Ananya Rao,Bihar,Muzaffarpur,842001,Referral / WhatsApp Share,2025-07-02
CUST-05463,Aarav Kulkarni,Maharashtra,Nagpur,440001,Referral / WhatsApp Share,2024-03-02
CUST-05464,Sneha Rao,Maharashtra,Pune,411001,Affiliate,2024-10-02
CUST-05465,Kabir Verma,Karnataka,Hubballi,580020,Organic Search,2024-02-22
CUST-05466,Neha Iyer,Tamil Nadu,Chennai,600001,Affiliate,2024-07-19
CUST-05467,Pooja Sharma,Rajasthan,Jodhpur,342001,Paid Ads (Instagram/FB),2025-05-16
CUST-05468,Aditya Mehta,Telangana,Warangal,506001,Referral / WhatsApp Share,2024-12-19
CUST-05469,Rahul Gupta,Maharashtra,Pune,411001,Affiliate,2024-01-30
CUST-05470,Priya Joshi,Karnataka,Mysuru,570001,Affiliate,2024-12-25
CUST-05471,Priya Kulkarni,Maharashtra,Pune,411001,Organic Search,2024-11-03
CUST-05472,Sneha Sharma,Karnataka,Hubballi,580020,Organic Search,2024-11-15
CUST-05473,Ananya Kulkarni,Gujarat,Ahmedabad,380001,Paid Ads (Instagram/FB),2025-04-20
CUST-05474,Pooja Singh,Gujarat,Ahmedabad,380001,Direct App Open,2024-12-04
CUST-05475,Ananya Patel,Uttar Pradesh,Lucknow,226001,Paid Ads (Instagram/FB),2024-09-01
CUST-05476,Rahul Kulkarni,Telangana,Hyderabad,500001,Referral / WhatsApp Share,2024-06-19
CUST-05477,Kabir Kulkarni,Karnataka,Mysuru,570001,Referral / WhatsApp Share,2024-06-01
CUST-05478,Arjun Joshi,Bihar,Patna,800001,Referral / WhatsApp Share,2024-04-23
CUST-05479,Shreya Sharma,Madhya Pradesh,Indore,452001,Direct App Open,2024-08-16
CUST-05480,Arjun Iyer,Madhya Pradesh,Gwalior,474001,Referral / WhatsApp Share,2024-12-22
CUST-05481,Vikram Kulkarni,Uttar Pradesh,Varanasi,221001,Direct App Open,2024-02-11
CUST-05482,Siddharth Deshmukh,Uttar Pradesh,Kanpur,208001,Referral / WhatsApp Share,2024-04-06
CUST-05483,Priya Verma,Tamil Nadu,Coimbatore,641001,Referral / WhatsApp Share,2024-11-16
CUST-05484,Siddharth Gupta,Gujarat,Vadodara,390001,Direct App Open,2024-02-02
CUST-05485,Aditya Joshi,Karnataka,Mysuru,570001,Paid Ads (Instagram/FB),2025-07-10
CUST-05486,Kavya Patel,Bihar,Gaya,823001,Paid Ads (Instagram/FB),2024-09-10
CUST-05487,Neha Singh,Bihar,Patna,800001,Paid Ads (Instagram/FB),2024-03-29
CUST-05488,Rahul Kulkarni,Rajasthan,Jodhpur,342001,Direct App Open,2024-06-19
CUST-05489,Siddharth Joshi,Tamil Nadu,Chennai,600001,Paid Ads (Instagram/FB),2025-03-10
CUST-05490,Aarav Nair,Tamil Nadu,Madurai,625001,Organic Search,2025-06-07
CUST-05491,Siddharth Gupta,Rajasthan,Jodhpur,342001,Paid Ads (Instagram/FB),2024-01-15
CUST-05492,Pooja Deshmukh,Maharashtra,Nashik,422001,Affiliate,2024-08-27
CUST-05493,Priya Deshmukh,Bihar,Patna,800001,Organic Search,2024-08-28
CUST-05494,Aditya Deshmukh,Telangana,Warangal,506001,Organic Search,2025-03-22
CUST-05495,Shreya Verma,Maharashtra,Nagpur,440001,Referral / WhatsApp Share,2024-02-03
CUST-05496,Shreya Kulkarni,Telangana,Nizamabad,503001,Affiliate,2024-05-26
CUST-05497,Aditya Mehta,Bihar,Gaya,823001,Paid Ads (Instagram/FB),2024-04-12
CUST-05498,Rohan Iyer,Tamil Nadu,Chennai,600001,Affiliate,2025-07-23
CUST-05499,Arjun Sharma,Tamil Nadu,Madurai,625001,Referral / WhatsApp Share,2024-04-02
CUST-05500,Rahul Singh,Karnataka,Bengaluru,560001,Paid Ads (Instagram/FB),2025-01-13
CUST-05501,Pooja Iyer,Bihar,Gaya,823001,Referral / WhatsApp Share,2024-02-17
CUST-05502,Kavya Gupta,Karnataka,Hubballi,580020,Paid Ads (Instagram/FB),2024-08-31
CUST-05503,Priya Iyer,Tamil Nadu,Chennai,600001,Direct App Open,2025-01-05
CUST-05504,Siddharth Kulkarni,Rajasthan,Jodhpur,342001,Direct App Open,2024-07-08
CUST-05505,Pooja Deshmukh,Uttar Pradesh,Lucknow,226001,Referral / WhatsApp Share,2024-10-26
CUST-05506,Pooja Sharma,Tamil Nadu,Madurai,625001,Referral / WhatsApp Share,2024-07-17
CUST-05507,Aditya Patel,Madhya Pradesh,Gwalior,474001,Paid Ads (Instagram/FB),2024-11-02
CUST-05508,Ananya Joshi,Telangana,Warangal,506001,Paid Ads (Instagram/FB),2024-03-27
CUST-05509,Aditya Sharma,Karnataka,Hubballi,580020,Affiliate,2025-05-10
CUST-05510,Neha Patel,Uttar Pradesh,Varanasi,221001,Organic Search,2025-02-21
CUST-05511,Rohan Gupta,Telangana,Hyderabad,500001,Direct App Open,2024-05-09
CUST-05512,Kabir Kulkarni,Uttar Pradesh,Agra,282001,Paid Ads (Instagram/FB),2024-06-14
CUST-05513,Arjun Patel,Bihar,Patna,800001,Affiliate,2024-03-26
CUST-05514,Shreya Sharma,Madhya Pradesh,Indore,452001,Paid Ads (Instagram/FB),2024-06-08
CUST-05515,Rohan Patel,Telangana,Nizamabad,503001,Paid Ads (Instagram/FB),2025-02-10
CUST-05516,Pooja Patel,West Bengal,Howrah,711101,Paid Ads (Instagram/FB),2025-04-16
CUST-05517,Kabir Verma,Uttar Pradesh,Lucknow,226001,Referral / WhatsApp Share,2024-05-20
CUST-05518,Pooja Nair,Rajasthan,Jodhpur,342001,Organic Search,2025-03-28
CUST-05519,Rahul Singh,West Bengal,Siliguri,734001,Affiliate,2024-03-23
CUST-05520,Sneha Iyer,Maharashtra,Nagpur,440001,Referral / WhatsApp Share,2024-11-21
CUST-05521,Aarav Sharma,Karnataka,Bengaluru,560001,Paid Ads (Instagram/FB),2025-01-21
CUST-05522,Shreya Nair,Gujarat,Vadodara,390001,Direct App Open,2025-07-22
CUST-05523,Pooja Sharma,Gujarat,Vadodara,390001,Referral / WhatsApp Share,2024-12-20
CUST-05524,Aditya Sharma,Karnataka,Hubballi,580020,Referral / WhatsApp Share,2025-05-30
CUST-05525,Kabir Verma,Bihar,Patna,800001,Paid Ads (Instagram/FB),2024-02-18
CUST-05526,Vikram Sharma,Telangana,Nizamabad,503001,Paid Ads (Instagram/FB),2024-10-06
CUST-05527,Kabir Gupta,Rajasthan,Udaipur,313001,Referral / WhatsApp Share,2024-10-31
CUST-05528,Rahul Patel,Madhya Pradesh,Gwalior,474001,Paid Ads (Instagram/FB),2024-09-02
CUST-05529,Siddharth Joshi,Madhya Pradesh,Gwalior,474001,Organic Search,2024-02-15
CUST-05530,Priya Iyer,Madhya Pradesh,Gwalior,474001,Paid Ads (Instagram/FB),2025-04-02
CUST-05531,Rohan Patel,Maharashtra,Nagpur,440001,Organic Search,2024-09-06
CUST-05532,Ananya Singh,Bihar,Patna,800001,Organic Search,2025-07-12
CUST-05533,Vikram Mehta,Karnataka,Bengaluru,560001,Organic Search,2024-08-28
CUST-05534,Arjun Gupta,Madhya Pradesh,Bhopal,462001,Referral / WhatsApp Share,2024-08-29
CUST-05535,Rohan Sharma,Madhya Pradesh,Gwalior,474001,Paid Ads (Instagram/FB),2024-03-19
CUST-05536,Aditya Gupta,Bihar,Muzaffarpur,842001,Organic Search,2025-02-24
CUST-05537,Ananya Joshi,Maharashtra,Pune,411001,Affiliate,2025-08-01
CUST-05538,Rahul Gupta,Uttar Pradesh,Agra,282001,Paid Ads (Instagram/FB),2025-01-24
CUST-05539,Pooja Sharma,Rajasthan,Udaipur,313001,Affiliate,2024-11-09
CUST-05540,Rahul Verma,Bihar,Gaya,823001,Paid Ads (Instagram/FB),2024-02-17
CUST-05541,Aarav Sharma,West Bengal,Kolkata,700001,Organic Search,2024-09-20
CUST-05542,Shreya Rao,Uttar Pradesh,Lucknow,226001,Direct App Open,2024-01-10
CUST-05543,Neha Patel,Bihar,Patna,800001,Referral / WhatsApp Share,2025-07-28
CUST-05544,Sneha Sharma,Madhya Pradesh,Gwalior,474001,Referral / WhatsApp Share,2024-04-16
CUST-05545,Rohan Iyer,Rajasthan,Jaipur,302001,Affiliate,2025-01-15
CUST-05546,Priya Patel,Telangana,Hyderabad,500001,Affiliate,2024-09-28
CUST-05547,Siddharth Gupta,Tamil Nadu,Coimbatore,641001,Referral / WhatsApp Share,2025-01-07
CUST-05548,Kabir Deshmukh,Rajasthan,Jaipur,302001,Affiliate,2025-02-08
CUST-05549,Sneha Kulkarni,Bihar,Patna,800001,Affiliate,2024-07-09
CUST-05550,Neha Joshi,Rajasthan,Jaipur,302001,Paid Ads (Instagram/FB),2025-03-25
CUST-05551,Neha Rao,Uttar Pradesh,Agra,282001,Paid Ads (Instagram/FB),2025-03-11
CUST-05552,Ananya Deshmukh,West Bengal,Howrah,711101,Organic Search,2024-05-17
CUST-05553,Shreya Joshi,Bihar,Gaya,823001,Affiliate,2024-08-12
CUST-05554,Aarav Kulkarni,West Bengal,Howrah,711101,Paid Ads (Instagram/FB),2025-04-14
CUST-05555,Priya Iyer,Madhya Pradesh,Gwalior,474001,Direct App Open,2024-10-20
CUST-05556,Kavya Sharma,Karnataka,Hubballi,580020,Paid Ads (Instagram/FB),2024-08-10
CUST-05557,Rahul Gupta,Tamil Nadu,Madurai,625001,Direct App Open,2024-03-11
CUST-05558,Vikram Singh,Bihar,Gaya,823001,Paid Ads (Instagram/FB),2025-05-21
CUST-05559,Kabir Iyer,Gujarat,Ahmedabad,380001,Referral / WhatsApp Share,2024-04-23
CUST-05560,Priya Verma,Bihar,Patna,800001,Referral / WhatsApp Share,2024-06-27
CUST-05561,Rahul Gupta,Uttar Pradesh,Varanasi,221001,Paid Ads (Instagram/FB),2024-10-29
CUST-05562,Arjun Iyer,Uttar Pradesh,Agra,282001,Affiliate,2025-03-07
CUST-05563,Ananya Joshi,Tamil Nadu,Coimbatore,641001,Organic Search,2024-09-13
CUST-05564,Kabir Kulkarni,Bihar,Muzaffarpur,842001,Affiliate,2025-01-31
CUST-05565,Pooja Nair,Rajasthan,Jaipur,302001,Paid Ads (Instagram/FB),2025-01-21
CUST-05566,Arjun Nair,Gujarat,Ahmedabad,380001,Organic Search,2024-10-11
CUST-05567,Arjun Iyer,Rajasthan,Udaipur,313001,Affiliate,2024-08-21
CUST-05568,Kabir Rao,Gujarat,Vadodara,390001,Organic Search,2024-12-18
CUST-05569,Pooja Mehta,Karnataka,Hubballi,580020,Affiliate,2024-04-26
CUST-05570,Rahul Gupta,Karnataka,Mysuru,570001,Organic Search,2025-01-27
CUST-05571,Sneha Deshmukh,Gujarat,Surat,395001,Organic Search,2024-02-14
CUST-05572,Aditya Singh,Maharashtra,Nashik,422001,Paid Ads (Instagram/FB),2025-08-15
CUST-05573,Priya Patel,Madhya Pradesh,Indore,452001,Paid Ads (Instagram/FB),2024-05-11
CUST-05574,Arjun Mehta,Tamil Nadu,Coimbatore,641001,Organic Search,2025-06-15
CUST-05575,Ananya Sharma,Uttar Pradesh,Lucknow,226001,Direct App Open,2025-08-20
CUST-05576,Siddharth Joshi,Maharashtra,Nashik,422001,Referral / WhatsApp Share,2025-04-03
CUST-05577,Arjun Deshmukh,Madhya Pradesh,Gwalior,474001,Referral / WhatsApp Share,2025-08-13
CUST-05578,Neha Singh,Telangana,Nizamabad,503001,Direct App Open,2024-02-28
CUST-05579,Sneha Mehta,Karnataka,Bengaluru,560001,Direct App Open,2024-05-07
CUST-05580,Priya Singh,Madhya Pradesh,Indore,452001,Referral / WhatsApp Share,2025-03-03
CUST-05581,Sneha Nair,Uttar Pradesh,Lucknow,226001,Organic Search,2025-03-19
CUST-05582,Priya Verma,Gujarat,Vadodara,390001,Referral / WhatsApp Share,2025-02-20
CUST-05583,Kavya Iyer,Uttar Pradesh,Agra,282001,Paid Ads (Instagram/FB),2024-04-06
CUST-05584,Rohan Deshmukh,Rajasthan,Jodhpur,342001,Referral / WhatsApp Share,2025-04-04
CUST-05585,Kavya Mehta,Bihar,Patna,800001,Direct App Open,2024-11-08
CUST-05586,Pooja Joshi,Gujarat,Surat,395001,Affiliate,2025-06-03
CUST-05587,Priya Patel,Telangana,Hyderabad,500001,Affiliate,2025-08-17
CUST-05588,Aditya Deshmukh,Maharashtra,Nashik,422001,Affiliate,2024-06-19
CUST-05589,Shreya Sharma,Uttar Pradesh,Kanpur,208001,Organic Search,2025-05-26
CUST-05590,Priya Joshi,Rajasthan,Jodhpur,342001,Paid Ads (Instagram/FB),2024-06-24
CUST-05591,Priya Joshi,Gujarat,Vadodara,390001,Paid Ads (Instagram/FB),2025-03-07
CUST-05592,Aditya Patel,Gujarat,Ahmedabad,380001,Direct App Open,2025-06-23
CUST-05593,Sneha Singh,Telangana,Hyderabad,500001,Organic Search,2024-11-13
CUST-05594,Shreya Deshmukh,Maharashtra,Pune,411001,Direct App Open,2024-06-16
CUST-05595,Pooja Kulkarni,Tamil Nadu,Coimbatore,641001,Affiliate,2024-12-06
CUST-05596,Arjun Iyer,West Bengal,Siliguri,734001,Direct App Open,2024-08-28
CUST-05597,Rahul Deshmukh,Telangana,Nizamabad,503001,Organic Search,2024-06-05
CUST-05598,Neha Singh,Gujarat,Vadodara,390001,Paid Ads (Instagram/FB),2024-05-28
CUST-05599,Aditya Kulkarni,West Bengal,Kolkata,700001,Direct App Open,2024-10-05
CUST-05600,Priya Deshmukh,Karnataka,Mysuru,570001,Affiliate,2024-03-09
CUST-05601,Rahul Rao,Tamil Nadu,Coimbatore,641001,Direct App Open,2024-07-02
CUST-05602,Aditya Patel,Karnataka,Hubballi,580020,Paid Ads (Instagram/FB),2025-02-19
CUST-05603,Siddharth Sharma,Uttar Pradesh,Agra,282001,Paid Ads (Instagram/FB),2025-08-08
CUST-05604,Pooja Singh,West Bengal,Howrah,711101,Organic Search,2024-07-31
CUST-05605,Shreya Nair,Tamil Nadu,Coimbatore,641001,Paid Ads (Instagram/FB),2024-04-06
CUST-05606,Sneha Joshi,Gujarat,Ahmedabad,380001,Affiliate,2024-09-05
CUST-05607,Aarav Verma,Telangana,Warangal,506001,Affiliate,2024-12-11
CUST-05608,Siddharth Deshmukh,Maharashtra,Nashik,422001,Referral / WhatsApp Share,2025-01-06
CUST-05609,Aditya Deshmukh,Madhya Pradesh,Indore,452001,Paid Ads (Instagram/FB),2024-10-11
CUST-05610,Aditya Rao,Maharashtra,Pune,411001,Organic Search,2025-04-16
CUST-05611,Neha Gupta,Gujarat,Surat,395001,Organic Search,2025-03-04
CUST-05612,Kabir Nair,Uttar Pradesh,Lucknow,226001,Paid Ads (Instagram/FB),2024-08-08
CUST-05613,Pooja Verma,Gujarat,Surat,395001,Direct App Open,2024-01-30
CUST-05614,Neha Rao,Karnataka,Bengaluru,560001,Direct App Open,2024-08-19
CUST-05615,Shreya Singh,Maharashtra,Pune,411001,Referral / WhatsApp Share,2024-05-15
CUST-05616,Rahul Mehta,Karnataka,Hubballi,580020,Referral / WhatsApp Share,2024-04-06
CUST-05617,Shreya Deshmukh,Madhya Pradesh,Gwalior,474001,Paid Ads (Instagram/FB),2024-03-03
CUST-05618,Kabir Gupta,Gujarat,Ahmedabad,380001,Paid Ads (Instagram/FB),2025-03-20
CUST-05619,Sneha Singh,Maharashtra,Mumbai,400001,Affiliate,2024-04-12
CUST-05620,Rahul Singh,Tamil Nadu,Coimbatore,641001,Paid Ads (Instagram/FB),2024-10-30
CUST-05621,Siddharth Nair,Tamil Nadu,Chennai,600001,Organic Search,2024-06-10
CUST-05622,Shreya Singh,Gujarat,Surat,395001,Organic Search,2024-11-11
CUST-05623,Neha Joshi,West Bengal,Siliguri,734001,Organic Search,2024-04-30
CUST-05624,Rahul Rao,Madhya Pradesh,Indore,452001,Organic Search,2024-12-10
CUST-05625,Kabir Singh,Maharashtra,Nagpur,440001,Organic Search,2024-11-12
CUST-05626,Neha Kulkarni,Gujarat,Vadodara,390001,Affiliate,2024-03-07
CUST-05627,Aditya Iyer,Rajasthan,Jaipur,302001,Referral / WhatsApp Share,2024-11-14
CUST-05628,Kavya Gupta,Karnataka,Mysuru,570001,Referral / WhatsApp Share,2024-04-05
CUST-05629,Rahul Gupta,Telangana,Hyderabad,500001,Affiliate,2024-07-02
CUST-05630,Kabir Patel,Uttar Pradesh,Lucknow,226001,Paid Ads (Instagram/FB),2024-11-21
CUST-05631,Kabir Kulkarni,Telangana,Warangal,506001,Paid Ads (Instagram/FB),2025-08-14
CUST-05632,Pooja Mehta,Maharashtra,Pune,411001,Paid Ads (Instagram/FB),2025-05-06
CUST-05633,Kabir Rao,Bihar,Gaya,823001,Affiliate,2025-03-09
CUST-05634,Pooja Mehta,Karnataka,Hubballi,580020,Referral / WhatsApp Share,2024-08-27
CUST-05635,Ananya Nair,Bihar,Patna,800001,Affiliate,2024-09-13
CUST-05636,Priya Patel,Madhya Pradesh,Bhopal,462001,Affiliate,2024-01-17
CUST-05637,Kavya Deshmukh,Gujarat,Surat,395001,Paid Ads (Instagram/FB),2024-10-14
CUST-05638,Rahul Gupta,Karnataka,Mysuru,570001,Organic Search,2025-01-22
CUST-05639,Kabir Gupta,Karnataka,Hubballi,580020,Paid Ads (Instagram/FB),2024-10-03
CUST-05640,Kabir Iyer,Gujarat,Surat,395001,Affiliate,2025-07-05
CUST-05641,Pooja Iyer,Gujarat,Surat,395001,Paid Ads (Instagram/FB),2025-04-28
CUST-05642,Sneha Patel,Madhya Pradesh,Indore,452001,Direct App Open,2024-09-17
CUST-05643,Shreya Sharma,Madhya Pradesh,Indore,452001,Referral / WhatsApp Share,2024-10-21
CUST-05644,Rohan Singh,Gujarat,Vadodara,390001,Affiliate,2024-06-29
CUST-05645,Kabir Deshmukh,Karnataka,Hubballi,580020,Referral / WhatsApp Share,2024-12-17
CUST-05646,Aarav Verma,Tamil Nadu,Chennai,600001,Referral / WhatsApp Share,2024-01-23
CUST-05647,Pooja Kulkarni,Karnataka,Hubballi,580020,Affiliate,2025-01-17
CUST-05648,Pooja Singh,Rajasthan,Udaipur,313001,Organic Search,2024-09-11
CUST-05649,Pooja Joshi,Telangana,Warangal,506001,Referral / WhatsApp Share,2024-11-30
CUST-05650,Ananya Kulkarni,Telangana,Hyderabad,500001,Direct App Open,2025-02-18
CUST-05651,Sneha Sharma,Tamil Nadu,Coimbatore,641001,Organic Search,2025-07-16
CUST-05652,Arjun Iyer,Maharashtra,Mumbai,400001,Affiliate,2024-12-14
CUST-05653,Vikram Mehta,Madhya Pradesh,Gwalior,474001,Direct App Open,2024-08-05
CUST-05654,Aditya Singh,Tamil Nadu,Madurai,625001,Affiliate,2025-02-15
CUST-05655,Rahul Joshi,Madhya Pradesh,Indore,452001,Direct App Open,2025-04-05
CUST-05656,Pooja Nair,Telangana,Nizamabad,503001,Referral / WhatsApp Share,2025-04-12
CUST-05657,Aarav Joshi,Uttar Pradesh,Agra,282001,Organic Search,2025-03-19
CUST-05658,Pooja Sharma,Uttar Pradesh,Varanasi,221001,Affiliate,2025-03-26
CUST-05659,Aditya Patel,Uttar Pradesh,Lucknow,226001,Paid Ads (Instagram/FB),2025-06-20
CUST-05660,Vikram Rao,Rajasthan,Jaipur,302001,Referral / WhatsApp Share,2025-02-05
CUST-05661,Neha Kulkarni,Bihar,Gaya,823001,Referral / WhatsApp Share,2024-01-01
CUST-05662,Rahul Kulkarni,Uttar Pradesh,Agra,282001,Organic Search,2024-04-08
CUST-05663,Kabir Verma,Tamil Nadu,Coimbatore,641001,Affiliate,2024-07-04
CUST-05664,Ananya Singh,Gujarat,Surat,395001,Affiliate,2025-03-21
CUST-05665,Pooja Nair,West Bengal,Kolkata,700001,Referral / WhatsApp Share,2024-11-27
CUST-05666,Siddharth Sharma,West Bengal,Howrah,711101,Direct App Open,2025-08-13
CUST-05667,Siddharth Iyer,Rajasthan,Jodhpur,342001,Referral / WhatsApp Share,2024-02-16
CUST-05668,Rohan Rao,Tamil Nadu,Chennai,600001,Affiliate,2025-03-21
CUST-05669,Priya Verma,Madhya Pradesh,Gwalior,474001,Paid Ads (Instagram/FB),2024-12-05
CUST-05670,Siddharth Verma,Uttar Pradesh,Varanasi,221001,Organic Search,2024-05-13
CUST-05671,Sneha Sharma,Gujarat,Vadodara,390001,Referral / WhatsApp Share,2025-05-17
CUST-05672,Kabir Rao,Karnataka,Mysuru,570001,Referral / WhatsApp Share,2025-06-10
CUST-05673,Siddharth Patel,Bihar,Patna,800001,Affiliate,2024-10-21
CUST-05674,Pooja Iyer,Bihar,Muzaffarpur,842001,Organic Search,2025-01-29
CUST-05675,Ananya Kulkarni,Madhya Pradesh,Indore,452001,Paid Ads (Instagram/FB),2024-01-20
CUST-05676,Shreya Patel,Maharashtra,Mumbai,400001,Paid Ads (Instagram/FB),2025-03-25
CUST-05677,Arjun Deshmukh,Bihar,Muzaffarpur,842001,Referral / WhatsApp Share,2024-03-27
CUST-05678,Siddharth Deshmukh,Gujarat,Ahmedabad,380001,Referral / WhatsApp Share,2025-05-30
CUST-05679,Kavya Kulkarni,Karnataka,Hubballi,580020,Direct App Open,2025-04-15
CUST-05680,Sneha Nair,Bihar,Gaya,823001,Organic Search,2024-08-09
CUST-05681,Kabir Kulkarni,Bihar,Patna,800001,Organic Search,2024-07-17
CUST-05682,Shreya Joshi,Gujarat,Surat,395001,Referral / WhatsApp Share,2024-10-15
CUST-05683,Ananya Gupta,Telangana,Warangal,506001,Direct App Open,2025-06-04
CUST-05684,Siddharth Deshmukh,Bihar,Muzaffarpur,842001,Paid Ads (Instagram/FB),2024-08-26
CUST-05685,Priya Nair,Uttar Pradesh,Kanpur,208001,Paid Ads (Instagram/FB),2024-08-15
CUST-05686,Sneha Verma,Bihar,Patna,800001,Direct App Open,2024-02-18
CUST-05687,Neha Iyer,Uttar Pradesh,Agra,282001,Referral / WhatsApp Share,2024-10-13
CUST-05688,Kavya Kulkarni,Rajasthan,Jodhpur,342001,Direct App Open,2024-06-26
CUST-05689,Rahul Joshi,Karnataka,Mysuru,570001,Paid Ads (Instagram/FB),2025-02-05
CUST-05690,Neha Nair,West Bengal,Siliguri,734001,Organic Search,2025-06-05
CUST-05691,Pooja Nair,Telangana,Warangal,506001,Direct App Open,2024-09-28
CUST-05692,Siddharth Verma,West Bengal,Siliguri,734001,Referral / WhatsApp Share,2024-10-20
CUST-05693,Rahul Iyer,Tamil Nadu,Madurai,625001,Referral / WhatsApp Share,2024-05-21
CUST-05694,Pooja Kulkarni,Gujarat,Surat,395001,Direct App Open,2024-09-16
CUST-05695,Aditya Sharma,Gujarat,Surat,395001,Direct App Open,2025-04-21
CUST-05696,Kabir Nair,Rajasthan,Jodhpur,342001,Organic Search,2024-09-28
CUST-05697,Kavya Mehta,Maharashtra,Nashik,422001,Direct App Open,2025-04-23
CUST-05698,Sneha Patel,Tamil Nadu,Madurai,625001,Direct App Open,2024-12-25
CUST-05699,Ananya Singh,Uttar Pradesh,Lucknow,226001,Referral / WhatsApp Share,2025-04-27
CUST-05700,Siddharth Iyer,Gujarat,Ahmedabad,380001,Affiliate,2024-02-29
CUST-05701,Siddharth Sharma,Maharashtra,Nagpur,440001,Organic Search,2025-02-22
CUST-05702,Sneha Joshi,West Bengal,Siliguri,734001,Affiliate,2024-06-02
CUST-05703,Ananya Rao,Tamil Nadu,Madurai,625001,Referral / WhatsApp Share,2024-12-17
CUST-05704,Ananya Nair,West Bengal,Siliguri,734001,Direct App Open,2025-01-09
CUST-05705,Ananya Kulkarni,Karnataka,Bengaluru,560001,Paid Ads (Instagram/FB),2025-02-25
CUST-05706,Kabir Sharma,Maharashtra,Mumbai,400001,Referral / WhatsApp Share,2025-04-22
CUST-05707,Aarav Deshmukh,Uttar Pradesh,Lucknow,226001,Organic Search,2024-09-08
CUST-05708,Kavya Singh,Telangana,Nizamabad,503001,Referral / WhatsApp Share,2025-03-07
CUST-05709,Priya Patel,Telangana,Nizamabad,503001,Affiliate,2025-05-28
CUST-05710,Pooja Deshmukh,Bihar,Gaya,823001,Organic Search,2024-03-29
CUST-05711,Arjun Patel,West Bengal,Siliguri,734001,Paid Ads (Instagram/FB),2025-04-03
CUST-05712,Siddharth Singh,Bihar,Gaya,823001,Organic Search,2024-11-15
CUST-05713,Shreya Singh,Rajasthan,Jodhpur,342001,Direct App Open,2024-04-05
CUST-05714,Arjun Gupta,Bihar,Muzaffarpur,842001,Direct App Open,2024-01-01
CUST-05715,Vikram Rao,Rajasthan,Udaipur,313001,Affiliate,2025-02-25
CUST-05716,Kabir Gupta,Bihar,Muzaffarpur,842001,Paid Ads (Instagram/FB),2024-01-17
CUST-05717,Shreya Kulkarni,Karnataka,Mysuru,570001,Direct App Open,2024-12-17
CUST-05718,Pooja Deshmukh,West Bengal,Kolkata,700001,Affiliate,2024-03-10
CUST-05719,Vikram Rao,Karnataka,Hubballi,580020,Paid Ads (Instagram/FB),2024-08-25
CUST-05720,Aarav Rao,Karnataka,Hubballi,580020,Paid Ads (Instagram/FB),2025-05-23
CUST-05721,Kabir Singh,Maharashtra,Nagpur,440001,Referral / WhatsApp Share,2025-05-07
CUST-05722,Rahul Iyer,Telangana,Nizamabad,503001,Direct App Open,2024-06-27
CUST-05723,Aditya Mehta,Uttar Pradesh,Varanasi,221001,Organic Search,2024-12-29
CUST-05724,Priya Iyer,Uttar Pradesh,Agra,282001,Direct App Open,2024-02-03
CUST-05725,Vikram Verma,Tamil Nadu,Coimbatore,641001,Paid Ads (Instagram/FB),2024-08-06
CUST-05726,Arjun Deshmukh,Uttar Pradesh,Varanasi,221001,Direct App Open,2025-05-27
CUST-05727,Sneha Mehta,Tamil Nadu,Coimbatore,641001,Referral / WhatsApp Share,2024-11-05
CUST-05728,Kavya Mehta,Maharashtra,Pune,411001,Referral / WhatsApp Share,2024-09-25
CUST-05729,Vikram Patel,Maharashtra,Pune,411001,Paid Ads (Instagram/FB),2025-05-31
CUST-05730,Neha Gupta,Gujarat,Surat,395001,Organic Search,2025-07-04
CUST-05731,Aditya Rao,Bihar,Gaya,823001,Referral / WhatsApp Share,2025-05-23
CUST-05732,Neha Singh,Uttar Pradesh,Kanpur,208001,Organic Search,2024-07-27
CUST-05733,Aditya Kulkarni,Uttar Pradesh,Kanpur,208001,Organic Search,2024-05-24
CUST-05734,Sneha Nair,West Bengal,Kolkata,700001,Referral / WhatsApp Share,2025-03-04
CUST-05735,Siddharth Kulkarni,Madhya Pradesh,Bhopal,462001,Referral / WhatsApp Share,2024-08-03
CUST-05736,Pooja Nair,Madhya Pradesh,Indore,452001,Paid Ads (Instagram/FB),2024-05-01
CUST-05737,Neha Nair,Telangana,Warangal,506001,Referral / WhatsApp Share,2024-02-29
CUST-05738,Siddharth Deshmukh,Madhya Pradesh,Indore,452001,Organic Search,2024-06-23
CUST-05739,Arjun Joshi,West Bengal,Howrah,711101,Affiliate,2024-04-23
CUST-05740,Kabir Verma,West Bengal,Siliguri,734001,Paid Ads (Instagram/FB),2024-08-08
CUST-05741,Arjun Iyer,Uttar Pradesh,Kanpur,208001,Referral / WhatsApp Share,2025-06-29
CUST-05742,Siddharth Deshmukh,Uttar Pradesh,Lucknow,226001,Organic Search,2024-07-19
CUST-05743,Arjun Patel,Tamil Nadu,Coimbatore,641001,Paid Ads (Instagram/FB),2024-09-22
CUST-05744,Rohan Rao,Telangana,Hyderabad,500001,Referral / WhatsApp Share,2024-06-09
CUST-05745,Priya Rao,Telangana,Warangal,506001,Affiliate,2025-04-19
CUST-05746,Shreya Iyer,Maharashtra,Mumbai,400001,Paid Ads (Instagram/FB),2024-03-05
CUST-05747,Arjun Kulkarni,Karnataka,Mysuru,570001,Paid Ads (Instagram/FB),2024-10-29
CUST-05748,Priya Patel,Tamil Nadu,Madurai,625001,Direct App Open,2024-03-31
CUST-05749,Ananya Iyer,Uttar Pradesh,Varanasi,221001,Referral / WhatsApp Share,2025-01-06
CUST-05750,Ananya Sharma,Uttar Pradesh,Varanasi,221001,Paid Ads (Instagram/FB),2024-02-09
CUST-05751,Ananya Sharma,Tamil Nadu,Coimbatore,641001,Organic Search,2025-04-05
CUST-05752,Neha Nair,Uttar Pradesh,Lucknow,226001,Organic Search,2025-02-21
CUST-05753,Sneha Deshmukh,Madhya Pradesh,Indore,452001,Referral / WhatsApp Share,2024-11-23
CUST-05754,Neha Joshi,Bihar,Patna,800001,Referral / WhatsApp Share,2024-11-29
CUST-05755,Aditya Singh,Uttar Pradesh,Kanpur,208001,Affiliate,2024-04-10
CUST-05756,Rohan Joshi,Telangana,Nizamabad,503001,Referral / WhatsApp Share,2024-12-15
CUST-05757,Rohan Sharma,Bihar,Gaya,823001,Organic Search,2024-04-15
CUST-05758,Aarav Joshi,Uttar Pradesh,Agra,282001,Direct App Open,2024-04-05
CUST-05759,Aarav Sharma,Madhya Pradesh,Gwalior,474001,Paid Ads (Instagram/FB),2024-06-12
CUST-05760,Rahul Singh,Karnataka,Hubballi,580020,Organic Search,2025-02-18
CUST-05761,Arjun Mehta,Bihar,Muzaffarpur,842001,Paid Ads (Instagram/FB),2024-06-04
CUST-05762,Rahul Patel,Rajasthan,Jodhpur,342001,Direct App Open,2024-06-23
CUST-05763,Rahul Joshi,Telangana,Nizamabad,503001,Direct App Open,2024-05-29
CUST-05764,Aarav Nair,Gujarat,Vadodara,390001,Referral / WhatsApp Share,2025-05-23
CUST-05765,Pooja Rao,Uttar Pradesh,Lucknow,226001,Organic Search,2024-12-19
CUST-05766,Pooja Iyer,Karnataka,Hubballi,580020,Referral / WhatsApp Share,2025-05-19
CUST-05767,Rohan Mehta,Madhya Pradesh,Gwalior,474001,Direct App Open,2024-02-20
CUST-05768,Shreya Iyer,Karnataka,Bengaluru,560001,Organic Search,2024-02-17
CUST-05769,Rahul Gupta,Rajasthan,Jodhpur,342001,Affiliate,2024-12-13
CUST-05770,Pooja Verma,Karnataka,Mysuru,570001,Paid Ads (Instagram/FB),2025-07-23
CUST-05771,Neha Patel,Karnataka,Hubballi,580020,Referral / WhatsApp Share,2024-03-31
CUST-05772,Vikram Kulkarni,Karnataka,Hubballi,580020,Organic Search,2024-12-05
CUST-05773,Rahul Nair,Maharashtra,Pune,411001,Affiliate,2025-02-13
CUST-05774,Aarav Joshi,Maharashtra,Nagpur,440001,Affiliate,2024-01-30
CUST-05775,Rohan Mehta,Tamil Nadu,Chennai,600001,Direct App Open,2025-01-02
CUST-05776,Kavya Singh,Rajasthan,Jodhpur,342001,Direct App Open,2025-02-12
CUST-05777,Shreya Deshmukh,West Bengal,Kolkata,700001,Affiliate,2024-01-24
CUST-05778,Vikram Patel,Madhya Pradesh,Gwalior,474001,Affiliate,2025-06-01
CUST-05779,Sneha Joshi,Bihar,Muzaffarpur,842001,Referral / WhatsApp Share,2024-07-28
CUST-05780,Aarav Patel,Bihar,Gaya,823001,Referral / WhatsApp Share,2025-03-17
CUST-05781,Siddharth Mehta,Gujarat,Vadodara,390001,Affiliate,2025-05-18
CUST-05782,Arjun Nair,Madhya Pradesh,Indore,452001,Direct App Open,2024-12-21
CUST-05783,Kabir Rao,Telangana,Nizamabad,503001,Paid Ads (Instagram/FB),2024-03-16
CUST-05784,Ananya Joshi,Maharashtra,Nashik,422001,Paid Ads (Instagram/FB),2024-05-21
CUST-05785,Kavya Deshmukh,Maharashtra,Mumbai,400001,Organic Search,2024-07-17
CUST-05786,Arjun Joshi,Maharashtra,Nagpur,440001,Direct App Open,2024-10-10
CUST-05787,Rahul Verma,Uttar Pradesh,Lucknow,226001,Paid Ads (Instagram/FB),2025-06-05
CUST-05788,Aarav Iyer,West Bengal,Kolkata,700001,Referral / WhatsApp Share,2025-06-17
CUST-05789,Pooja Kulkarni,Gujarat,Vadodara,390001,Paid Ads (Instagram/FB),2025-08-06
CUST-05790,Vikram Singh,Uttar Pradesh,Lucknow,226001,Referral / WhatsApp Share,2025-04-15
CUST-05791,Siddharth Deshmukh,Maharashtra,Nagpur,440001,Paid Ads (Instagram/FB),2024-11-11
CUST-05792,Neha Mehta,Madhya Pradesh,Bhopal,462001,Affiliate,2025-01-02
CUST-05793,Aditya Patel,Bihar,Gaya,823001,Paid Ads (Instagram/FB),2024-02-27
CUST-05794,Kavya Deshmukh,West Bengal,Siliguri,734001,Paid Ads (Instagram/FB),2024-05-09
CUST-05795,Rahul Rao,Bihar,Gaya,823001,Organic Search,2025-07-23
CUST-05796,Vikram Nair,Madhya Pradesh,Indore,452001,Affiliate,2025-02-27
CUST-05797,Kavya Kulkarni,Bihar,Muzaffarpur,842001,Paid Ads (Instagram/FB),2024-06-19
CUST-05798,Sneha Gupta,Madhya Pradesh,Gwalior,474001,Paid Ads (Instagram/FB),2024-06-11
CUST-05799,Arjun Mehta,Madhya Pradesh,Bhopal,462001,Organic Search,2025-06-23
CUST-05800,Ananya Mehta,Gujarat,Surat,395001,Paid Ads (Instagram/FB),2024-02-12
CUST-05801,Kabir Nair,Madhya Pradesh,Indore,452001,Direct App Open,2025-07-02
CUST-05802,Shreya Singh,Bihar,Gaya,823001,Direct App Open,2025-05-22
CUST-05803,Arjun Sharma,Telangana,Warangal,506001,Referral / WhatsApp Share,2024-11-27
CUST-05804,Siddharth Nair,Gujarat,Surat,395001,Referral / WhatsApp Share,2024-10-14
CUST-05805,Pooja Kulkarni,Telangana,Warangal,506001,Referral / WhatsApp Share,2024-05-30
CUST-05806,Priya Iyer,West Bengal,Siliguri,734001,Paid Ads (Instagram/FB),2024-03-24
CUST-05807,Neha Kulkarni,West Bengal,Siliguri,734001,Referral / WhatsApp Share,2024-06-11
CUST-05808,Aditya Nair,Telangana,Warangal,506001,Referral / WhatsApp Share,2025-07-04
CUST-05809,Shreya Verma,Tamil Nadu,Chennai,600001,Organic Search,2024-10-25
CUST-05810,Arjun Joshi,Karnataka,Mysuru,570001,Direct App Open,2024-11-26
CUST-05811,Siddharth Patel,Uttar Pradesh,Agra,282001,Direct App Open,2024-09-20
CUST-05812,Sneha Iyer,Tamil Nadu,Madurai,625001,Direct App Open,2024-12-30
CUST-05813,Siddharth Kulkarni,Uttar Pradesh,Varanasi,221001,Direct App Open,2024-11-14
CUST-05814,Aditya Patel,Telangana,Warangal,506001,Direct App Open,2025-06-26
CUST-05815,Pooja Joshi,Gujarat,Vadodara,390001,Organic Search,2024-02-21
CUST-05816,Pooja Iyer,West Bengal,Siliguri,734001,Affiliate,2024-07-07
CUST-05817,Aarav Patel,Bihar,Patna,800001,Organic Search,2024-03-28
CUST-05818,Siddharth Rao,West Bengal,Siliguri,734001,Direct App Open,2024-06-07
CUST-05819,Rohan Singh,Karnataka,Bengaluru,560001,Affiliate,2024-10-14
CUST-05820,Siddharth Nair,Gujarat,Surat,395001,Affiliate,2024-06-20
CUST-05821,Neha Joshi,Bihar,Muzaffarpur,842001,Organic Search,2025-08-04
CUST-05822,Rahul Nair,Tamil Nadu,Coimbatore,641001,Organic Search,2024-03-25
CUST-05823,Siddharth Gupta,Madhya Pradesh,Bhopal,462001,Referral / WhatsApp Share,2024-01-09
CUST-05824,Siddharth Iyer,Gujarat,Surat,395001,Affiliate,2024-01-06
CUST-05825,Priya Kulkarni,Gujarat,Surat,395001,Paid Ads (Instagram/FB),2025-01-18
CUST-05826,Siddharth Nair,Bihar,Gaya,823001,Direct App Open,2024-04-16
CUST-05827,Aditya Kulkarni,West Bengal,Howrah,711101,Referral / WhatsApp Share,2025-03-02
CUST-05828,Aditya Sharma,West Bengal,Kolkata,700001,Affiliate,2024-06-06
CUST-05829,Aditya Joshi,Maharashtra,Nashik,422001,Direct App Open,2024-09-30
CUST-05830,Aditya Rao,Bihar,Muzaffarpur,842001,Paid Ads (Instagram/FB),2025-05-22
CUST-05831,Rohan Sharma,West Bengal,Siliguri,734001,Paid Ads (Instagram/FB),2025-02-08
CUST-05832,Aditya Rao,Tamil Nadu,Madurai,625001,Affiliate,2024-03-05
CUST-05833,Priya Deshmukh,Karnataka,Hubballi,580020,Affiliate,2024-12-23
CUST-05834,Kabir Verma,Karnataka,Hubballi,580020,Referral / WhatsApp Share,2024-02-13
CUST-05835,Rohan Patel,West Bengal,Howrah,711101,Paid Ads (Instagram/FB),2025-07-24
CUST-05836,Ananya Sharma,Rajasthan,Jodhpur,342001,Referral / WhatsApp Share,2024-11-23
CUST-05837,Arjun Mehta,Uttar Pradesh,Kanpur,208001,Direct App Open,2024-07-05
CUST-05838,Kabir Singh,Gujarat,Vadodara,390001,Referral / WhatsApp Share,2025-02-11
CUST-05839,Neha Gupta,Madhya Pradesh,Indore,452001,Referral / WhatsApp Share,2025-02-08
CUST-05840,Aarav Verma,Madhya Pradesh,Gwalior,474001,Organic Search,2025-05-07
CUST-05841,Kavya Kulkarni,Uttar Pradesh,Lucknow,226001,Affiliate,2025-05-31
CUST-05842,Priya Verma,Rajasthan,Jodhpur,342001,Referral / WhatsApp Share,2024-03-11
CUST-05843,Rohan Deshmukh,Tamil Nadu,Coimbatore,641001,Organic Search,2024-11-10
CUST-05844,Pooja Mehta,West Bengal,Kolkata,700001,Organic Search,2025-03-15
CUST-05845,Aditya Singh,Telangana,Nizamabad,503001,Paid Ads (Instagram/FB),2025-06-16
CUST-05846,Siddharth Gupta,Gujarat,Vadodara,390001,Referral / WhatsApp Share,2025-08-07
CUST-05847,Neha Singh,Rajasthan,Jodhpur,342001,Direct App Open,2024-12-24
CUST-05848,Kabir Kulkarni,Telangana,Hyderabad,500001,Direct App Open,2024-01-20
CUST-05849,Sneha Kulkarni,Tamil Nadu,Madurai,625001,Affiliate,2024-09-26
CUST-05850,Rahul Rao,Gujarat,Vadodara,390001,Referral / WhatsApp Share,2024-08-15
CUST-05851,Siddharth Joshi,Madhya Pradesh,Indore,452001,Direct App Open,2024-04-14
CUST-05852,Sneha Joshi,Telangana,Hyderabad,500001,Paid Ads (Instagram/FB),2024-01-03
CUST-05853,Kavya Deshmukh,Tamil Nadu,Madurai,625001,Organic Search,2025-05-13
CUST-05854,Kabir Rao,Gujarat,Surat,395001,Organic Search,2024-12-20
CUST-05855,Ananya Kulkarni,Telangana,Warangal,506001,Direct App Open,2024-05-07
CUST-05856,Aarav Gupta,Maharashtra,Mumbai,400001,Organic Search,2024-12-07
CUST-05857,Rahul Singh,Rajasthan,Jodhpur,342001,Paid Ads (Instagram/FB),2024-10-21
CUST-05858,Pooja Singh,Gujarat,Vadodara,390001,Organic Search,2024-09-25
CUST-05859,Shreya Nair,Rajasthan,Jaipur,302001,Paid Ads (Instagram/FB),2024-12-26
CUST-05860,Sneha Verma,Madhya Pradesh,Indore,452001,Direct App Open,2024-09-17
CUST-05861,Priya Iyer,West Bengal,Howrah,711101,Direct App Open,2024-11-12
CUST-05862,Priya Joshi,Madhya Pradesh,Indore,452001,Referral / WhatsApp Share,2025-04-23
CUST-05863,Ananya Deshmukh,West Bengal,Kolkata,700001,Paid Ads (Instagram/FB),2024-05-28
CUST-05864,Arjun Kulkarni,West Bengal,Howrah,711101,Affiliate,2024-01-19
CUST-05865,Kavya Gupta,Telangana,Warangal,506001,Direct App Open,2024-11-04
CUST-05866,Kavya Verma,West Bengal,Siliguri,734001,Organic Search,2025-02-22
CUST-05867,Kabir Sharma,Karnataka,Hubballi,580020,Referral / WhatsApp Share,2024-04-30
CUST-05868,Siddharth Iyer,Bihar,Patna,800001,Paid Ads (Instagram/FB),2024-08-06
CUST-05869,Shreya Rao,Tamil Nadu,Coimbatore,641001,Organic Search,2024-11-03
CUST-05870,Aarav Verma,Uttar Pradesh,Varanasi,221001,Direct App Open,2025-03-31
CUST-05871,Rahul Rao,Uttar Pradesh,Varanasi,221001,Direct App Open,2025-05-15
CUST-05872,Shreya Rao,Gujarat,Surat,395001,Organic Search,2025-07-23
CUST-05873,Sneha Rao,West Bengal,Siliguri,734001,Referral / WhatsApp Share,2024-02-12
CUST-05874,Arjun Rao,Gujarat,Surat,395001,Referral / WhatsApp Share,2025-01-16
CUST-05875,Shreya Joshi,Maharashtra,Mumbai,400001,Direct App Open,2024-01-27
CUST-05876,Ananya Deshmukh,Bihar,Patna,800001,Organic Search,2024-03-20
CUST-05877,Neha Kulkarni,Telangana,Nizamabad,503001,Organic Search,2024-02-10
CUST-05878,Siddharth Patel,Rajasthan,Udaipur,313001,Organic Search,2025-01-27
CUST-05879,Neha Deshmukh,Tamil Nadu,Madurai,625001,Organic Search,2025-05-15
CUST-05880,Arjun Joshi,Telangana,Hyderabad,500001,Affiliate,2024-11-16
CUST-05881,Sneha Gupta,Uttar Pradesh,Agra,282001,Paid Ads (Instagram/FB),2024-04-22
CUST-05882,Shreya Kulkarni,Telangana,Hyderabad,500001,Affiliate,2025-08-22
CUST-05883,Kabir Verma,Bihar,Muzaffarpur,842001,Paid Ads (Instagram/FB),2024-12-27
CUST-05884,Ananya Joshi,Rajasthan,Jaipur,302001,Referral / WhatsApp Share,2024-12-30
CUST-05885,Shreya Nair,Telangana,Warangal,506001,Organic Search,2025-05-15
CUST-05886,Aarav Verma,Karnataka,Bengaluru,560001,Affiliate,2025-07-05
CUST-05887,Ananya Singh,Uttar Pradesh,Kanpur,208001,Paid Ads (Instagram/FB),2024-12-19
CUST-05888,Kavya Patel,Gujarat,Vadodara,390001,Organic Search,2024-03-17
CUST-05889,Vikram Iyer,Maharashtra,Nashik,422001,Referral / WhatsApp Share,2024-06-17
CUST-05890,Neha Gupta,Tamil Nadu,Madurai,625001,Paid Ads (Instagram/FB),2025-03-18
CUST-05891,Kabir Gupta,Gujarat,Surat,395001,Direct App Open,2025-08-04
CUST-05892,Kabir Verma,Uttar Pradesh,Varanasi,221001,Affiliate,2024-01-23
CUST-05893,Ananya Rao,Maharashtra,Mumbai,400001,Direct App Open,2024-08-21
CUST-05894,Siddharth Kulkarni,Bihar,Gaya,823001,Affiliate,2024-06-06
CUST-05895,Kabir Sharma,Madhya Pradesh,Bhopal,462001,Referral / WhatsApp Share,2024-07-04
CUST-05896,Rahul Joshi,Gujarat,Vadodara,390001,Direct App Open,2024-09-27
CUST-05897,Shreya Patel,Karnataka,Hubballi,580020,Affiliate,2025-02-03
CUST-05898,Kabir Deshmukh,Uttar Pradesh,Lucknow,226001,Paid Ads (Instagram/FB),2024-05-11
CUST-05899,Ananya Mehta,Uttar Pradesh,Varanasi,221001,Paid Ads (Instagram/FB),2024-11-26
CUST-05900,Kavya Mehta,Bihar,Patna,800001,Organic Search,2025-08-22
CUST-05901,Neha Gupta,Madhya Pradesh,Gwalior,474001,Paid Ads (Instagram/FB),2024-12-07
CUST-05902,Siddharth Deshmukh,Tamil Nadu,Coimbatore,641001,Referral / WhatsApp Share,2025-04-07
CUST-05903,Vikram Gupta,Tamil Nadu,Coimbatore,641001,Referral / WhatsApp Share,2024-08-07
CUST-05904,Rohan Kulkarni,West Bengal,Howrah,711101,Referral / WhatsApp Share,2024-03-19
CUST-05905,Priya Nair,Uttar Pradesh,Varanasi,221001,Organic Search,2024-08-06
CUST-05906,Kabir Verma,Gujarat,Vadodara,390001,Organic Search,2024-12-12
CUST-05907,Rohan Sharma,Gujarat,Vadodara,390001,Affiliate,2024-04-12
CUST-05908,Shreya Deshmukh,Gujarat,Surat,395001,Direct App Open,2025-06-09
CUST-05909,Vikram Patel,Madhya Pradesh,Indore,452001,Direct App Open,2024-03-23
CUST-05910,Vikram Joshi,Karnataka,Bengaluru,560001,Organic Search,2024-03-17
CUST-05911,Vikram Gupta,Madhya Pradesh,Bhopal,462001,Paid Ads (Instagram/FB),2024-09-05
CUST-05912,Sneha Singh,Maharashtra,Mumbai,400001,Organic Search,2024-07-08
CUST-05913,Neha Mehta,Madhya Pradesh,Bhopal,462001,Direct App Open,2024-01-12
CUST-05914,Ananya Sharma,Madhya Pradesh,Indore,452001,Direct App Open,2024-10-25
CUST-05915,Neha Verma,Maharashtra,Mumbai,400001,Direct App Open,2025-05-09
CUST-05916,Kabir Patel,Madhya Pradesh,Bhopal,462001,Direct App Open,2025-01-21
CUST-05917,Rohan Rao,Telangana,Warangal,506001,Organic Search,2025-05-09
CUST-05918,Kabir Gupta,Rajasthan,Udaipur,313001,Organic Search,2025-03-02
CUST-05919,Rohan Patel,Rajasthan,Jaipur,302001,Organic Search,2024-10-15
CUST-05920,Arjun Nair,Madhya Pradesh,Indore,452001,Affiliate,2024-02-20
CUST-05921,Rahul Singh,Uttar Pradesh,Agra,282001,Affiliate,2024-08-15
CUST-05922,Aarav Iyer,Karnataka,Mysuru,570001,Referral / WhatsApp Share,2024-12-02
CUST-05923,Siddharth Joshi,Tamil Nadu,Madurai,625001,Direct App Open,2025-04-23
CUST-05924,Vikram Patel,Telangana,Nizamabad,503001,Organic Search,2025-02-14
CUST-05925,Aarav Kulkarni,Gujarat,Vadodara,390001,Organic Search,2025-01-31
CUST-05926,Siddharth Singh,Telangana,Hyderabad,500001,Affiliate,2025-05-13
CUST-05927,Rahul Sharma,Gujarat,Surat,395001,Paid Ads (Instagram/FB),2024-12-10
CUST-05928,Kavya Gupta,Uttar Pradesh,Agra,282001,Organic Search,2024-05-06
CUST-05929,Arjun Patel,West Bengal,Siliguri,734001,Affiliate,2024-04-12
CUST-05930,Ananya Joshi,Madhya Pradesh,Bhopal,462001,Affiliate,2025-02-04
CUST-05931,Neha Sharma,Rajasthan,Jodhpur,342001,Paid Ads (Instagram/FB),2024-04-30
CUST-05932,Sneha Iyer,Uttar Pradesh,Kanpur,208001,Direct App Open,2024-05-21
CUST-05933,Siddharth Kulkarni,Karnataka,Mysuru,570001,Organic Search,2024-05-23
CUST-05934,Rohan Patel,Bihar,Muzaffarpur,842001,Organic Search,2025-07-17
CUST-05935,Shreya Nair,Rajasthan,Jodhpur,342001,Referral / WhatsApp Share,2025-06-10
CUST-05936,Aarav Mehta,Telangana,Hyderabad,500001,Paid Ads (Instagram/FB),2025-01-11
CUST-05937,Arjun Iyer,Madhya Pradesh,Indore,452001,Paid Ads (Instagram/FB),2024-03-25
CUST-05938,Aarav Joshi,West Bengal,Howrah,711101,Paid Ads (Instagram/FB),2024-11-30
CUST-05939,Kavya Patel,Rajasthan,Jodhpur,342001,Referral / WhatsApp Share,2024-09-16
CUST-05940,Kabir Deshmukh,Gujarat,Vadodara,390001,Referral / WhatsApp Share,2024-05-05
CUST-05941,Aarav Mehta,Uttar Pradesh,Varanasi,221001,Organic Search,2024-03-31
CUST-05942,Rohan Nair,Gujarat,Ahmedabad,380001,Organic Search,2025-08-08
CUST-05943,Sneha Kulkarni,Madhya Pradesh,Gwalior,474001,Affiliate,2025-05-08
CUST-05944,Pooja Deshmukh,Maharashtra,Pune,411001,Referral / WhatsApp Share,2025-04-09
CUST-05945,Priya Verma,Rajasthan,Jaipur,302001,Direct App Open,2024-01-28
CUST-05946,Ananya Sharma,West Bengal,Howrah,711101,Affiliate,2025-04-07
CUST-05947,Aditya Sharma,Telangana,Warangal,506001,Organic Search,2024-05-12
CUST-05948,Vikram Rao,Bihar,Patna,800001,Referral / WhatsApp Share,2024-04-05
CUST-05949,Kabir Singh,Madhya Pradesh,Bhopal,462001,Affiliate,2024-11-24
CUST-05950,Ananya Iyer,Rajasthan,Jodhpur,342001,Affiliate,2024-09-22
CUST-05951,Priya Nair,Rajasthan,Jodhpur,342001,Direct App Open,2025-04-20
CUST-05952,Kavya Gupta,Bihar,Patna,800001,Organic Search,2025-02-01
CUST-05953,Vikram Iyer,Tamil Nadu,Coimbatore,641001,Affiliate,2025-04-10
CUST-05954,Rahul Gupta,Gujarat,Ahmedabad,380001,Direct App Open,2024-08-30
CUST-05955,Aarav Iyer,Gujarat,Ahmedabad,380001,Referral / WhatsApp Share,2025-08-17
CUST-05956,Siddharth Joshi,Rajasthan,Jodhpur,342001,Direct App Open,2024-09-27
CUST-05957,Kavya Kulkarni,Uttar Pradesh,Lucknow,226001,Referral / WhatsApp Share,2025-07-09
CUST-05958,Vikram Nair,Maharashtra,Nagpur,440001,Direct App Open,2024-08-10
CUST-05959,Kavya Patel,Madhya Pradesh,Bhopal,462001,Referral / WhatsApp Share,2025-01-31
CUST-05960,Aarav Kulkarni,Tamil Nadu,Chennai,600001,Direct App Open,2024-02-22
CUST-05961,Neha Deshmukh,Telangana,Warangal,506001,Affiliate,2024-11-02
CUST-05962,Siddharth Verma,Bihar,Patna,800001,Organic Search,2024-04-20
CUST-05963,Aarav Verma,Telangana,Warangal,506001,Direct App Open,2024-11-10
CUST-05964,Aditya Verma,West Bengal,Howrah,711101,Referral / WhatsApp Share,2025-03-04
CUST-05965,Sneha Verma,Karnataka,Hubballi,580020,Affiliate,2025-04-11
CUST-05966,Rohan Mehta,Bihar,Muzaffarpur,842001,Affiliate,2024-08-03
CUST-05967,Vikram Nair,West Bengal,Howrah,711101,Organic Search,2024-07-27
CUST-05968,Pooja Sharma,Telangana,Nizamabad,503001,Referral / WhatsApp Share,2025-01-24
CUST-05969,Arjun Kulkarni,Bihar,Patna,800001,Direct App Open,2025-01-23
CUST-05970,Shreya Deshmukh,Telangana,Hyderabad,500001,Direct App Open,2024-03-10
CUST-05971,Ananya Nair,Karnataka,Mysuru,570001,Affiliate,2025-05-02
CUST-05972,Aarav Deshmukh,Rajasthan,Jodhpur,342001,Direct App Open,2025-03-25
CUST-05973,Pooja Kulkarni,Rajasthan,Jaipur,302001,Paid Ads (Instagram/FB),2025-08-06
CUST-05974,Pooja Joshi,Karnataka,Mysuru,570001,Paid Ads (Instagram/FB),2025-05-23
CUST-05975,Neha Deshmukh,Karnataka,Hubballi,580020,Direct App Open,2024-03-12
CUST-05976,Rahul Patel,Maharashtra,Nashik,422001,Paid Ads (Instagram/FB),2025-01-01
CUST-05977,Priya Mehta,Madhya Pradesh,Gwalior,474001,Direct App Open,2024-06-25
CUST-05978,Rohan Gupta,Maharashtra,Nashik,422001,Affiliate,2024-06-20
CUST-05979,Vikram Iyer,Karnataka,Bengaluru,560001,Paid Ads (Instagram/FB),2024-09-04
CUST-05980,Aarav Mehta,Gujarat,Vadodara,390001,Affiliate,2024-08-23
CUST-05981,Vikram Singh,Bihar,Patna,800001,Direct App Open,2024-01-29
CUST-05982,Kavya Joshi,Telangana,Warangal,506001,Paid Ads (Instagram/FB),2024-01-03
CUST-05983,Kabir Deshmukh,West Bengal,Siliguri,734001,Paid Ads (Instagram/FB),2024-07-14
CUST-05984,Sneha Verma,Madhya Pradesh,Indore,452001,Referral / WhatsApp Share,2024-05-23
CUST-05985,Pooja Singh,Uttar Pradesh,Kanpur,208001,Affiliate,2024-12-17
CUST-05986,Ananya Verma,Maharashtra,Mumbai,400001,Direct App Open,2024-09-28
CUST-05987,Vikram Nair,Madhya Pradesh,Indore,452001,Referral / WhatsApp Share,2025-06-28
CUST-05988,Neha Kulkarni,Gujarat,Ahmedabad,380001,Organic Search,2025-08-15
CUST-05989,Rahul Nair,Maharashtra,Nagpur,440001,Paid Ads (Instagram/FB),2025-01-05
CUST-05990,Sneha Singh,Karnataka,Hubballi,580020,Organic Search,2024-11-27
CUST-05991,Ananya Verma,Bihar,Gaya,823001,Paid Ads (Instagram/FB),2025-01-08
CUST-05992,Sneha Sharma,Rajasthan,Udaipur,313001,Direct App Open,2025-07-17
CUST-05993,Arjun Gupta,Rajasthan,Udaipur,313001,Direct App Open,2024-01-29
CUST-05994,Rahul Mehta,Maharashtra,Pune,411001,Affiliate,2024-05-13
CUST-05995,Rohan Patel,Gujarat,Ahmedabad,380001,Direct App Open,2024-02-05
CUST-05996,Aditya Patel,Telangana,Nizamabad,503001,Referral / WhatsApp Share,2025-07-27
CUST-05997,Kabir Joshi,Gujarat,Vadodara,390001,Affiliate,2024-05-14
CUST-05998,Arjun Verma,Telangana,Nizamabad,503001,Direct App Open,2024-06-12
CUST-05999,Aditya Nair,Rajasthan,Jaipur,302001,Organic Search,2024-09-14
CUST-06000,Siddharth Mehta,Tamil Nadu,Madurai,625001,Referral / WhatsApp Share,2025-02-22
CUST-06001,Rohan Deshmukh,Uttar Pradesh,Agra,282001,Affiliate,2025-02-05
CUST-06002,Vikram Singh,Uttar Pradesh,Agra,282001,Organic Search,2024-08-28
CUST-06003,Ananya Mehta,Madhya Pradesh,Gwalior,474001,Affiliate,2024-01-07
CUST-06004,Neha Sharma,Maharashtra,Nagpur,440001,Organic Search,2024-02-12
CUST-06005,Rohan Nair,Rajasthan,Jodhpur,342001,Referral / WhatsApp Share,2024-03-22
CUST-06006,Rohan Sharma,Karnataka,Hubballi,580020,Paid Ads (Instagram/FB),2024-01-04
CUST-06007,Priya Rao,Rajasthan,Jodhpur,342001,Referral / WhatsApp Share,2025-01-10
CUST-06008,Vikram Patel,Bihar,Gaya,823001,Affiliate,2025-05-25
CUST-06009,Pooja Mehta,Uttar Pradesh,Lucknow,226001,Referral / WhatsApp Share,2025-02-19
CUST-06010,Kabir Mehta,Rajasthan,Jodhpur,342001,Organic Search,2024-04-10
CUST-06011,Sneha Mehta,Bihar,Muzaffarpur,842001,Affiliate,2025-04-03
CUST-06012,Vikram Singh,Karnataka,Bengaluru,560001,Paid Ads (Instagram/FB),2025-02-11
CUST-06013,Aarav Verma,Madhya Pradesh,Indore,452001,Referral / WhatsApp Share,2025-07-09
CUST-06014,Aditya Iyer,Gujarat,Ahmedabad,380001,Affiliate,2025-01-16
CUST-06015,Arjun Verma,Karnataka,Bengaluru,560001,Affiliate,2024-08-09
CUST-06016,Kabir Nair,Maharashtra,Nashik,422001,Organic Search,2024-03-31
CUST-06017,Kavya Singh,West Bengal,Howrah,711101,Affiliate,2024-06-06
CUST-06018,Ananya Mehta,Bihar,Gaya,823001,Organic Search,2024-10-01
CUST-06019,Shreya Gupta,Madhya Pradesh,Indore,452001,Affiliate,2024-04-12
CUST-06020,Pooja Gupta,Rajasthan,Jaipur,302001,Organic Search,2025-01-08
CUST-06021,Aarav Rao,Uttar Pradesh,Agra,282001,Direct App Open,2025-05-09
CUST-06022,Rahul Mehta,Maharashtra,Pune,411001,Referral / WhatsApp Share,2024-03-16
CUST-06023,Pooja Mehta,Maharashtra,Mumbai,400001,Affiliate,2024-06-07
CUST-06024,Arjun Rao,West Bengal,Kolkata,700001,Paid Ads (Instagram/FB),2024-08-20
CUST-06025,Shreya Mehta,Telangana,Warangal,506001,Organic Search,2024-10-02
CUST-06026,Pooja Gupta,Gujarat,Surat,395001,Affiliate,2024-12-14
CUST-06027,Arjun Mehta,Telangana,Hyderabad,500001,Referral / WhatsApp Share,2025-07-02
CUST-06028,Rahul Kulkarni,West Bengal,Kolkata,700001,Organic Search,2025-03-15
CUST-06029,Kavya Iyer,Telangana,Nizamabad,503001,Direct App Open,2024-03-26
CUST-06030,Vikram Deshmukh,Karnataka,Bengaluru,560001,Direct App Open,2024-12-08
CUST-06031,Kavya Verma,Tamil Nadu,Madurai,625001,Organic Search,2024-11-13
CUST-06032,Aditya Mehta,Tamil Nadu,Madurai,625001,Direct App Open,2024-08-31
CUST-06033,Pooja Joshi,Karnataka,Mysuru,570001,Paid Ads (Instagram/FB),2024-12-20
CUST-06034,Pooja Patel,Madhya Pradesh,Gwalior,474001,Paid Ads (Instagram/FB),2024-03-12
CUST-06035,Rohan Singh,Telangana,Warangal,506001,Direct App Open,2024-08-29
CUST-06036,Siddharth Gupta,Bihar,Muzaffarpur,842001,Direct App Open,2025-05-06
CUST-06037,Rohan Singh,Tamil Nadu,Chennai,600001,Referral / WhatsApp Share,2024-07-21
CUST-06038,Rahul Kulkarni,Tamil Nadu,Madurai,625001,Direct App Open,2025-06-15
CUST-06039,Neha Mehta,Telangana,Warangal,506001,Referral / WhatsApp Share,2025-05-02
CUST-06040,Priya Kulkarni,Bihar,Muzaffarpur,842001,Referral / WhatsApp Share,2024-08-16
CUST-06041,Aditya Nair,Maharashtra,Pune,411001,Affiliate,2025-08-08
CUST-06042,Aarav Iyer,Tamil Nadu,Madurai,625001,Organic Search,2024-10-30
CUST-06043,Rohan Singh,Rajasthan,Udaipur,313001,Direct App Open,2024-02-21
CUST-06044,Rahul Sharma,Maharashtra,Nagpur,440001,Organic Search,2024-03-08
CUST-06045,Kabir Rao,West Bengal,Howrah,711101,Paid Ads (Instagram/FB),2025-05-04
CUST-06046,Kabir Mehta,Tamil Nadu,Chennai,600001,Direct App Open,2025-01-26
CUST-06047,Shreya Rao,Karnataka,Bengaluru,560001,Referral / WhatsApp Share,2024-09-24
CUST-06048,Pooja Mehta,Maharashtra,Pune,411001,Direct App Open,2024-08-24
CUST-06049,Aarav Deshmukh,Uttar Pradesh,Varanasi,221001,Organic Search,2024-04-12
CUST-06050,Rahul Kulkarni,Karnataka,Mysuru,570001,Paid Ads (Instagram/FB),2024-04-21
CUST-06051,Shreya Patel,Rajasthan,Jaipur,302001,Paid Ads (Instagram/FB),2025-02-09
CUST-06052,Vikram Patel,Tamil Nadu,Coimbatore,641001,Referral / WhatsApp Share,2025-03-07
CUST-06053,Pooja Sharma,Maharashtra,Mumbai,400001,Affiliate,2024-09-29
CUST-06054,Rohan Deshmukh,Gujarat,Ahmedabad,380001,Referral / WhatsApp Share,2025-06-24
CUST-06055,Shreya Singh,Rajasthan,Jodhpur,342001,Paid Ads (Instagram/FB),2024-06-10
CUST-06056,Pooja Nair,Gujarat,Vadodara,390001,Referral / WhatsApp Share,2025-03-03
CUST-06057,Rahul Joshi,Rajasthan,Jodhpur,342001,Organic Search,2024-12-27
CUST-06058,Ananya Deshmukh,Maharashtra,Pune,411001,Paid Ads (Instagram/FB),2025-03-17
CUST-06059,Siddharth Mehta,Tamil Nadu,Coimbatore,641001,Paid Ads (Instagram/FB),2025-02-16
CUST-06060,Sneha Sharma,Maharashtra,Pune,411001,Paid Ads (Instagram/FB),2025-07-30
CUST-06061,Aarav Deshmukh,Maharashtra,Mumbai,400001,Direct App Open,2024-11-03
CUST-06062,Kavya Verma,Bihar,Patna,800001,Referral / WhatsApp Share,2024-11-04
CUST-06063,Rohan Verma,Madhya Pradesh,Indore,452001,Paid Ads (Instagram/FB),2024-11-28
CUST-06064,Sneha Singh,Maharashtra,Nagpur,440001,Paid Ads (Instagram/FB),2024-09-11
CUST-06065,Priya Joshi,Telangana,Warangal,506001,Affiliate,2024-05-27
CUST-06066,Shreya Rao,Maharashtra,Nashik,422001,Direct App Open,2025-01-07
CUST-06067,Siddharth Singh,Telangana,Hyderabad,500001,Affiliate,2024-07-20
CUST-06068,Vikram Iyer,Telangana,Warangal,506001,Affiliate,2024-01-20
CUST-06069,Vikram Kulkarni,Gujarat,Vadodara,390001,Affiliate,2024-07-06
CUST-06070,Siddharth Rao,West Bengal,Kolkata,700001,Affiliate,2025-04-25
CUST-06071,Arjun Rao,Gujarat,Surat,395001,Direct App Open,2024-07-21
CUST-06072,Ananya Nair,Uttar Pradesh,Kanpur,208001,Paid Ads (Instagram/FB),2024-01-21
CUST-06073,Aditya Verma,Gujarat,Surat,395001,Referral / WhatsApp Share,2024-09-11
CUST-06074,Rahul Gupta,Gujarat,Ahmedabad,380001,Paid Ads (Instagram/FB),2024-08-23
CUST-06075,Kabir Singh,Uttar Pradesh,Kanpur,208001,Paid Ads (Instagram/FB),2024-10-27
CUST-06076,Siddharth Verma,Tamil Nadu,Chennai,600001,Affiliate,2025-07-05
CUST-06077,Sneha Iyer,Rajasthan,Jaipur,302001,Organic Search,2024-09-04
CUST-06078,Ananya Kulkarni,Maharashtra,Nagpur,440001,Organic Search,2025-02-13
CUST-06079,Aarav Mehta,Gujarat,Ahmedabad,380001,Referral / WhatsApp Share,2024-04-08
CUST-06080,Kavya Sharma,Rajasthan,Udaipur,313001,Organic Search,2025-01-09
CUST-06081,Sneha Kulkarni,Madhya Pradesh,Indore,452001,Organic Search,2024-09-30
CUST-06082,Rahul Rao,Maharashtra,Nagpur,440001,Paid Ads (Instagram/FB),2024-06-04
CUST-06083,Aditya Gupta,Tamil Nadu,Coimbatore,641001,Direct App Open,2024-11-08
CUST-06084,Priya Patel,Telangana,Nizamabad,503001,Paid Ads (Instagram/FB),2025-01-15
CUST-06085,Kavya Kulkarni,Uttar Pradesh,Kanpur,208001,Referral / WhatsApp Share,2024-08-26
CUST-06086,Arjun Sharma,Rajasthan,Udaipur,313001,Organic Search,2025-08-23
CUST-06087,Priya Iyer,West Bengal,Kolkata,700001,Referral / WhatsApp Share,2024-08-16
CUST-06088,Shreya Rao,Tamil Nadu,Madurai,625001,Referral / WhatsApp Share,2024-03-11
CUST-06089,Pooja Rao,Rajasthan,Jaipur,302001,Referral / WhatsApp Share,2025-05-24
CUST-06090,Kavya Kulkarni,West Bengal,Howrah,711101,Organic Search,2025-02-05
CUST-06091,Kabir Iyer,Karnataka,Hubballi,580020,Paid Ads (Instagram/FB),2024-10-11
CUST-06092,Kabir Iyer,Maharashtra,Nashik,422001,Organic Search,2025-02-24
CUST-06093,Rohan Patel,Madhya Pradesh,Gwalior,474001,Referral / WhatsApp Share,2025-03-18
CUST-06094,Ananya Kulkarni,Karnataka,Bengaluru,560001,Organic Search,2025-04-14
CUST-06095,Kabir Patel,West Bengal,Kolkata,700001,Referral / WhatsApp Share,2024-06-06
CUST-06096,Aarav Kulkarni,Telangana,Nizamabad,503001,Direct App Open,2025-05-27
CUST-06097,Siddharth Kulkarni,Bihar,Muzaffarpur,842001,Direct App Open,2025-04-16
CUST-06098,Aditya Patel,Tamil Nadu,Chennai,600001,Paid Ads (Instagram/FB),2025-03-08
CUST-06099,Aarav Nair,Maharashtra,Mumbai,400001,Organic Search,2024-02-15
CUST-06100,Priya Singh,Bihar,Muzaffarpur,842001,Organic Search,2024-02-21
CUST-06101,Shreya Iyer,Telangana,Hyderabad,500001,Direct App Open,2025-06-09
CUST-06102,Arjun Nair,Madhya Pradesh,Bhopal,462001,Affiliate,2024-07-31
CUST-06103,Aarav Singh,Bihar,Muzaffarpur,842001,Organic Search,2025-01-30
CUST-06104,Ananya Nair,Madhya Pradesh,Bhopal,462001,Direct App Open,2025-06-04
CUST-06105,Neha Rao,Madhya Pradesh,Gwalior,474001,Referral / WhatsApp Share,2024-03-31
CUST-06106,Arjun Gupta,West Bengal,Howrah,711101,Affiliate,2024-02-16
CUST-06107,Sneha Gupta,Maharashtra,Nashik,422001,Referral / WhatsApp Share,2025-02-13
CUST-06108,Siddharth Nair,Madhya Pradesh,Bhopal,462001,Direct App Open,2025-05-05
CUST-06109,Rohan Nair,Maharashtra,Mumbai,400001,Direct App Open,2024-06-08
CUST-06110,Shreya Verma,Karnataka,Bengaluru,560001,Affiliate,2024-04-24
CUST-06111,Rahul Gupta,Tamil Nadu,Coimbatore,641001,Paid Ads (Instagram/FB),2024-07-16
CUST-06112,Neha Iyer,West Bengal,Howrah,711101,Referral / WhatsApp Share,2024-01-19
CUST-06113,Neha Nair,Gujarat,Vadodara,390001,Organic Search,2025-06-30
CUST-06114,Ananya Sharma,Bihar,Muzaffarpur,842001,Direct App Open,2025-06-16
CUST-06115,Siddharth Deshmukh,Telangana,Nizamabad,503001,Affiliate,2025-01-15
CUST-06116,Priya Gupta,Tamil Nadu,Coimbatore,641001,Referral / WhatsApp Share,2025-07-15
CUST-06117,Ananya Joshi,Rajasthan,Jaipur,302001,Referral / WhatsApp Share,2025-01-31
CUST-06118,Neha Singh,Telangana,Hyderabad,500001,Direct App Open,2025-01-23
CUST-06119,Arjun Nair,Bihar,Gaya,823001,Referral / WhatsApp Share,2024-03-11
CUST-06120,Kavya Nair,West Bengal,Howrah,711101,Organic Search,2024-03-27
CUST-06121,Kabir Singh,West Bengal,Howrah,711101,Organic Search,2024-12-25
CUST-06122,Rahul Deshmukh,West Bengal,Howrah,711101,Paid Ads (Instagram/FB),2024-11-06
CUST-06123,Ananya Patel,Madhya Pradesh,Bhopal,462001,Direct App Open,2024-08-02
CUST-06124,Pooja Mehta,Maharashtra,Mumbai,400001,Paid Ads (Instagram/FB),2024-12-23
CUST-06125,Arjun Kulkarni,Bihar,Gaya,823001,Paid Ads (Instagram/FB),2024-09-02
CUST-06126,Siddharth Verma,Rajasthan,Jodhpur,342001,Paid Ads (Instagram/FB),2024-01-19
CUST-06127,Rahul Iyer,Uttar Pradesh,Agra,282001,Direct App Open,2025-07-24
CUST-06128,Neha Patel,Telangana,Hyderabad,500001,Direct App Open,2024-04-20
CUST-06129,Sneha Singh,Madhya Pradesh,Indore,452001,Paid Ads (Instagram/FB),2024-01-13
CUST-06130,Kavya Patel,Karnataka,Mysuru,570001,Organic Search,2024-05-21
CUST-06131,Sneha Singh,West Bengal,Howrah,711101,Organic Search,2024-02-29
CUST-06132,Sneha Singh,Telangana,Hyderabad,500001,Affiliate,2024-02-07
CUST-06133,Rahul Deshmukh,Telangana,Nizamabad,503001,Paid Ads (Instagram/FB),2025-08-04
CUST-06134,Kavya Verma,Bihar,Muzaffarpur,842001,Direct App Open,2024-08-30
CUST-06135,Arjun Nair,Rajasthan,Jaipur,302001,Referral / WhatsApp Share,2025-01-21
CUST-06136,Priya Joshi,Gujarat,Ahmedabad,380001,Paid Ads (Instagram/FB),2024-10-15
CUST-06137,Ananya Nair,Gujarat,Vadodara,390001,Organic Search,2024-01-29
CUST-06138,Aarav Deshmukh,Uttar Pradesh,Varanasi,221001,Paid Ads (Instagram/FB),2024-11-16
CUST-06139,Rohan Deshmukh,Tamil Nadu,Madurai,625001,Paid Ads (Instagram/FB),2024-01-19
CUST-06140,Neha Rao,Tamil Nadu,Chennai,600001,Direct App Open,2025-08-04
CUST-06141,Pooja Gupta,Bihar,Gaya,823001,Referral / WhatsApp Share,2025-02-27
CUST-06142,Siddharth Joshi,Karnataka,Hubballi,580020,Affiliate,2025-05-23
CUST-06143,Shreya Iyer,West Bengal,Kolkata,700001,Affiliate,2025-01-21
CUST-06144,Rohan Mehta,West Bengal,Kolkata,700001,Direct App Open,2024-12-01
CUST-06145,Rahul Joshi,Maharashtra,Mumbai,400001,Paid Ads (Instagram/FB),2024-05-10
CUST-06146,Ananya Sharma,Karnataka,Bengaluru,560001,Referral / WhatsApp Share,2024-02-09
CUST-06147,Sneha Joshi,Rajasthan,Jodhpur,342001,Organic Search,2024-07-07
CUST-06148,Sneha Patel,West Bengal,Siliguri,734001,Affiliate,2024-02-14
CUST-06149,Kavya Singh,Uttar Pradesh,Kanpur,208001,Affiliate,2024-01-13
CUST-06150,Sneha Patel,Bihar,Gaya,823001,Direct App Open,2024-02-14
CUST-06151,Shreya Nair,Uttar Pradesh,Kanpur,208001,Paid Ads (Instagram/FB),2025-08-16
CUST-06152,Rohan Verma,Madhya Pradesh,Gwalior,474001,Referral / WhatsApp Share,2024-10-09
CUST-06153,Neha Gupta,Telangana,Hyderabad,500001,Affiliate,2025-07-24
CUST-06154,Kabir Iyer,Bihar,Patna,800001,Referral / WhatsApp Share,2024-05-23
CUST-06155,Neha Joshi,Telangana,Warangal,506001,Affiliate,2024-10-15
CUST-06156,Vikram Singh,Karnataka,Bengaluru,560001,Paid Ads (Instagram/FB),2024-06-12
CUST-06157,Siddharth Singh,Madhya Pradesh,Bhopal,462001,Referral / WhatsApp Share,2025-07-03
CUST-06158,Arjun Joshi,Gujarat,Vadodara,390001,Organic Search,2024-09-07
CUST-06159,Kavya Verma,Gujarat,Surat,395001,Organic Search,2024-11-03
CUST-06160,Sneha Sharma,Gujarat,Ahmedabad,380001,Organic Search,2025-06-29
CUST-06161,Aarav Rao,Karnataka,Mysuru,570001,Direct App Open,2024-05-04
CUST-06162,Aditya Singh,Uttar Pradesh,Kanpur,208001,Affiliate,2025-02-22
CUST-06163,Aarav Joshi,Uttar Pradesh,Lucknow,226001,Referral / WhatsApp Share,2025-04-10
CUST-06164,Aditya Patel,Madhya Pradesh,Gwalior,474001,Organic Search,2024-04-14
CUST-06165,Kavya Deshmukh,Telangana,Hyderabad,500001,Referral / WhatsApp Share,2025-01-22
CUST-06166,Rahul Gupta,Telangana,Hyderabad,500001,Referral / WhatsApp Share,2025-05-12
CUST-06167,Kabir Nair,Madhya Pradesh,Gwalior,474001,Paid Ads (Instagram/FB),2024-10-23
CUST-06168,Priya Sharma,Gujarat,Surat,395001,Organic Search,2024-10-14
CUST-06169,Priya Iyer,Uttar Pradesh,Lucknow,226001,Organic Search,2025-07-29
CUST-06170,Rahul Patel,Tamil Nadu,Chennai,600001,Referral / WhatsApp Share,2024-03-28
CUST-06171,Shreya Rao,Gujarat,Ahmedabad,380001,Referral / WhatsApp Share,2024-04-28
CUST-06172,Neha Deshmukh,Maharashtra,Nagpur,440001,Referral / WhatsApp Share,2025-04-06
CUST-06173,Aarav Nair,West Bengal,Howrah,711101,Organic Search,2025-08-09
CUST-06174,Shreya Singh,Maharashtra,Nashik,422001,Direct App Open,2024-04-12
CUST-06175,Vikram Gupta,Madhya Pradesh,Indore,452001,Affiliate,2024-08-05
CUST-06176,Priya Sharma,Gujarat,Ahmedabad,380001,Referral / WhatsApp Share,2024-12-28
CUST-06177,Siddharth Joshi,Tamil Nadu,Coimbatore,641001,Direct App Open,2024-05-08
CUST-06178,Siddharth Mehta,Rajasthan,Jodhpur,342001,Direct App Open,2024-10-02
CUST-06179,Siddharth Sharma,Rajasthan,Udaipur,313001,Referral / WhatsApp Share,2024-01-28
CUST-06180,Ananya Iyer,Rajasthan,Jodhpur,342001,Referral / WhatsApp Share,2025-08-17
CUST-06181,Pooja Nair,Rajasthan,Jaipur,302001,Affiliate,2024-08-23
CUST-06182,Ananya Deshmukh,Uttar Pradesh,Kanpur,208001,Direct App Open,2024-10-22
CUST-06183,Priya Mehta,Bihar,Gaya,823001,Organic Search,2024-01-05
CUST-06184,Kavya Joshi,Maharashtra,Pune,411001,Paid Ads (Instagram/FB),2025-03-12
CUST-06185,Siddharth Verma,West Bengal,Kolkata,700001,Organic Search,2025-07-23
CUST-06186,Aarav Kulkarni,Rajasthan,Jodhpur,342001,Paid Ads (Instagram/FB),2024-03-30
CUST-06187,Rahul Sharma,Uttar Pradesh,Lucknow,226001,Affiliate,2025-02-19
CUST-06188,Rahul Kulkarni,Tamil Nadu,Coimbatore,641001,Organic Search,2024-06-18
CUST-06189,Sneha Iyer,Bihar,Patna,800001,Direct App Open,2024-10-22
CUST-06190,Aarav Sharma,Tamil Nadu,Coimbatore,641001,Referral / WhatsApp Share,2025-06-17
CUST-06191,Kabir Verma,Telangana,Warangal,506001,Affiliate,2025-01-22
CUST-06192,Siddharth Gupta,Telangana,Nizamabad,503001,Affiliate,2024-10-05
CUST-06193,Arjun Singh,Madhya Pradesh,Bhopal,462001,Direct App Open,2024-01-13
CUST-06194,Aditya Gupta,Gujarat,Surat,395001,Organic Search,2024-01-26
CUST-06195,Aarav Verma,Rajasthan,Jaipur,302001,Organic Search,2025-03-31
CUST-06196,Neha Iyer,Rajasthan,Jodhpur,342001,Affiliate,2024-11-13
CUST-06197,Pooja Iyer,Gujarat,Ahmedabad,380001,Direct App Open,2025-06-24
CUST-06198,Priya Patel,Uttar Pradesh,Agra,282001,Organic Search,2025-08-10
CUST-06199,Shreya Joshi,Maharashtra,Mumbai,400001,Referral / WhatsApp Share,2024-01-25
CUST-06200,Rohan Patel,Tamil Nadu,Coimbatore,641001,Referral / WhatsApp Share,2024-03-29
CUST-06201,Siddharth Kulkarni,West Bengal,Siliguri,734001,Direct App Open,2025-04-03
CUST-06202,Vikram Iyer,Gujarat,Ahmedabad,380001,Affiliate,2024-11-06
CUST-06203,Rahul Deshmukh,Bihar,Muzaffarpur,842001,Referral / WhatsApp Share,2025-01-18
CUST-06204,Rohan Iyer,Telangana,Hyderabad,500001,Direct App Open,2024-01-28
CUST-06205,Kavya Iyer,Gujarat,Surat,395001,Paid Ads (Instagram/FB),2024-01-02
CUST-06206,Aditya Sharma,Tamil Nadu,Madurai,625001,Affiliate,2025-08-20
CUST-06207,Rohan Joshi,Bihar,Gaya,823001,Paid Ads (Instagram/FB),2025-01-30
CUST-06208,Shreya Patel,Telangana,Warangal,506001,Direct App Open,2024-08-29
CUST-06209,Priya Verma,Gujarat,Vadodara,390001,Referral / WhatsApp Share,2025-03-13
CUST-06210,Shreya Mehta,Tamil Nadu,Madurai,625001,Direct App Open,2024-06-04
CUST-06211,Aditya Iyer,Madhya Pradesh,Indore,452001,Affiliate,2025-01-20
CUST-06212,Kavya Kulkarni,Gujarat,Vadodara,390001,Paid Ads (Instagram/FB),2025-05-05
CUST-06213,Rahul Joshi,Madhya Pradesh,Indore,452001,Organic Search,2024-09-24
CUST-06214,Shreya Patel,Gujarat,Surat,395001,Affiliate,2024-07-24
CUST-06215,Siddharth Patel,Rajasthan,Udaipur,313001,Direct App Open,2025-03-26
CUST-06216,Aditya Sharma,Bihar,Patna,800001,Referral / WhatsApp Share,2025-01-07
CUST-06217,Arjun Gupta,Uttar Pradesh,Agra,282001,Paid Ads (Instagram/FB),2024-11-23
CUST-06218,Neha Deshmukh,Karnataka,Bengaluru,560001,Organic Search,2025-02-01
CUST-06219,Rohan Kulkarni,Maharashtra,Nashik,422001,Affiliate,2025-07-24
CUST-06220,Pooja Iyer,West Bengal,Howrah,711101,Direct App Open,2024-11-05
CUST-06221,Kabir Iyer,Telangana,Nizamabad,503001,Affiliate,2025-04-03
CUST-06222,Aarav Patel,Tamil Nadu,Madurai,625001,Referral / WhatsApp Share,2025-01-04
CUST-06223,Neha Sharma,Gujarat,Vadodara,390001,Paid Ads (Instagram/FB),2024-09-13
CUST-06224,Rahul Mehta,Rajasthan,Udaipur,313001,Organic Search,2025-07-07
CUST-06225,Kabir Joshi,Telangana,Hyderabad,500001,Referral / WhatsApp Share,2024-11-25
CUST-06226,Rohan Deshmukh,Maharashtra,Nagpur,440001,Organic Search,2024-06-26
CUST-06227,Kabir Sharma,Maharashtra,Mumbai,400001,Organic Search,2024-04-23
CUST-06228,Rahul Rao,Maharashtra,Mumbai,400001,Referral / WhatsApp Share,2025-03-10
CUST-06229,Priya Joshi,Uttar Pradesh,Agra,282001,Paid Ads (Instagram/FB),2025-07-29
CUST-06230,Vikram Singh,Telangana,Nizamabad,503001,Affiliate,2024-03-24
CUST-06231,Rohan Patel,Gujarat,Ahmedabad,380001,Organic Search,2025-07-23
CUST-06232,Arjun Mehta,Gujarat,Vadodara,390001,Referral / WhatsApp Share,2025-01-19
CUST-06233,Kavya Deshmukh,Telangana,Hyderabad,500001,Affiliate,2025-02-18
CUST-06234,Neha Mehta,Gujarat,Vadodara,390001,Paid Ads (Instagram/FB),2024-03-16
CUST-06235,Aarav Singh,Tamil Nadu,Madurai,625001,Organic Search,2025-05-20
CUST-06236,Rahul Verma,Gujarat,Vadodara,390001,Direct App Open,2025-01-06
CUST-06237,Sneha Rao,Bihar,Patna,800001,Affiliate,2024-05-21
CUST-06238,Rohan Patel,Madhya Pradesh,Gwalior,474001,Paid Ads (Instagram/FB),2024-05-23
CUST-06239,Aarav Joshi,Gujarat,Ahmedabad,380001,Affiliate,2025-02-11
CUST-06240,Kavya Singh,Uttar Pradesh,Agra,282001,Direct App Open,2024-03-05
CUST-06241,Rahul Gupta,Gujarat,Ahmedabad,380001,Paid Ads (Instagram/FB),2024-07-13
CUST-06242,Kabir Singh,Uttar Pradesh,Agra,282001,Affiliate,2024-09-01
CUST-06243,Kabir Nair,Gujarat,Surat,395001,Affiliate,2024-03-08
CUST-06244,Kabir Verma,Bihar,Gaya,823001,Organic Search,2024-09-06
CUST-06245,Rohan Iyer,Telangana,Nizamabad,503001,Organic Search,2025-08-08
CUST-06246,Shreya Iyer,Karnataka,Mysuru,570001,Paid Ads (Instagram/FB),2025-06-30
CUST-06247,Rohan Gupta,Bihar,Gaya,823001,Organic Search,2024-06-28
CUST-06248,Kabir Deshmukh,Gujarat,Surat,395001,Affiliate,2024-09-23
CUST-06249,Pooja Deshmukh,Telangana,Warangal,506001,Paid Ads (Instagram/FB),2024-07-09
CUST-06250,Sneha Mehta,Telangana,Warangal,506001,Referral / WhatsApp Share,2024-09-21
CUST-06251,Vikram Gupta,Madhya Pradesh,Indore,452001,Paid Ads (Instagram/FB),2025-03-15
CUST-06252,Siddharth Rao,Madhya Pradesh,Indore,452001,Affiliate,2024-04-25
CUST-06253,Kavya Patel,Uttar Pradesh,Varanasi,221001,Paid Ads (Instagram/FB),2024-08-14
CUST-06254,Aarav Joshi,Tamil Nadu,Chennai,600001,Affiliate,2025-06-16
CUST-06255,Aarav Kulkarni,Madhya Pradesh,Indore,452001,Direct App Open,2024-03-28
CUST-06256,Kavya Kulkarni,West Bengal,Siliguri,734001,Referral / WhatsApp Share,2024-02-27
CUST-06257,Siddharth Gupta,Bihar,Muzaffarpur,842001,Paid Ads (Instagram/FB),2025-05-08
CUST-06258,Arjun Verma,Telangana,Hyderabad,500001,Paid Ads (Instagram/FB),2024-12-30
CUST-06259,Pooja Patel,Karnataka,Bengaluru,560001,Referral / WhatsApp Share,2025-02-03
CUST-06260,Ananya Verma,Karnataka,Bengaluru,560001,Direct App Open,2024-07-01
CUST-06261,Aditya Rao,Bihar,Gaya,823001,Organic Search,2024-08-09
CUST-06262,Rohan Iyer,West Bengal,Siliguri,734001,Referral / WhatsApp Share,2024-03-15
CUST-06263,Arjun Sharma,Karnataka,Hubballi,580020,Referral / WhatsApp Share,2024-12-18
CUST-06264,Rahul Deshmukh,Telangana,Nizamabad,503001,Direct App Open,2025-04-24
CUST-06265,Siddharth Iyer,Rajasthan,Udaipur,313001,Paid Ads (Instagram/FB),2025-01-02
CUST-06266,Neha Deshmukh,West Bengal,Howrah,711101,Organic Search,2025-07-31
CUST-06267,Rahul Mehta,Tamil Nadu,Madurai,625001,Direct App Open,2024-10-02
CUST-06268,Rahul Patel,Uttar Pradesh,Lucknow,226001,Direct App Open,2024-08-09
CUST-06269,Kabir Verma,Maharashtra,Pune,411001,Affiliate,2025-03-11
CUST-06270,Rohan Kulkarni,Bihar,Muzaffarpur,842001,Direct App Open,2025-03-17
CUST-06271,Priya Patel,Karnataka,Mysuru,570001,Affiliate,2024-10-25
CUST-06272,Shreya Mehta,Gujarat,Ahmedabad,380001,Organic Search,2024-01-15
CUST-06273,Arjun Sharma,West Bengal,Howrah,711101,Paid Ads (Instagram/FB),2024-02-02
CUST-06274,Shreya Nair,Karnataka,Hubballi,580020,Paid Ads (Instagram/FB),2024-09-15
CUST-06275,Rahul Nair,Karnataka,Hubballi,580020,Direct App Open,2024-08-16
CUST-06276,Aditya Mehta,Uttar Pradesh,Lucknow,226001,Direct App Open,2025-06-18
CUST-06277,Arjun Iyer,Uttar Pradesh,Kanpur,208001,Direct App Open,2024-08-23
CUST-06278,Shreya Joshi,West Bengal,Howrah,711101,Affiliate,2024-12-23
CUST-06279,Rohan Mehta,Maharashtra,Nashik,422001,Paid Ads (Instagram/FB),2024-01-07
CUST-06280,Priya Deshmukh,Rajasthan,Jaipur,302001,Affiliate,2024-10-29
CUST-06281,Rohan Nair,Rajasthan,Jodhpur,342001,Organic Search,2025-03-23
CUST-06282,Rahul Rao,Karnataka,Mysuru,570001,Affiliate,2025-03-16
CUST-06283,Siddharth Iyer,Bihar,Gaya,823001,Organic Search,2024-06-09
CUST-06284,Pooja Rao,West Bengal,Howrah,711101,Referral / WhatsApp Share,2024-04-03
CUST-06285,Rahul Rao,Maharashtra,Mumbai,400001,Referral / WhatsApp Share,2024-03-23
CUST-06286,Aarav Nair,Uttar Pradesh,Varanasi,221001,Affiliate,2024-09-19
CUST-06287,Shreya Mehta,Karnataka,Mysuru,570001,Paid Ads (Instagram/FB),2024-07-31
CUST-06288,Shreya Sharma,Maharashtra,Pune,411001,Direct App Open,2024-01-11
CUST-06289,Neha Mehta,Karnataka,Bengaluru,560001,Referral / WhatsApp Share,2024-02-09
CUST-06290,Rohan Rao,Madhya Pradesh,Bhopal,462001,Organic Search,2024-07-13
CUST-06291,Rahul Singh,Karnataka,Hubballi,580020,Referral / WhatsApp Share,2024-07-21
CUST-06292,Neha Kulkarni,Gujarat,Vadodara,390001,Organic Search,2025-03-21
CUST-06293,Siddharth Deshmukh,Karnataka,Hubballi,580020,Organic Search,2024-04-24
CUST-06294,Kavya Joshi,Bihar,Patna,800001,Organic Search,2025-03-08
CUST-06295,Kavya Joshi,Telangana,Warangal,506001,Affiliate,2025-04-27
CUST-06296,Shreya Gupta,Tamil Nadu,Chennai,600001,Paid Ads (Instagram/FB),2024-07-30
CUST-06297,Kavya Sharma,Tamil Nadu,Coimbatore,641001,Referral / WhatsApp Share,2024-09-15
CUST-06298,Priya Sharma,Bihar,Patna,800001,Direct App Open,2025-02-04
CUST-06299,Vikram Deshmukh,Rajasthan,Jaipur,302001,Organic Search,2025-07-13
CUST-06300,Vikram Singh,West Bengal,Siliguri,734001,Organic Search,2024-04-12
CUST-06301,Sneha Rao,Uttar Pradesh,Agra,282001,Direct App Open,2024-11-02
CUST-06302,Rohan Deshmukh,Bihar,Muzaffarpur,842001,Paid Ads (Instagram/FB),2025-06-12
CUST-06303,Aarav Deshmukh,Karnataka,Mysuru,570001,Organic Search,2024-05-01
CUST-06304,Sneha Sharma,West Bengal,Kolkata,700001,Affiliate,2025-02-21
CUST-06305,Pooja Deshmukh,Bihar,Patna,800001,Paid Ads (Instagram/FB),2024-05-05
CUST-06306,Sneha Mehta,West Bengal,Howrah,711101,Paid Ads (Instagram/FB),2024-09-07
CUST-06307,Shreya Mehta,Karnataka,Hubballi,580020,Affiliate,2024-02-19
CUST-06308,Sneha Nair,Madhya Pradesh,Bhopal,462001,Direct App Open,2025-03-31
CUST-06309,Rahul Singh,Gujarat,Surat,395001,Referral / WhatsApp Share,2024-02-28
CUST-06310,Shreya Rao,Tamil Nadu,Coimbatore,641001,Direct App Open,2024-06-27
CUST-06311,Sneha Rao,Gujarat,Vadodara,390001,Referral / WhatsApp Share,2024-02-17
CUST-06312,Siddharth Patel,Uttar Pradesh,Lucknow,226001,Referral / WhatsApp Share,2024-06-11
CUST-06313,Kavya Kulkarni,West Bengal,Siliguri,734001,Direct App Open,2024-07-04
CUST-06314,Neha Verma,Madhya Pradesh,Gwalior,474001,Affiliate,2024-06-30
CUST-06315,Kabir Sharma,Gujarat,Ahmedabad,380001,Direct App Open,2024-10-09
CUST-06316,Arjun Deshmukh,Maharashtra,Pune,411001,Organic Search,2024-09-17
CUST-06317,Aditya Kulkarni,Madhya Pradesh,Gwalior,474001,Organic Search,2025-04-27
CUST-06318,Priya Nair,Bihar,Patna,800001,Referral / WhatsApp Share,2024-05-14
CUST-06319,Rohan Deshmukh,Gujarat,Surat,395001,Referral / WhatsApp Share,2024-10-29
CUST-06320,Rahul Rao,West Bengal,Siliguri,734001,Paid Ads (Instagram/FB),2024-02-16
CUST-06321,Sneha Rao,West Bengal,Siliguri,734001,Direct App Open,2025-03-29
CUST-06322,Sneha Verma,Rajasthan,Udaipur,313001,Affiliate,2024-03-31
CUST-06323,Priya Gupta,Gujarat,Surat,395001,Affiliate,2025-07-15
CUST-06324,Ananya Sharma,Tamil Nadu,Coimbatore,641001,Direct App Open,2025-02-25
CUST-06325,Rohan Verma,Tamil Nadu,Coimbatore,641001,Organic Search,2024-03-30
CUST-06326,Kabir Sharma,Madhya Pradesh,Gwalior,474001,Referral / WhatsApp Share,2025-06-27
CUST-06327,Pooja Verma,Maharashtra,Mumbai,400001,Referral / WhatsApp Share,2024-06-20
CUST-06328,Rohan Patel,Gujarat,Ahmedabad,380001,Direct App Open,2025-06-18
CUST-06329,Pooja Joshi,Maharashtra,Mumbai,400001,Affiliate,2024-07-19
CUST-06330,Vikram Verma,Bihar,Muzaffarpur,842001,Organic Search,2024-05-13
CUST-06331,Rahul Nair,Telangana,Nizamabad,503001,Affiliate,2024-08-20
CUST-06332,Aarav Gupta,Rajasthan,Jodhpur,342001,Direct App Open,2024-04-18
CUST-06333,Shreya Patel,Gujarat,Vadodara,390001,Affiliate,2025-05-05
CUST-06334,Pooja Deshmukh,Karnataka,Mysuru,570001,Organic Search,2024-12-02
CUST-06335,Shreya Joshi,Maharashtra,Pune,411001,Paid Ads (Instagram/FB),2025-06-17
CUST-06336,Rahul Verma,Madhya Pradesh,Gwalior,474001,Referral / WhatsApp Share,2024-05-29
CUST-06337,Arjun Kulkarni,Madhya Pradesh,Gwalior,474001,Affiliate,2025-02-10
CUST-06338,Arjun Gupta,Uttar Pradesh,Varanasi,221001,Paid Ads (Instagram/FB),2025-08-12
CUST-06339,Neha Joshi,Gujarat,Ahmedabad,380001,Affiliate,2024-01-09
CUST-06340,Rahul Sharma,Rajasthan,Jaipur,302001,Direct App Open,2024-10-18
CUST-06341,Pooja Deshmukh,Telangana,Nizamabad,503001,Referral / WhatsApp Share,2024-10-10
CUST-06342,Sneha Verma,Tamil Nadu,Coimbatore,641001,Referral / WhatsApp Share,2024-04-22
CUST-06343,Kavya Sharma,Rajasthan,Jodhpur,342001,Affiliate,2024-06-23
CUST-06344,Shreya Joshi,Karnataka,Mysuru,570001,Referral / WhatsApp Share,2024-10-18
CUST-06345,Rahul Iyer,Tamil Nadu,Coimbatore,641001,Referral / WhatsApp Share,2025-08-04
CUST-06346,Priya Rao,Bihar,Patna,800001,Referral / WhatsApp Share,2024-09-12
CUST-06347,Sneha Deshmukh,Madhya Pradesh,Bhopal,462001,Affiliate,2025-06-12
CUST-06348,Sneha Gupta,Telangana,Nizamabad,503001,Organic Search,2025-04-18
CUST-06349,Siddharth Deshmukh,Telangana,Warangal,506001,Referral / WhatsApp Share,2025-06-02
CUST-06350,Kavya Kulkarni,Rajasthan,Udaipur,313001,Paid Ads (Instagram/FB),2025-05-23
CUST-06351,Sneha Joshi,Madhya Pradesh,Bhopal,462001,Direct App Open,2025-05-03
CUST-06352,Arjun Singh,Gujarat,Surat,395001,Organic Search,2025-05-15
CUST-06353,Kavya Rao,Gujarat,Ahmedabad,380001,Direct App Open,2024-04-10
CUST-06354,Siddharth Gupta,Rajasthan,Jodhpur,342001,Direct App Open,2024-04-06
CUST-06355,Aditya Gupta,Gujarat,Surat,395001,Organic Search,2024-01-03
CUST-06356,Neha Nair,Madhya Pradesh,Bhopal,462001,Direct App Open,2025-08-20
CUST-06357,Rohan Mehta,Gujarat,Ahmedabad,380001,Affiliate,2024-11-25
CUST-06358,Vikram Sharma,Gujarat,Ahmedabad,380001,Direct App Open,2025-08-18
CUST-06359,Pooja Deshmukh,West Bengal,Kolkata,700001,Affiliate,2024-12-07
CUST-06360,Rahul Sharma,Karnataka,Bengaluru,560001,Organic Search,2024-05-21
CUST-06361,Aditya Gupta,Bihar,Gaya,823001,Paid Ads (Instagram/FB),2024-06-11
CUST-06362,Neha Iyer,West Bengal,Siliguri,734001,Referral / WhatsApp Share,2024-05-01
CUST-06363,Vikram Deshmukh,Rajasthan,Jaipur,302001,Referral / WhatsApp Share,2024-02-24
CUST-06364,Ananya Mehta,Karnataka,Bengaluru,560001,Referral / WhatsApp Share,2025-05-08
CUST-06365,Neha Patel,Tamil Nadu,Coimbatore,641001,Affiliate,2024-12-03
CUST-06366,Aditya Sharma,Telangana,Hyderabad,500001,Referral / WhatsApp Share,2024-11-17
CUST-06367,Sneha Kulkarni,Rajasthan,Jaipur,302001,Paid Ads (Instagram/FB),2024-02-07
CUST-06368,Aarav Joshi,Uttar Pradesh,Agra,282001,Referral / WhatsApp Share,2024-03-16
CUST-06369,Ananya Joshi,Tamil Nadu,Coimbatore,641001,Referral / WhatsApp Share,2025-07-31
CUST-06370,Vikram Verma,Bihar,Patna,800001,Paid Ads (Instagram/FB),2024-04-20
CUST-06371,Arjun Deshmukh,Gujarat,Vadodara,390001,Affiliate,2024-04-05
CUST-06372,Rahul Mehta,Rajasthan,Udaipur,313001,Organic Search,2025-03-04
CUST-06373,Sneha Sharma,Rajasthan,Udaipur,313001,Direct App Open,2024-04-15
CUST-06374,Aditya Mehta,Karnataka,Bengaluru,560001,Affiliate,2024-08-30
CUST-06375,Rahul Rao,Maharashtra,Nagpur,440001,Direct App Open,2024-10-30
CUST-06376,Vikram Joshi,Madhya Pradesh,Gwalior,474001,Referral / WhatsApp Share,2024-09-11
CUST-06377,Rahul Sharma,Tamil Nadu,Coimbatore,641001,Referral / WhatsApp Share,2024-11-27
CUST-06378,Siddharth Kulkarni,Telangana,Warangal,506001,Organic Search,2024-05-09
CUST-06379,Kabir Iyer,West Bengal,Howrah,711101,Organic Search,2025-05-26
CUST-06380,Neha Verma,Madhya Pradesh,Gwalior,474001,Referral / WhatsApp Share,2024-08-09
CUST-06381,Ananya Gupta,Karnataka,Mysuru,570001,Direct App Open,2024-07-15
CUST-06382,Pooja Rao,Telangana,Hyderabad,500001,Referral / WhatsApp Share,2025-02-24
CUST-06383,Aarav Sharma,Madhya Pradesh,Bhopal,462001,Paid Ads (Instagram/FB),2025-02-13
CUST-06384,Pooja Joshi,Karnataka,Mysuru,570001,Affiliate,2024-01-18
CUST-06385,Rohan Gupta,Karnataka,Bengaluru,560001,Organic Search,2025-07-31
CUST-06386,Neha Kulkarni,West Bengal,Siliguri,734001,Organic Search,2025-02-14
CUST-06387,Priya Verma,Telangana,Hyderabad,500001,Direct App Open,2025-04-18
CUST-06388,Aarav Rao,Uttar Pradesh,Varanasi,221001,Organic Search,2024-06-25
CUST-06389,Aarav Sharma,Gujarat,Vadodara,390001,Paid Ads (Instagram/FB),2024-09-15
CUST-06390,Vikram Deshmukh,Maharashtra,Nashik,422001,Direct App Open,2025-05-02
CUST-06391,Aditya Mehta,Uttar Pradesh,Agra,282001,Paid Ads (Instagram/FB),2024-03-16
CUST-06392,Arjun Gupta,Gujarat,Vadodara,390001,Paid Ads (Instagram/FB),2024-08-24
CUST-06393,Pooja Rao,Uttar Pradesh,Kanpur,208001,Affiliate,2025-01-21
CUST-06394,Siddharth Gupta,Telangana,Hyderabad,500001,Organic Search,2024-01-03
CUST-06395,Kavya Kulkarni,Gujarat,Ahmedabad,380001,Direct App Open,2024-03-28
CUST-06396,Rohan Mehta,Bihar,Patna,800001,Organic Search,2025-07-26
CUST-06397,Rohan Mehta,Madhya Pradesh,Bhopal,462001,Direct App Open,2025-03-31
CUST-06398,Shreya Singh,Karnataka,Mysuru,570001,Organic Search,2024-11-19
CUST-06399,Vikram Deshmukh,Madhya Pradesh,Indore,452001,Direct App Open,2025-07-08
CUST-06400,Arjun Verma,Karnataka,Hubballi,580020,Paid Ads (Instagram/FB),2024-03-04
CUST-06401,Kabir Iyer,Karnataka,Bengaluru,560001,Affiliate,2024-01-27
CUST-06402,Priya Mehta,Bihar,Muzaffarpur,842001,Affiliate,2024-02-24
CUST-06403,Aditya Singh,Tamil Nadu,Coimbatore,641001,Direct App Open,2025-01-09
CUST-06404,Arjun Deshmukh,West Bengal,Kolkata,700001,Referral / WhatsApp Share,2025-05-17
CUST-06405,Kabir Sharma,Telangana,Warangal,506001,Organic Search,2025-03-12
CUST-06406,Aditya Singh,Rajasthan,Jaipur,302001,Referral / WhatsApp Share,2024-12-16
CUST-06407,Rohan Kulkarni,Rajasthan,Jaipur,302001,Direct App Open,2025-07-17
CUST-06408,Neha Rao,Tamil Nadu,Coimbatore,641001,Direct App Open,2025-07-14
CUST-06409,Aditya Nair,Tamil Nadu,Chennai,600001,Direct App Open,2024-01-04
CUST-06410,Siddharth Rao,Telangana,Warangal,506001,Direct App Open,2024-11-21
CUST-06411,Neha Verma,Rajasthan,Jaipur,302001,Direct App Open,2024-03-29
CUST-06412,Rohan Deshmukh,Madhya Pradesh,Gwalior,474001,Affiliate,2025-04-09
CUST-06413,Aditya Mehta,Madhya Pradesh,Indore,452001,Paid Ads (Instagram/FB),2025-02-12
CUST-06414,Arjun Sharma,Telangana,Hyderabad,500001,Affiliate,2024-05-30
CUST-06415,Aditya Joshi,Uttar Pradesh,Agra,282001,Referral / WhatsApp Share,2024-05-02
CUST-06416,Neha Sharma,Maharashtra,Nagpur,440001,Paid Ads (Instagram/FB),2025-05-19
CUST-06417,Priya Gupta,Madhya Pradesh,Indore,452001,Organic Search,2024-12-08
CUST-06418,Kabir Rao,Bihar,Muzaffarpur,842001,Affiliate,2024-01-11
CUST-06419,Siddharth Iyer,Uttar Pradesh,Agra,282001,Direct App Open,2024-11-08
CUST-06420,Neha Deshmukh,West Bengal,Siliguri,734001,Organic Search,2024-05-27
CUST-06421,Neha Deshmukh,Madhya Pradesh,Bhopal,462001,Organic Search,2024-06-27
CUST-06422,Siddharth Singh,Karnataka,Hubballi,580020,Referral / WhatsApp Share,2024-08-31
CUST-06423,Sneha Gupta,Tamil Nadu,Chennai,600001,Direct App Open,2024-01-19
CUST-06424,Priya Deshmukh,Telangana,Hyderabad,500001,Affiliate,2025-07-23
CUST-06425,Rahul Singh,Madhya Pradesh,Bhopal,462001,Affiliate,2025-03-26
CUST-06426,Aarav Rao,Uttar Pradesh,Agra,282001,Organic Search,2025-06-10
CUST-06427,Siddharth Rao,Bihar,Gaya,823001,Organic Search,2025-01-10
CUST-06428,Rohan Sharma,Rajasthan,Jodhpur,342001,Organic Search,2024-02-26
CUST-06429,Neha Singh,Maharashtra,Nagpur,440001,Paid Ads (Instagram/FB),2024-08-18
CUST-06430,Kabir Nair,Telangana,Warangal,506001,Direct App Open,2025-01-23
CUST-06431,Neha Rao,Karnataka,Hubballi,580020,Referral / WhatsApp Share,2025-02-26
CUST-06432,Priya Gupta,Maharashtra,Nagpur,440001,Organic Search,2024-04-03
CUST-06433,Aarav Deshmukh,Maharashtra,Mumbai,400001,Direct App Open,2024-02-22
CUST-06434,Kavya Patel,Rajasthan,Udaipur,313001,Referral / WhatsApp Share,2024-01-29
CUST-06435,Shreya Mehta,Maharashtra,Nagpur,440001,Organic Search,2024-06-01
CUST-06436,Sneha Gupta,Tamil Nadu,Madurai,625001,Direct App Open,2024-06-16
CUST-06437,Rahul Gupta,Gujarat,Vadodara,390001,Affiliate,2024-06-28
CUST-06438,Aarav Patel,Maharashtra,Pune,411001,Affiliate,2025-04-26
CUST-06439,Sneha Deshmukh,Telangana,Warangal,506001,Referral / WhatsApp Share,2025-04-16
CUST-06440,Rahul Rao,West Bengal,Siliguri,734001,Paid Ads (Instagram/FB),2025-03-08
CUST-06441,Sneha Deshmukh,Rajasthan,Udaipur,313001,Referral / WhatsApp Share,2024-09-17
CUST-06442,Kavya Mehta,West Bengal,Kolkata,700001,Direct App Open,2024-09-21
CUST-06443,Rahul Gupta,Karnataka,Bengaluru,560001,Referral / WhatsApp Share,2024-03-26
CUST-06444,Kabir Singh,Uttar Pradesh,Varanasi,221001,Paid Ads (Instagram/FB),2025-03-27
CUST-06445,Vikram Sharma,West Bengal,Kolkata,700001,Paid Ads (Instagram/FB),2024-09-01
CUST-06446,Neha Deshmukh,Gujarat,Surat,395001,Direct App Open,2025-02-08
CUST-06447,Shreya Deshmukh,Telangana,Warangal,506001,Direct App Open,2025-06-30
CUST-06448,Priya Rao,Bihar,Patna,800001,Affiliate,2024-11-23
CUST-06449,Sneha Verma,Uttar Pradesh,Agra,282001,Referral / WhatsApp Share,2024-02-17
CUST-06450,Siddharth Kulkarni,Madhya Pradesh,Indore,452001,Affiliate,2025-02-04
CUST-06451,Arjun Nair,Uttar Pradesh,Varanasi,221001,Referral / WhatsApp Share,2024-02-05
CUST-06452,Arjun Sharma,Gujarat,Surat,395001,Affiliate,2025-02-14
CUST-06453,Rohan Singh,Maharashtra,Nagpur,440001,Direct App Open,2024-09-18
CUST-06454,Vikram Kulkarni,Maharashtra,Nashik,422001,Paid Ads (Instagram/FB),2024-07-06
CUST-06455,Vikram Kulkarni,Gujarat,Surat,395001,Paid Ads (Instagram/FB),2025-03-27
CUST-06456,Shreya Deshmukh,Uttar Pradesh,Lucknow,226001,Organic Search,2024-04-02
CUST-06457,Shreya Sharma,Madhya Pradesh,Indore,452001,Organic Search,2025-07-01
CUST-06458,Vikram Joshi,Bihar,Muzaffarpur,842001,Affiliate,2025-07-21
CUST-06459,Rahul Rao,West Bengal,Siliguri,734001,Paid Ads (Instagram/FB),2024-06-18
CUST-06460,Priya Iyer,West Bengal,Siliguri,734001,Direct App Open,2024-04-30
CUST-06461,Arjun Gupta,Gujarat,Ahmedabad,380001,Direct App Open,2024-07-22
CUST-06462,Rahul Singh,Madhya Pradesh,Bhopal,462001,Organic Search,2024-06-08
CUST-06463,Rohan Gupta,Bihar,Gaya,823001,Paid Ads (Instagram/FB),2024-12-20
CUST-06464,Pooja Verma,Karnataka,Bengaluru,560001,Referral / WhatsApp Share,2024-12-05
CUST-06465,Vikram Nair,Karnataka,Hubballi,580020,Affiliate,2025-05-10
CUST-06466,Aditya Nair,Uttar Pradesh,Kanpur,208001,Organic Search,2024-10-15
CUST-06467,Neha Gupta,Tamil Nadu,Madurai,625001,Affiliate,2024-10-13
CUST-06468,Neha Singh,Bihar,Patna,800001,Referral / WhatsApp Share,2024-06-27
CUST-06469,Pooja Iyer,Rajasthan,Jaipur,302001,Direct App Open,2025-07-14
CUST-06470,Aditya Singh,Rajasthan,Jaipur,302001,Organic Search,2024-09-25
CUST-06471,Kabir Patel,Rajasthan,Jaipur,302001,Direct App Open,2024-12-10
CUST-06472,Arjun Sharma,Tamil Nadu,Coimbatore,641001,Paid Ads (Instagram/FB),2024-07-04
CUST-06473,Kabir Verma,Bihar,Muzaffarpur,842001,Affiliate,2025-06-14
CUST-06474,Rahul Deshmukh,Rajasthan,Udaipur,313001,Affiliate,2025-06-21
CUST-06475,Neha Verma,West Bengal,Howrah,711101,Referral / WhatsApp Share,2024-12-03
CUST-06476,Arjun Singh,Rajasthan,Jodhpur,342001,Organic Search,2024-08-29
CUST-06477,Vikram Sharma,Uttar Pradesh,Kanpur,208001,Affiliate,2024-08-06
CUST-06478,Kabir Sharma,West Bengal,Siliguri,734001,Direct App Open,2024-07-05
CUST-06479,Shreya Verma,West Bengal,Siliguri,734001,Organic Search,2025-08-18
CUST-06480,Ananya Singh,Bihar,Patna,800001,Affiliate,2024-01-28
CUST-06481,Priya Mehta,Tamil Nadu,Madurai,625001,Referral / WhatsApp Share,2024-10-28
CUST-06482,Neha Deshmukh,Gujarat,Surat,395001,Referral / WhatsApp Share,2025-02-20
CUST-06483,Priya Patel,West Bengal,Howrah,711101,Affiliate,2025-02-15
CUST-06484,Rohan Rao,Karnataka,Hubballi,580020,Paid Ads (Instagram/FB),2024-03-04
CUST-06485,Siddharth Verma,Maharashtra,Nashik,422001,Referral / WhatsApp Share,2024-09-15
CUST-06486,Arjun Sharma,West Bengal,Kolkata,700001,Organic Search,2025-01-22
CUST-06487,Aarav Mehta,Karnataka,Mysuru,570001,Referral / WhatsApp Share,2024-09-04
CUST-06488,Ananya Sharma,Gujarat,Surat,395001,Paid Ads (Instagram/FB),2025-05-18
CUST-06489,Priya Nair,Bihar,Muzaffarpur,842001,Paid Ads (Instagram/FB),2024-10-18
CUST-06490,Vikram Verma,West Bengal,Howrah,711101,Paid Ads (Instagram/FB),2024-03-05
CUST-06491,Siddharth Patel,Karnataka,Hubballi,580020,Organic Search,2024-08-02
CUST-06492,Arjun Rao,Maharashtra,Nashik,422001,Affiliate,2024-07-09
CUST-06493,Arjun Verma,Madhya Pradesh,Bhopal,462001,Direct App Open,2025-03-02
CUST-06494,Priya Kulkarni,Tamil Nadu,Coimbatore,641001,Affiliate,2025-06-06
CUST-06495,Sneha Nair,Bihar,Gaya,823001,Paid Ads (Instagram/FB),2024-12-28
CUST-06496,Kabir Kulkarni,Tamil Nadu,Chennai,600001,Affiliate,2024-01-30
CUST-06497,Rohan Gupta,Madhya Pradesh,Gwalior,474001,Affiliate,2024-06-29
CUST-06498,Sneha Mehta,Uttar Pradesh,Kanpur,208001,Affiliate,2025-07-07
CUST-06499,Kabir Joshi,Telangana,Hyderabad,500001,Referral / WhatsApp Share,2024-10-06
CUST-06500,Kabir Deshmukh,Telangana,Nizamabad,503001,Referral / WhatsApp Share,2024-06-28
CUST-06501,Arjun Nair,Karnataka,Hubballi,580020,Affiliate,2024-10-20
CUST-06502,Neha Sharma,West Bengal,Kolkata,700001,Organic Search,2024-09-05
CUST-06503,Priya Gupta,Gujarat,Vadodara,390001,Paid Ads (Instagram/FB),2025-07-07
CUST-06504,Arjun Verma,Uttar Pradesh,Kanpur,208001,Paid Ads (Instagram/FB),2024-06-12
CUST-06505,Aditya Sharma,Gujarat,Surat,395001,Direct App Open,2025-06-19
CUST-06506,Kabir Singh,Karnataka,Mysuru,570001,Direct App Open,2025-07-12
CUST-06507,Kabir Mehta,Bihar,Muzaffarpur,842001,Referral / WhatsApp Share,2024-07-09
CUST-06508,Neha Mehta,Madhya Pradesh,Indore,452001,Direct App Open,2024-01-30
CUST-06509,Shreya Iyer,Karnataka,Bengaluru,560001,Affiliate,2025-05-09
CUST-06510,Neha Nair,Gujarat,Surat,395001,Direct App Open,2024-03-22
CUST-06511,Shreya Sharma,Bihar,Patna,800001,Affiliate,2024-08-21
CUST-06512,Kavya Iyer,Tamil Nadu,Madurai,625001,Referral / WhatsApp Share,2025-01-12
CUST-06513,Neha Iyer,West Bengal,Howrah,711101,Paid Ads (Instagram/FB),2024-07-16
CUST-06514,Rahul Mehta,Rajasthan,Jodhpur,342001,Organic Search,2024-02-27
CUST-06515,Vikram Kulkarni,Gujarat,Surat,395001,Affiliate,2024-12-31
CUST-06516,Shreya Deshmukh,Rajasthan,Jaipur,302001,Organic Search,2024-05-08
CUST-06517,Siddharth Verma,Gujarat,Vadodara,390001,Paid Ads (Instagram/FB),2024-06-23
CUST-06518,Arjun Kulkarni,Rajasthan,Jaipur,302001,Referral / WhatsApp Share,2024-06-16
CUST-06519,Siddharth Singh,Maharashtra,Pune,411001,Referral / WhatsApp Share,2024-12-16
CUST-06520,Sneha Singh,Bihar,Muzaffarpur,842001,Affiliate,2024-08-16
CUST-06521,Pooja Verma,Rajasthan,Udaipur,313001,Organic Search,2024-10-27
CUST-06522,Priya Patel,Bihar,Gaya,823001,Affiliate,2025-07-04
CUST-06523,Kavya Patel,West Bengal,Siliguri,734001,Direct App Open,2024-10-19
CUST-06524,Kabir Gupta,Rajasthan,Jaipur,302001,Affiliate,2025-02-04
CUST-06525,Kavya Kulkarni,Bihar,Muzaffarpur,842001,Organic Search,2024-10-31
CUST-06526,Vikram Nair,Tamil Nadu,Madurai,625001,Direct App Open,2025-05-26
CUST-06527,Shreya Iyer,Gujarat,Ahmedabad,380001,Paid Ads (Instagram/FB),2024-03-13
CUST-06528,Shreya Mehta,Tamil Nadu,Madurai,625001,Affiliate,2024-12-04
CUST-06529,Sneha Nair,Rajasthan,Udaipur,313001,Direct App Open,2024-01-30
CUST-06530,Aarav Gupta,Bihar,Patna,800001,Paid Ads (Instagram/FB),2024-09-25
CUST-06531,Sneha Deshmukh,Telangana,Nizamabad,503001,Referral / WhatsApp Share,2024-06-12
CUST-06532,Kabir Singh,Maharashtra,Nashik,422001,Direct App Open,2024-01-25
CUST-06533,Rahul Nair,Telangana,Warangal,506001,Paid Ads (Instagram/FB),2024-03-01
CUST-06534,Priya Mehta,Maharashtra,Pune,411001,Paid Ads (Instagram/FB),2025-08-12
CUST-06535,Arjun Sharma,Uttar Pradesh,Kanpur,208001,Affiliate,2025-05-25
CUST-06536,Priya Joshi,Karnataka,Hubballi,580020,Paid Ads (Instagram/FB),2024-09-10
CUST-06537,Sneha Joshi,Madhya Pradesh,Gwalior,474001,Organic Search,2024-11-24
CUST-06538,Aditya Nair,Uttar Pradesh,Lucknow,226001,Affiliate,2024-01-18
CUST-06539,Priya Kulkarni,Gujarat,Ahmedabad,380001,Direct App Open,2024-10-13
CUST-06540,Kavya Iyer,West Bengal,Howrah,711101,Direct App Open,2024-01-22
CUST-06541,Rohan Gupta,Rajasthan,Jodhpur,342001,Paid Ads (Instagram/FB),2025-06-07
CUST-06542,Siddharth Verma,Uttar Pradesh,Varanasi,221001,Direct App Open,2025-01-09
CUST-06543,Pooja Joshi,Telangana,Warangal,506001,Direct App Open,2025-08-18
CUST-06544,Rahul Singh,West Bengal,Howrah,711101,Referral / WhatsApp Share,2025-08-04
CUST-06545,Sneha Deshmukh,Telangana,Warangal,506001,Referral / WhatsApp Share,2024-01-27
CUST-06546,Aditya Kulkarni,West Bengal,Siliguri,734001,Paid Ads (Instagram/FB),2025-01-31
CUST-06547,Rohan Deshmukh,Uttar Pradesh,Agra,282001,Organic Search,2024-11-03
CUST-06548,Arjun Kulkarni,Tamil Nadu,Chennai,600001,Affiliate,2024-08-17
CUST-06549,Pooja Kulkarni,Karnataka,Hubballi,580020,Referral / WhatsApp Share,2024-05-14
CUST-06550,Shreya Gupta,West Bengal,Kolkata,700001,Organic Search,2025-04-09
CUST-06551,Aditya Gupta,Madhya Pradesh,Gwalior,474001,Affiliate,2024-06-16
CUST-06552,Siddharth Patel,Bihar,Muzaffarpur,842001,Referral / WhatsApp Share,2024-04-08
CUST-06553,Kavya Patel,Telangana,Nizamabad,503001,Paid Ads (Instagram/FB),2024-04-04
CUST-06554,Vikram Kulkarni,Rajasthan,Jodhpur,342001,Referral / WhatsApp Share,2024-11-23
CUST-06555,Rohan Sharma,Gujarat,Ahmedabad,380001,Paid Ads (Instagram/FB),2025-04-29
CUST-06556,Rahul Joshi,Telangana,Warangal,506001,Direct App Open,2024-07-26
CUST-06557,Aarav Nair,Madhya Pradesh,Bhopal,462001,Referral / WhatsApp Share,2024-02-28
CUST-06558,Ananya Rao,West Bengal,Siliguri,734001,Paid Ads (Instagram/FB),2024-06-25
CUST-06559,Shreya Patel,Karnataka,Hubballi,580020,Referral / WhatsApp Share,2024-10-19
CUST-06560,Aarav Rao,Karnataka,Hubballi,580020,Paid Ads (Instagram/FB),2025-03-22
CUST-06561,Ananya Singh,Maharashtra,Nagpur,440001,Organic Search,2024-06-29
CUST-06562,Siddharth Rao,Uttar Pradesh,Lucknow,226001,Referral / WhatsApp Share,2024-06-17
CUST-06563,Sneha Verma,Telangana,Warangal,506001,Affiliate,2025-08-04
CUST-06564,Aarav Rao,Maharashtra,Nagpur,440001,Direct App Open,2024-09-15
CUST-06565,Priya Mehta,Gujarat,Ahmedabad,380001,Referral / WhatsApp Share,2024-11-05
CUST-06566,Kabir Sharma,Uttar Pradesh,Lucknow,226001,Organic Search,2024-07-27
CUST-06567,Siddharth Singh,Gujarat,Surat,395001,Affiliate,2025-01-10
CUST-06568,Neha Patel,Gujarat,Ahmedabad,380001,Affiliate,2025-03-18
CUST-06569,Shreya Mehta,Rajasthan,Jodhpur,342001,Affiliate,2025-03-01
CUST-06570,Priya Mehta,Rajasthan,Jaipur,302001,Referral / WhatsApp Share,2024-05-11
CUST-06571,Priya Patel,Karnataka,Bengaluru,560001,Paid Ads (Instagram/FB),2024-03-29
CUST-06572,Aditya Rao,Gujarat,Vadodara,390001,Organic Search,2024-08-17
CUST-06573,Aarav Patel,Tamil Nadu,Madurai,625001,Referral / WhatsApp Share,2025-07-27
CUST-06574,Aarav Mehta,Telangana,Nizamabad,503001,Affiliate,2024-02-21
CUST-06575,Arjun Nair,Madhya Pradesh,Gwalior,474001,Organic Search,2025-08-15
CUST-06576,Kabir Gupta,Bihar,Gaya,823001,Referral / WhatsApp Share,2024-06-10
CUST-06577,Ananya Patel,Telangana,Hyderabad,500001,Affiliate,2024-02-06
CUST-06578,Arjun Mehta,Uttar Pradesh,Kanpur,208001,Paid Ads (Instagram/FB),2024-11-24
CUST-06579,Kabir Nair,Gujarat,Ahmedabad,380001,Direct App Open,2024-06-04
CUST-06580,Ananya Joshi,Bihar,Gaya,823001,Organic Search,2024-11-03
CUST-06581,Aditya Rao,Uttar Pradesh,Agra,282001,Organic Search,2024-01-12
CUST-06582,Kavya Gupta,Gujarat,Vadodara,390001,Affiliate,2025-07-30
CUST-06583,Priya Deshmukh,Uttar Pradesh,Agra,282001,Referral / WhatsApp Share,2024-02-06
CUST-06584,Sneha Sharma,Uttar Pradesh,Kanpur,208001,Paid Ads (Instagram/FB),2024-06-11
CUST-06585,Aarav Iyer,Tamil Nadu,Coimbatore,641001,Affiliate,2025-01-11
CUST-06586,Kabir Sharma,Rajasthan,Jaipur,302001,Referral / WhatsApp Share,2025-06-15
CUST-06587,Neha Joshi,West Bengal,Kolkata,700001,Direct App Open,2025-04-09
CUST-06588,Sneha Rao,Karnataka,Mysuru,570001,Direct App Open,2024-06-04
CUST-06589,Ananya Patel,Bihar,Muzaffarpur,842001,Paid Ads (Instagram/FB),2024-04-30
CUST-06590,Kabir Sharma,Gujarat,Vadodara,390001,Direct App Open,2025-05-30
CUST-06591,Shreya Patel,Uttar Pradesh,Lucknow,226001,Referral / WhatsApp Share,2025-03-26
CUST-06592,Kavya Sharma,Gujarat,Vadodara,390001,Affiliate,2025-01-23
CUST-06593,Kavya Iyer,Maharashtra,Nashik,422001,Direct App Open,2025-04-17
CUST-06594,Aarav Sharma,West Bengal,Siliguri,734001,Affiliate,2024-10-14
CUST-06595,Kabir Deshmukh,Bihar,Gaya,823001,Affiliate,2024-09-08
CUST-06596,Kavya Rao,Karnataka,Bengaluru,560001,Paid Ads (Instagram/FB),2025-04-17
CUST-06597,Aarav Sharma,Rajasthan,Jaipur,302001,Referral / WhatsApp Share,2025-06-19
CUST-06598,Kavya Sharma,Maharashtra,Nashik,422001,Organic Search,2024-10-07
CUST-06599,Rahul Sharma,Madhya Pradesh,Indore,452001,Paid Ads (Instagram/FB),2024-09-12
CUST-06600,Rohan Iyer,Tamil Nadu,Chennai,600001,Organic Search,2025-02-19
CUST-06601,Sneha Nair,Rajasthan,Jodhpur,342001,Referral / WhatsApp Share,2025-07-08
CUST-06602,Shreya Nair,Madhya Pradesh,Bhopal,462001,Affiliate,2024-06-24
CUST-06603,Ananya Verma,West Bengal,Siliguri,734001,Organic Search,2025-08-14
CUST-06604,Neha Mehta,Karnataka,Hubballi,580020,Referral / WhatsApp Share,2025-07-08
CUST-06605,Kavya Rao,Karnataka,Hubballi,580020,Referral / WhatsApp Share,2025-07-17
CUST-06606,Sneha Rao,Tamil Nadu,Coimbatore,641001,Referral / WhatsApp Share,2024-04-25
CUST-06607,Ananya Deshmukh,Uttar Pradesh,Agra,282001,Organic Search,2024-08-07
CUST-06608,Aditya Singh,Madhya Pradesh,Bhopal,462001,Paid Ads (Instagram/FB),2025-03-14
CUST-06609,Neha Nair,Madhya Pradesh,Bhopal,462001,Affiliate,2025-05-15
CUST-06610,Ananya Joshi,Telangana,Nizamabad,503001,Paid Ads (Instagram/FB),2024-05-28
CUST-06611,Ananya Nair,Maharashtra,Mumbai,400001,Referral / WhatsApp Share,2024-08-29
CUST-06612,Kabir Singh,Rajasthan,Jodhpur,342001,Affiliate,2024-11-14
CUST-06613,Kabir Joshi,Tamil Nadu,Madurai,625001,Direct App Open,2025-05-06
CUST-06614,Shreya Singh,Uttar Pradesh,Agra,282001,Paid Ads (Instagram/FB),2025-05-17
CUST-06615,Siddharth Patel,Karnataka,Bengaluru,560001,Direct App Open,2024-08-21
CUST-06616,Priya Verma,West Bengal,Howrah,711101,Paid Ads (Instagram/FB),2025-08-11
CUST-06617,Neha Verma,Bihar,Patna,800001,Organic Search,2024-09-23
CUST-06618,Sneha Nair,Tamil Nadu,Chennai,600001,Affiliate,2024-04-15
CUST-06619,Priya Rao,Tamil Nadu,Coimbatore,641001,Organic Search,2025-01-13
CUST-06620,Neha Mehta,Madhya Pradesh,Bhopal,462001,Referral / WhatsApp Share,2024-08-07
CUST-06621,Shreya Joshi,Uttar Pradesh,Lucknow,226001,Direct App Open,2025-07-05
CUST-06622,Kabir Patel,Uttar Pradesh,Varanasi,221001,Direct App Open,2024-02-01
CUST-06623,Kavya Iyer,Bihar,Patna,800001,Organic Search,2025-06-12
CUST-06624,Pooja Mehta,Bihar,Muzaffarpur,842001,Organic Search,2024-12-06
CUST-06625,Sneha Kulkarni,Tamil Nadu,Coimbatore,641001,Referral / WhatsApp Share,2024-09-21
CUST-06626,Rohan Rao,Bihar,Muzaffarpur,842001,Paid Ads (Instagram/FB),2025-01-23
CUST-06627,Arjun Singh,Gujarat,Surat,395001,Direct App Open,2024-04-01
CUST-06628,Vikram Sharma,Gujarat,Surat,395001,Referral / WhatsApp Share,2024-11-18
CUST-06629,Vikram Kulkarni,Telangana,Warangal,506001,Direct App Open,2025-03-10
CUST-06630,Aarav Sharma,Gujarat,Ahmedabad,380001,Organic Search,2024-04-04
CUST-06631,Pooja Joshi,Karnataka,Bengaluru,560001,Direct App Open,2024-06-02
CUST-06632,Ananya Nair,Bihar,Muzaffarpur,842001,Direct App Open,2024-09-30
CUST-06633,Rahul Mehta,Uttar Pradesh,Agra,282001,Paid Ads (Instagram/FB),2025-02-03
CUST-06634,Siddharth Nair,Gujarat,Vadodara,390001,Referral / WhatsApp Share,2024-02-26
CUST-06635,Pooja Kulkarni,Rajasthan,Jaipur,302001,Affiliate,2024-07-17
CUST-06636,Vikram Sharma,Telangana,Nizamabad,503001,Organic Search,2025-02-20
CUST-06637,Rahul Kulkarni,Maharashtra,Mumbai,400001,Organic Search,2024-07-12
CUST-06638,Kabir Rao,Tamil Nadu,Chennai,600001,Paid Ads (Instagram/FB),2024-10-08
CUST-06639,Kavya Nair,Tamil Nadu,Madurai,625001,Referral / WhatsApp Share,2024-07-12
CUST-06640,Kavya Rao,Rajasthan,Jodhpur,342001,Organic Search,2024-01-16
CUST-06641,Shreya Joshi,Karnataka,Mysuru,570001,Affiliate,2024-12-04
CUST-06642,Shreya Gupta,Telangana,Warangal,506001,Organic Search,2024-11-08
CUST-06643,Siddharth Mehta,Telangana,Warangal,506001,Referral / WhatsApp Share,2024-10-18
CUST-06644,Pooja Rao,Bihar,Gaya,823001,Affiliate,2024-12-03
CUST-06645,Vikram Mehta,Uttar Pradesh,Agra,282001,Referral / WhatsApp Share,2025-03-21
CUST-06646,Rohan Verma,West Bengal,Kolkata,700001,Affiliate,2024-01-08
CUST-06647,Aarav Patel,Bihar,Muzaffarpur,842001,Organic Search,2025-04-02
CUST-06648,Ananya Singh,Tamil Nadu,Coimbatore,641001,Affiliate,2024-10-18
CUST-06649,Shreya Kulkarni,Telangana,Hyderabad,500001,Paid Ads (Instagram/FB),2024-11-16
CUST-06650,Rahul Patel,Bihar,Muzaffarpur,842001,Paid Ads (Instagram/FB),2025-07-18
CUST-06651,Ananya Mehta,Bihar,Gaya,823001,Affiliate,2025-05-13
CUST-06652,Shreya Patel,Maharashtra,Mumbai,400001,Organic Search,2025-03-31
CUST-06653,Aarav Verma,Madhya Pradesh,Bhopal,462001,Paid Ads (Instagram/FB),2024-10-17
CUST-06654,Rahul Gupta,West Bengal,Howrah,711101,Direct App Open,2024-03-17
CUST-06655,Shreya Rao,Gujarat,Ahmedabad,380001,Referral / WhatsApp Share,2025-08-02
CUST-06656,Vikram Nair,Tamil Nadu,Chennai,600001,Referral / WhatsApp Share,2024-06-26
CUST-06657,Rahul Rao,Gujarat,Surat,395001,Referral / WhatsApp Share,2024-06-02
CUST-06658,Siddharth Nair,Gujarat,Vadodara,390001,Paid Ads (Instagram/FB),2025-05-09
CUST-06659,Rohan Gupta,Madhya Pradesh,Indore,452001,Referral / WhatsApp Share,2025-02-19
CUST-06660,Rahul Verma,Telangana,Nizamabad,503001,Organic Search,2024-08-01
CUST-06661,Aarav Mehta,Bihar,Gaya,823001,Direct App Open,2024-10-07
CUST-06662,Rahul Verma,Rajasthan,Jaipur,302001,Organic Search,2024-12-15
CUST-06663,Arjun Nair,Karnataka,Hubballi,580020,Organic Search,2025-06-21
CUST-06664,Kavya Verma,Maharashtra,Nagpur,440001,Organic Search,2024-01-03
CUST-06665,Neha Rao,Telangana,Hyderabad,500001,Organic Search,2025-03-02
CUST-06666,Priya Patel,Tamil Nadu,Coimbatore,641001,Referral / WhatsApp Share,2024-09-17
CUST-06667,Kabir Rao,Uttar Pradesh,Lucknow,226001,Affiliate,2025-05-31
CUST-06668,Ananya Sharma,Telangana,Warangal,506001,Referral / WhatsApp Share,2024-11-06
CUST-06669,Rohan Rao,Tamil Nadu,Coimbatore,641001,Paid Ads (Instagram/FB),2025-06-12
CUST-06670,Aditya Nair,West Bengal,Siliguri,734001,Paid Ads (Instagram/FB),2024-09-03
CUST-06671,Neha Rao,Rajasthan,Jodhpur,342001,Affiliate,2025-05-22
CUST-06672,Neha Sharma,Maharashtra,Nashik,422001,Affiliate,2025-07-27
CUST-06673,Aditya Patel,Karnataka,Mysuru,570001,Paid Ads (Instagram/FB),2024-06-25
CUST-06674,Sneha Patel,Karnataka,Bengaluru,560001,Affiliate,2024-02-01
CUST-06675,Arjun Mehta,Karnataka,Mysuru,570001,Direct App Open,2025-08-08
CUST-06676,Pooja Sharma,Telangana,Warangal,506001,Direct App Open,2025-02-25
CUST-06677,Shreya Sharma,Karnataka,Hubballi,580020,Direct App Open,2025-01-04
CUST-06678,Aditya Rao,Gujarat,Vadodara,390001,Paid Ads (Instagram/FB),2025-08-07
CUST-06679,Rahul Kulkarni,Rajasthan,Jaipur,302001,Direct App Open,2024-11-10
CUST-06680,Kabir Gupta,Madhya Pradesh,Bhopal,462001,Organic Search,2024-01-02
CUST-06681,Kavya Sharma,Gujarat,Vadodara,390001,Direct App Open,2024-01-10
CUST-06682,Kavya Rao,Telangana,Hyderabad,500001,Direct App Open,2024-02-17
CUST-06683,Siddharth Iyer,Rajasthan,Udaipur,313001,Organic Search,2025-06-24
CUST-06684,Rahul Nair,Bihar,Muzaffarpur,842001,Direct App Open,2025-08-16
CUST-06685,Ananya Mehta,Maharashtra,Nashik,422001,Organic Search,2025-08-07
CUST-06686,Aditya Nair,Gujarat,Surat,395001,Affiliate,2024-10-04
CUST-06687,Pooja Mehta,Bihar,Gaya,823001,Referral / WhatsApp Share,2025-07-07
CUST-06688,Neha Joshi,Karnataka,Hubballi,580020,Direct App Open,2024-12-21
CUST-06689,Aarav Verma,Tamil Nadu,Madurai,625001,Referral / WhatsApp Share,2024-12-14
CUST-06690,Kabir Kulkarni,Rajasthan,Jaipur,302001,Direct App Open,2025-04-27
CUST-06691,Kabir Kulkarni,Tamil Nadu,Chennai,600001,Affiliate,2025-06-06
CUST-06692,Rohan Nair,Uttar Pradesh,Agra,282001,Affiliate,2024-10-04
CUST-06693,Neha Verma,Telangana,Warangal,506001,Organic Search,2024-02-11
CUST-06694,Ananya Singh,West Bengal,Kolkata,700001,Paid Ads (Instagram/FB),2024-03-03
CUST-06695,Rohan Joshi,Karnataka,Mysuru,570001,Affiliate,2024-08-19
CUST-06696,Aarav Iyer,Karnataka,Hubballi,580020,Direct App Open,2024-09-18
CUST-06697,Sneha Mehta,West Bengal,Howrah,711101,Paid Ads (Instagram/FB),2024-09-04
CUST-06698,Aarav Deshmukh,Maharashtra,Nashik,422001,Referral / WhatsApp Share,2024-02-10
CUST-06699,Shreya Joshi,Gujarat,Surat,395001,Organic Search,2025-03-19
CUST-06700,Arjun Kulkarni,Karnataka,Hubballi,580020,Paid Ads (Instagram/FB),2024-10-05
CUST-06701,Neha Joshi,Rajasthan,Jodhpur,342001,Organic Search,2024-05-08
CUST-06702,Sneha Rao,Madhya Pradesh,Bhopal,462001,Direct App Open,2025-08-11
CUST-06703,Pooja Sharma,Maharashtra,Nagpur,440001,Paid Ads (Instagram/FB),2025-02-13
CUST-06704,Shreya Joshi,Telangana,Hyderabad,500001,Paid Ads (Instagram/FB),2024-05-19
CUST-06705,Neha Joshi,Gujarat,Ahmedabad,380001,Referral / WhatsApp Share,2024-05-12
CUST-06706,Rohan Nair,West Bengal,Siliguri,734001,Direct App Open,2024-06-12
CUST-06707,Siddharth Nair,Gujarat,Surat,395001,Paid Ads (Instagram/FB),2024-08-12
CUST-06708,Neha Gupta,Karnataka,Bengaluru,560001,Referral / WhatsApp Share,2025-08-16
CUST-06709,Ananya Patel,Maharashtra,Pune,411001,Paid Ads (Instagram/FB),2025-04-27
CUST-06710,Kavya Rao,Maharashtra,Mumbai,400001,Affiliate,2025-08-21
CUST-06711,Vikram Mehta,Gujarat,Surat,395001,Organic Search,2024-07-28
CUST-06712,Shreya Verma,Maharashtra,Nagpur,440001,Paid Ads (Instagram/FB),2024-07-14
CUST-06713,Ananya Iyer,Uttar Pradesh,Kanpur,208001,Affiliate,2024-10-14
CUST-06714,Sneha Joshi,Uttar Pradesh,Kanpur,208001,Referral / WhatsApp Share,2025-05-13
CUST-06715,Aditya Nair,Maharashtra,Nagpur,440001,Direct App Open,2024-08-12
CUST-06716,Neha Patel,Telangana,Nizamabad,503001,Referral / WhatsApp Share,2024-04-26
CUST-06717,Neha Joshi,Telangana,Nizamabad,503001,Direct App Open,2025-07-07
CUST-06718,Aarav Gupta,Bihar,Gaya,823001,Referral / WhatsApp Share,2024-12-31
CUST-06719,Vikram Singh,Karnataka,Bengaluru,560001,Referral / WhatsApp Share,2025-05-16
CUST-06720,Rahul Rao,Madhya Pradesh,Bhopal,462001,Direct App Open,2024-06-10
CUST-06721,Kabir Singh,Maharashtra,Nagpur,440001,Paid Ads (Instagram/FB),2024-05-28
CUST-06722,Rahul Verma,Gujarat,Vadodara,390001,Affiliate,2025-03-14
CUST-06723,Arjun Nair,West Bengal,Siliguri,734001,Paid Ads (Instagram/FB),2024-09-26
CUST-06724,Shreya Mehta,Madhya Pradesh,Gwalior,474001,Paid Ads (Instagram/FB),2025-08-08
CUST-06725,Aarav Iyer,Telangana,Warangal,506001,Affiliate,2025-04-24
CUST-06726,Aditya Gupta,Madhya Pradesh,Bhopal,462001,Paid Ads (Instagram/FB),2024-03-23
CUST-06727,Shreya Kulkarni,Maharashtra,Pune,411001,Paid Ads (Instagram/FB),2024-04-06
CUST-06728,Pooja Nair,West Bengal,Siliguri,734001,Direct App Open,2024-12-19
CUST-06729,Siddharth Kulkarni,Uttar Pradesh,Lucknow,226001,Paid Ads (Instagram/FB),2024-12-05
CUST-06730,Aarav Joshi,Bihar,Gaya,823001,Affiliate,2025-02-18
CUST-06731,Rahul Gupta,Maharashtra,Nashik,422001,Direct App Open,2024-08-16
CUST-06732,Vikram Verma,Bihar,Gaya,823001,Organic Search,2024-10-31
CUST-06733,Kavya Deshmukh,Telangana,Nizamabad,503001,Affiliate,2025-03-14
CUST-06734,Ananya Mehta,Madhya Pradesh,Gwalior,474001,Referral / WhatsApp Share,2024-04-01
CUST-06735,Aditya Rao,Maharashtra,Pune,411001,Affiliate,2024-12-08
CUST-06736,Rohan Singh,Karnataka,Mysuru,570001,Direct App Open,2024-06-21
CUST-06737,Rohan Patel,West Bengal,Howrah,711101,Affiliate,2025-02-14
CUST-06738,Ananya Gupta,Rajasthan,Jodhpur,342001,Paid Ads (Instagram/FB),2025-08-09
CUST-06739,Rahul Joshi,Gujarat,Vadodara,390001,Affiliate,2024-09-20
CUST-06740,Pooja Kulkarni,Telangana,Warangal,506001,Organic Search,2024-07-24
CUST-06741,Arjun Deshmukh,West Bengal,Howrah,711101,Referral / WhatsApp Share,2025-02-28
CUST-06742,Sneha Joshi,West Bengal,Kolkata,700001,Organic Search,2025-04-26
CUST-06743,Aarav Nair,Rajasthan,Jaipur,302001,Organic Search,2024-02-24
CUST-06744,Rohan Rao,Uttar Pradesh,Lucknow,226001,Paid Ads (Instagram/FB),2025-04-23
CUST-06745,Ananya Joshi,Bihar,Patna,800001,Paid Ads (Instagram/FB),2024-12-25
CUST-06746,Shreya Joshi,Rajasthan,Jaipur,302001,Paid Ads (Instagram/FB),2024-06-23
CUST-06747,Shreya Iyer,Tamil Nadu,Madurai,625001,Direct App Open,2024-10-01
CUST-06748,Pooja Iyer,Telangana,Hyderabad,500001,Direct App Open,2025-02-04
CUST-06749,Aarav Patel,Telangana,Hyderabad,500001,Organic Search,2024-01-11
CUST-06750,Vikram Nair,Madhya Pradesh,Indore,452001,Direct App Open,2024-01-24
CUST-06751,Shreya Verma,Gujarat,Vadodara,390001,Paid Ads (Instagram/FB),2025-02-27
CUST-06752,Vikram Singh,Rajasthan,Udaipur,313001,Affiliate,2024-07-21
CUST-06753,Rahul Verma,Madhya Pradesh,Indore,452001,Affiliate,2025-01-06
CUST-06754,Rahul Singh,Uttar Pradesh,Agra,282001,Direct App Open,2024-02-29
CUST-06755,Siddharth Deshmukh,Maharashtra,Pune,411001,Direct App Open,2024-04-09
CUST-06756,Aditya Joshi,Tamil Nadu,Madurai,625001,Referral / WhatsApp Share,2025-07-26
CUST-06757,Priya Sharma,Tamil Nadu,Coimbatore,641001,Direct App Open,2024-09-09
CUST-06758,Shreya Singh,Bihar,Gaya,823001,Affiliate,2024-11-03
CUST-06759,Vikram Verma,Gujarat,Vadodara,390001,Paid Ads (Instagram/FB),2025-07-06
CUST-06760,Neha Nair,Maharashtra,Nagpur,440001,Paid Ads (Instagram/FB),2025-05-28
CUST-06761,Pooja Sharma,West Bengal,Howrah,711101,Direct App Open,2024-12-19
CUST-06762,Aditya Patel,Madhya Pradesh,Bhopal,462001,Direct App Open,2025-07-09
CUST-06763,Siddharth Singh,Rajasthan,Jodhpur,342001,Organic Search,2025-06-25
CUST-06764,Aditya Nair,Madhya Pradesh,Bhopal,462001,Direct App Open,2024-10-07
CUST-06765,Ananya Singh,West Bengal,Kolkata,700001,Affiliate,2025-02-16
CUST-06766,Arjun Kulkarni,Telangana,Hyderabad,500001,Affiliate,2024-02-11
CUST-06767,Kabir Mehta,West Bengal,Kolkata,700001,Paid Ads (Instagram/FB),2024-09-02
CUST-06768,Aarav Nair,Telangana,Nizamabad,503001,Affiliate,2025-02-03
CUST-06769,Vikram Joshi,Telangana,Nizamabad,503001,Paid Ads (Instagram/FB),2024-09-28
CUST-06770,Aditya Iyer,Tamil Nadu,Chennai,600001,Referral / WhatsApp Share,2024-09-14
CUST-06771,Arjun Joshi,Telangana,Warangal,506001,Paid Ads (Instagram/FB),2024-04-24
CUST-06772,Rohan Patel,West Bengal,Howrah,711101,Organic Search,2024-08-28
CUST-06773,Arjun Verma,Uttar Pradesh,Lucknow,226001,Affiliate,2025-07-13
CUST-06774,Aarav Iyer,West Bengal,Howrah,711101,Direct App Open,2024-10-24
CUST-06775,Kabir Joshi,Maharashtra,Nagpur,440001,Affiliate,2024-03-01
CUST-06776,Ananya Verma,Bihar,Gaya,823001,Direct App Open,2024-10-09
CUST-06777,Neha Joshi,Telangana,Hyderabad,500001,Organic Search,2025-03-12
CUST-06778,Priya Mehta,Karnataka,Bengaluru,560001,Referral / WhatsApp Share,2024-02-15
CUST-06779,Siddharth Iyer,Telangana,Nizamabad,503001,Direct App Open,2024-11-16
CUST-06780,Sneha Nair,Bihar,Muzaffarpur,842001,Affiliate,2024-03-12
CUST-06781,Rahul Deshmukh,Maharashtra,Mumbai,400001,Referral / WhatsApp Share,2024-05-05
CUST-06782,Sneha Nair,Telangana,Hyderabad,500001,Paid Ads (Instagram/FB),2024-08-09
CUST-06783,Sneha Mehta,Madhya Pradesh,Indore,452001,Direct App Open,2024-01-02
CUST-06784,Priya Iyer,Madhya Pradesh,Indore,452001,Referral / WhatsApp Share,2024-01-01
CUST-06785,Siddharth Sharma,Karnataka,Hubballi,580020,Referral / WhatsApp Share,2025-05-08
CUST-06786,Ananya Nair,Maharashtra,Mumbai,400001,Organic Search,2024-03-11
CUST-06787,Rohan Singh,West Bengal,Howrah,711101,Organic Search,2025-07-08
CUST-06788,Priya Kulkarni,Madhya Pradesh,Bhopal,462001,Direct App Open,2024-04-02
CUST-06789,Pooja Singh,Telangana,Nizamabad,503001,Affiliate,2024-04-28
CUST-06790,Ananya Joshi,West Bengal,Kolkata,700001,Referral / WhatsApp Share,2024-12-10
CUST-06791,Priya Deshmukh,Uttar Pradesh,Kanpur,208001,Affiliate,2025-02-25
CUST-06792,Arjun Verma,Uttar Pradesh,Agra,282001,Direct App Open,2024-03-19
CUST-06793,Neha Sharma,Madhya Pradesh,Bhopal,462001,Referral / WhatsApp Share,2024-05-31
CUST-06794,Pooja Iyer,Karnataka,Hubballi,580020,Referral / WhatsApp Share,2024-01-18
CUST-06795,Neha Rao,Uttar Pradesh,Agra,282001,Organic Search,2024-06-06
CUST-06796,Pooja Iyer,Gujarat,Ahmedabad,380001,Organic Search,2024-07-18
CUST-06797,Vikram Deshmukh,West Bengal,Kolkata,700001,Paid Ads (Instagram/FB),2024-02-13
CUST-06798,Pooja Singh,Maharashtra,Mumbai,400001,Paid Ads (Instagram/FB),2025-05-04
CUST-06799,Kavya Gupta,Uttar Pradesh,Agra,282001,Direct App Open,2025-01-06
CUST-06800,Arjun Nair,West Bengal,Howrah,711101,Paid Ads (Instagram/FB),2025-04-04
CUST-06801,Vikram Nair,Maharashtra,Nashik,422001,Direct App Open,2024-04-18
CUST-06802,Priya Rao,Karnataka,Mysuru,570001,Paid Ads (Instagram/FB),2024-02-03
CUST-06803,Rahul Iyer,Maharashtra,Nashik,422001,Affiliate,2025-01-14
CUST-06804,Priya Joshi,West Bengal,Howrah,711101,Organic Search,2024-06-21
CUST-06805,Priya Patel,Madhya Pradesh,Indore,452001,Organic Search,2024-03-05
CUST-06806,Arjun Patel,Uttar Pradesh,Kanpur,208001,Paid Ads (Instagram/FB),2024-08-14
CUST-06807,Ananya Sharma,Karnataka,Mysuru,570001,Referral / WhatsApp Share,2025-08-20
CUST-06808,Kavya Rao,Madhya Pradesh,Indore,452001,Affiliate,2024-05-18
CUST-06809,Aarav Joshi,Karnataka,Bengaluru,560001,Organic Search,2024-10-18
CUST-06810,Kavya Gupta,West Bengal,Siliguri,734001,Direct App Open,2025-07-22
CUST-06811,Rahul Rao,Madhya Pradesh,Gwalior,474001,Affiliate,2024-04-17
CUST-06812,Kavya Sharma,Telangana,Nizamabad,503001,Direct App Open,2024-04-20
CUST-06813,Pooja Joshi,Madhya Pradesh,Bhopal,462001,Referral / WhatsApp Share,2025-01-02
CUST-06814,Aarav Kulkarni,Karnataka,Bengaluru,560001,Organic Search,2024-05-24
CUST-06815,Siddharth Sharma,Gujarat,Surat,395001,Organic Search,2025-06-15
CUST-06816,Priya Joshi,Tamil Nadu,Chennai,600001,Affiliate,2024-01-14
CUST-06817,Vikram Singh,Bihar,Patna,800001,Affiliate,2024-03-18
CUST-06818,Shreya Deshmukh,Rajasthan,Jaipur,302001,Referral / WhatsApp Share,2024-02-09
CUST-06819,Siddharth Nair,Gujarat,Surat,395001,Direct App Open,2025-07-31
CUST-06820,Sneha Singh,Tamil Nadu,Madurai,625001,Referral / WhatsApp Share,2024-01-31
CUST-06821,Kavya Joshi,Maharashtra,Nagpur,440001,Affiliate,2024-02-05
CUST-06822,Kabir Mehta,Rajasthan,Jodhpur,342001,Referral / WhatsApp Share,2025-02-11
CUST-06823,Kabir Deshmukh,Madhya Pradesh,Bhopal,462001,Affiliate,2025-07-13
CUST-06824,Aditya Kulkarni,Telangana,Nizamabad,503001,Organic Search,2025-05-13
CUST-06825,Vikram Mehta,Telangana,Warangal,506001,Organic Search,2024-11-08
CUST-06826,Rohan Gupta,Telangana,Nizamabad,503001,Organic Search,2024-10-24
CUST-06827,Pooja Kulkarni,Rajasthan,Udaipur,313001,Direct App Open,2025-03-17
CUST-06828,Rohan Kulkarni,Gujarat,Vadodara,390001,Affiliate,2024-10-21
CUST-06829,Neha Joshi,Bihar,Muzaffarpur,842001,Organic Search,2024-12-19
CUST-06830,Ananya Sharma,Uttar Pradesh,Agra,282001,Referral / WhatsApp Share,2025-05-22
CUST-06831,Rohan Nair,Bihar,Patna,800001,Direct App Open,2024-10-27
CUST-06832,Rahul Rao,Bihar,Muzaffarpur,842001,Referral / WhatsApp Share,2025-08-19
CUST-06833,Aditya Sharma,Karnataka,Hubballi,580020,Direct App Open,2024-05-12
CUST-06834,Pooja Verma,Bihar,Patna,800001,Organic Search,2025-02-03
CUST-06835,Kabir Mehta,Madhya Pradesh,Indore,452001,Direct App Open,2024-01-09
CUST-06836,Siddharth Iyer,Tamil Nadu,Madurai,625001,Affiliate,2024-05-10
CUST-06837,Vikram Joshi,Madhya Pradesh,Gwalior,474001,Direct App Open,2025-05-09
CUST-06838,Rahul Sharma,Uttar Pradesh,Agra,282001,Referral / WhatsApp Share,2025-01-22
CUST-06839,Rohan Verma,Rajasthan,Udaipur,313001,Referral / WhatsApp Share,2024-02-15
CUST-06840,Rohan Patel,West Bengal,Howrah,711101,Paid Ads (Instagram/FB),2024-07-30
CUST-06841,Priya Rao,Karnataka,Mysuru,570001,Paid Ads (Instagram/FB),2024-10-07
CUST-06842,Rohan Iyer,West Bengal,Kolkata,700001,Referral / WhatsApp Share,2025-02-03
CUST-06843,Kavya Sharma,Maharashtra,Nagpur,440001,Affiliate,2024-11-12
CUST-06844,Pooja Joshi,Uttar Pradesh,Agra,282001,Paid Ads (Instagram/FB),2024-04-20
CUST-06845,Sneha Sharma,West Bengal,Kolkata,700001,Organic Search,2025-01-03
CUST-06846,Aditya Rao,Gujarat,Surat,395001,Paid Ads (Instagram/FB),2024-03-30
CUST-06847,Ananya Rao,Uttar Pradesh,Varanasi,221001,Referral / WhatsApp Share,2025-02-27
CUST-06848,Aarav Kulkarni,Telangana,Nizamabad,503001,Paid Ads (Instagram/FB),2024-10-22
CUST-06849,Rahul Mehta,Gujarat,Ahmedabad,380001,Paid Ads (Instagram/FB),2024-05-06
CUST-06850,Aarav Deshmukh,Uttar Pradesh,Kanpur,208001,Affiliate,2024-10-04
CUST-06851,Aditya Singh,Gujarat,Vadodara,390001,Organic Search,2024-10-10
CUST-06852,Aditya Rao,Uttar Pradesh,Varanasi,221001,Organic Search,2025-07-05
CUST-06853,Aditya Verma,Madhya Pradesh,Bhopal,462001,Referral / WhatsApp Share,2024-07-20
CUST-06854,Rahul Gupta,Rajasthan,Jodhpur,342001,Affiliate,2025-07-11
CUST-06855,Rohan Rao,Tamil Nadu,Chennai,600001,Paid Ads (Instagram/FB),2024-04-08
CUST-06856,Aditya Patel,Bihar,Muzaffarpur,842001,Paid Ads (Instagram/FB),2024-08-21
CUST-06857,Priya Iyer,Rajasthan,Udaipur,313001,Affiliate,2025-06-13
CUST-06858,Priya Nair,Uttar Pradesh,Lucknow,226001,Organic Search,2025-08-03
CUST-06859,Kabir Mehta,Tamil Nadu,Chennai,600001,Direct App Open,2024-12-18
CUST-06860,Neha Nair,Telangana,Warangal,506001,Paid Ads (Instagram/FB),2024-12-06
CUST-06861,Sneha Nair,Rajasthan,Jodhpur,342001,Referral / WhatsApp Share,2024-12-21
CUST-06862,Kavya Mehta,Bihar,Patna,800001,Referral / WhatsApp Share,2025-05-29
CUST-06863,Arjun Nair,Karnataka,Bengaluru,560001,Direct App Open,2024-06-01
CUST-06864,Sneha Singh,Tamil Nadu,Madurai,625001,Paid Ads (Instagram/FB),2024-05-11
CUST-06865,Rahul Kulkarni,Gujarat,Surat,395001,Organic Search,2024-03-10
CUST-06866,Aditya Verma,Madhya Pradesh,Gwalior,474001,Affiliate,2024-07-10
CUST-06867,Arjun Sharma,West Bengal,Kolkata,700001,Paid Ads (Instagram/FB),2024-09-14
CUST-06868,Sneha Kulkarni,Gujarat,Vadodara,390001,Affiliate,2024-07-10
CUST-06869,Arjun Verma,Karnataka,Bengaluru,560001,Referral / WhatsApp Share,2025-03-27
CUST-06870,Kabir Verma,Bihar,Gaya,823001,Direct App Open,2024-02-15
CUST-06871,Arjun Mehta,Madhya Pradesh,Gwalior,474001,Direct App Open,2024-11-02
CUST-06872,Sneha Rao,Madhya Pradesh,Indore,452001,Organic Search,2024-05-12
CUST-06873,Aarav Gupta,Rajasthan,Jodhpur,342001,Paid Ads (Instagram/FB),2024-03-14
CUST-06874,Rahul Iyer,Bihar,Muzaffarpur,842001,Referral / WhatsApp Share,2024-07-13
CUST-06875,Priya Kulkarni,Karnataka,Mysuru,570001,Paid Ads (Instagram/FB),2024-04-07
CUST-06876,Rahul Gupta,Maharashtra,Nashik,422001,Referral / WhatsApp Share,2024-03-25
CUST-06877,Vikram Singh,Gujarat,Ahmedabad,380001,Organic Search,2024-01-16
CUST-06878,Siddharth Joshi,Uttar Pradesh,Varanasi,221001,Referral / WhatsApp Share,2024-12-30
CUST-06879,Rohan Deshmukh,Telangana,Warangal,506001,Referral / WhatsApp Share,2024-12-26
CUST-06880,Shreya Verma,Tamil Nadu,Coimbatore,641001,Paid Ads (Instagram/FB),2024-08-06
CUST-06881,Priya Deshmukh,Telangana,Warangal,506001,Organic Search,2024-05-05
CUST-06882,Rahul Kulkarni,Gujarat,Ahmedabad,380001,Paid Ads (Instagram/FB),2024-10-10
CUST-06883,Siddharth Deshmukh,Rajasthan,Jaipur,302001,Affiliate,2025-03-18
CUST-06884,Kavya Deshmukh,Rajasthan,Jaipur,302001,Organic Search,2024-01-26
CUST-06885,Siddharth Sharma,Gujarat,Vadodara,390001,Referral / WhatsApp Share,2024-08-19
CUST-06886,Vikram Singh,Telangana,Nizamabad,503001,Direct App Open,2025-01-08
CUST-06887,Shreya Rao,Madhya Pradesh,Gwalior,474001,Referral / WhatsApp Share,2025-07-18
CUST-06888,Shreya Joshi,Uttar Pradesh,Lucknow,226001,Direct App Open,2025-06-08
CUST-06889,Kabir Sharma,Karnataka,Bengaluru,560001,Referral / WhatsApp Share,2025-08-09
CUST-06890,Pooja Mehta,Rajasthan,Udaipur,313001,Referral / WhatsApp Share,2024-08-10
CUST-06891,Neha Joshi,Gujarat,Vadodara,390001,Paid Ads (Instagram/FB),2025-05-17
CUST-06892,Aditya Singh,Telangana,Hyderabad,500001,Paid Ads (Instagram/FB),2024-08-07
CUST-06893,Priya Mehta,Karnataka,Bengaluru,560001,Paid Ads (Instagram/FB),2024-11-25
CUST-06894,Vikram Nair,Maharashtra,Nashik,422001,Organic Search,2024-10-23
CUST-06895,Neha Iyer,Uttar Pradesh,Varanasi,221001,Affiliate,2024-08-11
CUST-06896,Siddharth Joshi,Madhya Pradesh,Indore,452001,Referral / WhatsApp Share,2025-04-15
CUST-06897,Neha Rao,Rajasthan,Jodhpur,342001,Organic Search,2025-04-15
CUST-06898,Aarav Iyer,Bihar,Gaya,823001,Direct App Open,2024-12-27
CUST-06899,Kabir Sharma,Maharashtra,Nashik,422001,Direct App Open,2024-05-22
CUST-06900,Rohan Nair,Karnataka,Bengaluru,560001,Paid Ads (Instagram/FB),2025-07-05
CUST-06901,Rohan Patel,Telangana,Hyderabad,500001,Affiliate,2025-03-01
CUST-06902,Kavya Nair,Karnataka,Mysuru,570001,Affiliate,2024-09-24
CUST-06903,Siddharth Verma,Karnataka,Mysuru,570001,Referral / WhatsApp Share,2024-08-08
CUST-06904,Pooja Iyer,Gujarat,Ahmedabad,380001,Referral / WhatsApp Share,2025-01-03
CUST-06905,Rahul Deshmukh,Bihar,Muzaffarpur,842001,Paid Ads (Instagram/FB),2024-02-07
CUST-06906,Aditya Joshi,Bihar,Muzaffarpur,842001,Direct App Open,2024-02-03
CUST-06907,Aditya Singh,Madhya Pradesh,Indore,452001,Paid Ads (Instagram/FB),2024-04-06
CUST-06908,Rohan Iyer,Tamil Nadu,Madurai,625001,Referral / WhatsApp Share,2024-07-29
CUST-06909,Sneha Nair,Tamil Nadu,Madurai,625001,Affiliate,2024-04-03
CUST-06910,Priya Nair,Tamil Nadu,Coimbatore,641001,Referral / WhatsApp Share,2024-04-10
CUST-06911,Rohan Singh,Karnataka,Bengaluru,560001,Organic Search,2025-02-02
CUST-06912,Shreya Iyer,Rajasthan,Udaipur,313001,Organic Search,2025-04-30
CUST-06913,Siddharth Rao,Maharashtra,Nagpur,440001,Affiliate,2024-08-18
CUST-06914,Siddharth Joshi,Tamil Nadu,Madurai,625001,Affiliate,2024-04-07
CUST-06915,Priya Rao,Bihar,Muzaffarpur,842001,Referral / WhatsApp Share,2025-08-16
CUST-06916,Sneha Kulkarni,Madhya Pradesh,Gwalior,474001,Referral / WhatsApp Share,2025-08-09
CUST-06917,Aditya Singh,Karnataka,Bengaluru,560001,Affiliate,2024-09-09
CUST-06918,Neha Deshmukh,Gujarat,Ahmedabad,380001,Paid Ads (Instagram/FB),2025-02-23
CUST-06919,Ananya Rao,Bihar,Gaya,823001,Affiliate,2025-05-23
CUST-06920,Rohan Verma,Bihar,Gaya,823001,Direct App Open,2025-06-16
CUST-06921,Neha Verma,Rajasthan,Jodhpur,342001,Affiliate,2024-08-02
CUST-06922,Sneha Nair,Bihar,Patna,800001,Paid Ads (Instagram/FB),2024-11-12
CUST-06923,Priya Verma,Tamil Nadu,Madurai,625001,Organic Search,2025-08-21
CUST-06924,Sneha Iyer,Madhya Pradesh,Bhopal,462001,Affiliate,2025-07-11
CUST-06925,Siddharth Singh,Karnataka,Mysuru,570001,Direct App Open,2024-05-13
CUST-06926,Ananya Iyer,Telangana,Nizamabad,503001,Organic Search,2025-05-16
CUST-06927,Kavya Joshi,Uttar Pradesh,Varanasi,221001,Organic Search,2024-02-03
CUST-06928,Priya Patel,Uttar Pradesh,Kanpur,208001,Affiliate,2024-04-18
CUST-06929,Sneha Singh,Madhya Pradesh,Bhopal,462001,Referral / WhatsApp Share,2024-10-16
CUST-06930,Rohan Rao,Gujarat,Surat,395001,Referral / WhatsApp Share,2025-05-26
CUST-06931,Pooja Mehta,Uttar Pradesh,Varanasi,221001,Affiliate,2024-01-14
CUST-06932,Priya Sharma,Madhya Pradesh,Indore,452001,Organic Search,2025-01-28
CUST-06933,Siddharth Singh,Rajasthan,Udaipur,313001,Affiliate,2024-01-19
CUST-06934,Vikram Gupta,Telangana,Nizamabad,503001,Organic Search,2024-12-16
CUST-06935,Aditya Verma,Gujarat,Vadodara,390001,Organic Search,2025-01-25
CUST-06936,Neha Deshmukh,Telangana,Warangal,506001,Direct App Open,2024-08-24
CUST-06937,Kabir Verma,Karnataka,Bengaluru,560001,Affiliate,2025-02-07
CUST-06938,Priya Sharma,Karnataka,Bengaluru,560001,Direct App Open,2024-07-04
CUST-06939,Kabir Singh,Gujarat,Vadodara,390001,Paid Ads (Instagram/FB),2024-02-28
CUST-06940,Sneha Nair,Bihar,Muzaffarpur,842001,Affiliate,2025-03-25
CUST-06941,Rohan Singh,West Bengal,Siliguri,734001,Direct App Open,2024-04-16
CUST-06942,Rahul Gupta,West Bengal,Howrah,711101,Direct App Open,2024-07-19
CUST-06943,Rohan Verma,Rajasthan,Jaipur,302001,Organic Search,2024-04-28
CUST-06944,Rahul Kulkarni,Tamil Nadu,Madurai,625001,Affiliate,2024-04-08
CUST-06945,Kavya Verma,Rajasthan,Jaipur,302001,Paid Ads (Instagram/FB),2025-02-27
CUST-06946,Aarav Deshmukh,Bihar,Muzaffarpur,842001,Referral / WhatsApp Share,2025-02-20
CUST-06947,Arjun Nair,Madhya Pradesh,Gwalior,474001,Affiliate,2025-03-06
CUST-06948,Siddharth Patel,Maharashtra,Nagpur,440001,Affiliate,2025-04-30
CUST-06949,Ananya Kulkarni,Madhya Pradesh,Indore,452001,Direct App Open,2024-10-27
CUST-06950,Kavya Iyer,Gujarat,Surat,395001,Referral / WhatsApp Share,2024-10-05
CUST-06951,Aditya Verma,Maharashtra,Pune,411001,Direct App Open,2024-07-24
CUST-06952,Rohan Verma,Bihar,Gaya,823001,Direct App Open,2024-12-25
CUST-06953,Pooja Joshi,Tamil Nadu,Madurai,625001,Referral / WhatsApp Share,2025-06-14
CUST-06954,Neha Gupta,Bihar,Gaya,823001,Affiliate,2024-09-22
CUST-06955,Kavya Deshmukh,Tamil Nadu,Coimbatore,641001,Organic Search,2024-12-23
CUST-06956,Sneha Gupta,Gujarat,Surat,395001,Direct App Open,2024-09-15
CUST-06957,Kavya Kulkarni,Maharashtra,Pune,411001,Referral / WhatsApp Share,2024-01-25
CUST-06958,Siddharth Kulkarni,Gujarat,Surat,395001,Direct App Open,2024-06-22
CUST-06959,Pooja Gupta,Maharashtra,Nagpur,440001,Affiliate,2025-02-11
CUST-06960,Sneha Iyer,Telangana,Warangal,506001,Referral / WhatsApp Share,2024-01-28
CUST-06961,Ananya Verma,West Bengal,Howrah,711101,Affiliate,2024-02-03
CUST-06962,Siddharth Verma,Madhya Pradesh,Bhopal,462001,Referral / WhatsApp Share,2024-08-23
CUST-06963,Arjun Iyer,Gujarat,Vadodara,390001,Affiliate,2025-01-15
CUST-06964,Aditya Joshi,Telangana,Hyderabad,500001,Paid Ads (Instagram/FB),2024-05-03
CUST-06965,Ananya Joshi,Telangana,Warangal,506001,Referral / WhatsApp Share,2025-06-21
CUST-06966,Aarav Rao,Tamil Nadu,Chennai,600001,Direct App Open,2024-08-14
CUST-06967,Neha Iyer,Maharashtra,Nagpur,440001,Organic Search,2024-12-26
CUST-06968,Aarav Rao,Bihar,Patna,800001,Paid Ads (Instagram/FB),2024-09-20
CUST-06969,Kavya Sharma,West Bengal,Kolkata,700001,Organic Search,2024-05-24
CUST-06970,Kabir Kulkarni,Madhya Pradesh,Bhopal,462001,Affiliate,2025-04-07
CUST-06971,Rahul Deshmukh,Bihar,Patna,800001,Paid Ads (Instagram/FB),2024-10-25
CUST-06972,Aditya Joshi,Rajasthan,Jodhpur,342001,Direct App Open,2024-09-29
CUST-06973,Shreya Joshi,Bihar,Muzaffarpur,842001,Organic Search,2024-09-10
CUST-06974,Ananya Mehta,Rajasthan,Jaipur,302001,Affiliate,2025-04-30
CUST-06975,Vikram Patel,West Bengal,Siliguri,734001,Paid Ads (Instagram/FB),2024-02-24
CUST-06976,Shreya Deshmukh,Tamil Nadu,Chennai,600001,Organic Search,2024-03-31
CUST-06977,Aarav Mehta,Rajasthan,Jodhpur,342001,Organic Search,2025-05-09
CUST-06978,Siddharth Nair,Uttar Pradesh,Varanasi,221001,Organic Search,2025-02-05
CUST-06979,Vikram Nair,Tamil Nadu,Madurai,625001,Direct App Open,2025-05-02
CUST-06980,Pooja Gupta,Rajasthan,Jaipur,302001,Affiliate,2024-07-20
CUST-06981,Ananya Sharma,Bihar,Patna,800001,Referral / WhatsApp Share,2024-09-14
CUST-06982,Ananya Kulkarni,Rajasthan,Udaipur,313001,Referral / WhatsApp Share,2024-10-03
CUST-06983,Shreya Verma,Madhya Pradesh,Gwalior,474001,Paid Ads (Instagram/FB),2024-12-15
CUST-06984,Aarav Kulkarni,Karnataka,Mysuru,570001,Organic Search,2024-07-09
CUST-06985,Siddharth Verma,Maharashtra,Nashik,422001,Affiliate,2025-04-26
CUST-06986,Sneha Joshi,Rajasthan,Jaipur,302001,Direct App Open,2024-03-28
CUST-06987,Rahul Rao,Madhya Pradesh,Gwalior,474001,Organic Search,2024-06-12
CUST-06988,Pooja Mehta,Gujarat,Vadodara,390001,Direct App Open,2024-04-07
CUST-06989,Kavya Iyer,Telangana,Hyderabad,500001,Paid Ads (Instagram/FB),2024-07-11
CUST-06990,Neha Verma,Tamil Nadu,Coimbatore,641001,Affiliate,2025-06-17
CUST-06991,Vikram Gupta,Uttar Pradesh,Kanpur,208001,Paid Ads (Instagram/FB),2025-05-25
CUST-06992,Kabir Nair,Rajasthan,Jaipur,302001,Referral / WhatsApp Share,2025-06-01
CUST-06993,Siddharth Sharma,Rajasthan,Udaipur,313001,Organic Search,2024-02-15
CUST-06994,Rahul Joshi,West Bengal,Kolkata,700001,Organic Search,2025-03-13
CUST-06995,Vikram Sharma,Rajasthan,Jaipur,302001,Direct App Open,2025-06-24
CUST-06996,Ananya Nair,Tamil Nadu,Coimbatore,641001,Affiliate,2024-10-02
CUST-06997,Arjun Iyer,Maharashtra,Pune,411001,Referral / WhatsApp Share,2025-06-13
CUST-06998,Kavya Kulkarni,Rajasthan,Jaipur,302001,Direct App Open,2024-12-02
CUST-06999,Rahul Singh,Maharashtra,Nagpur,440001,Referral / WhatsApp Share,2024-05-12
CUST-07000,Neha Mehta,Madhya Pradesh,Bhopal,462001,Affiliate,2024-01-11
CUST-07001,Ananya Patel,Rajasthan,Udaipur,313001,Affiliate,2024-09-07
CUST-07002,Siddharth Gupta,Bihar,Gaya,823001,Paid Ads (Instagram/FB),2024-03-25
CUST-07003,Kabir Verma,Madhya Pradesh,Indore,452001,Affiliate,2025-05-29
CUST-07004,Kavya Singh,Tamil Nadu,Coimbatore,641001,Organic Search,2025-07-18
CUST-07005,Arjun Gupta,Telangana,Warangal,506001,Affiliate,2024-08-08
CUST-07006,Aarav Iyer,Karnataka,Hubballi,580020,Organic Search,2025-04-17
CUST-07007,Rahul Kulkarni,Bihar,Patna,800001,Referral / WhatsApp Share,2024-06-07
CUST-07008,Kabir Deshmukh,Telangana,Hyderabad,500001,Organic Search,2025-01-05
CUST-07009,Rohan Iyer,Maharashtra,Pune,411001,Affiliate,2025-02-15
CUST-07010,Kabir Iyer,Gujarat,Ahmedabad,380001,Affiliate,2024-06-18
CUST-07011,Aditya Iyer,West Bengal,Howrah,711101,Referral / WhatsApp Share,2024-09-28
CUST-07012,Aarav Iyer,Maharashtra,Nashik,422001,Affiliate,2024-04-30
CUST-07013,Siddharth Kulkarni,Tamil Nadu,Chennai,600001,Paid Ads (Instagram/FB),2025-04-19
CUST-07014,Ananya Mehta,Maharashtra,Mumbai,400001,Paid Ads (Instagram/FB),2024-12-31
CUST-07015,Ananya Patel,Madhya Pradesh,Indore,452001,Organic Search,2024-01-23
CUST-07016,Vikram Mehta,Gujarat,Ahmedabad,380001,Affiliate,2024-05-23
CUST-07017,Shreya Sharma,Bihar,Muzaffarpur,842001,Paid Ads (Instagram/FB),2024-02-26
CUST-07018,Vikram Nair,Uttar Pradesh,Lucknow,226001,Affiliate,2024-08-31
CUST-07019,Aditya Sharma,West Bengal,Howrah,711101,Affiliate,2024-10-21
CUST-07020,Shreya Verma,Gujarat,Vadodara,390001,Referral / WhatsApp Share,2025-03-30
CUST-07021,Siddharth Verma,Telangana,Warangal,506001,Paid Ads (Instagram/FB),2025-08-23
CUST-07022,Siddharth Nair,Karnataka,Mysuru,570001,Referral / WhatsApp Share,2024-12-01
CUST-07023,Ananya Nair,Uttar Pradesh,Varanasi,221001,Organic Search,2025-07-02
CUST-07024,Rohan Verma,Karnataka,Hubballi,580020,Paid Ads (Instagram/FB),2025-06-11
CUST-07025,Kavya Mehta,Bihar,Gaya,823001,Paid Ads (Instagram/FB),2025-08-23
CUST-07026,Sneha Patel,Madhya Pradesh,Indore,452001,Paid Ads (Instagram/FB),2025-01-06
CUST-07027,Sneha Gupta,Rajasthan,Udaipur,313001,Direct App Open,2025-06-24
CUST-07028,Siddharth Nair,Uttar Pradesh,Varanasi,221001,Referral / WhatsApp Share,2024-02-12
CUST-07029,Ananya Sharma,Madhya Pradesh,Bhopal,462001,Affiliate,2025-03-09
CUST-07030,Shreya Rao,Telangana,Warangal,506001,Referral / WhatsApp Share,2024-09-25
CUST-07031,Shreya Nair,Rajasthan,Jodhpur,342001,Organic Search,2024-12-12
CUST-07032,Aarav Rao,Tamil Nadu,Madurai,625001,Affiliate,2024-10-15
CUST-07033,Pooja Rao,Uttar Pradesh,Varanasi,221001,Organic Search,2025-06-06
CUST-07034,Pooja Mehta,Tamil Nadu,Coimbatore,641001,Direct App Open,2024-10-24
CUST-07035,Aarav Iyer,West Bengal,Kolkata,700001,Direct App Open,2025-02-26
CUST-07036,Pooja Kulkarni,West Bengal,Howrah,711101,Affiliate,2024-08-03
CUST-07037,Sneha Kulkarni,Madhya Pradesh,Gwalior,474001,Organic Search,2024-03-04
CUST-07038,Arjun Rao,Karnataka,Hubballi,580020,Paid Ads (Instagram/FB),2025-04-02
CUST-07039,Neha Kulkarni,Tamil Nadu,Coimbatore,641001,Direct App Open,2025-05-23
CUST-07040,Aditya Verma,Tamil Nadu,Coimbatore,641001,Affiliate,2024-07-03
CUST-07041,Sneha Singh,Uttar Pradesh,Kanpur,208001,Paid Ads (Instagram/FB),2025-06-10
CUST-07042,Neha Mehta,Tamil Nadu,Madurai,625001,Affiliate,2024-09-11
CUST-07043,Neha Deshmukh,Rajasthan,Udaipur,313001,Organic Search,2024-01-18
CUST-07044,Neha Sharma,Tamil Nadu,Coimbatore,641001,Referral / WhatsApp Share,2024-10-18
CUST-07045,Arjun Singh,Telangana,Nizamabad,503001,Direct App Open,2025-04-17
CUST-07046,Aditya Singh,Uttar Pradesh,Agra,282001,Direct App Open,2024-05-15
CUST-07047,Ananya Gupta,Telangana,Warangal,506001,Direct App Open,2025-05-15
CUST-07048,Priya Mehta,West Bengal,Howrah,711101,Affiliate,2024-08-14
CUST-07049,Sneha Sharma,Karnataka,Mysuru,570001,Direct App Open,2025-04-02
CUST-07050,Vikram Deshmukh,Maharashtra,Nashik,422001,Referral / WhatsApp Share,2024-05-06
CUST-07051,Siddharth Mehta,Karnataka,Mysuru,570001,Paid Ads (Instagram/FB),2025-05-09
CUST-07052,Kabir Kulkarni,Gujarat,Ahmedabad,380001,Referral / WhatsApp Share,2025-01-11
CUST-07053,Priya Rao,Gujarat,Surat,395001,Organic Search,2025-05-23
CUST-07054,Aditya Gupta,Maharashtra,Mumbai,400001,Referral / WhatsApp Share,2024-10-16
CUST-07055,Sneha Kulkarni,Madhya Pradesh,Bhopal,462001,Referral / WhatsApp Share,2024-12-27
CUST-07056,Sneha Deshmukh,West Bengal,Howrah,711101,Direct App Open,2024-07-10
CUST-07057,Priya Joshi,Madhya Pradesh,Gwalior,474001,Paid Ads (Instagram/FB),2024-07-27
CUST-07058,Sneha Gupta,Rajasthan,Udaipur,313001,Direct App Open,2025-02-28
CUST-07059,Arjun Sharma,Madhya Pradesh,Gwalior,474001,Referral / WhatsApp Share,2024-01-08
CUST-07060,Vikram Rao,Telangana,Hyderabad,500001,Organic Search,2025-05-29
CUST-07061,Kabir Rao,Maharashtra,Nagpur,440001,Paid Ads (Instagram/FB),2024-03-22
CUST-07062,Neha Patel,West Bengal,Howrah,711101,Direct App Open,2025-07-26
CUST-07063,Sneha Mehta,Uttar Pradesh,Agra,282001,Affiliate,2024-08-25
CUST-07064,Ananya Joshi,Madhya Pradesh,Indore,452001,Organic Search,2024-09-05
CUST-07065,Kavya Patel,Bihar,Patna,800001,Affiliate,2025-08-12
CUST-07066,Aditya Nair,Madhya Pradesh,Gwalior,474001,Referral / WhatsApp Share,2024-01-26
CUST-07067,Priya Sharma,West Bengal,Howrah,711101,Affiliate,2024-07-20
CUST-07068,Pooja Patel,Uttar Pradesh,Lucknow,226001,Referral / WhatsApp Share,2024-07-28
CUST-07069,Rohan Sharma,Karnataka,Mysuru,570001,Referral / WhatsApp Share,2024-02-19
CUST-07070,Aarav Deshmukh,Gujarat,Vadodara,390001,Paid Ads (Instagram/FB),2024-08-10
CUST-07071,Pooja Joshi,Gujarat,Surat,395001,Affiliate,2024-02-13
CUST-07072,Rohan Sharma,Gujarat,Vadodara,390001,Affiliate,2025-04-03
CUST-07073,Arjun Mehta,Uttar Pradesh,Kanpur,208001,Affiliate,2024-10-31
CUST-07074,Vikram Verma,Madhya Pradesh,Bhopal,462001,Direct App Open,2025-04-08
CUST-07075,Kabir Joshi,Gujarat,Vadodara,390001,Referral / WhatsApp Share,2024-05-18
CUST-07076,Shreya Sharma,Madhya Pradesh,Bhopal,462001,Referral / WhatsApp Share,2025-06-08
CUST-07077,Shreya Patel,Karnataka,Mysuru,570001,Paid Ads (Instagram/FB),2025-02-18
CUST-07078,Kabir Singh,Rajasthan,Jodhpur,342001,Paid Ads (Instagram/FB),2025-02-26
CUST-07079,Vikram Singh,Maharashtra,Nagpur,440001,Direct App Open,2025-07-26
CUST-07080,Ananya Gupta,Karnataka,Mysuru,570001,Affiliate,2025-03-20
CUST-07081,Kabir Iyer,Rajasthan,Udaipur,313001,Referral / WhatsApp Share,2025-06-14
CUST-07082,Priya Gupta,Madhya Pradesh,Indore,452001,Direct App Open,2024-11-05
CUST-07083,Vikram Deshmukh,Telangana,Hyderabad,500001,Referral / WhatsApp Share,2025-02-01
CUST-07084,Arjun Verma,Uttar Pradesh,Varanasi,221001,Referral / WhatsApp Share,2025-01-28
CUST-07085,Kavya Deshmukh,Gujarat,Vadodara,390001,Affiliate,2024-12-08
CUST-07086,Ananya Patel,West Bengal,Howrah,711101,Direct App Open,2025-02-17
CUST-07087,Vikram Gupta,Karnataka,Bengaluru,560001,Affiliate,2024-10-12
CUST-07088,Aarav Mehta,Bihar,Muzaffarpur,842001,Organic Search,2025-07-22
CUST-07089,Pooja Joshi,Tamil Nadu,Madurai,625001,Direct App Open,2025-02-03
CUST-07090,Kabir Gupta,Madhya Pradesh,Bhopal,462001,Organic Search,2025-07-04
CUST-07091,Rohan Mehta,Telangana,Hyderabad,500001,Paid Ads (Instagram/FB),2024-05-19
CUST-07092,Vikram Joshi,Madhya Pradesh,Indore,452001,Paid Ads (Instagram/FB),2024-07-09
CUST-07093,Aditya Sharma,Gujarat,Surat,395001,Paid Ads (Instagram/FB),2024-08-23
CUST-07094,Neha Rao,Madhya Pradesh,Indore,452001,Organic Search,2025-01-31
CUST-07095,Rahul Rao,Uttar Pradesh,Kanpur,208001,Affiliate,2025-02-27
CUST-07096,Neha Singh,Madhya Pradesh,Indore,452001,Direct App Open,2025-05-28
CUST-07097,Ananya Sharma,Tamil Nadu,Coimbatore,641001,Referral / WhatsApp Share,2025-08-21
CUST-07098,Kabir Gupta,West Bengal,Siliguri,734001,Direct App Open,2025-02-12
CUST-07099,Rahul Gupta,West Bengal,Howrah,711101,Affiliate,2025-01-29
CUST-07100,Arjun Gupta,Maharashtra,Mumbai,400001,Referral / WhatsApp Share,2024-12-11
CUST-07101,Priya Rao,Karnataka,Mysuru,570001,Direct App Open,2025-03-10
CUST-07102,Vikram Gupta,Tamil Nadu,Madurai,625001,Referral / WhatsApp Share,2024-08-07
CUST-07103,Kabir Iyer,Karnataka,Mysuru,570001,Organic Search,2025-01-11
CUST-07104,Kabir Patel,Tamil Nadu,Coimbatore,641001,Referral / WhatsApp Share,2024-07-16
CUST-07105,Aditya Singh,Tamil Nadu,Chennai,600001,Organic Search,2024-03-03
CUST-07106,Vikram Mehta,Uttar Pradesh,Agra,282001,Direct App Open,2024-09-13
CUST-07107,Neha Rao,Uttar Pradesh,Varanasi,221001,Paid Ads (Instagram/FB),2024-02-21
CUST-07108,Ananya Kulkarni,Uttar Pradesh,Lucknow,226001,Affiliate,2025-06-24
CUST-07109,Sneha Gupta,Maharashtra,Nagpur,440001,Direct App Open,2025-01-18
CUST-07110,Rahul Patel,Gujarat,Ahmedabad,380001,Referral / WhatsApp Share,2025-07-14
CUST-07111,Sneha Sharma,Madhya Pradesh,Bhopal,462001,Referral / WhatsApp Share,2024-07-11
CUST-07112,Aditya Mehta,Karnataka,Hubballi,580020,Affiliate,2025-05-27
CUST-07113,Kavya Verma,Bihar,Gaya,823001,Paid Ads (Instagram/FB),2024-07-09
CUST-07114,Kavya Verma,Telangana,Nizamabad,503001,Organic Search,2024-10-12
CUST-07115,Rohan Iyer,Gujarat,Vadodara,390001,Organic Search,2024-01-02
CUST-07116,Kabir Sharma,Madhya Pradesh,Gwalior,474001,Organic Search,2025-05-17
CUST-07117,Aarav Sharma,West Bengal,Kolkata,700001,Paid Ads (Instagram/FB),2024-03-24
CUST-07118,Arjun Singh,West Bengal,Howrah,711101,Referral / WhatsApp Share,2025-08-17
CUST-07119,Kavya Joshi,West Bengal,Siliguri,734001,Affiliate,2024-01-22
CUST-07120,Sneha Mehta,Rajasthan,Jaipur,302001,Paid Ads (Instagram/FB),2024-12-25
CUST-07121,Pooja Deshmukh,Bihar,Patna,800001,Organic Search,2024-10-23
CUST-07122,Ananya Kulkarni,Madhya Pradesh,Bhopal,462001,Organic Search,2024-11-15
CUST-07123,Kavya Sharma,Rajasthan,Jodhpur,342001,Referral / WhatsApp Share,2024-05-06
CUST-07124,Ananya Sharma,Bihar,Patna,800001,Organic Search,2024-06-05
CUST-07125,Aditya Mehta,Uttar Pradesh,Agra,282001,Affiliate,2025-04-11
CUST-07126,Vikram Kulkarni,Gujarat,Surat,395001,Organic Search,2024-10-16
CUST-07127,Neha Iyer,Karnataka,Bengaluru,560001,Referral / WhatsApp Share,2024-09-08
CUST-07128,Priya Deshmukh,Karnataka,Mysuru,570001,Referral / WhatsApp Share,2024-09-11
CUST-07129,Siddharth Patel,Karnataka,Mysuru,570001,Direct App Open,2025-02-25
CUST-07130,Sneha Joshi,Maharashtra,Pune,411001,Paid Ads (Instagram/FB),2024-07-25
CUST-07131,Kabir Patel,Bihar,Gaya,823001,Referral / WhatsApp Share,2025-06-06
CUST-07132,Aarav Joshi,Karnataka,Mysuru,570001,Direct App Open,2024-11-29
CUST-07133,Sneha Kulkarni,Karnataka,Mysuru,570001,Direct App Open,2024-05-22
CUST-07134,Aditya Sharma,Gujarat,Surat,395001,Direct App Open,2024-02-28
CUST-07135,Rohan Verma,West Bengal,Kolkata,700001,Organic Search,2024-01-08
CUST-07136,Aditya Kulkarni,Bihar,Muzaffarpur,842001,Direct App Open,2024-02-12
CUST-07137,Kabir Deshmukh,Maharashtra,Nagpur,440001,Direct App Open,2024-03-18
CUST-07138,Siddharth Patel,Karnataka,Bengaluru,560001,Affiliate,2024-04-03
CUST-07139,Kavya Joshi,Rajasthan,Udaipur,313001,Affiliate,2024-07-26
CUST-07140,Siddharth Mehta,Gujarat,Surat,395001,Paid Ads (Instagram/FB),2025-08-11
CUST-07141,Siddharth Iyer,Gujarat,Ahmedabad,380001,Referral / WhatsApp Share,2024-10-06
CUST-07142,Arjun Singh,Telangana,Nizamabad,503001,Referral / WhatsApp Share,2024-03-24
CUST-07143,Kavya Joshi,West Bengal,Howrah,711101,Organic Search,2025-03-28
CUST-07144,Pooja Singh,Gujarat,Ahmedabad,380001,Organic Search,2025-06-24
CUST-07145,Ananya Sharma,Karnataka,Mysuru,570001,Paid Ads (Instagram/FB),2025-02-09
CUST-07146,Rahul Singh,Bihar,Muzaffarpur,842001,Affiliate,2024-12-08
CUST-07147,Rahul Gupta,West Bengal,Siliguri,734001,Organic Search,2025-08-10
CUST-07148,Aarav Mehta,Maharashtra,Nagpur,440001,Organic Search,2024-03-07
CUST-07149,Sneha Rao,Tamil Nadu,Madurai,625001,Affiliate,2024-02-03
CUST-07150,Siddharth Kulkarni,Uttar Pradesh,Lucknow,226001,Affiliate,2024-08-14
CUST-07151,Ananya Singh,Bihar,Gaya,823001,Paid Ads (Instagram/FB),2024-08-17
CUST-07152,Kabir Iyer,Gujarat,Ahmedabad,380001,Referral / WhatsApp Share,2025-05-08
CUST-07153,Shreya Kulkarni,Tamil Nadu,Chennai,600001,Direct App Open,2024-02-24
CUST-07154,Aarav Deshmukh,Madhya Pradesh,Indore,452001,Organic Search,2025-02-19
CUST-07155,Siddharth Singh,Gujarat,Surat,395001,Direct App Open,2024-02-03
CUST-07156,Rahul Gupta,Karnataka,Bengaluru,560001,Direct App Open,2024-01-11
CUST-07157,Kavya Rao,Tamil Nadu,Coimbatore,641001,Organic Search,2024-04-23
CUST-07158,Kavya Mehta,West Bengal,Siliguri,734001,Affiliate,2024-06-22
CUST-07159,Arjun Gupta,Gujarat,Ahmedabad,380001,Affiliate,2025-04-26
CUST-07160,Priya Verma,Madhya Pradesh,Indore,452001,Direct App Open,2025-06-25
CUST-07161,Priya Verma,Bihar,Muzaffarpur,842001,Direct App Open,2025-01-18
CUST-07162,Aarav Kulkarni,Telangana,Hyderabad,500001,Direct App Open,2024-08-30
CUST-07163,Shreya Deshmukh,Gujarat,Ahmedabad,380001,Organic Search,2024-02-28
CUST-07164,Rahul Kulkarni,West Bengal,Siliguri,734001,Organic Search,2025-01-22
CUST-07165,Pooja Nair,Gujarat,Ahmedabad,380001,Organic Search,2025-05-14
CUST-07166,Pooja Iyer,Bihar,Gaya,823001,Direct App Open,2024-01-29
CUST-07167,Arjun Deshmukh,Tamil Nadu,Madurai,625001,Referral / WhatsApp Share,2024-02-14
CUST-07168,Kabir Kulkarni,Tamil Nadu,Coimbatore,641001,Paid Ads (Instagram/FB),2024-12-08
CUST-07169,Pooja Iyer,West Bengal,Howrah,711101,Organic Search,2025-05-24
CUST-07170,Kavya Joshi,West Bengal,Kolkata,700001,Affiliate,2024-09-24
CUST-07171,Kabir Mehta,Maharashtra,Nashik,422001,Affiliate,2024-11-24
CUST-07172,Kabir Mehta,Karnataka,Mysuru,570001,Organic Search,2025-08-17
CUST-07173,Rahul Mehta,Bihar,Patna,800001,Paid Ads (Instagram/FB),2025-01-27
CUST-07174,Siddharth Rao,Uttar Pradesh,Lucknow,226001,Affiliate,2025-03-22
CUST-07175,Arjun Sharma,Uttar Pradesh,Lucknow,226001,Affiliate,2024-08-13
CUST-07176,Kabir Sharma,Telangana,Nizamabad,503001,Organic Search,2024-10-12
CUST-07177,Kavya Deshmukh,Maharashtra,Mumbai,400001,Direct App Open,2024-02-20
CUST-07178,Aarav Iyer,Karnataka,Mysuru,570001,Direct App Open,2024-06-21
CUST-07179,Arjun Sharma,West Bengal,Siliguri,734001,Affiliate,2025-04-17
CUST-07180,Neha Verma,Rajasthan,Jaipur,302001,Organic Search,2024-10-11
CUST-07181,Rahul Deshmukh,Rajasthan,Jaipur,302001,Direct App Open,2025-06-02
CUST-07182,Rohan Patel,Uttar Pradesh,Varanasi,221001,Direct App Open,2025-02-14
CUST-07183,Vikram Joshi,Maharashtra,Nashik,422001,Direct App Open,2024-07-26
CUST-07184,Rahul Kulkarni,Telangana,Warangal,506001,Direct App Open,2025-07-30
CUST-07185,Rahul Patel,Telangana,Hyderabad,500001,Paid Ads (Instagram/FB),2024-02-07
CUST-07186,Sneha Patel,Gujarat,Surat,395001,Direct App Open,2024-09-02
CUST-07187,Kavya Rao,Telangana,Nizamabad,503001,Direct App Open,2024-10-16
CUST-07188,Shreya Nair,Telangana,Hyderabad,500001,Referral / WhatsApp Share,2024-02-15
CUST-07189,Aarav Verma,West Bengal,Kolkata,700001,Direct App Open,2025-04-23
CUST-07190,Shreya Singh,Madhya Pradesh,Indore,452001,Direct App Open,2024-07-12
CUST-07191,Sneha Nair,Uttar Pradesh,Kanpur,208001,Organic Search,2025-05-16
CUST-07192,Shreya Verma,Tamil Nadu,Madurai,625001,Direct App Open,2024-10-15
CUST-07193,Neha Verma,Telangana,Hyderabad,500001,Referral / WhatsApp Share,2024-12-07
CUST-07194,Rahul Nair,Tamil Nadu,Chennai,600001,Affiliate,2024-08-28
CUST-07195,Sneha Joshi,Telangana,Nizamabad,503001,Affiliate,2025-04-25
CUST-07196,Siddharth Patel,Karnataka,Mysuru,570001,Paid Ads (Instagram/FB),2024-02-06
CUST-07197,Kavya Patel,Telangana,Hyderabad,500001,Organic Search,2025-01-24
CUST-07198,Aditya Singh,Bihar,Muzaffarpur,842001,Affiliate,2024-05-06
CUST-07199,Rohan Joshi,Rajasthan,Jaipur,302001,Affiliate,2024-04-01
CUST-07200,Pooja Joshi,Telangana,Nizamabad,503001,Paid Ads (Instagram/FB),2024-08-03
CUST-07201,Sneha Iyer,Maharashtra,Pune,411001,Organic Search,2024-09-08
CUST-07202,Siddharth Nair,Rajasthan,Udaipur,313001,Paid Ads (Instagram/FB),2024-02-10
CUST-07203,Sneha Gupta,Bihar,Muzaffarpur,842001,Paid Ads (Instagram/FB),2025-06-11
CUST-07204,Siddharth Rao,Rajasthan,Jodhpur,342001,Paid Ads (Instagram/FB),2024-08-29
CUST-07205,Sneha Kulkarni,Karnataka,Mysuru,570001,Paid Ads (Instagram/FB),2024-02-24
CUST-07206,Rohan Deshmukh,Tamil Nadu,Madurai,625001,Direct App Open,2024-09-16
CUST-07207,Neha Nair,Uttar Pradesh,Lucknow,226001,Paid Ads (Instagram/FB),2025-07-25
CUST-07208,Rohan Joshi,Telangana,Nizamabad,503001,Affiliate,2024-07-20
CUST-07209,Vikram Rao,West Bengal,Kolkata,700001,Direct App Open,2024-08-24
CUST-07210,Pooja Mehta,Karnataka,Bengaluru,560001,Affiliate,2024-08-14
CUST-07211,Priya Verma,Rajasthan,Udaipur,313001,Direct App Open,2024-12-09
CUST-07212,Aditya Sharma,Gujarat,Vadodara,390001,Referral / WhatsApp Share,2025-03-25
CUST-07213,Sneha Gupta,Maharashtra,Nagpur,440001,Referral / WhatsApp Share,2025-05-08
CUST-07214,Shreya Gupta,Rajasthan,Udaipur,313001,Direct App Open,2025-07-30
CUST-07215,Priya Verma,Tamil Nadu,Chennai,600001,Organic Search,2024-05-08
CUST-07216,Rahul Singh,Gujarat,Surat,395001,Referral / WhatsApp Share,2024-07-30
CUST-07217,Sneha Iyer,Madhya Pradesh,Gwalior,474001,Organic Search,2024-03-11
CUST-07218,Shreya Kulkarni,Rajasthan,Jodhpur,342001,Organic Search,2024-05-24
CUST-07219,Aditya Verma,Karnataka,Bengaluru,560001,Affiliate,2024-10-05
CUST-07220,Arjun Sharma,Gujarat,Surat,395001,Affiliate,2025-01-17
CUST-07221,Neha Gupta,West Bengal,Howrah,711101,Paid Ads (Instagram/FB),2024-09-19
CUST-07222,Ananya Iyer,Telangana,Hyderabad,500001,Direct App Open,2025-07-02
CUST-07223,Kabir Verma,Maharashtra,Nagpur,440001,Referral / WhatsApp Share,2024-01-17
CUST-07224,Kabir Deshmukh,Tamil Nadu,Chennai,600001,Affiliate,2024-10-06
CUST-07225,Vikram Patel,Maharashtra,Mumbai,400001,Organic Search,2024-11-03
CUST-07226,Rohan Verma,Telangana,Warangal,506001,Referral / WhatsApp Share,2024-07-16
CUST-07227,Sneha Singh,Telangana,Hyderabad,500001,Organic Search,2024-01-02
CUST-07228,Priya Nair,Uttar Pradesh,Agra,282001,Affiliate,2024-04-26
CUST-07229,Ananya Mehta,Telangana,Hyderabad,500001,Referral / WhatsApp Share,2025-04-04
CUST-07230,Sneha Iyer,Madhya Pradesh,Indore,452001,Affiliate,2024-03-20
CUST-07231,Priya Patel,West Bengal,Siliguri,734001,Direct App Open,2024-02-08
CUST-07232,Kavya Iyer,Tamil Nadu,Coimbatore,641001,Referral / WhatsApp Share,2025-02-09
CUST-07233,Aarav Gupta,Uttar Pradesh,Agra,282001,Referral / WhatsApp Share,2024-06-14
CUST-07234,Kabir Mehta,Tamil Nadu,Coimbatore,641001,Referral / WhatsApp Share,2024-10-17
CUST-07235,Kabir Mehta,Maharashtra,Pune,411001,Organic Search,2024-08-24
CUST-07236,Sneha Rao,Tamil Nadu,Coimbatore,641001,Affiliate,2024-06-22
CUST-07237,Rohan Gupta,Gujarat,Vadodara,390001,Referral / WhatsApp Share,2024-01-05
CUST-07238,Neha Patel,Rajasthan,Jaipur,302001,Referral / WhatsApp Share,2024-08-22
CUST-07239,Vikram Joshi,Bihar,Patna,800001,Affiliate,2024-12-14
CUST-07240,Kavya Singh,Rajasthan,Udaipur,313001,Organic Search,2024-02-21
CUST-07241,Kabir Sharma,Gujarat,Vadodara,390001,Affiliate,2024-03-19
CUST-07242,Aarav Verma,Telangana,Warangal,506001,Organic Search,2025-02-04
CUST-07243,Ananya Kulkarni,Karnataka,Bengaluru,560001,Referral / WhatsApp Share,2024-03-28
CUST-07244,Shreya Mehta,Maharashtra,Pune,411001,Paid Ads (Instagram/FB),2024-10-25
CUST-07245,Rahul Patel,Rajasthan,Jodhpur,342001,Direct App Open,2024-03-09
CUST-07246,Kabir Nair,Maharashtra,Nagpur,440001,Direct App Open,2024-09-16
CUST-07247,Rahul Patel,Madhya Pradesh,Gwalior,474001,Referral / WhatsApp Share,2024-10-03
CUST-07248,Priya Iyer,Gujarat,Vadodara,390001,Paid Ads (Instagram/FB),2025-03-21
CUST-07249,Kabir Kulkarni,Maharashtra,Pune,411001,Affiliate,2024-12-14
CUST-07250,Pooja Patel,West Bengal,Howrah,711101,Referral / WhatsApp Share,2025-07-19
CUST-07251,Priya Verma,Telangana,Hyderabad,500001,Referral / WhatsApp Share,2025-04-29
CUST-07252,Arjun Mehta,Telangana,Hyderabad,500001,Referral / WhatsApp Share,2024-06-30
CUST-07253,Shreya Singh,Telangana,Hyderabad,500001,Paid Ads (Instagram/FB),2024-03-28
CUST-07254,Kavya Deshmukh,Uttar Pradesh,Lucknow,226001,Referral / WhatsApp Share,2024-06-12
CUST-07255,Pooja Deshmukh,Telangana,Warangal,506001,Affiliate,2024-04-25
CUST-07256,Vikram Patel,Tamil Nadu,Chennai,600001,Organic Search,2024-08-09
CUST-07257,Kavya Nair,West Bengal,Siliguri,734001,Direct App Open,2025-08-14
CUST-07258,Pooja Iyer,Telangana,Hyderabad,500001,Referral / WhatsApp Share,2024-06-21
CUST-07259,Kabir Kulkarni,Karnataka,Bengaluru,560001,Organic Search,2024-06-15
CUST-07260,Kavya Rao,Maharashtra,Mumbai,400001,Direct App Open,2024-11-05
CUST-07261,Aditya Sharma,Karnataka,Bengaluru,560001,Affiliate,2025-06-02
CUST-07262,Rahul Singh,Tamil Nadu,Coimbatore,641001,Affiliate,2025-05-30
CUST-07263,Arjun Nair,Bihar,Gaya,823001,Referral / WhatsApp Share,2024-10-31
CUST-07264,Arjun Patel,Madhya Pradesh,Bhopal,462001,Direct App Open,2024-07-10
CUST-07265,Siddharth Deshmukh,Uttar Pradesh,Kanpur,208001,Direct App Open,2025-04-13
CUST-07266,Aditya Gupta,West Bengal,Siliguri,734001,Organic Search,2025-03-02
CUST-07267,Vikram Singh,Telangana,Hyderabad,500001,Referral / WhatsApp Share,2024-07-14
CUST-07268,Siddharth Mehta,Uttar Pradesh,Lucknow,226001,Organic Search,2024-04-10
CUST-07269,Ananya Sharma,Madhya Pradesh,Indore,452001,Paid Ads (Instagram/FB),2024-08-10
CUST-07270,Priya Kulkarni,Bihar,Muzaffarpur,842001,Paid Ads (Instagram/FB),2024-08-29
CUST-07271,Vikram Mehta,Madhya Pradesh,Indore,452001,Organic Search,2024-05-08
CUST-07272,Rohan Rao,Tamil Nadu,Coimbatore,641001,Paid Ads (Instagram/FB),2025-02-06
CUST-07273,Neha Patel,Gujarat,Ahmedabad,380001,Organic Search,2024-05-22
CUST-07274,Sneha Iyer,Tamil Nadu,Chennai,600001,Paid Ads (Instagram/FB),2025-07-03
CUST-07275,Kabir Verma,Maharashtra,Nashik,422001,Direct App Open,2025-01-29
CUST-07276,Aarav Singh,Karnataka,Hubballi,580020,Paid Ads (Instagram/FB),2025-07-02
CUST-07277,Neha Gupta,Bihar,Muzaffarpur,842001,Direct App Open,2025-04-26
CUST-07278,Vikram Sharma,Madhya Pradesh,Gwalior,474001,Direct App Open,2025-05-13
CUST-07279,Kavya Mehta,Uttar Pradesh,Lucknow,226001,Direct App Open,2024-12-12
CUST-07280,Rohan Singh,Maharashtra,Mumbai,400001,Paid Ads (Instagram/FB),2024-08-11
CUST-07281,Shreya Sharma,West Bengal,Kolkata,700001,Organic Search,2025-05-19
CUST-07282,Aditya Mehta,Tamil Nadu,Coimbatore,641001,Paid Ads (Instagram/FB),2024-12-18
CUST-07283,Vikram Mehta,Bihar,Gaya,823001,Referral / WhatsApp Share,2024-03-07
CUST-07284,Kabir Rao,Madhya Pradesh,Gwalior,474001,Paid Ads (Instagram/FB),2024-07-01
CUST-07285,Neha Joshi,Gujarat,Vadodara,390001,Affiliate,2024-11-22
CUST-07286,Shreya Mehta,Gujarat,Vadodara,390001,Organic Search,2025-07-18
CUST-07287,Rohan Nair,Telangana,Hyderabad,500001,Direct App Open,2024-07-15
CUST-07288,Rahul Gupta,Karnataka,Mysuru,570001,Affiliate,2025-03-12
CUST-07289,Arjun Sharma,Rajasthan,Udaipur,313001,Organic Search,2024-10-07
CUST-07290,Rohan Gupta,Gujarat,Surat,395001,Direct App Open,2024-08-24
CUST-07291,Priya Nair,Telangana,Nizamabad,503001,Referral / WhatsApp Share,2025-08-15
CUST-07292,Ananya Patel,Uttar Pradesh,Agra,282001,Affiliate,2024-07-10
CUST-07293,Rahul Patel,Gujarat,Surat,395001,Paid Ads (Instagram/FB),2024-11-15
CUST-07294,Shreya Verma,Maharashtra,Nagpur,440001,Organic Search,2025-04-25
CUST-07295,Kavya Gupta,Maharashtra,Nashik,422001,Direct App Open,2025-01-18
CUST-07296,Aarav Rao,Madhya Pradesh,Gwalior,474001,Referral / WhatsApp Share,2025-08-02
CUST-07297,Vikram Gupta,Telangana,Nizamabad,503001,Affiliate,2025-02-13
CUST-07298,Ananya Kulkarni,Rajasthan,Jodhpur,342001,Affiliate,2025-03-02
CUST-07299,Shreya Joshi,Karnataka,Bengaluru,560001,Paid Ads (Instagram/FB),2025-07-13
CUST-07300,Aditya Sharma,West Bengal,Siliguri,734001,Referral / WhatsApp Share,2024-03-15
CUST-07301,Pooja Singh,Madhya Pradesh,Indore,452001,Referral / WhatsApp Share,2024-10-11
CUST-07302,Shreya Mehta,Karnataka,Mysuru,570001,Affiliate,2024-12-06
CUST-07303,Sneha Patel,Gujarat,Ahmedabad,380001,Organic Search,2024-12-01
CUST-07304,Pooja Patel,West Bengal,Howrah,711101,Organic Search,2025-08-18
CUST-07305,Kabir Iyer,West Bengal,Kolkata,700001,Organic Search,2024-01-27
CUST-07306,Pooja Joshi,Rajasthan,Jodhpur,342001,Referral / WhatsApp Share,2024-04-19
CUST-07307,Rahul Iyer,Bihar,Patna,800001,Direct App Open,2024-12-30
CUST-07308,Shreya Deshmukh,Maharashtra,Nagpur,440001,Organic Search,2024-09-14
CUST-07309,Priya Verma,Gujarat,Surat,395001,Paid Ads (Instagram/FB),2024-05-24
CUST-07310,Ananya Singh,Karnataka,Mysuru,570001,Direct App Open,2025-05-29
CUST-07311,Siddharth Verma,Maharashtra,Pune,411001,Paid Ads (Instagram/FB),2024-08-09
CUST-07312,Rahul Nair,Uttar Pradesh,Kanpur,208001,Affiliate,2024-03-23
CUST-07313,Neha Patel,Madhya Pradesh,Gwalior,474001,Affiliate,2024-08-23
CUST-07314,Sneha Singh,Rajasthan,Udaipur,313001,Referral / WhatsApp Share,2024-05-22
CUST-07315,Kavya Patel,Uttar Pradesh,Kanpur,208001,Direct App Open,2024-11-20
CUST-07316,Pooja Joshi,Gujarat,Surat,395001,Paid Ads (Instagram/FB),2024-03-13
CUST-07317,Priya Singh,Telangana,Hyderabad,500001,Paid Ads (Instagram/FB),2024-04-17
CUST-07318,Aditya Sharma,Madhya Pradesh,Gwalior,474001,Direct App Open,2024-06-14
CUST-07319,Ananya Sharma,Bihar,Muzaffarpur,842001,Referral / WhatsApp Share,2025-08-18
CUST-07320,Aditya Singh,Maharashtra,Mumbai,400001,Paid Ads (Instagram/FB),2025-06-29
CUST-07321,Priya Nair,Maharashtra,Pune,411001,Direct App Open,2024-10-31
CUST-07322,Arjun Kulkarni,Uttar Pradesh,Lucknow,226001,Organic Search,2024-05-12
CUST-07323,Priya Nair,Karnataka,Mysuru,570001,Organic Search,2024-09-15
CUST-07324,Aarav Nair,Uttar Pradesh,Agra,282001,Organic Search,2024-05-17
CUST-07325,Arjun Singh,Bihar,Patna,800001,Direct App Open,2025-07-17
CUST-07326,Neha Nair,Rajasthan,Udaipur,313001,Paid Ads (Instagram/FB),2024-07-07
CUST-07327,Siddharth Patel,Tamil Nadu,Madurai,625001,Affiliate,2025-08-10
CUST-07328,Neha Sharma,Gujarat,Vadodara,390001,Paid Ads (Instagram/FB),2024-01-22
CUST-07329,Vikram Iyer,Tamil Nadu,Madurai,625001,Direct App Open,2024-09-18
CUST-07330,Ananya Rao,Gujarat,Surat,395001,Referral / WhatsApp Share,2024-05-12
CUST-07331,Priya Sharma,Bihar,Gaya,823001,Organic Search,2024-02-16
CUST-07332,Siddharth Sharma,Tamil Nadu,Coimbatore,641001,Organic Search,2024-03-08
CUST-07333,Aarav Gupta,Tamil Nadu,Chennai,600001,Paid Ads (Instagram/FB),2024-05-04
CUST-07334,Ananya Kulkarni,West Bengal,Howrah,711101,Direct App Open,2025-08-07
CUST-07335,Vikram Mehta,Maharashtra,Nashik,422001,Paid Ads (Instagram/FB),2024-05-10
CUST-07336,Rahul Iyer,Telangana,Warangal,506001,Direct App Open,2025-04-20
CUST-07337,Rohan Gupta,Uttar Pradesh,Agra,282001,Direct App Open,2024-03-19
CUST-07338,Shreya Nair,Telangana,Nizamabad,503001,Affiliate,2025-07-21
CUST-07339,Neha Rao,Madhya Pradesh,Indore,452001,Direct App Open,2025-03-09
CUST-07340,Neha Rao,Rajasthan,Jodhpur,342001,Organic Search,2024-08-10
CUST-07341,Arjun Verma,Rajasthan,Udaipur,313001,Organic Search,2024-05-11
CUST-07342,Siddharth Iyer,Telangana,Nizamabad,503001,Organic Search,2025-06-29
CUST-07343,Pooja Iyer,Telangana,Warangal,506001,Paid Ads (Instagram/FB),2024-02-12
CUST-07344,Vikram Nair,Rajasthan,Jaipur,302001,Organic Search,2024-10-08
CUST-07345,Sneha Patel,Telangana,Warangal,506001,Referral / WhatsApp Share,2024-12-15
CUST-07346,Shreya Nair,Bihar,Muzaffarpur,842001,Organic Search,2025-04-12
CUST-07347,Kavya Rao,Gujarat,Surat,395001,Organic Search,2025-07-05
CUST-07348,Arjun Gupta,Maharashtra,Nashik,422001,Affiliate,2025-02-16
CUST-07349,Siddharth Singh,Maharashtra,Pune,411001,Organic Search,2024-12-22
CUST-07350,Aditya Verma,West Bengal,Siliguri,734001,Referral / WhatsApp Share,2024-07-16
CUST-07351,Aditya Deshmukh,Uttar Pradesh,Varanasi,221001,Paid Ads (Instagram/FB),2025-02-04
CUST-07352,Shreya Mehta,Maharashtra,Nagpur,440001,Referral / WhatsApp Share,2024-11-09
CUST-07353,Pooja Iyer,Gujarat,Vadodara,390001,Paid Ads (Instagram/FB),2025-04-03
CUST-07354,Priya Gupta,Telangana,Warangal,506001,Referral / WhatsApp Share,2024-02-01
CUST-07355,Kabir Iyer,Madhya Pradesh,Indore,452001,Direct App Open,2025-04-12
CUST-07356,Aarav Mehta,Maharashtra,Nashik,422001,Organic Search,2024-12-29
CUST-07357,Ananya Verma,Madhya Pradesh,Gwalior,474001,Referral / WhatsApp Share,2024-07-09
CUST-07358,Aarav Gupta,West Bengal,Howrah,711101,Referral / WhatsApp Share,2024-12-10
CUST-07359,Siddharth Iyer,West Bengal,Howrah,711101,Referral / WhatsApp Share,2024-02-06
CUST-07360,Neha Nair,Telangana,Nizamabad,503001,Direct App Open,2025-04-11
CUST-07361,Neha Rao,Madhya Pradesh,Gwalior,474001,Affiliate,2024-06-17
CUST-07362,Rahul Rao,Karnataka,Bengaluru,560001,Organic Search,2024-02-09
CUST-07363,Neha Mehta,Maharashtra,Nagpur,440001,Organic Search,2024-11-13
CUST-07364,Neha Patel,Uttar Pradesh,Kanpur,208001,Referral / WhatsApp Share,2025-02-16
CUST-07365,Priya Rao,Rajasthan,Jodhpur,342001,Direct App Open,2025-07-04
CUST-07366,Shreya Sharma,Tamil Nadu,Chennai,600001,Organic Search,2024-11-14
CUST-07367,Arjun Joshi,Bihar,Gaya,823001,Organic Search,2025-06-18
CUST-07368,Kabir Singh,Tamil Nadu,Chennai,600001,Direct App Open,2024-05-09
CUST-07369,Siddharth Singh,Tamil Nadu,Coimbatore,641001,Organic Search,2024-09-21
CUST-07370,Pooja Nair,Bihar,Gaya,823001,Organic Search,2024-04-27
CUST-07371,Siddharth Sharma,Uttar Pradesh,Agra,282001,Direct App Open,2024-01-15
CUST-07372,Ananya Iyer,Karnataka,Mysuru,570001,Direct App Open,2024-02-18
CUST-07373,Shreya Singh,Tamil Nadu,Chennai,600001,Organic Search,2025-04-19
CUST-07374,Ananya Mehta,Tamil Nadu,Coimbatore,641001,Direct App Open,2025-06-26
CUST-07375,Pooja Deshmukh,Rajasthan,Udaipur,313001,Referral / WhatsApp Share,2024-03-02
CUST-07376,Siddharth Iyer,Maharashtra,Nagpur,440001,Paid Ads (Instagram/FB),2025-06-09
CUST-07377,Priya Verma,Rajasthan,Udaipur,313001,Affiliate,2025-05-27
CUST-07378,Aditya Deshmukh,Telangana,Hyderabad,500001,Referral / WhatsApp Share,2025-02-17
CUST-07379,Kavya Deshmukh,Karnataka,Mysuru,570001,Direct App Open,2024-01-23
CUST-07380,Vikram Nair,Uttar Pradesh,Lucknow,226001,Paid Ads (Instagram/FB),2024-03-01
CUST-07381,Priya Nair,Bihar,Gaya,823001,Paid Ads (Instagram/FB),2024-05-19
CUST-07382,Ananya Patel,Tamil Nadu,Coimbatore,641001,Direct App Open,2025-01-15
CUST-07383,Priya Nair,Uttar Pradesh,Kanpur,208001,Direct App Open,2025-01-11
CUST-07384,Pooja Patel,Rajasthan,Jaipur,302001,Organic Search,2024-09-08
CUST-07385,Vikram Iyer,Rajasthan,Jodhpur,342001,Paid Ads (Instagram/FB),2024-06-07
CUST-07386,Sneha Joshi,Rajasthan,Jodhpur,342001,Organic Search,2024-12-04
CUST-07387,Ananya Joshi,Karnataka,Mysuru,570001,Organic Search,2024-06-07
CUST-07388,Ananya Patel,Uttar Pradesh,Varanasi,221001,Referral / WhatsApp Share,2024-04-21
CUST-07389,Rahul Patel,Uttar Pradesh,Lucknow,226001,Paid Ads (Instagram/FB),2024-01-29
CUST-07390,Kabir Sharma,Rajasthan,Jaipur,302001,Paid Ads (Instagram/FB),2025-02-15
CUST-07391,Rahul Deshmukh,Gujarat,Ahmedabad,380001,Organic Search,2025-01-04
CUST-07392,Kavya Mehta,Karnataka,Bengaluru,560001,Referral / WhatsApp Share,2024-09-28
CUST-07393,Rohan Gupta,Bihar,Gaya,823001,Paid Ads (Instagram/FB),2025-01-09
CUST-07394,Kavya Iyer,Madhya Pradesh,Indore,452001,Paid Ads (Instagram/FB),2024-11-19
CUST-07395,Siddharth Joshi,Uttar Pradesh,Lucknow,226001,Direct App Open,2024-04-21
CUST-07396,Rahul Kulkarni,Telangana,Nizamabad,503001,Affiliate,2024-11-14
CUST-07397,Vikram Rao,Karnataka,Mysuru,570001,Organic Search,2025-06-30
CUST-07398,Vikram Kulkarni,West Bengal,Kolkata,700001,Direct App Open,2024-11-20
CUST-07399,Arjun Mehta,Bihar,Muzaffarpur,842001,Paid Ads (Instagram/FB),2025-01-12
CUST-07400,Aarav Nair,Uttar Pradesh,Varanasi,221001,Affiliate,2025-08-17
CUST-07401,Kavya Gupta,Tamil Nadu,Chennai,600001,Paid Ads (Instagram/FB),2024-07-15
CUST-07402,Rohan Iyer,West Bengal,Siliguri,734001,Referral / WhatsApp Share,2024-08-23
CUST-07403,Kavya Kulkarni,Madhya Pradesh,Bhopal,462001,Paid Ads (Instagram/FB),2024-12-07
CUST-07404,Aditya Gupta,Karnataka,Hubballi,580020,Affiliate,2024-01-31
CUST-07405,Sneha Sharma,Rajasthan,Jodhpur,342001,Organic Search,2025-05-24
CUST-07406,Shreya Gupta,Madhya Pradesh,Bhopal,462001,Affiliate,2025-04-06
CUST-07407,Siddharth Iyer,West Bengal,Howrah,711101,Referral / WhatsApp Share,2024-05-14
CUST-07408,Sneha Mehta,Tamil Nadu,Madurai,625001,Direct App Open,2025-05-19
CUST-07409,Neha Verma,Tamil Nadu,Coimbatore,641001,Referral / WhatsApp Share,2025-08-02
CUST-07410,Kabir Singh,Telangana,Hyderabad,500001,Organic Search,2024-11-09
CUST-07411,Kabir Singh,Maharashtra,Mumbai,400001,Direct App Open,2024-01-09
CUST-07412,Kabir Deshmukh,Madhya Pradesh,Gwalior,474001,Paid Ads (Instagram/FB),2025-02-03
CUST-07413,Vikram Nair,Bihar,Patna,800001,Direct App Open,2025-01-07
CUST-07414,Siddharth Kulkarni,Gujarat,Surat,395001,Direct App Open,2024-08-21
CUST-07415,Siddharth Nair,West Bengal,Siliguri,734001,Referral / WhatsApp Share,2025-01-23
CUST-07416,Aarav Deshmukh,Uttar Pradesh,Kanpur,208001,Organic Search,2024-01-23
CUST-07417,Aditya Singh,Maharashtra,Nashik,422001,Paid Ads (Instagram/FB),2025-01-04
CUST-07418,Vikram Kulkarni,Gujarat,Vadodara,390001,Direct App Open,2024-02-14
CUST-07419,Priya Joshi,Maharashtra,Pune,411001,Paid Ads (Instagram/FB),2024-09-15
CUST-07420,Neha Sharma,Rajasthan,Udaipur,313001,Paid Ads (Instagram/FB),2025-02-10
CUST-07421,Rohan Kulkarni,Uttar Pradesh,Agra,282001,Referral / WhatsApp Share,2024-07-25
CUST-07422,Priya Gupta,Bihar,Patna,800001,Paid Ads (Instagram/FB),2024-05-14
CUST-07423,Sneha Sharma,Gujarat,Vadodara,390001,Affiliate,2024-10-31
CUST-07424,Ananya Gupta,Telangana,Nizamabad,503001,Affiliate,2024-09-21
CUST-07425,Vikram Mehta,Rajasthan,Udaipur,313001,Affiliate,2025-01-01
CUST-07426,Rohan Gupta,Gujarat,Surat,395001,Organic Search,2025-05-26
CUST-07427,Pooja Singh,Telangana,Warangal,506001,Referral / WhatsApp Share,2024-12-10
CUST-07428,Aditya Singh,Telangana,Nizamabad,503001,Referral / WhatsApp Share,2024-12-28
CUST-07429,Kavya Verma,Madhya Pradesh,Bhopal,462001,Paid Ads (Instagram/FB),2025-04-04
CUST-07430,Shreya Iyer,Uttar Pradesh,Agra,282001,Referral / WhatsApp Share,2024-05-27
CUST-07431,Neha Rao,Uttar Pradesh,Kanpur,208001,Paid Ads (Instagram/FB),2024-05-28
CUST-07432,Aditya Gupta,Tamil Nadu,Chennai,600001,Paid Ads (Instagram/FB),2024-08-06
CUST-07433,Pooja Iyer,Bihar,Muzaffarpur,842001,Paid Ads (Instagram/FB),2025-05-02
CUST-07434,Kabir Patel,Rajasthan,Jodhpur,342001,Referral / WhatsApp Share,2024-02-01
CUST-07435,Siddharth Gupta,Tamil Nadu,Chennai,600001,Referral / WhatsApp Share,2025-02-02
CUST-07436,Sneha Gupta,West Bengal,Kolkata,700001,Organic Search,2024-06-16
CUST-07437,Arjun Joshi,Gujarat,Vadodara,390001,Organic Search,2024-05-05
CUST-07438,Aarav Kulkarni,Maharashtra,Pune,411001,Paid Ads (Instagram/FB),2025-06-28
CUST-07439,Shreya Deshmukh,Karnataka,Bengaluru,560001,Direct App Open,2024-10-25
CUST-07440,Rahul Gupta,West Bengal,Siliguri,734001,Referral / WhatsApp Share,2024-06-22
CUST-07441,Siddharth Nair,Karnataka,Mysuru,570001,Direct App Open,2025-05-17
CUST-07442,Neha Singh,Karnataka,Bengaluru,560001,Affiliate,2024-08-03
CUST-07443,Sneha Rao,Tamil Nadu,Chennai,600001,Paid Ads (Instagram/FB),2025-04-12
CUST-07444,Ananya Rao,Karnataka,Hubballi,580020,Direct App Open,2025-06-16
CUST-07445,Ananya Deshmukh,Bihar,Muzaffarpur,842001,Affiliate,2024-07-10
CUST-07446,Priya Kulkarni,Uttar Pradesh,Lucknow,226001,Organic Search,2024-05-21
CUST-07447,Kabir Sharma,Rajasthan,Jodhpur,342001,Paid Ads (Instagram/FB),2024-03-10
CUST-07448,Vikram Iyer,Tamil Nadu,Madurai,625001,Affiliate,2025-01-29
CUST-07449,Aditya Deshmukh,Bihar,Gaya,823001,Paid Ads (Instagram/FB),2025-05-23
CUST-07450,Priya Kulkarni,West Bengal,Howrah,711101,Paid Ads (Instagram/FB),2024-04-24
CUST-07451,Aarav Kulkarni,Karnataka,Bengaluru,560001,Affiliate,2025-08-04
CUST-07452,Arjun Iyer,Uttar Pradesh,Agra,282001,Paid Ads (Instagram/FB),2024-02-01
CUST-07453,Rahul Deshmukh,West Bengal,Kolkata,700001,Direct App Open,2024-08-02
CUST-07454,Kavya Iyer,Rajasthan,Jodhpur,342001,Paid Ads (Instagram/FB),2024-04-17
CUST-07455,Rohan Deshmukh,Rajasthan,Jaipur,302001,Referral / WhatsApp Share,2024-03-28
CUST-07456,Shreya Singh,Madhya Pradesh,Indore,452001,Organic Search,2024-06-12
CUST-07457,Rahul Rao,Rajasthan,Udaipur,313001,Referral / WhatsApp Share,2024-01-28
CUST-07458,Arjun Mehta,Bihar,Muzaffarpur,842001,Organic Search,2024-01-01
CUST-07459,Pooja Sharma,Rajasthan,Jaipur,302001,Paid Ads (Instagram/FB),2024-01-29
CUST-07460,Arjun Gupta,Rajasthan,Jaipur,302001,Paid Ads (Instagram/FB),2024-05-04
CUST-07461,Arjun Deshmukh,Tamil Nadu,Coimbatore,641001,Paid Ads (Instagram/FB),2024-09-08
CUST-07462,Pooja Gupta,West Bengal,Siliguri,734001,Direct App Open,2024-02-08
CUST-07463,Rohan Iyer,Gujarat,Ahmedabad,380001,Referral / WhatsApp Share,2025-06-12
CUST-07464,Shreya Verma,West Bengal,Kolkata,700001,Direct App Open,2025-01-04
CUST-07465,Neha Deshmukh,Maharashtra,Pune,411001,Paid Ads (Instagram/FB),2024-07-20
CUST-07466,Aarav Nair,Madhya Pradesh,Gwalior,474001,Organic Search,2025-03-20
CUST-07467,Kavya Sharma,Telangana,Warangal,506001,Organic Search,2025-04-21
CUST-07468,Sneha Sharma,Karnataka,Hubballi,580020,Referral / WhatsApp Share,2024-05-04
CUST-07469,Ananya Sharma,Maharashtra,Nashik,422001,Affiliate,2025-07-13
CUST-07470,Kabir Verma,West Bengal,Siliguri,734001,Direct App Open,2024-11-28
CUST-07471,Sneha Gupta,Madhya Pradesh,Indore,452001,Organic Search,2024-12-12
CUST-07472,Pooja Patel,Tamil Nadu,Coimbatore,641001,Organic Search,2024-10-30
CUST-07473,Pooja Verma,Karnataka,Bengaluru,560001,Direct App Open,2025-02-26
CUST-07474,Pooja Singh,Bihar,Patna,800001,Direct App Open,2024-07-01
CUST-07475,Arjun Joshi,West Bengal,Kolkata,700001,Affiliate,2024-05-07
CUST-07476,Vikram Rao,Karnataka,Bengaluru,560001,Referral / WhatsApp Share,2024-08-19
CUST-07477,Rahul Nair,Tamil Nadu,Madurai,625001,Referral / WhatsApp Share,2024-02-17
CUST-07478,Rahul Rao,Tamil Nadu,Coimbatore,641001,Paid Ads (Instagram/FB),2024-04-18
CUST-07479,Neha Joshi,Tamil Nadu,Madurai,625001,Paid Ads (Instagram/FB),2024-10-29
CUST-07480,Pooja Iyer,Telangana,Warangal,506001,Organic Search,2025-03-11
CUST-07481,Siddharth Rao,Bihar,Gaya,823001,Referral / WhatsApp Share,2024-02-04
CUST-07482,Neha Nair,Madhya Pradesh,Gwalior,474001,Direct App Open,2025-07-31
CUST-07483,Arjun Rao,West Bengal,Siliguri,734001,Referral / WhatsApp Share,2025-04-02
CUST-07484,Vikram Deshmukh,Uttar Pradesh,Lucknow,226001,Organic Search,2025-02-08
CUST-07485,Rahul Joshi,Rajasthan,Udaipur,313001,Paid Ads (Instagram/FB),2025-03-15
CUST-07486,Vikram Patel,Madhya Pradesh,Indore,452001,Affiliate,2024-08-29
CUST-07487,Rahul Deshmukh,Rajasthan,Udaipur,313001,Affiliate,2024-11-20
CUST-07488,Ananya Verma,Rajasthan,Jaipur,302001,Organic Search,2024-06-12
CUST-07489,Vikram Deshmukh,Gujarat,Ahmedabad,380001,Direct App Open,2024-09-29
CUST-07490,Sneha Gupta,Telangana,Nizamabad,503001,Paid Ads (Instagram/FB),2024-09-21
CUST-07491,Ananya Verma,Madhya Pradesh,Bhopal,462001,Referral / WhatsApp Share,2025-03-26
CUST-07492,Aarav Singh,Maharashtra,Nashik,422001,Affiliate,2024-07-24
CUST-07493,Kabir Kulkarni,Uttar Pradesh,Agra,282001,Referral / WhatsApp Share,2025-02-07
CUST-07494,Siddharth Deshmukh,Karnataka,Mysuru,570001,Affiliate,2024-05-22
CUST-07495,Siddharth Sharma,Gujarat,Vadodara,390001,Paid Ads (Instagram/FB),2025-04-25
CUST-07496,Ananya Kulkarni,Rajasthan,Jaipur,302001,Paid Ads (Instagram/FB),2025-01-07
CUST-07497,Kabir Verma,Karnataka,Bengaluru,560001,Paid Ads (Instagram/FB),2024-09-12
CUST-07498,Aarav Sharma,Madhya Pradesh,Indore,452001,Direct App Open,2025-06-02
CUST-07499,Kavya Deshmukh,West Bengal,Siliguri,734001,Organic Search,2025-01-11
CUST-07500,Ananya Mehta,Tamil Nadu,Chennai,600001,Referral / WhatsApp Share,2025-02-01
CUST-07501,Kabir Sharma,Maharashtra,Mumbai,400001,Referral / WhatsApp Share,2025-05-17
CUST-07502,Siddharth Nair,Gujarat,Surat,395001,Affiliate,2024-02-17
CUST-07503,Shreya Iyer,Maharashtra,Pune,411001,Referral / WhatsApp Share,2024-03-15
CUST-07504,Kavya Iyer,Bihar,Gaya,823001,Paid Ads (Instagram/FB),2024-05-08
CUST-07505,Pooja Nair,West Bengal,Howrah,711101,Affiliate,2024-09-30
CUST-07506,Pooja Gupta,Telangana,Warangal,506001,Direct App Open,2024-01-29
CUST-07507,Shreya Verma,Maharashtra,Nashik,422001,Organic Search,2024-01-26
CUST-07508,Neha Singh,Bihar,Patna,800001,Referral / WhatsApp Share,2024-09-02
CUST-07509,Ananya Verma,Maharashtra,Mumbai,400001,Referral / WhatsApp Share,2024-03-22
CUST-07510,Shreya Gupta,Rajasthan,Jodhpur,342001,Referral / WhatsApp Share,2024-07-20
CUST-07511,Kabir Nair,Rajasthan,Jaipur,302001,Direct App Open,2024-09-01
CUST-07512,Arjun Rao,Rajasthan,Jodhpur,342001,Paid Ads (Instagram/FB),2024-03-22
CUST-07513,Aditya Kulkarni,Rajasthan,Udaipur,313001,Direct App Open,2024-11-04
CUST-07514,Kavya Sharma,West Bengal,Howrah,711101,Referral / WhatsApp Share,2025-05-28
CUST-07515,Kabir Joshi,Uttar Pradesh,Kanpur,208001,Referral / WhatsApp Share,2025-07-06
CUST-07516,Shreya Verma,Tamil Nadu,Chennai,600001,Referral / WhatsApp Share,2024-06-23
CUST-07517,Neha Nair,West Bengal,Kolkata,700001,Organic Search,2024-09-13
CUST-07518,Priya Rao,Telangana,Nizamabad,503001,Affiliate,2025-04-26
CUST-07519,Rohan Joshi,Gujarat,Vadodara,390001,Referral / WhatsApp Share,2025-08-08
CUST-07520,Rohan Patel,Karnataka,Bengaluru,560001,Paid Ads (Instagram/FB),2024-08-12
CUST-07521,Pooja Deshmukh,Madhya Pradesh,Bhopal,462001,Organic Search,2024-11-17
CUST-07522,Pooja Sharma,Maharashtra,Nashik,422001,Organic Search,2024-08-04
CUST-07523,Kavya Mehta,Maharashtra,Nagpur,440001,Referral / WhatsApp Share,2025-06-07
CUST-07524,Vikram Kulkarni,Bihar,Gaya,823001,Direct App Open,2024-03-13
CUST-07525,Sneha Gupta,Tamil Nadu,Chennai,600001,Direct App Open,2025-01-23
CUST-07526,Kabir Sharma,Tamil Nadu,Coimbatore,641001,Direct App Open,2025-07-15
CUST-07527,Pooja Iyer,Telangana,Hyderabad,500001,Organic Search,2025-02-15
CUST-07528,Rahul Rao,Tamil Nadu,Coimbatore,641001,Direct App Open,2025-02-14
CUST-07529,Neha Gupta,Rajasthan,Jodhpur,342001,Referral / WhatsApp Share,2025-04-30
CUST-07530,Shreya Joshi,Bihar,Gaya,823001,Referral / WhatsApp Share,2025-05-07
CUST-07531,Kabir Sharma,Madhya Pradesh,Indore,452001,Paid Ads (Instagram/FB),2024-01-09
CUST-07532,Arjun Gupta,West Bengal,Siliguri,734001,Paid Ads (Instagram/FB),2025-08-23
CUST-07533,Kabir Singh,West Bengal,Howrah,711101,Paid Ads (Instagram/FB),2024-03-13
CUST-07534,Neha Kulkarni,Maharashtra,Nagpur,440001,Affiliate,2025-07-04
CUST-07535,Arjun Verma,Madhya Pradesh,Bhopal,462001,Affiliate,2025-07-25
CUST-07536,Arjun Verma,Karnataka,Mysuru,570001,Referral / WhatsApp Share,2024-11-02
CUST-07537,Shreya Singh,Karnataka,Bengaluru,560001,Organic Search,2025-03-17
CUST-07538,Priya Gupta,Madhya Pradesh,Indore,452001,Organic Search,2025-02-28
CUST-07539,Aditya Deshmukh,Karnataka,Hubballi,580020,Affiliate,2025-04-23
CUST-07540,Siddharth Gupta,Gujarat,Vadodara,390001,Affiliate,2025-03-18
CUST-07541,Siddharth Gupta,Tamil Nadu,Chennai,600001,Organic Search,2025-01-24
CUST-07542,Siddharth Verma,Karnataka,Mysuru,570001,Direct App Open,2025-03-18
CUST-07543,Ananya Deshmukh,Maharashtra,Pune,411001,Paid Ads (Instagram/FB),2024-03-30
CUST-07544,Vikram Iyer,Maharashtra,Pune,411001,Organic Search,2025-07-11
CUST-07545,Shreya Iyer,Telangana,Hyderabad,500001,Paid Ads (Instagram/FB),2024-01-21
CUST-07546,Aditya Patel,Uttar Pradesh,Lucknow,226001,Affiliate,2024-09-26
CUST-07547,Rahul Sharma,Bihar,Gaya,823001,Referral / WhatsApp Share,2025-05-28
CUST-07548,Arjun Kulkarni,West Bengal,Siliguri,734001,Direct App Open,2024-11-23
CUST-07549,Sneha Mehta,Tamil Nadu,Coimbatore,641001,Paid Ads (Instagram/FB),2025-08-06
CUST-07550,Kabir Patel,West Bengal,Kolkata,700001,Referral / WhatsApp Share,2024-07-16
CUST-07551,Kabir Deshmukh,Rajasthan,Jodhpur,342001,Referral / WhatsApp Share,2025-04-10
CUST-07552,Shreya Nair,Gujarat,Surat,395001,Organic Search,2025-04-08
CUST-07553,Pooja Nair,Gujarat,Vadodara,390001,Affiliate,2025-04-12
CUST-07554,Shreya Patel,Gujarat,Surat,395001,Referral / WhatsApp Share,2025-02-10
CUST-07555,Kabir Deshmukh,Bihar,Patna,800001,Paid Ads (Instagram/FB),2025-07-09
CUST-07556,Shreya Deshmukh,West Bengal,Siliguri,734001,Affiliate,2025-03-23
CUST-07557,Rahul Singh,Uttar Pradesh,Agra,282001,Affiliate,2024-05-24
CUST-07558,Sneha Gupta,Bihar,Patna,800001,Organic Search,2025-08-20
CUST-07559,Priya Rao,Bihar,Patna,800001,Referral / WhatsApp Share,2025-03-10
CUST-07560,Aditya Deshmukh,Tamil Nadu,Madurai,625001,Direct App Open,2025-03-07
CUST-07561,Shreya Mehta,Telangana,Hyderabad,500001,Direct App Open,2025-07-03
CUST-07562,Vikram Mehta,Bihar,Muzaffarpur,842001,Referral / WhatsApp Share,2024-04-29
CUST-07563,Neha Deshmukh,Rajasthan,Jaipur,302001,Direct App Open,2025-05-07
CUST-07564,Pooja Rao,Telangana,Hyderabad,500001,Organic Search,2024-01-05
CUST-07565,Rohan Gupta,Rajasthan,Jaipur,302001,Affiliate,2024-02-29
CUST-07566,Rahul Deshmukh,West Bengal,Siliguri,734001,Paid Ads (Instagram/FB),2024-01-10
CUST-07567,Ananya Nair,Rajasthan,Jaipur,302001,Organic Search,2024-05-11
CUST-07568,Priya Kulkarni,Uttar Pradesh,Lucknow,226001,Referral / WhatsApp Share,2024-12-26
CUST-07569,Shreya Joshi,Karnataka,Mysuru,570001,Referral / WhatsApp Share,2025-03-03
CUST-07570,Shreya Mehta,Karnataka,Bengaluru,560001,Organic Search,2025-02-04
CUST-07571,Sneha Joshi,Bihar,Patna,800001,Paid Ads (Instagram/FB),2024-08-05
CUST-07572,Rahul Kulkarni,Maharashtra,Pune,411001,Referral / WhatsApp Share,2024-07-12
CUST-07573,Shreya Mehta,Bihar,Patna,800001,Referral / WhatsApp Share,2024-09-03
CUST-07574,Rahul Nair,Uttar Pradesh,Varanasi,221001,Organic Search,2024-08-28
CUST-07575,Aarav Gupta,Rajasthan,Jodhpur,342001,Referral / WhatsApp Share,2025-06-23
CUST-07576,Kavya Singh,Uttar Pradesh,Varanasi,221001,Paid Ads (Instagram/FB),2024-03-03
CUST-07577,Rohan Singh,Madhya Pradesh,Indore,452001,Paid Ads (Instagram/FB),2024-12-20
CUST-07578,Aarav Verma,Tamil Nadu,Coimbatore,641001,Organic Search,2024-08-05
CUST-07579,Shreya Iyer,Karnataka,Hubballi,580020,Organic Search,2025-08-21
CUST-07580,Rahul Deshmukh,Telangana,Warangal,506001,Organic Search,2024-05-23
CUST-07581,Vikram Singh,Maharashtra,Nagpur,440001,Paid Ads (Instagram/FB),2024-03-29
CUST-07582,Aarav Deshmukh,Maharashtra,Nashik,422001,Direct App Open,2024-04-08
CUST-07583,Rahul Nair,Karnataka,Bengaluru,560001,Referral / WhatsApp Share,2024-09-04
CUST-07584,Aditya Mehta,Rajasthan,Jodhpur,342001,Paid Ads (Instagram/FB),2025-05-16
CUST-07585,Kabir Kulkarni,West Bengal,Howrah,711101,Direct App Open,2025-02-11
CUST-07586,Priya Verma,Karnataka,Mysuru,570001,Referral / WhatsApp Share,2025-05-02
CUST-07587,Ananya Kulkarni,West Bengal,Howrah,711101,Affiliate,2024-04-19
CUST-07588,Vikram Verma,Uttar Pradesh,Kanpur,208001,Direct App Open,2025-02-20
CUST-07589,Kabir Patel,West Bengal,Siliguri,734001,Paid Ads (Instagram/FB),2025-08-17
CUST-07590,Ananya Deshmukh,Karnataka,Hubballi,580020,Referral / WhatsApp Share,2024-07-02
CUST-07591,Neha Rao,Maharashtra,Pune,411001,Organic Search,2024-12-20
CUST-07592,Aarav Gupta,Uttar Pradesh,Kanpur,208001,Referral / WhatsApp Share,2024-08-15
CUST-07593,Rahul Iyer,Telangana,Hyderabad,500001,Direct App Open,2024-06-10
CUST-07594,Neha Deshmukh,Madhya Pradesh,Gwalior,474001,Referral / WhatsApp Share,2025-05-31
CUST-07595,Rohan Singh,Rajasthan,Jodhpur,342001,Paid Ads (Instagram/FB),2024-08-08
CUST-07596,Shreya Deshmukh,Uttar Pradesh,Kanpur,208001,Affiliate,2024-02-14
CUST-07597,Ananya Verma,Uttar Pradesh,Lucknow,226001,Paid Ads (Instagram/FB),2025-03-28
CUST-07598,Sneha Deshmukh,Gujarat,Vadodara,390001,Referral / WhatsApp Share,2024-11-18
CUST-07599,Neha Gupta,Uttar Pradesh,Varanasi,221001,Paid Ads (Instagram/FB),2024-03-27
CUST-07600,Siddharth Rao,Uttar Pradesh,Agra,282001,Paid Ads (Instagram/FB),2024-06-30
CUST-07601,Aarav Rao,Bihar,Muzaffarpur,842001,Referral / WhatsApp Share,2024-03-31
CUST-07602,Aarav Sharma,Tamil Nadu,Coimbatore,641001,Paid Ads (Instagram/FB),2025-02-07
CUST-07603,Vikram Iyer,Bihar,Gaya,823001,Referral / WhatsApp Share,2024-09-14
CUST-07604,Ananya Mehta,Telangana,Warangal,506001,Affiliate,2024-04-05
CUST-07605,Vikram Mehta,Karnataka,Hubballi,580020,Organic Search,2024-02-27
CUST-07606,Neha Gupta,Karnataka,Bengaluru,560001,Direct App Open,2025-02-11
CUST-07607,Shreya Nair,Gujarat,Surat,395001,Paid Ads (Instagram/FB),2025-04-17
CUST-07608,Arjun Sharma,Madhya Pradesh,Indore,452001,Affiliate,2024-11-23
CUST-07609,Rahul Verma,Uttar Pradesh,Lucknow,226001,Affiliate,2024-08-11
CUST-07610,Ananya Nair,West Bengal,Kolkata,700001,Organic Search,2024-01-15
CUST-07611,Aarav Deshmukh,Maharashtra,Mumbai,400001,Direct App Open,2024-08-04
CUST-07612,Rahul Mehta,West Bengal,Siliguri,734001,Direct App Open,2025-05-02
CUST-07613,Aditya Verma,West Bengal,Howrah,711101,Direct App Open,2025-01-13
CUST-07614,Arjun Joshi,Uttar Pradesh,Agra,282001,Paid Ads (Instagram/FB),2025-07-20
CUST-07615,Rahul Singh,Rajasthan,Udaipur,313001,Organic Search,2024-09-04
CUST-07616,Vikram Singh,Bihar,Muzaffarpur,842001,Paid Ads (Instagram/FB),2024-08-13
CUST-07617,Rohan Rao,Tamil Nadu,Coimbatore,641001,Referral / WhatsApp Share,2025-02-27
CUST-07618,Kavya Nair,Tamil Nadu,Chennai,600001,Referral / WhatsApp Share,2024-10-30
CUST-07619,Shreya Joshi,Gujarat,Surat,395001,Organic Search,2025-04-21
CUST-07620,Sneha Verma,Gujarat,Surat,395001,Organic Search,2025-06-11
CUST-07621,Sneha Patel,Rajasthan,Jodhpur,342001,Affiliate,2025-01-30
CUST-07622,Sneha Rao,Telangana,Warangal,506001,Affiliate,2025-02-22
CUST-07623,Sneha Joshi,Maharashtra,Mumbai,400001,Paid Ads (Instagram/FB),2024-08-12
CUST-07624,Neha Rao,West Bengal,Kolkata,700001,Paid Ads (Instagram/FB),2025-08-06
CUST-07625,Kavya Joshi,Tamil Nadu,Madurai,625001,Referral / WhatsApp Share,2024-05-23
CUST-07626,Priya Sharma,Telangana,Hyderabad,500001,Paid Ads (Instagram/FB),2024-05-10
CUST-07627,Sneha Patel,Tamil Nadu,Coimbatore,641001,Referral / WhatsApp Share,2025-05-06
CUST-07628,Aditya Deshmukh,West Bengal,Siliguri,734001,Paid Ads (Instagram/FB),2025-04-09
CUST-07629,Rahul Mehta,Gujarat,Surat,395001,Direct App Open,2025-02-27
CUST-07630,Aarav Singh,Uttar Pradesh,Varanasi,221001,Paid Ads (Instagram/FB),2025-03-15
CUST-07631,Vikram Iyer,Maharashtra,Pune,411001,Affiliate,2025-04-28
CUST-07632,Aarav Nair,Uttar Pradesh,Kanpur,208001,Direct App Open,2024-06-07
CUST-07633,Rohan Deshmukh,Madhya Pradesh,Bhopal,462001,Organic Search,2024-01-17
CUST-07634,Pooja Iyer,West Bengal,Siliguri,734001,Paid Ads (Instagram/FB),2024-11-14
CUST-07635,Aditya Gupta,Gujarat,Vadodara,390001,Paid Ads (Instagram/FB),2024-06-19
CUST-07636,Pooja Gupta,West Bengal,Kolkata,700001,Organic Search,2024-11-08
CUST-07637,Pooja Joshi,Karnataka,Hubballi,580020,Referral / WhatsApp Share,2024-01-27
CUST-07638,Neha Joshi,Telangana,Warangal,506001,Paid Ads (Instagram/FB),2024-02-25
CUST-07639,Aditya Nair,Rajasthan,Udaipur,313001,Paid Ads (Instagram/FB),2024-10-28
CUST-07640,Siddharth Verma,Bihar,Gaya,823001,Affiliate,2024-01-25
CUST-07641,Aarav Verma,Madhya Pradesh,Bhopal,462001,Referral / WhatsApp Share,2024-11-06
CUST-07642,Kabir Joshi,Bihar,Gaya,823001,Affiliate,2024-11-12
CUST-07643,Shreya Nair,Gujarat,Surat,395001,Organic Search,2025-08-01
CUST-07644,Rahul Singh,Gujarat,Vadodara,390001,Direct App Open,2025-06-01
CUST-07645,Rohan Gupta,West Bengal,Siliguri,734001,Organic Search,2025-06-26
CUST-07646,Sneha Kulkarni,Telangana,Hyderabad,500001,Referral / WhatsApp Share,2025-03-13
CUST-07647,Rohan Deshmukh,Rajasthan,Jaipur,302001,Direct App Open,2025-01-24
CUST-07648,Pooja Mehta,Gujarat,Ahmedabad,380001,Referral / WhatsApp Share,2025-04-03
CUST-07649,Shreya Mehta,Rajasthan,Jaipur,302001,Referral / WhatsApp Share,2025-02-26
CUST-07650,Aditya Nair,Telangana,Nizamabad,503001,Paid Ads (Instagram/FB),2025-04-29
CUST-07651,Aarav Rao,Tamil Nadu,Coimbatore,641001,Paid Ads (Instagram/FB),2024-07-16
CUST-07652,Siddharth Gupta,Gujarat,Surat,395001,Referral / WhatsApp Share,2025-03-16
CUST-07653,Kabir Joshi,Uttar Pradesh,Lucknow,226001,Referral / WhatsApp Share,2024-04-12
CUST-07654,Aditya Singh,Telangana,Nizamabad,503001,Direct App Open,2024-03-30
CUST-07655,Arjun Sharma,Bihar,Muzaffarpur,842001,Direct App Open,2024-06-21
CUST-07656,Arjun Nair,Bihar,Muzaffarpur,842001,Affiliate,2025-06-18
CUST-07657,Neha Deshmukh,Karnataka,Mysuru,570001,Referral / WhatsApp Share,2024-09-17
CUST-07658,Aditya Sharma,Gujarat,Vadodara,390001,Affiliate,2025-01-03
CUST-07659,Priya Nair,Bihar,Muzaffarpur,842001,Referral / WhatsApp Share,2025-03-03
CUST-07660,Siddharth Patel,Gujarat,Vadodara,390001,Referral / WhatsApp Share,2024-10-06
CUST-07661,Aarav Nair,Madhya Pradesh,Bhopal,462001,Paid Ads (Instagram/FB),2024-04-13
CUST-07662,Arjun Iyer,Madhya Pradesh,Bhopal,462001,Organic Search,2025-02-08
CUST-07663,Pooja Rao,Gujarat,Surat,395001,Direct App Open,2025-03-06
CUST-07664,Pooja Patel,Karnataka,Hubballi,580020,Paid Ads (Instagram/FB),2025-05-20
CUST-07665,Neha Deshmukh,Gujarat,Vadodara,390001,Affiliate,2025-07-18
CUST-07666,Siddharth Sharma,Uttar Pradesh,Kanpur,208001,Paid Ads (Instagram/FB),2024-01-29
CUST-07667,Priya Joshi,Gujarat,Ahmedabad,380001,Affiliate,2025-01-10
CUST-07668,Rohan Sharma,Maharashtra,Pune,411001,Paid Ads (Instagram/FB),2025-08-16
CUST-07669,Priya Kulkarni,Karnataka,Bengaluru,560001,Organic Search,2024-07-18
CUST-07670,Ananya Joshi,Gujarat,Vadodara,390001,Organic Search,2024-10-25
CUST-07671,Siddharth Sharma,Telangana,Nizamabad,503001,Paid Ads (Instagram/FB),2024-03-22
CUST-07672,Rohan Verma,Maharashtra,Pune,411001,Paid Ads (Instagram/FB),2024-05-05
CUST-07673,Arjun Deshmukh,Bihar,Gaya,823001,Paid Ads (Instagram/FB),2024-02-05
CUST-07674,Kavya Patel,Karnataka,Hubballi,580020,Referral / WhatsApp Share,2024-01-19
CUST-07675,Aditya Iyer,Uttar Pradesh,Agra,282001,Direct App Open,2024-11-23
CUST-07676,Kabir Deshmukh,Maharashtra,Mumbai,400001,Organic Search,2024-04-17
CUST-07677,Rahul Deshmukh,Uttar Pradesh,Agra,282001,Direct App Open,2024-12-16
CUST-07678,Kavya Iyer,Karnataka,Mysuru,570001,Referral / WhatsApp Share,2025-06-26
CUST-07679,Ananya Singh,Gujarat,Vadodara,390001,Direct App Open,2024-04-26
CUST-07680,Sneha Patel,West Bengal,Howrah,711101,Direct App Open,2024-11-07
CUST-07681,Kabir Deshmukh,Uttar Pradesh,Lucknow,226001,Direct App Open,2024-02-29
CUST-07682,Aditya Rao,Madhya Pradesh,Indore,452001,Organic Search,2024-05-16
CUST-07683,Neha Mehta,Madhya Pradesh,Bhopal,462001,Organic Search,2024-09-17
CUST-07684,Aarav Sharma,Telangana,Hyderabad,500001,Affiliate,2024-01-10
CUST-07685,Kavya Nair,Gujarat,Surat,395001,Affiliate,2024-04-26
CUST-07686,Rohan Iyer,Karnataka,Bengaluru,560001,Direct App Open,2024-01-13
CUST-07687,Aarav Kulkarni,Telangana,Nizamabad,503001,Paid Ads (Instagram/FB),2024-07-01
CUST-07688,Vikram Rao,Uttar Pradesh,Kanpur,208001,Paid Ads (Instagram/FB),2024-12-24
CUST-07689,Rohan Rao,Rajasthan,Jodhpur,342001,Paid Ads (Instagram/FB),2025-01-04
CUST-07690,Rohan Gupta,Maharashtra,Pune,411001,Organic Search,2024-08-13
CUST-07691,Priya Patel,Bihar,Gaya,823001,Affiliate,2024-12-20
CUST-07692,Shreya Singh,Karnataka,Hubballi,580020,Paid Ads (Instagram/FB),2024-06-20
CUST-07693,Aditya Joshi,Rajasthan,Udaipur,313001,Organic Search,2024-04-13
CUST-07694,Shreya Patel,Bihar,Gaya,823001,Affiliate,2024-04-23
CUST-07695,Priya Joshi,Rajasthan,Udaipur,313001,Affiliate,2025-02-25
CUST-07696,Shreya Mehta,Telangana,Hyderabad,500001,Paid Ads (Instagram/FB),2024-11-23
CUST-07697,Priya Kulkarni,Gujarat,Vadodara,390001,Direct App Open,2024-09-19
CUST-07698,Siddharth Mehta,Bihar,Gaya,823001,Paid Ads (Instagram/FB),2024-01-17
CUST-07699,Rohan Mehta,Maharashtra,Nagpur,440001,Organic Search,2025-05-09
CUST-07700,Rahul Kulkarni,Gujarat,Vadodara,390001,Organic Search,2024-10-16
CUST-07701,Rahul Sharma,West Bengal,Kolkata,700001,Organic Search,2025-06-18
CUST-07702,Vikram Patel,Maharashtra,Nagpur,440001,Organic Search,2025-04-03
CUST-07703,Sneha Kulkarni,Maharashtra,Nagpur,440001,Affiliate,2024-11-23
CUST-07704,Rohan Nair,Tamil Nadu,Coimbatore,641001,Direct App Open,2025-04-02
CUST-07705,Aarav Iyer,Rajasthan,Udaipur,313001,Referral / WhatsApp Share,2025-03-22
CUST-07706,Neha Deshmukh,Rajasthan,Jaipur,302001,Organic Search,2025-07-26
CUST-07707,Rahul Rao,Gujarat,Ahmedabad,380001,Direct App Open,2025-02-06
CUST-07708,Vikram Gupta,Tamil Nadu,Chennai,600001,Referral / WhatsApp Share,2025-06-06
CUST-07709,Ananya Kulkarni,West Bengal,Siliguri,734001,Organic Search,2024-03-27
CUST-07710,Neha Mehta,Rajasthan,Jaipur,302001,Direct App Open,2025-03-29
CUST-07711,Ananya Rao,Karnataka,Hubballi,580020,Paid Ads (Instagram/FB),2025-08-01
CUST-07712,Aarav Patel,Madhya Pradesh,Bhopal,462001,Paid Ads (Instagram/FB),2024-01-12
CUST-07713,Sneha Patel,Uttar Pradesh,Kanpur,208001,Organic Search,2024-07-16
CUST-07714,Vikram Sharma,Bihar,Patna,800001,Direct App Open,2025-06-30
CUST-07715,Aarav Patel,Telangana,Nizamabad,503001,Organic Search,2025-01-07
CUST-07716,Aarav Mehta,Tamil Nadu,Chennai,600001,Direct App Open,2024-11-18
CUST-07717,Priya Patel,Rajasthan,Udaipur,313001,Referral / WhatsApp Share,2025-05-01
CUST-07718,Siddharth Patel,Uttar Pradesh,Agra,282001,Organic Search,2025-02-06
CUST-07719,Vikram Nair,West Bengal,Howrah,711101,Affiliate,2025-03-22
CUST-07720,Aditya Nair,Madhya Pradesh,Indore,452001,Paid Ads (Instagram/FB),2024-04-01
CUST-07721,Rohan Singh,Maharashtra,Nashik,422001,Affiliate,2024-01-26
CUST-07722,Vikram Gupta,Tamil Nadu,Madurai,625001,Organic Search,2024-09-09
CUST-07723,Arjun Gupta,Madhya Pradesh,Bhopal,462001,Affiliate,2024-03-04
CUST-07724,Aditya Patel,Uttar Pradesh,Varanasi,221001,Referral / WhatsApp Share,2025-02-20
CUST-07725,Neha Rao,Bihar,Gaya,823001,Direct App Open,2025-03-02
CUST-07726,Aditya Patel,Telangana,Warangal,506001,Paid Ads (Instagram/FB),2024-10-01
CUST-07727,Pooja Joshi,Maharashtra,Mumbai,400001,Direct App Open,2024-02-09
CUST-07728,Pooja Mehta,Uttar Pradesh,Agra,282001,Direct App Open,2024-11-09
CUST-07729,Sneha Patel,Rajasthan,Jodhpur,342001,Organic Search,2024-05-12
CUST-07730,Aditya Mehta,Gujarat,Vadodara,390001,Organic Search,2024-09-14
CUST-07731,Shreya Kulkarni,Gujarat,Surat,395001,Direct App Open,2025-05-31
CUST-07732,Kavya Mehta,Rajasthan,Jodhpur,342001,Paid Ads (Instagram/FB),2024-11-26
CUST-07733,Kavya Iyer,Karnataka,Bengaluru,560001,Affiliate,2024-12-27
CUST-07734,Rahul Deshmukh,Karnataka,Hubballi,580020,Referral / WhatsApp Share,2025-06-20
CUST-07735,Pooja Nair,Rajasthan,Jaipur,302001,Referral / WhatsApp Share,2025-05-29
CUST-07736,Neha Mehta,Rajasthan,Jaipur,302001,Affiliate,2024-07-13
CUST-07737,Ananya Gupta,West Bengal,Siliguri,734001,Direct App Open,2024-01-17
CUST-07738,Rohan Rao,Tamil Nadu,Chennai,600001,Affiliate,2024-09-05
CUST-07739,Pooja Nair,Bihar,Muzaffarpur,842001,Direct App Open,2024-07-19
CUST-07740,Shreya Deshmukh,Madhya Pradesh,Indore,452001,Direct App Open,2024-10-20
CUST-07741,Arjun Singh,Tamil Nadu,Chennai,600001,Direct App Open,2024-09-11
CUST-07742,Pooja Nair,Gujarat,Surat,395001,Direct App Open,2024-12-21
CUST-07743,Rohan Rao,Gujarat,Vadodara,390001,Organic Search,2025-07-20
CUST-07744,Shreya Nair,Bihar,Muzaffarpur,842001,Direct App Open,2025-02-18
CUST-07745,Rohan Mehta,Rajasthan,Jaipur,302001,Referral / WhatsApp Share,2024-08-19
CUST-07746,Kavya Iyer,Tamil Nadu,Chennai,600001,Direct App Open,2024-06-10
CUST-07747,Aarav Patel,Bihar,Gaya,823001,Paid Ads (Instagram/FB),2024-09-08
CUST-07748,Vikram Sharma,Uttar Pradesh,Varanasi,221001,Paid Ads (Instagram/FB),2024-04-04
CUST-07749,Sneha Joshi,Gujarat,Surat,395001,Referral / WhatsApp Share,2024-06-30
CUST-07750,Kavya Joshi,Gujarat,Surat,395001,Paid Ads (Instagram/FB),2025-06-24
CUST-07751,Arjun Joshi,Karnataka,Bengaluru,560001,Paid Ads (Instagram/FB),2025-01-08
CUST-07752,Neha Sharma,Tamil Nadu,Coimbatore,641001,Referral / WhatsApp Share,2025-01-07
CUST-07753,Sneha Rao,Uttar Pradesh,Varanasi,221001,Paid Ads (Instagram/FB),2024-10-04
CUST-07754,Kavya Singh,Karnataka,Bengaluru,560001,Organic Search,2024-04-17
CUST-07755,Neha Kulkarni,Tamil Nadu,Madurai,625001,Referral / WhatsApp Share,2024-10-27
CUST-07756,Pooja Kulkarni,Rajasthan,Udaipur,313001,Referral / WhatsApp Share,2024-06-19
CUST-07757,Siddharth Patel,Madhya Pradesh,Gwalior,474001,Referral / WhatsApp Share,2024-07-02
CUST-07758,Kavya Gupta,Tamil Nadu,Coimbatore,641001,Paid Ads (Instagram/FB),2025-06-01
CUST-07759,Priya Kulkarni,Uttar Pradesh,Kanpur,208001,Affiliate,2024-04-23
CUST-07760,Priya Joshi,Tamil Nadu,Coimbatore,641001,Affiliate,2024-06-26
CUST-07761,Aditya Singh,Bihar,Gaya,823001,Paid Ads (Instagram/FB),2025-08-23
CUST-07762,Pooja Nair,Rajasthan,Jaipur,302001,Referral / WhatsApp Share,2025-03-27
CUST-07763,Shreya Iyer,West Bengal,Kolkata,700001,Affiliate,2025-06-24
CUST-07764,Aditya Verma,West Bengal,Siliguri,734001,Affiliate,2024-05-01
CUST-07765,Sneha Iyer,Maharashtra,Mumbai,400001,Direct App Open,2024-11-19
CUST-07766,Siddharth Patel,Tamil Nadu,Coimbatore,641001,Organic Search,2025-06-25
CUST-07767,Ananya Singh,Rajasthan,Udaipur,313001,Paid Ads (Instagram/FB),2024-08-28
CUST-07768,Aarav Kulkarni,Rajasthan,Udaipur,313001,Paid Ads (Instagram/FB),2024-09-23
CUST-07769,Sneha Rao,Gujarat,Ahmedabad,380001,Organic Search,2025-05-30
CUST-07770,Priya Mehta,Tamil Nadu,Coimbatore,641001,Referral / WhatsApp Share,2024-09-01
CUST-07771,Shreya Verma,Madhya Pradesh,Gwalior,474001,Direct App Open,2024-06-21
CUST-07772,Vikram Iyer,Maharashtra,Mumbai,400001,Referral / WhatsApp Share,2025-03-01
CUST-07773,Aarav Joshi,Bihar,Muzaffarpur,842001,Affiliate,2025-02-02
CUST-07774,Priya Rao,Maharashtra,Nashik,422001,Affiliate,2025-02-27
CUST-07775,Ananya Rao,Rajasthan,Jodhpur,342001,Affiliate,2024-04-14
CUST-07776,Aditya Mehta,Uttar Pradesh,Agra,282001,Affiliate,2024-02-07
CUST-07777,Kabir Kulkarni,Maharashtra,Nashik,422001,Organic Search,2024-09-29
CUST-07778,Neha Patel,West Bengal,Siliguri,734001,Organic Search,2024-04-14
CUST-07779,Priya Mehta,West Bengal,Kolkata,700001,Paid Ads (Instagram/FB),2024-07-14
CUST-07780,Priya Joshi,Maharashtra,Mumbai,400001,Referral / WhatsApp Share,2024-02-23
CUST-07781,Rohan Verma,Karnataka,Hubballi,580020,Affiliate,2025-07-08
CUST-07782,Kabir Nair,Gujarat,Vadodara,390001,Paid Ads (Instagram/FB),2024-04-25
CUST-07783,Aditya Mehta,Maharashtra,Nashik,422001,Organic Search,2024-09-27
CUST-07784,Shreya Rao,Telangana,Nizamabad,503001,Referral / WhatsApp Share,2024-05-24
CUST-07785,Sneha Sharma,Rajasthan,Udaipur,313001,Direct App Open,2025-01-24
CUST-07786,Pooja Deshmukh,Rajasthan,Udaipur,313001,Referral / WhatsApp Share,2024-06-16
CUST-07787,Aarav Sharma,Uttar Pradesh,Varanasi,221001,Organic Search,2024-10-11
CUST-07788,Kavya Singh,Karnataka,Mysuru,570001,Direct App Open,2024-01-15
CUST-07789,Rahul Verma,Gujarat,Surat,395001,Paid Ads (Instagram/FB),2024-09-09
CUST-07790,Shreya Nair,Bihar,Patna,800001,Referral / WhatsApp Share,2025-08-15
CUST-07791,Sneha Mehta,Madhya Pradesh,Gwalior,474001,Referral / WhatsApp Share,2024-10-06
CUST-07792,Neha Kulkarni,Rajasthan,Udaipur,313001,Direct App Open,2024-08-06
CUST-07793,Aditya Verma,Telangana,Nizamabad,503001,Paid Ads (Instagram/FB),2024-08-23
CUST-07794,Aarav Kulkarni,West Bengal,Howrah,711101,Direct App Open,2025-08-11
CUST-07795,Neha Gupta,Telangana,Nizamabad,503001,Affiliate,2024-08-01
CUST-07796,Kabir Verma,Bihar,Patna,800001,Direct App Open,2024-11-15
CUST-07797,Shreya Gupta,Uttar Pradesh,Lucknow,226001,Referral / WhatsApp Share,2025-08-23
CUST-07798,Ananya Deshmukh,Tamil Nadu,Madurai,625001,Affiliate,2024-04-15
CUST-07799,Sneha Sharma,Tamil Nadu,Chennai,600001,Affiliate,2024-02-27
CUST-07800,Ananya Kulkarni,Bihar,Muzaffarpur,842001,Organic Search,2024-05-16
CUST-07801,Arjun Kulkarni,Madhya Pradesh,Gwalior,474001,Direct App Open,2025-01-27
CUST-07802,Kabir Rao,Maharashtra,Nashik,422001,Paid Ads (Instagram/FB),2024-12-31
CUST-07803,Vikram Gupta,Rajasthan,Jodhpur,342001,Organic Search,2025-05-12
CUST-07804,Sneha Patel,Karnataka,Bengaluru,560001,Organic Search,2024-03-31
CUST-07805,Arjun Singh,Karnataka,Mysuru,570001,Paid Ads (Instagram/FB),2024-05-20
CUST-07806,Kabir Singh,Tamil Nadu,Chennai,600001,Affiliate,2024-01-24
CUST-07807,Aditya Mehta,Tamil Nadu,Coimbatore,641001,Affiliate,2024-10-27
CUST-07808,Aarav Nair,West Bengal,Siliguri,734001,Paid Ads (Instagram/FB),2024-11-25
CUST-07809,Kabir Kulkarni,Gujarat,Surat,395001,Paid Ads (Instagram/FB),2024-10-10
CUST-07810,Rahul Iyer,Rajasthan,Jodhpur,342001,Affiliate,2024-12-04
CUST-07811,Aarav Verma,Bihar,Muzaffarpur,842001,Referral / WhatsApp Share,2024-11-26
CUST-07812,Neha Iyer,Rajasthan,Jodhpur,342001,Affiliate,2024-12-27
CUST-07813,Shreya Rao,Karnataka,Mysuru,570001,Organic Search,2024-06-23
CUST-07814,Rohan Kulkarni,Madhya Pradesh,Indore,452001,Direct App Open,2025-04-13
CUST-07815,Siddharth Deshmukh,Maharashtra,Mumbai,400001,Direct App Open,2024-11-28
CUST-07816,Siddharth Mehta,Karnataka,Mysuru,570001,Affiliate,2024-06-28
CUST-07817,Pooja Singh,Telangana,Nizamabad,503001,Direct App Open,2024-12-01
CUST-07818,Aditya Mehta,Gujarat,Vadodara,390001,Direct App Open,2025-05-23
CUST-07819,Vikram Gupta,Telangana,Nizamabad,503001,Affiliate,2024-02-24
CUST-07820,Rohan Sharma,Gujarat,Vadodara,390001,Affiliate,2024-12-13
CUST-07821,Vikram Sharma,Rajasthan,Jaipur,302001,Organic Search,2025-07-27
CUST-07822,Vikram Patel,West Bengal,Siliguri,734001,Organic Search,2024-05-11
CUST-07823,Vikram Mehta,Bihar,Muzaffarpur,842001,Referral / WhatsApp Share,2025-04-26
CUST-07824,Aditya Kulkarni,Gujarat,Vadodara,390001,Affiliate,2024-12-14
CUST-07825,Priya Rao,Gujarat,Vadodara,390001,Affiliate,2025-05-08
CUST-07826,Kabir Rao,Gujarat,Surat,395001,Paid Ads (Instagram/FB),2024-10-18
CUST-07827,Kabir Patel,Tamil Nadu,Chennai,600001,Direct App Open,2024-06-20
CUST-07828,Aarav Singh,Maharashtra,Nagpur,440001,Paid Ads (Instagram/FB),2024-01-23
CUST-07829,Kabir Iyer,Gujarat,Surat,395001,Direct App Open,2024-03-19
CUST-07830,Priya Nair,Telangana,Warangal,506001,Affiliate,2025-05-22
CUST-07831,Ananya Verma,Karnataka,Hubballi,580020,Paid Ads (Instagram/FB),2025-01-26
CUST-07832,Aditya Kulkarni,Telangana,Hyderabad,500001,Paid Ads (Instagram/FB),2025-06-03
CUST-07833,Aarav Singh,Uttar Pradesh,Lucknow,226001,Direct App Open,2024-03-28
CUST-07834,Siddharth Joshi,Maharashtra,Pune,411001,Paid Ads (Instagram/FB),2024-08-24
CUST-07835,Aarav Nair,West Bengal,Howrah,711101,Referral / WhatsApp Share,2024-03-29
CUST-07836,Arjun Gupta,Tamil Nadu,Chennai,600001,Direct App Open,2025-03-16
CUST-07837,Aarav Gupta,Karnataka,Hubballi,580020,Organic Search,2024-07-22
CUST-07838,Priya Iyer,Rajasthan,Udaipur,313001,Affiliate,2024-02-19
CUST-07839,Shreya Mehta,Uttar Pradesh,Lucknow,226001,Affiliate,2024-09-03
CUST-07840,Aditya Joshi,Rajasthan,Udaipur,313001,Direct App Open,2025-05-25
CUST-07841,Neha Verma,Rajasthan,Jaipur,302001,Direct App Open,2024-12-16
CUST-07842,Siddharth Verma,Bihar,Gaya,823001,Referral / WhatsApp Share,2024-12-22
CUST-07843,Vikram Kulkarni,Telangana,Hyderabad,500001,Paid Ads (Instagram/FB),2024-09-13
CUST-07844,Aditya Nair,Uttar Pradesh,Varanasi,221001,Referral / WhatsApp Share,2024-07-25
CUST-07845,Sneha Rao,Uttar Pradesh,Lucknow,226001,Organic Search,2024-05-23
CUST-07846,Kabir Deshmukh,Gujarat,Vadodara,390001,Referral / WhatsApp Share,2025-01-15
CUST-07847,Ananya Iyer,Maharashtra,Pune,411001,Paid Ads (Instagram/FB),2024-09-12
CUST-07848,Ananya Gupta,Uttar Pradesh,Kanpur,208001,Referral / WhatsApp Share,2024-03-12
CUST-07849,Vikram Gupta,Madhya Pradesh,Indore,452001,Referral / WhatsApp Share,2024-01-30
CUST-07850,Neha Sharma,Karnataka,Mysuru,570001,Referral / WhatsApp Share,2024-01-18
CUST-07851,Kabir Mehta,Bihar,Patna,800001,Direct App Open,2025-03-26
CUST-07852,Vikram Rao,Uttar Pradesh,Varanasi,221001,Organic Search,2024-10-31
CUST-07853,Vikram Nair,Rajasthan,Jodhpur,342001,Paid Ads (Instagram/FB),2024-04-19
CUST-07854,Aditya Joshi,Tamil Nadu,Madurai,625001,Paid Ads (Instagram/FB),2024-09-18
CUST-07855,Rahul Mehta,Rajasthan,Udaipur,313001,Affiliate,2025-04-09
CUST-07856,Ananya Sharma,Karnataka,Hubballi,580020,Referral / WhatsApp Share,2024-02-24
CUST-07857,Kabir Deshmukh,West Bengal,Howrah,711101,Paid Ads (Instagram/FB),2024-12-19
CUST-07858,Rohan Gupta,Maharashtra,Pune,411001,Paid Ads (Instagram/FB),2025-01-04
CUST-07859,Arjun Deshmukh,Gujarat,Surat,395001,Direct App Open,2024-04-24
CUST-07860,Rohan Kulkarni,Madhya Pradesh,Bhopal,462001,Affiliate,2024-09-27
CUST-07861,Arjun Nair,Telangana,Hyderabad,500001,Affiliate,2024-11-03
CUST-07862,Kavya Deshmukh,West Bengal,Kolkata,700001,Direct App Open,2024-12-07
CUST-07863,Pooja Deshmukh,Uttar Pradesh,Varanasi,221001,Referral / WhatsApp Share,2025-02-07
CUST-07864,Rahul Singh,Tamil Nadu,Coimbatore,641001,Referral / WhatsApp Share,2024-11-25
CUST-07865,Rohan Iyer,Telangana,Hyderabad,500001,Organic Search,2024-09-21
CUST-07866,Priya Kulkarni,Karnataka,Mysuru,570001,Paid Ads (Instagram/FB),2025-06-22
CUST-07867,Kabir Verma,Madhya Pradesh,Indore,452001,Referral / WhatsApp Share,2024-09-18
CUST-07868,Neha Sharma,Uttar Pradesh,Agra,282001,Direct App Open,2024-12-20
CUST-07869,Siddharth Sharma,Uttar Pradesh,Varanasi,221001,Direct App Open,2025-04-07
CUST-07870,Aarav Rao,Telangana,Nizamabad,503001,Paid Ads (Instagram/FB),2025-03-09
CUST-07871,Neha Mehta,West Bengal,Kolkata,700001,Paid Ads (Instagram/FB),2025-05-30
CUST-07872,Shreya Sharma,Maharashtra,Nagpur,440001,Organic Search,2025-04-17
CUST-07873,Neha Rao,Maharashtra,Nashik,422001,Paid Ads (Instagram/FB),2024-10-03
CUST-07874,Shreya Joshi,Maharashtra,Pune,411001,Organic Search,2025-02-27
CUST-07875,Priya Iyer,Tamil Nadu,Chennai,600001,Direct App Open,2024-05-10
CUST-07876,Siddharth Gupta,Uttar Pradesh,Agra,282001,Referral / WhatsApp Share,2024-12-24
CUST-07877,Neha Kulkarni,Karnataka,Mysuru,570001,Referral / WhatsApp Share,2024-10-22
CUST-07878,Rahul Mehta,Madhya Pradesh,Gwalior,474001,Paid Ads (Instagram/FB),2024-05-08
CUST-07879,Siddharth Nair,Bihar,Gaya,823001,Affiliate,2024-12-12
CUST-07880,Aditya Patel,West Bengal,Siliguri,734001,Organic Search,2025-03-09
CUST-07881,Aditya Joshi,Madhya Pradesh,Gwalior,474001,Organic Search,2024-12-21
CUST-07882,Sneha Rao,Rajasthan,Jaipur,302001,Referral / WhatsApp Share,2025-01-08
CUST-07883,Kavya Joshi,Bihar,Patna,800001,Direct App Open,2025-02-28
CUST-07884,Arjun Deshmukh,Tamil Nadu,Chennai,600001,Affiliate,2024-09-02
CUST-07885,Kabir Rao,Gujarat,Surat,395001,Referral / WhatsApp Share,2025-02-21
CUST-07886,Rahul Sharma,West Bengal,Siliguri,734001,Referral / WhatsApp Share,2024-11-17
CUST-07887,Priya Rao,Bihar,Patna,800001,Organic Search,2024-08-12
CUST-07888,Ananya Deshmukh,West Bengal,Howrah,711101,Paid Ads (Instagram/FB),2024-07-10
CUST-07889,Rohan Singh,West Bengal,Kolkata,700001,Affiliate,2024-06-01
CUST-07890,Sneha Joshi,Telangana,Warangal,506001,Organic Search,2024-05-11
CUST-07891,Priya Mehta,Bihar,Muzaffarpur,842001,Direct App Open,2024-11-15
CUST-07892,Arjun Rao,Bihar,Muzaffarpur,842001,Direct App Open,2025-07-20
CUST-07893,Vikram Nair,Rajasthan,Udaipur,313001,Affiliate,2025-02-22
CUST-07894,Shreya Iyer,Uttar Pradesh,Agra,282001,Paid Ads (Instagram/FB),2024-02-29
CUST-07895,Sneha Mehta,Rajasthan,Udaipur,313001,Organic Search,2024-09-23
CUST-07896,Shreya Iyer,Bihar,Muzaffarpur,842001,Paid Ads (Instagram/FB),2024-07-03
CUST-07897,Siddharth Kulkarni,Telangana,Nizamabad,503001,Organic Search,2025-03-08
CUST-07898,Vikram Mehta,Gujarat,Ahmedabad,380001,Organic Search,2024-05-17
CUST-07899,Neha Singh,Bihar,Muzaffarpur,842001,Organic Search,2024-04-23
CUST-07900,Neha Joshi,Gujarat,Ahmedabad,380001,Affiliate,2024-04-02
CUST-07901,Pooja Nair,Bihar,Patna,800001,Direct App Open,2024-01-18
CUST-07902,Kavya Nair,West Bengal,Siliguri,734001,Referral / WhatsApp Share,2024-08-19
CUST-07903,Siddharth Joshi,Maharashtra,Nashik,422001,Paid Ads (Instagram/FB),2024-06-26
CUST-07904,Ananya Sharma,Bihar,Patna,800001,Referral / WhatsApp Share,2025-03-03
CUST-07905,Neha Iyer,West Bengal,Howrah,711101,Direct App Open,2025-01-17
CUST-07906,Kabir Deshmukh,Tamil Nadu,Chennai,600001,Affiliate,2025-06-17
CUST-07907,Vikram Patel,Maharashtra,Nagpur,440001,Organic Search,2024-02-06
CUST-07908,Ananya Rao,Karnataka,Mysuru,570001,Paid Ads (Instagram/FB),2024-01-19
CUST-07909,Ananya Mehta,Tamil Nadu,Madurai,625001,Paid Ads (Instagram/FB),2025-03-31
CUST-07910,Vikram Rao,Bihar,Patna,800001,Referral / WhatsApp Share,2024-05-10
CUST-07911,Rahul Rao,Gujarat,Surat,395001,Direct App Open,2024-03-23
CUST-07912,Priya Nair,Madhya Pradesh,Gwalior,474001,Paid Ads (Instagram/FB),2024-01-14
CUST-07913,Ananya Nair,Maharashtra,Nashik,422001,Affiliate,2024-12-03
CUST-07914,Arjun Gupta,Bihar,Patna,800001,Organic Search,2025-07-29
CUST-07915,Sneha Iyer,Uttar Pradesh,Lucknow,226001,Organic Search,2024-06-16
CUST-07916,Arjun Patel,Rajasthan,Jodhpur,342001,Affiliate,2024-01-31
CUST-07917,Siddharth Iyer,Bihar,Gaya,823001,Direct App Open,2025-02-06
CUST-07918,Ananya Joshi,Telangana,Warangal,506001,Direct App Open,2024-06-28
CUST-07919,Arjun Patel,Gujarat,Ahmedabad,380001,Direct App Open,2024-11-30
CUST-07920,Pooja Nair,Tamil Nadu,Coimbatore,641001,Organic Search,2024-07-16
CUST-07921,Ananya Gupta,Rajasthan,Udaipur,313001,Organic Search,2024-06-26
CUST-07922,Rahul Gupta,Telangana,Warangal,506001,Organic Search,2024-08-18
CUST-07923,Neha Kulkarni,Gujarat,Surat,395001,Paid Ads (Instagram/FB),2024-04-20
CUST-07924,Rahul Iyer,Karnataka,Hubballi,580020,Referral / WhatsApp Share,2024-12-17
CUST-07925,Rohan Rao,Rajasthan,Udaipur,313001,Referral / WhatsApp Share,2025-02-28
CUST-07926,Neha Patel,Telangana,Nizamabad,503001,Referral / WhatsApp Share,2024-02-18
CUST-07927,Kavya Rao,Gujarat,Ahmedabad,380001,Referral / WhatsApp Share,2025-02-16
CUST-07928,Arjun Verma,Madhya Pradesh,Bhopal,462001,Direct App Open,2024-03-09
CUST-07929,Rohan Rao,Bihar,Gaya,823001,Paid Ads (Instagram/FB),2024-10-17
CUST-07930,Kavya Deshmukh,Tamil Nadu,Madurai,625001,Affiliate,2024-03-14
CUST-07931,Arjun Kulkarni,Karnataka,Hubballi,580020,Affiliate,2025-06-01
CUST-07932,Ananya Nair,Madhya Pradesh,Bhopal,462001,Organic Search,2024-03-16
CUST-07933,Sneha Patel,Tamil Nadu,Madurai,625001,Direct App Open,2025-03-28
CUST-07934,Neha Joshi,Tamil Nadu,Madurai,625001,Organic Search,2024-09-08
CUST-07935,Kabir Rao,Uttar Pradesh,Agra,282001,Referral / WhatsApp Share,2025-03-27
CUST-07936,Kabir Kulkarni,Karnataka,Hubballi,580020,Paid Ads (Instagram/FB),2024-05-17
CUST-07937,Shreya Joshi,Uttar Pradesh,Varanasi,221001,Referral / WhatsApp Share,2025-07-31
CUST-07938,Rahul Sharma,Karnataka,Hubballi,580020,Referral / WhatsApp Share,2025-07-29
CUST-07939,Kavya Singh,Telangana,Warangal,506001,Paid Ads (Instagram/FB),2024-09-19
CUST-07940,Shreya Kulkarni,Rajasthan,Jodhpur,342001,Direct App Open,2025-02-08
CUST-07941,Priya Rao,Gujarat,Vadodara,390001,Affiliate,2025-03-23
CUST-07942,Sneha Gupta,West Bengal,Kolkata,700001,Organic Search,2025-08-19
CUST-07943,Kavya Patel,West Bengal,Siliguri,734001,Referral / WhatsApp Share,2025-02-13
CUST-07944,Shreya Verma,Madhya Pradesh,Bhopal,462001,Paid Ads (Instagram/FB),2024-08-01
CUST-07945,Pooja Rao,West Bengal,Siliguri,734001,Paid Ads (Instagram/FB),2025-01-27
CUST-07946,Siddharth Sharma,Uttar Pradesh,Varanasi,221001,Organic Search,2024-06-06
CUST-07947,Rahul Verma,Maharashtra,Nashik,422001,Direct App Open,2024-04-18
CUST-07948,Arjun Kulkarni,Gujarat,Surat,395001,Organic Search,2025-06-27
CUST-07949,Neha Nair,Maharashtra,Nashik,422001,Paid Ads (Instagram/FB),2024-01-01
CUST-07950,Rahul Mehta,Maharashtra,Pune,411001,Paid Ads (Instagram/FB),2025-07-17
CUST-07951,Arjun Patel,Uttar Pradesh,Kanpur,208001,Organic Search,2025-08-14
CUST-07952,Pooja Joshi,Bihar,Gaya,823001,Direct App Open,2024-08-13
CUST-07953,Neha Mehta,Maharashtra,Pune,411001,Direct App Open,2024-08-16
CUST-07954,Vikram Singh,Madhya Pradesh,Bhopal,462001,Direct App Open,2025-01-05
CUST-07955,Kabir Verma,Maharashtra,Nashik,422001,Organic Search,2025-08-16
CUST-07956,Rahul Rao,Maharashtra,Nagpur,440001,Direct App Open,2024-11-29
CUST-07957,Neha Singh,Gujarat,Vadodara,390001,Direct App Open,2025-05-15
CUST-07958,Neha Sharma,West Bengal,Howrah,711101,Direct App Open,2025-04-06
CUST-07959,Ananya Deshmukh,Gujarat,Ahmedabad,380001,Direct App Open,2024-09-14
CUST-07960,Shreya Deshmukh,Maharashtra,Nagpur,440001,Referral / WhatsApp Share,2025-03-11
CUST-07961,Aditya Nair,Madhya Pradesh,Indore,452001,Paid Ads (Instagram/FB),2024-02-21
CUST-07962,Siddharth Kulkarni,Madhya Pradesh,Gwalior,474001,Direct App Open,2025-06-30
CUST-07963,Priya Sharma,Karnataka,Mysuru,570001,Paid Ads (Instagram/FB),2024-04-06
CUST-07964,Rohan Deshmukh,Karnataka,Mysuru,570001,Direct App Open,2024-05-10
CUST-07965,Sneha Singh,Rajasthan,Udaipur,313001,Organic Search,2024-02-03
CUST-07966,Pooja Kulkarni,Madhya Pradesh,Bhopal,462001,Referral / WhatsApp Share,2024-01-15
CUST-07967,Kavya Patel,Tamil Nadu,Coimbatore,641001,Organic Search,2024-11-19
CUST-07968,Pooja Verma,Maharashtra,Mumbai,400001,Organic Search,2024-03-13
CUST-07969,Aditya Deshmukh,Maharashtra,Mumbai,400001,Direct App Open,2024-08-02
CUST-07970,Arjun Nair,West Bengal,Howrah,711101,Direct App Open,2025-03-27
CUST-07971,Aditya Rao,Gujarat,Vadodara,390001,Referral / WhatsApp Share,2025-05-23
CUST-07972,Vikram Iyer,Bihar,Muzaffarpur,842001,Paid Ads (Instagram/FB),2025-08-10
CUST-07973,Rahul Sharma,Madhya Pradesh,Gwalior,474001,Referral / WhatsApp Share,2024-04-17
CUST-07974,Ananya Patel,Telangana,Nizamabad,503001,Referral / WhatsApp Share,2025-08-12
CUST-07975,Kabir Verma,Uttar Pradesh,Kanpur,208001,Paid Ads (Instagram/FB),2024-04-21
CUST-07976,Ananya Sharma,West Bengal,Howrah,711101,Paid Ads (Instagram/FB),2025-07-08
CUST-07977,Rahul Singh,Karnataka,Mysuru,570001,Organic Search,2024-04-16
CUST-07978,Priya Deshmukh,Maharashtra,Pune,411001,Referral / WhatsApp Share,2024-11-03
CUST-07979,Kavya Rao,Maharashtra,Nagpur,440001,Paid Ads (Instagram/FB),2025-08-14
CUST-07980,Vikram Patel,Karnataka,Mysuru,570001,Affiliate,2025-04-04
CUST-07981,Pooja Deshmukh,Telangana,Hyderabad,500001,Paid Ads (Instagram/FB),2024-05-22
CUST-07982,Ananya Nair,Madhya Pradesh,Gwalior,474001,Direct App Open,2025-03-04
CUST-07983,Neha Joshi,Bihar,Patna,800001,Direct App Open,2024-06-18
CUST-07984,Kavya Rao,Madhya Pradesh,Gwalior,474001,Referral / WhatsApp Share,2024-03-13
CUST-07985,Aditya Iyer,Tamil Nadu,Chennai,600001,Paid Ads (Instagram/FB),2025-07-31
CUST-07986,Pooja Verma,Madhya Pradesh,Bhopal,462001,Affiliate,2025-04-17
CUST-07987,Vikram Singh,Gujarat,Ahmedabad,380001,Affiliate,2024-04-12
CUST-07988,Arjun Iyer,Bihar,Patna,800001,Paid Ads (Instagram/FB),2025-08-05
CUST-07989,Rahul Iyer,Telangana,Nizamabad,503001,Direct App Open,2024-01-09
CUST-07990,Rohan Joshi,Bihar,Patna,800001,Affiliate,2024-06-19
CUST-07991,Aditya Sharma,Rajasthan,Jaipur,302001,Referral / WhatsApp Share,2024-11-12
CUST-07992,Arjun Patel,Madhya Pradesh,Indore,452001,Organic Search,2024-08-15
CUST-07993,Ananya Patel,Uttar Pradesh,Agra,282001,Affiliate,2025-02-28
CUST-07994,Aarav Kulkarni,Rajasthan,Jodhpur,342001,Direct App Open,2025-04-08
CUST-07995,Neha Patel,Telangana,Hyderabad,500001,Affiliate,2025-07-19
CUST-07996,Pooja Mehta,Maharashtra,Pune,411001,Organic Search,2024-06-08
CUST-07997,Arjun Verma,West Bengal,Howrah,711101,Referral / WhatsApp Share,2024-02-04
CUST-07998,Sneha Nair,Telangana,Hyderabad,500001,Paid Ads (Instagram/FB),2024-01-14
CUST-07999,Ananya Joshi,Maharashtra,Nashik,422001,Direct App Open,2025-05-15
CUST-08000,Arjun Verma,Uttar Pradesh,Kanpur,208001,Referral / WhatsApp Share,2025-04-28
CUST-08001,Rahul Mehta,Bihar,Gaya,823001,Referral / WhatsApp Share,2025-04-21
CUST-08002,Priya Iyer,Bihar,Gaya,823001,Affiliate,2025-02-28
CUST-08003,Neha Singh,West Bengal,Kolkata,700001,Referral / WhatsApp Share,2024-11-19
CUST-08004,Ananya Verma,West Bengal,Kolkata,700001,Referral / WhatsApp Share,2025-03-30
CUST-08005,Shreya Singh,Tamil Nadu,Madurai,625001,Affiliate,2025-06-28
CUST-08006,Rohan Kulkarni,Karnataka,Hubballi,580020,Direct App Open,2025-08-10
CUST-08007,Aarav Rao,Uttar Pradesh,Varanasi,221001,Organic Search,2024-04-15
CUST-08008,Kavya Patel,West Bengal,Siliguri,734001,Direct App Open,2025-05-02
CUST-08009,Aditya Iyer,Gujarat,Vadodara,390001,Referral / WhatsApp Share,2024-03-17
CUST-08010,Sneha Verma,Bihar,Gaya,823001,Direct App Open,2025-05-21
CUST-08011,Aarav Gupta,West Bengal,Kolkata,700001,Direct App Open,2025-06-28
CUST-08012,Aarav Deshmukh,Madhya Pradesh,Bhopal,462001,Affiliate,2024-08-02
CUST-08013,Priya Deshmukh,Gujarat,Surat,395001,Direct App Open,2024-11-27
CUST-08014,Shreya Sharma,Karnataka,Mysuru,570001,Referral / WhatsApp Share,2025-06-05
CUST-08015,Kabir Sharma,Gujarat,Vadodara,390001,Referral / WhatsApp Share,2024-12-18
CUST-08016,Kabir Iyer,Gujarat,Ahmedabad,380001,Affiliate,2025-08-14
CUST-08017,Rohan Iyer,Tamil Nadu,Madurai,625001,Referral / WhatsApp Share,2024-05-21
CUST-08018,Vikram Kulkarni,Rajasthan,Jaipur,302001,Referral / WhatsApp Share,2024-03-19
CUST-08019,Sneha Kulkarni,Rajasthan,Udaipur,313001,Paid Ads (Instagram/FB),2025-02-16
CUST-08020,Ananya Nair,Madhya Pradesh,Bhopal,462001,Paid Ads (Instagram/FB),2024-06-19
CUST-08021,Vikram Gupta,Karnataka,Mysuru,570001,Organic Search,2025-01-21
CUST-08022,Priya Gupta,Madhya Pradesh,Gwalior,474001,Direct App Open,2024-06-13
CUST-08023,Shreya Rao,Madhya Pradesh,Gwalior,474001,Direct App Open,2025-08-16
CUST-08024,Aditya Verma,Tamil Nadu,Coimbatore,641001,Direct App Open,2024-07-03
CUST-08025,Aditya Iyer,Rajasthan,Jaipur,302001,Paid Ads (Instagram/FB),2025-07-23
CUST-08026,Sneha Gupta,Tamil Nadu,Coimbatore,641001,Affiliate,2025-03-30
CUST-08027,Siddharth Rao,Karnataka,Mysuru,570001,Affiliate,2024-04-08
CUST-08028,Pooja Iyer,Uttar Pradesh,Kanpur,208001,Paid Ads (Instagram/FB),2025-08-08
CUST-08029,Vikram Patel,Karnataka,Hubballi,580020,Paid Ads (Instagram/FB),2024-05-22
CUST-08030,Arjun Rao,Maharashtra,Nashik,422001,Paid Ads (Instagram/FB),2024-12-22
CUST-08031,Ananya Gupta,Telangana,Warangal,506001,Organic Search,2025-05-28
CUST-08032,Sneha Singh,West Bengal,Howrah,711101,Referral / WhatsApp Share,2024-03-06
CUST-08033,Kavya Nair,Telangana,Hyderabad,500001,Referral / WhatsApp Share,2025-07-05
CUST-08034,Aditya Nair,Gujarat,Ahmedabad,380001,Referral / WhatsApp Share,2024-01-04
CUST-08035,Aarav Iyer,West Bengal,Howrah,711101,Paid Ads (Instagram/FB),2024-01-29
CUST-08036,Ananya Mehta,Madhya Pradesh,Bhopal,462001,Direct App Open,2025-05-01
CUST-08037,Ananya Kulkarni,Tamil Nadu,Madurai,625001,Organic Search,2024-11-11
CUST-08038,Neha Deshmukh,Madhya Pradesh,Indore,452001,Referral / WhatsApp Share,2025-03-29
CUST-08039,Priya Joshi,Madhya Pradesh,Gwalior,474001,Direct App Open,2024-05-22
CUST-08040,Priya Iyer,Karnataka,Hubballi,580020,Referral / WhatsApp Share,2024-03-02
CUST-08041,Arjun Joshi,Karnataka,Hubballi,580020,Direct App Open,2025-07-03
CUST-08042,Sneha Joshi,Tamil Nadu,Madurai,625001,Paid Ads (Instagram/FB),2024-11-01
CUST-08043,Neha Joshi,Maharashtra,Pune,411001,Paid Ads (Instagram/FB),2024-01-21
CUST-08044,Pooja Mehta,West Bengal,Siliguri,734001,Direct App Open,2024-06-30
CUST-08045,Arjun Deshmukh,Tamil Nadu,Coimbatore,641001,Direct App Open,2024-08-06
CUST-08046,Kabir Iyer,Uttar Pradesh,Agra,282001,Paid Ads (Instagram/FB),2024-09-06
CUST-08047,Aarav Nair,Tamil Nadu,Coimbatore,641001,Organic Search,2024-04-15
CUST-08048,Neha Mehta,Bihar,Patna,800001,Affiliate,2024-01-15
CUST-08049,Ananya Iyer,Bihar,Gaya,823001,Affiliate,2024-02-20
CUST-08050,Arjun Singh,Rajasthan,Jodhpur,342001,Affiliate,2024-03-23
CUST-08051,Rahul Patel,Bihar,Patna,800001,Referral / WhatsApp Share,2024-08-15
CUST-08052,Kavya Gupta,Maharashtra,Pune,411001,Organic Search,2024-03-03
CUST-08053,Shreya Rao,Uttar Pradesh,Agra,282001,Direct App Open,2024-08-28
CUST-08054,Siddharth Joshi,Bihar,Patna,800001,Paid Ads (Instagram/FB),2025-06-20
CUST-08055,Vikram Kulkarni,West Bengal,Howrah,711101,Organic Search,2024-10-24
CUST-08056,Siddharth Sharma,Madhya Pradesh,Gwalior,474001,Referral / WhatsApp Share,2025-04-09
CUST-08057,Pooja Joshi,Karnataka,Bengaluru,560001,Affiliate,2024-12-26
CUST-08058,Priya Patel,Maharashtra,Nagpur,440001,Affiliate,2025-03-13
CUST-08059,Priya Sharma,Bihar,Muzaffarpur,842001,Direct App Open,2024-02-14
CUST-08060,Shreya Gupta,Maharashtra,Pune,411001,Direct App Open,2024-01-07
CUST-08061,Vikram Joshi,Telangana,Hyderabad,500001,Organic Search,2025-03-28
CUST-08062,Vikram Deshmukh,West Bengal,Kolkata,700001,Affiliate,2024-04-18
CUST-08063,Aditya Rao,Bihar,Patna,800001,Referral / WhatsApp Share,2024-10-11
CUST-08064,Priya Sharma,Bihar,Gaya,823001,Direct App Open,2025-07-12
CUST-08065,Arjun Singh,West Bengal,Howrah,711101,Paid Ads (Instagram/FB),2024-05-31
CUST-08066,Aditya Patel,Bihar,Gaya,823001,Organic Search,2024-06-30
CUST-08067,Aditya Gupta,Tamil Nadu,Chennai,600001,Paid Ads (Instagram/FB),2025-06-21
CUST-08068,Pooja Iyer,West Bengal,Howrah,711101,Referral / WhatsApp Share,2024-01-15
CUST-08069,Neha Patel,Uttar Pradesh,Lucknow,226001,Direct App Open,2024-06-24
CUST-08070,Pooja Nair,West Bengal,Kolkata,700001,Paid Ads (Instagram/FB),2024-09-06
CUST-08071,Rahul Gupta,Maharashtra,Nagpur,440001,Organic Search,2025-03-11
CUST-08072,Kabir Verma,Uttar Pradesh,Varanasi,221001,Affiliate,2024-12-13
CUST-08073,Ananya Iyer,Gujarat,Ahmedabad,380001,Direct App Open,2024-03-23
CUST-08074,Vikram Verma,Telangana,Warangal,506001,Referral / WhatsApp Share,2024-09-18
CUST-08075,Shreya Patel,Karnataka,Hubballi,580020,Affiliate,2024-06-18
CUST-08076,Vikram Deshmukh,Karnataka,Bengaluru,560001,Organic Search,2024-07-03
CUST-08077,Arjun Gupta,Madhya Pradesh,Bhopal,462001,Referral / WhatsApp Share,2024-07-04
CUST-08078,Aarav Nair,Telangana,Nizamabad,503001,Referral / WhatsApp Share,2024-05-22
CUST-08079,Priya Verma,Bihar,Muzaffarpur,842001,Organic Search,2024-05-03
CUST-08080,Kavya Mehta,Bihar,Muzaffarpur,842001,Direct App Open,2024-06-19
CUST-08081,Sneha Sharma,West Bengal,Kolkata,700001,Direct App Open,2024-08-21
CUST-08082,Shreya Mehta,Tamil Nadu,Madurai,625001,Affiliate,2024-03-05
CUST-08083,Ananya Deshmukh,Tamil Nadu,Chennai,600001,Organic Search,2024-09-09
CUST-08084,Kavya Rao,Karnataka,Mysuru,570001,Organic Search,2024-06-21
CUST-08085,Neha Singh,Telangana,Warangal,506001,Paid Ads (Instagram/FB),2024-09-02
CUST-08086,Arjun Iyer,Madhya Pradesh,Indore,452001,Referral / WhatsApp Share,2024-02-18
CUST-08087,Siddharth Gupta,Gujarat,Surat,395001,Direct App Open,2024-12-29
CUST-08088,Vikram Iyer,Telangana,Nizamabad,503001,Affiliate,2024-09-29
CUST-08089,Rohan Rao,Madhya Pradesh,Indore,452001,Affiliate,2024-01-20
CUST-08090,Ananya Iyer,Maharashtra,Nashik,422001,Referral / WhatsApp Share,2024-04-08
CUST-08091,Vikram Nair,Bihar,Muzaffarpur,842001,Paid Ads (Instagram/FB),2024-05-11
CUST-08092,Pooja Gupta,Maharashtra,Nagpur,440001,Organic Search,2024-12-06
CUST-08093,Aarav Singh,Madhya Pradesh,Indore,452001,Organic Search,2024-12-08
CUST-08094,Pooja Sharma,West Bengal,Kolkata,700001,Affiliate,2024-05-08
CUST-08095,Aditya Iyer,Rajasthan,Jodhpur,342001,Paid Ads (Instagram/FB),2024-04-17
CUST-08096,Aarav Deshmukh,Maharashtra,Nashik,422001,Referral / WhatsApp Share,2024-10-22
CUST-08097,Vikram Verma,Telangana,Nizamabad,503001,Paid Ads (Instagram/FB),2025-08-04
CUST-08098,Priya Rao,Uttar Pradesh,Agra,282001,Organic Search,2025-05-11
CUST-08099,Vikram Rao,Maharashtra,Mumbai,400001,Paid Ads (Instagram/FB),2024-09-19
CUST-08100,Sneha Joshi,Madhya Pradesh,Gwalior,474001,Affiliate,2024-10-10
CUST-08101,Aditya Nair,Bihar,Gaya,823001,Direct App Open,2024-08-01
CUST-08102,Neha Singh,Tamil Nadu,Madurai,625001,Direct App Open,2025-02-18
CUST-08103,Kabir Sharma,Rajasthan,Jaipur,302001,Paid Ads (Instagram/FB),2025-02-07
CUST-08104,Kabir Rao,Maharashtra,Nagpur,440001,Direct App Open,2024-09-26
CUST-08105,Priya Mehta,Maharashtra,Mumbai,400001,Affiliate,2024-01-02
CUST-08106,Ananya Joshi,Madhya Pradesh,Gwalior,474001,Paid Ads (Instagram/FB),2025-05-28
CUST-08107,Rahul Mehta,West Bengal,Kolkata,700001,Affiliate,2025-08-22
CUST-08108,Rahul Singh,Maharashtra,Nagpur,440001,Paid Ads (Instagram/FB),2025-08-17
CUST-08109,Ananya Kulkarni,Uttar Pradesh,Agra,282001,Organic Search,2024-05-20
CUST-08110,Kabir Deshmukh,West Bengal,Howrah,711101,Direct App Open,2025-01-17
CUST-08111,Rohan Rao,Bihar,Gaya,823001,Affiliate,2024-10-23
CUST-08112,Arjun Sharma,Gujarat,Vadodara,390001,Organic Search,2025-03-13
CUST-08113,Ananya Joshi,Rajasthan,Udaipur,313001,Organic Search,2025-04-15
CUST-08114,Sneha Mehta,Tamil Nadu,Madurai,625001,Affiliate,2024-03-09
CUST-08115,Ananya Kulkarni,Gujarat,Surat,395001,Direct App Open,2024-10-01
CUST-08116,Rohan Deshmukh,Madhya Pradesh,Bhopal,462001,Affiliate,2024-08-13
CUST-08117,Aarav Iyer,Telangana,Warangal,506001,Paid Ads (Instagram/FB),2025-01-10
CUST-08118,Rohan Rao,Bihar,Patna,800001,Affiliate,2025-07-04
CUST-08119,Sneha Iyer,Karnataka,Hubballi,580020,Affiliate,2025-04-24
CUST-08120,Aditya Iyer,Tamil Nadu,Madurai,625001,Organic Search,2024-04-05
CUST-08121,Priya Singh,Telangana,Nizamabad,503001,Direct App Open,2024-11-07
CUST-08122,Neha Kulkarni,Tamil Nadu,Madurai,625001,Direct App Open,2024-07-25
CUST-08123,Rahul Gupta,Rajasthan,Jodhpur,342001,Organic Search,2024-10-09
CUST-08124,Siddharth Deshmukh,Telangana,Hyderabad,500001,Affiliate,2025-03-03
CUST-08125,Neha Nair,Uttar Pradesh,Varanasi,221001,Referral / WhatsApp Share,2025-02-02
CUST-08126,Kavya Kulkarni,Telangana,Warangal,506001,Direct App Open,2024-08-26
CUST-08127,Pooja Joshi,Uttar Pradesh,Lucknow,226001,Paid Ads (Instagram/FB),2024-09-13
CUST-08128,Aarav Kulkarni,Rajasthan,Jaipur,302001,Direct App Open,2025-07-08
CUST-08129,Aditya Rao,Telangana,Hyderabad,500001,Organic Search,2025-06-15
CUST-08130,Kavya Rao,Maharashtra,Nagpur,440001,Organic Search,2025-05-23
CUST-08131,Aditya Kulkarni,Bihar,Muzaffarpur,842001,Referral / WhatsApp Share,2024-08-07
CUST-08132,Aarav Verma,Karnataka,Bengaluru,560001,Affiliate,2025-06-02
CUST-08133,Neha Gupta,Rajasthan,Jaipur,302001,Direct App Open,2025-08-13
CUST-08134,Pooja Patel,Bihar,Gaya,823001,Affiliate,2025-04-18
CUST-08135,Rohan Iyer,Bihar,Patna,800001,Referral / WhatsApp Share,2024-03-12
CUST-08136,Priya Sharma,Tamil Nadu,Madurai,625001,Referral / WhatsApp Share,2025-03-26
CUST-08137,Arjun Rao,Bihar,Gaya,823001,Organic Search,2024-05-28
CUST-08138,Kabir Kulkarni,Rajasthan,Udaipur,313001,Paid Ads (Instagram/FB),2025-07-16
CUST-08139,Kavya Patel,Madhya Pradesh,Bhopal,462001,Affiliate,2024-04-30
CUST-08140,Rohan Verma,Madhya Pradesh,Gwalior,474001,Affiliate,2025-06-05
CUST-08141,Sneha Gupta,Karnataka,Mysuru,570001,Affiliate,2025-08-19
CUST-08142,Priya Deshmukh,Bihar,Patna,800001,Affiliate,2024-10-26
CUST-08143,Priya Rao,West Bengal,Siliguri,734001,Affiliate,2024-12-08
CUST-08144,Aditya Kulkarni,Gujarat,Surat,395001,Paid Ads (Instagram/FB),2024-03-04
CUST-08145,Shreya Singh,Gujarat,Surat,395001,Direct App Open,2024-07-27
CUST-08146,Priya Nair,West Bengal,Howrah,711101,Affiliate,2025-02-17
CUST-08147,Neha Sharma,Rajasthan,Jaipur,302001,Direct App Open,2024-09-18
CUST-08148,Vikram Nair,Uttar Pradesh,Varanasi,221001,Referral / WhatsApp Share,2024-01-03
CUST-08149,Aarav Sharma,Tamil Nadu,Chennai,600001,Direct App Open,2025-01-13
CUST-08150,Kabir Sharma,Karnataka,Bengaluru,560001,Organic Search,2024-02-22
CUST-08151,Shreya Joshi,Tamil Nadu,Chennai,600001,Direct App Open,2025-05-12
CUST-08152,Rohan Deshmukh,Bihar,Muzaffarpur,842001,Paid Ads (Instagram/FB),2024-06-29
CUST-08153,Shreya Nair,Madhya Pradesh,Gwalior,474001,Referral / WhatsApp Share,2024-11-08
CUST-08154,Rohan Verma,Gujarat,Vadodara,390001,Referral / WhatsApp Share,2024-09-21
CUST-08155,Pooja Rao,Rajasthan,Udaipur,313001,Affiliate,2024-06-01
CUST-08156,Aditya Kulkarni,Uttar Pradesh,Agra,282001,Paid Ads (Instagram/FB),2025-02-24
CUST-08157,Kabir Gupta,West Bengal,Howrah,711101,Direct App Open,2025-01-10
CUST-08158,Arjun Verma,Madhya Pradesh,Gwalior,474001,Paid Ads (Instagram/FB),2025-05-10
CUST-08159,Aditya Patel,Maharashtra,Nagpur,440001,Paid Ads (Instagram/FB),2024-05-26
CUST-08160,Sneha Gupta,Telangana,Hyderabad,500001,Direct App Open,2025-05-22
CUST-08161,Neha Patel,Madhya Pradesh,Indore,452001,Paid Ads (Instagram/FB),2025-02-14
CUST-08162,Aarav Gupta,Uttar Pradesh,Agra,282001,Referral / WhatsApp Share,2024-08-17
CUST-08163,Shreya Sharma,Tamil Nadu,Chennai,600001,Paid Ads (Instagram/FB),2024-12-24
CUST-08164,Kabir Sharma,Maharashtra,Nagpur,440001,Organic Search,2024-07-24
CUST-08165,Aditya Patel,Bihar,Muzaffarpur,842001,Direct App Open,2025-05-21
CUST-08166,Neha Kulkarni,Karnataka,Mysuru,570001,Organic Search,2025-03-24
CUST-08167,Priya Mehta,Rajasthan,Udaipur,313001,Direct App Open,2024-04-15
CUST-08168,Neha Joshi,Gujarat,Vadodara,390001,Referral / WhatsApp Share,2024-01-10
CUST-08169,Kabir Singh,Karnataka,Hubballi,580020,Direct App Open,2024-06-10
CUST-08170,Pooja Rao,Telangana,Hyderabad,500001,Referral / WhatsApp Share,2024-08-03
CUST-08171,Arjun Nair,Uttar Pradesh,Agra,282001,Direct App Open,2025-04-17
CUST-08172,Kabir Mehta,Karnataka,Mysuru,570001,Organic Search,2024-05-27
CUST-08173,Shreya Kulkarni,Tamil Nadu,Chennai,600001,Organic Search,2025-02-09
CUST-08174,Rahul Iyer,Telangana,Hyderabad,500001,Referral / WhatsApp Share,2025-06-06
CUST-08175,Vikram Joshi,Tamil Nadu,Coimbatore,641001,Paid Ads (Instagram/FB),2024-12-09
CUST-08176,Kabir Sharma,Tamil Nadu,Coimbatore,641001,Direct App Open,2025-06-08
CUST-08177,Rohan Gupta,Maharashtra,Pune,411001,Direct App Open,2024-01-22
CUST-08178,Kabir Rao,Uttar Pradesh,Varanasi,221001,Referral / WhatsApp Share,2024-02-03
CUST-08179,Rahul Mehta,Bihar,Patna,800001,Paid Ads (Instagram/FB),2024-09-20
CUST-08180,Aarav Rao,Telangana,Warangal,506001,Paid Ads (Instagram/FB),2024-04-05
CUST-08181,Kavya Mehta,Karnataka,Hubballi,580020,Organic Search,2025-03-18
CUST-08182,Kabir Verma,Bihar,Gaya,823001,Referral / WhatsApp Share,2024-10-20
CUST-08183,Rahul Sharma,West Bengal,Kolkata,700001,Paid Ads (Instagram/FB),2024-10-11
CUST-08184,Rohan Gupta,Uttar Pradesh,Agra,282001,Affiliate,2024-10-11
CUST-08185,Ananya Kulkarni,Gujarat,Vadodara,390001,Paid Ads (Instagram/FB),2025-05-27
CUST-08186,Shreya Joshi,Uttar Pradesh,Agra,282001,Affiliate,2024-01-13
CUST-08187,Sneha Nair,Uttar Pradesh,Kanpur,208001,Affiliate,2024-02-02
CUST-08188,Sneha Verma,Gujarat,Ahmedabad,380001,Organic Search,2024-08-16
CUST-08189,Kabir Verma,Madhya Pradesh,Gwalior,474001,Affiliate,2025-01-29
CUST-08190,Vikram Kulkarni,West Bengal,Howrah,711101,Paid Ads (Instagram/FB),2025-02-22
CUST-08191,Priya Kulkarni,Uttar Pradesh,Lucknow,226001,Direct App Open,2024-01-12
CUST-08192,Shreya Kulkarni,West Bengal,Howrah,711101,Organic Search,2025-01-07
CUST-08193,Rohan Deshmukh,West Bengal,Kolkata,700001,Affiliate,2025-02-12
CUST-08194,Arjun Verma,Tamil Nadu,Coimbatore,641001,Organic Search,2024-05-09
CUST-08195,Siddharth Iyer,West Bengal,Siliguri,734001,Affiliate,2025-08-19
CUST-08196,Kavya Rao,Madhya Pradesh,Gwalior,474001,Direct App Open,2024-06-26
CUST-08197,Aditya Kulkarni,Madhya Pradesh,Indore,452001,Affiliate,2024-06-03
CUST-08198,Kavya Joshi,Gujarat,Surat,395001,Direct App Open,2024-01-26
CUST-08199,Aarav Joshi,Karnataka,Mysuru,570001,Referral / WhatsApp Share,2024-03-05
CUST-08200,Sneha Patel,Rajasthan,Udaipur,313001,Direct App Open,2025-01-06
CUST-08201,Priya Deshmukh,Gujarat,Surat,395001,Affiliate,2024-09-13
CUST-08202,Pooja Kulkarni,Gujarat,Ahmedabad,380001,Paid Ads (Instagram/FB),2025-04-10
CUST-08203,Siddharth Iyer,Tamil Nadu,Coimbatore,641001,Referral / WhatsApp Share,2025-06-26
CUST-08204,Rahul Sharma,Uttar Pradesh,Agra,282001,Direct App Open,2024-06-12
CUST-08205,Priya Iyer,Tamil Nadu,Coimbatore,641001,Organic Search,2025-02-10
CUST-08206,Vikram Gupta,Bihar,Patna,800001,Referral / WhatsApp Share,2024-06-01
CUST-08207,Shreya Joshi,West Bengal,Kolkata,700001,Paid Ads (Instagram/FB),2024-05-24
CUST-08208,Rohan Gupta,Tamil Nadu,Coimbatore,641001,Organic Search,2025-06-06
CUST-08209,Priya Sharma,Uttar Pradesh,Varanasi,221001,Affiliate,2024-04-20
CUST-08210,Rohan Deshmukh,Rajasthan,Jaipur,302001,Affiliate,2025-07-25
CUST-08211,Arjun Singh,Maharashtra,Nagpur,440001,Paid Ads (Instagram/FB),2025-04-03
CUST-08212,Siddharth Singh,Madhya Pradesh,Gwalior,474001,Organic Search,2024-05-19
CUST-08213,Aditya Joshi,Madhya Pradesh,Bhopal,462001,Direct App Open,2024-09-12
CUST-08214,Aarav Rao,Maharashtra,Mumbai,400001,Referral / WhatsApp Share,2025-06-11
CUST-08215,Arjun Deshmukh,Telangana,Hyderabad,500001,Referral / WhatsApp Share,2025-06-04
CUST-08216,Aarav Nair,Uttar Pradesh,Varanasi,221001,Organic Search,2024-07-16
CUST-08217,Ananya Singh,Maharashtra,Nagpur,440001,Organic Search,2025-07-20
CUST-08218,Kavya Rao,Uttar Pradesh,Lucknow,226001,Referral / WhatsApp Share,2025-01-20
CUST-08219,Shreya Iyer,West Bengal,Siliguri,734001,Affiliate,2025-03-18
CUST-08220,Siddharth Deshmukh,Telangana,Hyderabad,500001,Paid Ads (Instagram/FB),2024-04-18
CUST-08221,Siddharth Iyer,Uttar Pradesh,Lucknow,226001,Direct App Open,2025-02-28
CUST-08222,Pooja Singh,Bihar,Patna,800001,Paid Ads (Instagram/FB),2024-03-17
CUST-08223,Rohan Singh,Bihar,Gaya,823001,Direct App Open,2024-09-21
CUST-08224,Rohan Nair,Uttar Pradesh,Kanpur,208001,Referral / WhatsApp Share,2025-08-02
CUST-08225,Arjun Iyer,Bihar,Patna,800001,Organic Search,2025-04-13
CUST-08226,Kavya Singh,Telangana,Nizamabad,503001,Affiliate,2024-09-26
CUST-08227,Pooja Rao,West Bengal,Siliguri,734001,Organic Search,2024-06-25
CUST-08228,Kabir Sharma,Telangana,Hyderabad,500001,Organic Search,2024-09-07
CUST-08229,Ananya Patel,Tamil Nadu,Madurai,625001,Direct App Open,2025-01-13
CUST-08230,Kabir Gupta,West Bengal,Howrah,711101,Organic Search,2025-03-05
CUST-08231,Kabir Kulkarni,Rajasthan,Udaipur,313001,Organic Search,2024-08-04
CUST-08232,Aarav Singh,Telangana,Nizamabad,503001,Referral / WhatsApp Share,2024-02-28
CUST-08233,Vikram Iyer,Madhya Pradesh,Gwalior,474001,Direct App Open,2024-10-24
CUST-08234,Rahul Patel,Bihar,Gaya,823001,Referral / WhatsApp Share,2024-02-10
CUST-08235,Arjun Joshi,Karnataka,Hubballi,580020,Affiliate,2024-11-26
CUST-08236,Ananya Mehta,Karnataka,Bengaluru,560001,Organic Search,2025-04-28
CUST-08237,Rohan Singh,Madhya Pradesh,Indore,452001,Direct App Open,2024-09-17
CUST-08238,Priya Mehta,Bihar,Patna,800001,Paid Ads (Instagram/FB),2025-08-05
CUST-08239,Sneha Kulkarni,Rajasthan,Jodhpur,342001,Referral / WhatsApp Share,2025-07-11
CUST-08240,Kabir Patel,Madhya Pradesh,Gwalior,474001,Organic Search,2024-11-26
CUST-08241,Kavya Nair,Gujarat,Vadodara,390001,Paid Ads (Instagram/FB),2024-11-15
CUST-08242,Aditya Sharma,Madhya Pradesh,Bhopal,462001,Referral / WhatsApp Share,2024-10-04
CUST-08243,Rahul Singh,Karnataka,Hubballi,580020,Direct App Open,2025-06-11
CUST-08244,Arjun Kulkarni,Telangana,Nizamabad,503001,Affiliate,2024-05-07
CUST-08245,Pooja Mehta,Maharashtra,Nashik,422001,Affiliate,2025-01-27
CUST-08246,Sneha Joshi,Telangana,Hyderabad,500001,Paid Ads (Instagram/FB),2025-01-14
CUST-08247,Rahul Deshmukh,Bihar,Patna,800001,Direct App Open,2025-03-22
CUST-08248,Shreya Mehta,Karnataka,Bengaluru,560001,Direct App Open,2025-07-05
CUST-08249,Ananya Patel,Karnataka,Mysuru,570001,Referral / WhatsApp Share,2024-08-24
CUST-08250,Aditya Singh,Uttar Pradesh,Kanpur,208001,Affiliate,2024-12-18
CUST-08251,Sneha Gupta,Rajasthan,Udaipur,313001,Organic Search,2024-06-13
CUST-08252,Aditya Mehta,Madhya Pradesh,Bhopal,462001,Organic Search,2025-04-10
CUST-08253,Neha Patel,Maharashtra,Nashik,422001,Paid Ads (Instagram/FB),2025-07-31
CUST-08254,Vikram Kulkarni,Maharashtra,Pune,411001,Direct App Open,2025-08-08
CUST-08255,Vikram Singh,Rajasthan,Jaipur,302001,Referral / WhatsApp Share,2024-08-06
CUST-08256,Vikram Patel,Tamil Nadu,Madurai,625001,Paid Ads (Instagram/FB),2024-03-15
CUST-08257,Aarav Rao,Gujarat,Ahmedabad,380001,Paid Ads (Instagram/FB),2024-05-06
CUST-08258,Kavya Nair,Bihar,Muzaffarpur,842001,Direct App Open,2025-04-24
CUST-08259,Kavya Deshmukh,Maharashtra,Nashik,422001,Direct App Open,2025-05-13
CUST-08260,Shreya Singh,Rajasthan,Jodhpur,342001,Paid Ads (Instagram/FB),2024-02-22
CUST-08261,Shreya Patel,Uttar Pradesh,Lucknow,226001,Referral / WhatsApp Share,2024-01-02
CUST-08262,Arjun Iyer,Madhya Pradesh,Indore,452001,Paid Ads (Instagram/FB),2025-04-24
CUST-08263,Kavya Nair,Karnataka,Mysuru,570001,Organic Search,2024-03-27
CUST-08264,Rahul Nair,Rajasthan,Jodhpur,342001,Direct App Open,2024-12-20
CUST-08265,Rahul Iyer,Gujarat,Vadodara,390001,Referral / WhatsApp Share,2024-05-25
CUST-08266,Rohan Kulkarni,Gujarat,Vadodara,390001,Paid Ads (Instagram/FB),2024-05-12
CUST-08267,Rohan Singh,Karnataka,Mysuru,570001,Direct App Open,2025-05-03
CUST-08268,Neha Mehta,Rajasthan,Jodhpur,342001,Referral / WhatsApp Share,2025-01-05
CUST-08269,Neha Gupta,West Bengal,Kolkata,700001,Paid Ads (Instagram/FB),2024-04-19
CUST-08270,Rahul Nair,Madhya Pradesh,Indore,452001,Paid Ads (Instagram/FB),2024-04-05
CUST-08271,Priya Singh,Madhya Pradesh,Indore,452001,Direct App Open,2024-02-05
CUST-08272,Ananya Rao,Bihar,Patna,800001,Affiliate,2024-08-23
CUST-08273,Pooja Joshi,Madhya Pradesh,Indore,452001,Affiliate,2025-06-01
CUST-08274,Kavya Singh,Karnataka,Bengaluru,560001,Referral / WhatsApp Share,2025-04-18
CUST-08275,Sneha Rao,Telangana,Nizamabad,503001,Paid Ads (Instagram/FB),2025-01-12
CUST-08276,Rahul Nair,Telangana,Warangal,506001,Direct App Open,2025-05-01
CUST-08277,Aarav Joshi,Telangana,Nizamabad,503001,Paid Ads (Instagram/FB),2024-06-30
CUST-08278,Arjun Kulkarni,Gujarat,Ahmedabad,380001,Organic Search,2024-06-02
CUST-08279,Aditya Kulkarni,Tamil Nadu,Coimbatore,641001,Organic Search,2025-03-05
CUST-08280,Shreya Gupta,Rajasthan,Udaipur,313001,Referral / WhatsApp Share,2025-02-25
CUST-08281,Shreya Verma,Rajasthan,Udaipur,313001,Organic Search,2025-06-16
CUST-08282,Siddharth Deshmukh,Madhya Pradesh,Indore,452001,Paid Ads (Instagram/FB),2025-02-28
CUST-08283,Shreya Patel,Gujarat,Vadodara,390001,Referral / WhatsApp Share,2024-10-24
CUST-08284,Siddharth Gupta,West Bengal,Siliguri,734001,Paid Ads (Instagram/FB),2024-03-07
CUST-08285,Priya Rao,Madhya Pradesh,Indore,452001,Direct App Open,2024-06-26
CUST-08286,Ananya Gupta,West Bengal,Siliguri,734001,Organic Search,2024-03-30
CUST-08287,Pooja Singh,Rajasthan,Jaipur,302001,Direct App Open,2025-05-14
CUST-08288,Pooja Joshi,Karnataka,Mysuru,570001,Paid Ads (Instagram/FB),2025-06-01
CUST-08289,Aditya Deshmukh,Bihar,Gaya,823001,Referral / WhatsApp Share,2025-07-30
CUST-08290,Pooja Verma,Rajasthan,Udaipur,313001,Organic Search,2025-05-05
CUST-08291,Arjun Gupta,Karnataka,Bengaluru,560001,Organic Search,2024-02-15
CUST-08292,Arjun Rao,Uttar Pradesh,Lucknow,226001,Organic Search,2024-04-09
CUST-08293,Shreya Singh,Karnataka,Hubballi,580020,Direct App Open,2025-03-02
CUST-08294,Pooja Sharma,Bihar,Patna,800001,Referral / WhatsApp Share,2024-03-28
CUST-08295,Sneha Verma,West Bengal,Siliguri,734001,Referral / WhatsApp Share,2024-04-20
CUST-08296,Vikram Deshmukh,Maharashtra,Nashik,422001,Direct App Open,2024-04-10
CUST-08297,Rahul Rao,Maharashtra,Mumbai,400001,Organic Search,2024-09-28
CUST-08298,Rahul Kulkarni,Madhya Pradesh,Gwalior,474001,Direct App Open,2024-07-06
CUST-08299,Vikram Mehta,Karnataka,Mysuru,570001,Referral / WhatsApp Share,2025-02-07
CUST-08300,Kabir Kulkarni,Karnataka,Hubballi,580020,Referral / WhatsApp Share,2025-06-12
CUST-08301,Ananya Sharma,West Bengal,Kolkata,700001,Direct App Open,2024-05-07
CUST-08302,Pooja Verma,Karnataka,Hubballi,580020,Referral / WhatsApp Share,2024-03-06
CUST-08303,Rohan Gupta,Gujarat,Surat,395001,Paid Ads (Instagram/FB),2024-08-28
CUST-08304,Sneha Iyer,Bihar,Gaya,823001,Referral / WhatsApp Share,2025-04-03
CUST-08305,Rahul Verma,Rajasthan,Jodhpur,342001,Paid Ads (Instagram/FB),2024-09-13
CUST-08306,Aditya Rao,Karnataka,Mysuru,570001,Referral / WhatsApp Share,2025-06-28
CUST-08307,Kavya Verma,West Bengal,Kolkata,700001,Paid Ads (Instagram/FB),2024-03-12
CUST-08308,Aarav Singh,Telangana,Warangal,506001,Affiliate,2024-04-04
CUST-08309,Vikram Sharma,Rajasthan,Jodhpur,342001,Organic Search,2024-07-05
CUST-08310,Kavya Nair,Maharashtra,Nashik,422001,Organic Search,2025-08-13
CUST-08311,Pooja Sharma,Rajasthan,Jodhpur,342001,Direct App Open,2025-02-06
CUST-08312,Aditya Rao,Bihar,Muzaffarpur,842001,Direct App Open,2024-10-06
CUST-08313,Neha Mehta,Uttar Pradesh,Agra,282001,Organic Search,2024-06-23
CUST-08314,Vikram Iyer,West Bengal,Howrah,711101,Direct App Open,2025-05-27
CUST-08315,Rahul Iyer,Maharashtra,Pune,411001,Paid Ads (Instagram/FB),2024-12-22
CUST-08316,Siddharth Iyer,Bihar,Muzaffarpur,842001,Referral / WhatsApp Share,2024-05-27
CUST-08317,Aditya Kulkarni,West Bengal,Siliguri,734001,Direct App Open,2025-01-23
CUST-08318,Neha Iyer,West Bengal,Siliguri,734001,Organic Search,2025-04-30
CUST-08319,Arjun Patel,Maharashtra,Nashik,422001,Paid Ads (Instagram/FB),2025-06-19
CUST-08320,Shreya Iyer,Telangana,Warangal,506001,Direct App Open,2025-01-30
CUST-08321,Vikram Rao,Bihar,Muzaffarpur,842001,Organic Search,2024-07-06
CUST-08322,Rahul Joshi,Uttar Pradesh,Varanasi,221001,Affiliate,2024-07-28
CUST-08323,Rahul Joshi,Gujarat,Ahmedabad,380001,Affiliate,2025-02-08
CUST-08324,Rohan Verma,West Bengal,Howrah,711101,Referral / WhatsApp Share,2024-09-18
CUST-08325,Ananya Deshmukh,Maharashtra,Nagpur,440001,Organic Search,2024-12-10
CUST-08326,Kabir Joshi,Gujarat,Ahmedabad,380001,Organic Search,2025-02-07
CUST-08327,Ananya Joshi,Karnataka,Hubballi,580020,Organic Search,2024-02-25
CUST-08328,Sneha Gupta,Uttar Pradesh,Agra,282001,Referral / WhatsApp Share,2024-02-27
CUST-08329,Neha Nair,Rajasthan,Udaipur,313001,Organic Search,2024-11-03
CUST-08330,Kavya Nair,Uttar Pradesh,Lucknow,226001,Paid Ads (Instagram/FB),2025-01-07
CUST-08331,Siddharth Iyer,Rajasthan,Udaipur,313001,Paid Ads (Instagram/FB),2025-03-01
CUST-08332,Sneha Mehta,Rajasthan,Udaipur,313001,Paid Ads (Instagram/FB),2024-11-20
CUST-08333,Pooja Rao,Madhya Pradesh,Indore,452001,Direct App Open,2025-04-16
CUST-08334,Neha Rao,Maharashtra,Nagpur,440001,Referral / WhatsApp Share,2024-11-01
CUST-08335,Arjun Deshmukh,Telangana,Nizamabad,503001,Organic Search,2025-04-30
CUST-08336,Priya Mehta,Telangana,Nizamabad,503001,Direct App Open,2024-04-08
CUST-08337,Sneha Singh,Madhya Pradesh,Bhopal,462001,Direct App Open,2024-01-10
CUST-08338,Aarav Gupta,Karnataka,Hubballi,580020,Paid Ads (Instagram/FB),2024-08-10
CUST-08339,Siddharth Rao,Uttar Pradesh,Kanpur,208001,Paid Ads (Instagram/FB),2025-02-04
CUST-08340,Arjun Deshmukh,Gujarat,Surat,395001,Referral / WhatsApp Share,2025-03-06
CUST-08341,Aarav Mehta,Uttar Pradesh,Kanpur,208001,Direct App Open,2025-07-12
CUST-08342,Kavya Nair,Tamil Nadu,Chennai,600001,Referral / WhatsApp Share,2025-05-26
CUST-08343,Neha Patel,Karnataka,Hubballi,580020,Affiliate,2024-03-10
CUST-08344,Arjun Singh,Karnataka,Hubballi,580020,Referral / WhatsApp Share,2024-03-05
CUST-08345,Shreya Deshmukh,West Bengal,Howrah,711101,Organic Search,2025-04-29
CUST-08346,Kabir Gupta,West Bengal,Howrah,711101,Affiliate,2024-06-09
CUST-08347,Rohan Iyer,West Bengal,Howrah,711101,Paid Ads (Instagram/FB),2025-07-13
CUST-08348,Sneha Nair,Rajasthan,Udaipur,313001,Organic Search,2025-03-23
CUST-08349,Ananya Sharma,Karnataka,Bengaluru,560001,Affiliate,2024-06-30
CUST-08350,Pooja Iyer,Gujarat,Surat,395001,Paid Ads (Instagram/FB),2025-07-10
CUST-08351,Kavya Verma,Madhya Pradesh,Gwalior,474001,Direct App Open,2024-04-16
CUST-08352,Sneha Rao,Gujarat,Surat,395001,Affiliate,2025-02-23
CUST-08353,Vikram Verma,Karnataka,Mysuru,570001,Affiliate,2024-11-13
CUST-08354,Kavya Rao,Rajasthan,Jodhpur,342001,Direct App Open,2024-10-10
CUST-08355,Rahul Kulkarni,West Bengal,Kolkata,700001,Direct App Open,2024-06-03
CUST-08356,Aditya Nair,Gujarat,Ahmedabad,380001,Organic Search,2024-05-05
CUST-08357,Arjun Kulkarni,Maharashtra,Mumbai,400001,Affiliate,2025-05-06
CUST-08358,Sneha Joshi,Tamil Nadu,Coimbatore,641001,Organic Search,2024-12-12
CUST-08359,Arjun Patel,Maharashtra,Nagpur,440001,Affiliate,2024-01-11
CUST-08360,Priya Sharma,Madhya Pradesh,Gwalior,474001,Affiliate,2025-03-06
CUST-08361,Neha Deshmukh,Rajasthan,Jodhpur,342001,Referral / WhatsApp Share,2025-05-26
CUST-08362,Kabir Patel,Telangana,Hyderabad,500001,Direct App Open,2025-06-28
CUST-08363,Siddharth Rao,Madhya Pradesh,Indore,452001,Direct App Open,2024-07-17
CUST-08364,Kavya Joshi,Tamil Nadu,Coimbatore,641001,Referral / WhatsApp Share,2024-09-05
CUST-08365,Aditya Iyer,Gujarat,Surat,395001,Direct App Open,2025-03-29
CUST-08366,Vikram Rao,Telangana,Warangal,506001,Paid Ads (Instagram/FB),2024-07-22
CUST-08367,Neha Deshmukh,Karnataka,Bengaluru,560001,Direct App Open,2024-06-23
CUST-08368,Arjun Patel,Telangana,Hyderabad,500001,Referral / WhatsApp Share,2024-01-01
CUST-08369,Rohan Iyer,Rajasthan,Jodhpur,342001,Paid Ads (Instagram/FB),2025-07-16
CUST-08370,Aditya Gupta,Rajasthan,Jaipur,302001,Referral / WhatsApp Share,2024-11-16
CUST-08371,Aarav Kulkarni,Karnataka,Bengaluru,560001,Affiliate,2024-10-23
CUST-08372,Aarav Kulkarni,Maharashtra,Nagpur,440001,Direct App Open,2024-05-13
CUST-08373,Siddharth Joshi,Maharashtra,Nashik,422001,Affiliate,2025-03-13
CUST-08374,Rohan Deshmukh,Uttar Pradesh,Varanasi,221001,Referral / WhatsApp Share,2025-05-13
CUST-08375,Neha Iyer,Bihar,Gaya,823001,Organic Search,2025-08-08
CUST-08376,Arjun Rao,West Bengal,Siliguri,734001,Organic Search,2025-07-24
CUST-08377,Priya Verma,Tamil Nadu,Coimbatore,641001,Paid Ads (Instagram/FB),2025-02-02
CUST-08378,Kabir Kulkarni,Gujarat,Vadodara,390001,Direct App Open,2025-06-25
CUST-08379,Arjun Kulkarni,Madhya Pradesh,Indore,452001,Referral / WhatsApp Share,2025-06-02
CUST-08380,Shreya Deshmukh,West Bengal,Siliguri,734001,Referral / WhatsApp Share,2025-04-08
CUST-08381,Priya Iyer,Uttar Pradesh,Varanasi,221001,Referral / WhatsApp Share,2024-09-27
CUST-08382,Siddharth Rao,Telangana,Warangal,506001,Organic Search,2025-03-21
CUST-08383,Ananya Deshmukh,West Bengal,Kolkata,700001,Referral / WhatsApp Share,2025-05-05
CUST-08384,Vikram Verma,Rajasthan,Jodhpur,342001,Referral / WhatsApp Share,2024-08-30
CUST-08385,Neha Gupta,Karnataka,Bengaluru,560001,Paid Ads (Instagram/FB),2024-08-15
CUST-08386,Arjun Singh,Madhya Pradesh,Indore,452001,Direct App Open,2025-01-13
CUST-08387,Kabir Patel,Telangana,Hyderabad,500001,Affiliate,2025-07-30
CUST-08388,Kavya Nair,Rajasthan,Jodhpur,342001,Referral / WhatsApp Share,2025-05-19
CUST-08389,Pooja Gupta,Madhya Pradesh,Bhopal,462001,Paid Ads (Instagram/FB),2024-07-10
CUST-08390,Kavya Deshmukh,Maharashtra,Mumbai,400001,Organic Search,2024-11-27
CUST-08391,Pooja Sharma,West Bengal,Howrah,711101,Referral / WhatsApp Share,2024-04-26
CUST-08392,Neha Iyer,Bihar,Gaya,823001,Affiliate,2025-01-08
CUST-08393,Vikram Sharma,West Bengal,Siliguri,734001,Affiliate,2024-03-09
CUST-08394,Pooja Iyer,Tamil Nadu,Coimbatore,641001,Paid Ads (Instagram/FB),2024-10-24
CUST-08395,Kabir Mehta,Rajasthan,Jaipur,302001,Paid Ads (Instagram/FB),2024-07-11
CUST-08396,Pooja Iyer,Gujarat,Ahmedabad,380001,Direct App Open,2024-12-10
CUST-08397,Ananya Iyer,West Bengal,Kolkata,700001,Referral / WhatsApp Share,2025-04-28
CUST-08398,Sneha Deshmukh,Madhya Pradesh,Bhopal,462001,Affiliate,2025-02-09
CUST-08399,Siddharth Mehta,Madhya Pradesh,Bhopal,462001,Organic Search,2025-02-17
CUST-08400,Aditya Sharma,Madhya Pradesh,Indore,452001,Affiliate,2025-05-15
CUST-08401,Siddharth Gupta,West Bengal,Siliguri,734001,Direct App Open,2025-05-31
CUST-08402,Rahul Nair,Karnataka,Hubballi,580020,Direct App Open,2024-07-13
CUST-08403,Neha Joshi,Gujarat,Ahmedabad,380001,Affiliate,2025-04-25
CUST-08404,Neha Iyer,Telangana,Nizamabad,503001,Affiliate,2024-09-10
CUST-08405,Kavya Joshi,Bihar,Gaya,823001,Organic Search,2025-08-05
CUST-08406,Neha Gupta,Telangana,Warangal,506001,Affiliate,2024-11-29
CUST-08407,Aditya Kulkarni,Maharashtra,Mumbai,400001,Referral / WhatsApp Share,2024-10-11
CUST-08408,Sneha Gupta,Maharashtra,Nashik,422001,Paid Ads (Instagram/FB),2025-02-13
CUST-08409,Rohan Deshmukh,Maharashtra,Mumbai,400001,Organic Search,2025-03-28
CUST-08410,Pooja Iyer,Karnataka,Hubballi,580020,Paid Ads (Instagram/FB),2025-02-18
CUST-08411,Sneha Mehta,Rajasthan,Udaipur,313001,Paid Ads (Instagram/FB),2024-12-19
CUST-08412,Vikram Joshi,Gujarat,Ahmedabad,380001,Referral / WhatsApp Share,2024-11-07
CUST-08413,Rahul Patel,West Bengal,Howrah,711101,Direct App Open,2024-05-03
CUST-08414,Priya Verma,Rajasthan,Jodhpur,342001,Paid Ads (Instagram/FB),2025-08-21
CUST-08415,Arjun Rao,Rajasthan,Jaipur,302001,Referral / WhatsApp Share,2024-11-19
CUST-08416,Arjun Patel,Telangana,Nizamabad,503001,Direct App Open,2024-02-05
CUST-08417,Arjun Gupta,Madhya Pradesh,Indore,452001,Organic Search,2025-05-21
CUST-08418,Sneha Rao,West Bengal,Kolkata,700001,Affiliate,2024-01-03
CUST-08419,Sneha Iyer,Bihar,Gaya,823001,Affiliate,2025-05-03
CUST-08420,Rohan Joshi,Madhya Pradesh,Bhopal,462001,Affiliate,2025-01-14
CUST-08421,Aarav Verma,Maharashtra,Nagpur,440001,Organic Search,2024-07-13
CUST-08422,Kavya Sharma,Bihar,Muzaffarpur,842001,Direct App Open,2025-04-04
CUST-08423,Rohan Patel,Karnataka,Hubballi,580020,Organic Search,2024-11-21
CUST-08424,Kabir Nair,Gujarat,Vadodara,390001,Direct App Open,2024-01-29
CUST-08425,Kavya Mehta,Rajasthan,Udaipur,313001,Referral / WhatsApp Share,2024-08-17
CUST-08426,Neha Deshmukh,Madhya Pradesh,Bhopal,462001,Organic Search,2024-10-22
CUST-08427,Shreya Deshmukh,Karnataka,Mysuru,570001,Organic Search,2024-08-16
CUST-08428,Neha Patel,Rajasthan,Jaipur,302001,Organic Search,2025-03-12
CUST-08429,Shreya Iyer,Telangana,Hyderabad,500001,Affiliate,2025-01-15
CUST-08430,Arjun Iyer,Maharashtra,Nashik,422001,Affiliate,2024-09-24
CUST-08431,Rahul Nair,Gujarat,Surat,395001,Affiliate,2024-05-06
CUST-08432,Kabir Verma,Karnataka,Bengaluru,560001,Affiliate,2025-02-08
CUST-08433,Kabir Kulkarni,Bihar,Patna,800001,Direct App Open,2025-05-01
CUST-08434,Neha Kulkarni,West Bengal,Siliguri,734001,Referral / WhatsApp Share,2025-04-04
CUST-08435,Siddharth Iyer,West Bengal,Howrah,711101,Organic Search,2024-01-04
CUST-08436,Sneha Rao,Rajasthan,Jodhpur,342001,Paid Ads (Instagram/FB),2024-12-28
CUST-08437,Aarav Singh,Maharashtra,Pune,411001,Referral / WhatsApp Share,2025-06-29
CUST-08438,Rahul Deshmukh,Madhya Pradesh,Gwalior,474001,Organic Search,2024-01-27
CUST-08439,Rahul Nair,West Bengal,Howrah,711101,Affiliate,2025-04-03
CUST-08440,Rohan Iyer,West Bengal,Howrah,711101,Affiliate,2024-10-25
CUST-08441,Siddharth Kulkarni,Rajasthan,Udaipur,313001,Paid Ads (Instagram/FB),2024-02-17
CUST-08442,Arjun Sharma,Karnataka,Mysuru,570001,Organic Search,2024-01-17
CUST-08443,Siddharth Singh,Uttar Pradesh,Varanasi,221001,Organic Search,2025-04-23
CUST-08444,Shreya Singh,Telangana,Hyderabad,500001,Organic Search,2025-02-19
CUST-08445,Kabir Sharma,Madhya Pradesh,Gwalior,474001,Organic Search,2025-03-14
CUST-08446,Siddharth Gupta,Uttar Pradesh,Lucknow,226001,Referral / WhatsApp Share,2025-01-10
CUST-08447,Rahul Joshi,Bihar,Patna,800001,Paid Ads (Instagram/FB),2024-10-18
CUST-08448,Aarav Rao,Tamil Nadu,Coimbatore,641001,Referral / WhatsApp Share,2024-02-16
CUST-08449,Aarav Sharma,Tamil Nadu,Coimbatore,641001,Affiliate,2024-11-04
CUST-08450,Aarav Gupta,Madhya Pradesh,Gwalior,474001,Paid Ads (Instagram/FB),2024-05-13
CUST-08451,Rahul Verma,Maharashtra,Nashik,422001,Affiliate,2024-02-08
CUST-08452,Aditya Gupta,Bihar,Gaya,823001,Affiliate,2024-11-11
CUST-08453,Pooja Iyer,West Bengal,Howrah,711101,Referral / WhatsApp Share,2025-06-02
CUST-08454,Aarav Gupta,Gujarat,Vadodara,390001,Direct App Open,2024-08-04
CUST-08455,Arjun Iyer,Bihar,Gaya,823001,Direct App Open,2024-05-23
CUST-08456,Kavya Mehta,Tamil Nadu,Coimbatore,641001,Referral / WhatsApp Share,2025-06-06
CUST-08457,Aditya Rao,Uttar Pradesh,Agra,282001,Organic Search,2025-06-20
CUST-08458,Shreya Iyer,Gujarat,Surat,395001,Organic Search,2024-10-30
CUST-08459,Kavya Gupta,Karnataka,Mysuru,570001,Referral / WhatsApp Share,2025-02-20
CUST-08460,Kabir Rao,Gujarat,Vadodara,390001,Affiliate,2024-02-06
CUST-08461,Siddharth Sharma,Maharashtra,Nagpur,440001,Referral / WhatsApp Share,2024-08-04
CUST-08462,Pooja Rao,Madhya Pradesh,Bhopal,462001,Referral / WhatsApp Share,2025-07-17
CUST-08463,Kavya Nair,Bihar,Gaya,823001,Paid Ads (Instagram/FB),2024-11-19
CUST-08464,Priya Singh,Maharashtra,Nashik,422001,Organic Search,2025-03-24
CUST-08465,Aarav Deshmukh,Telangana,Nizamabad,503001,Direct App Open,2024-08-03
CUST-08466,Priya Verma,Maharashtra,Mumbai,400001,Direct App Open,2025-02-20
CUST-08467,Arjun Nair,Uttar Pradesh,Kanpur,208001,Organic Search,2024-08-23
CUST-08468,Kavya Gupta,Madhya Pradesh,Indore,452001,Direct App Open,2024-04-21
CUST-08469,Rahul Mehta,Madhya Pradesh,Bhopal,462001,Referral / WhatsApp Share,2024-02-25
CUST-08470,Priya Joshi,Tamil Nadu,Coimbatore,641001,Referral / WhatsApp Share,2025-02-22
CUST-08471,Kabir Mehta,West Bengal,Howrah,711101,Paid Ads (Instagram/FB),2024-04-24
CUST-08472,Rohan Kulkarni,Gujarat,Surat,395001,Organic Search,2024-05-10
CUST-08473,Neha Joshi,Telangana,Nizamabad,503001,Direct App Open,2025-02-08
CUST-08474,Rohan Mehta,Telangana,Warangal,506001,Direct App Open,2025-08-21
CUST-08475,Vikram Verma,Tamil Nadu,Coimbatore,641001,Organic Search,2025-07-22
CUST-08476,Aarav Gupta,Telangana,Nizamabad,503001,Affiliate,2025-04-07
CUST-08477,Priya Verma,Gujarat,Vadodara,390001,Paid Ads (Instagram/FB),2024-04-01
CUST-08478,Siddharth Kulkarni,Rajasthan,Jaipur,302001,Direct App Open,2024-02-07
CUST-08479,Aditya Singh,Karnataka,Mysuru,570001,Organic Search,2024-09-28
CUST-08480,Kavya Singh,Rajasthan,Jaipur,302001,Direct App Open,2024-12-06
CUST-08481,Aarav Singh,Tamil Nadu,Chennai,600001,Referral / WhatsApp Share,2024-07-08
CUST-08482,Kabir Singh,Tamil Nadu,Coimbatore,641001,Affiliate,2024-05-26
CUST-08483,Pooja Joshi,Telangana,Warangal,506001,Referral / WhatsApp Share,2024-09-20
CUST-08484,Priya Gupta,Telangana,Hyderabad,500001,Paid Ads (Instagram/FB),2025-04-19
CUST-08485,Arjun Sharma,Tamil Nadu,Madurai,625001,Affiliate,2025-05-11
CUST-08486,Kavya Joshi,Karnataka,Bengaluru,560001,Affiliate,2024-07-12
CUST-08487,Siddharth Nair,Gujarat,Surat,395001,Paid Ads (Instagram/FB),2025-02-05
CUST-08488,Aditya Kulkarni,Karnataka,Mysuru,570001,Paid Ads (Instagram/FB),2025-05-01
CUST-08489,Rahul Joshi,Maharashtra,Nashik,422001,Referral / WhatsApp Share,2024-05-03
CUST-08490,Vikram Joshi,Tamil Nadu,Coimbatore,641001,Organic Search,2024-06-23
CUST-08491,Kabir Rao,Uttar Pradesh,Kanpur,208001,Referral / WhatsApp Share,2024-07-14
CUST-08492,Vikram Mehta,West Bengal,Howrah,711101,Referral / WhatsApp Share,2025-01-29
CUST-08493,Priya Nair,Gujarat,Ahmedabad,380001,Direct App Open,2024-06-05
CUST-08494,Kavya Patel,Gujarat,Vadodara,390001,Referral / WhatsApp Share,2024-05-05
CUST-08495,Kavya Rao,West Bengal,Howrah,711101,Organic Search,2024-01-10
CUST-08496,Pooja Gupta,West Bengal,Howrah,711101,Paid Ads (Instagram/FB),2025-01-05
CUST-08497,Siddharth Mehta,Rajasthan,Jodhpur,342001,Organic Search,2025-01-11
CUST-08498,Kabir Nair,Madhya Pradesh,Gwalior,474001,Organic Search,2025-06-06
CUST-08499,Aditya Singh,Madhya Pradesh,Bhopal,462001,Organic Search,2025-03-25
CUST-08500,Rohan Verma,Uttar Pradesh,Kanpur,208001,Direct App Open,2024-07-11
CUST-08501,Ananya Singh,Maharashtra,Pune,411001,Affiliate,2024-08-04
CUST-08502,Neha Nair,Uttar Pradesh,Kanpur,208001,Paid Ads (Instagram/FB),2025-02-20
CUST-08503,Neha Mehta,Rajasthan,Jaipur,302001,Paid Ads (Instagram/FB),2024-06-07
CUST-08504,Aditya Joshi,Karnataka,Mysuru,570001,Direct App Open,2025-03-15
CUST-08505,Neha Singh,Bihar,Muzaffarpur,842001,Referral / WhatsApp Share,2025-06-02
CUST-08506,Siddharth Nair,Uttar Pradesh,Varanasi,221001,Direct App Open,2025-07-04
CUST-08507,Neha Gupta,Rajasthan,Jodhpur,342001,Affiliate,2024-06-03
CUST-08508,Pooja Singh,Tamil Nadu,Madurai,625001,Affiliate,2024-07-17
CUST-08509,Siddharth Patel,Gujarat,Surat,395001,Direct App Open,2024-12-20
CUST-08510,Rahul Verma,Karnataka,Hubballi,580020,Direct App Open,2025-02-22
CUST-08511,Arjun Singh,Telangana,Hyderabad,500001,Referral / WhatsApp Share,2024-08-23
CUST-08512,Kabir Gupta,Bihar,Gaya,823001,Affiliate,2024-08-02
CUST-08513,Siddharth Mehta,Maharashtra,Pune,411001,Organic Search,2025-02-10
CUST-08514,Priya Rao,Gujarat,Ahmedabad,380001,Direct App Open,2025-04-05
CUST-08515,Pooja Sharma,West Bengal,Kolkata,700001,Referral / WhatsApp Share,2024-02-12
CUST-08516,Aditya Iyer,Madhya Pradesh,Gwalior,474001,Affiliate,2024-08-14
CUST-08517,Ananya Iyer,Uttar Pradesh,Varanasi,221001,Organic Search,2025-06-08
CUST-08518,Aarav Patel,Bihar,Gaya,823001,Referral / WhatsApp Share,2025-07-07
CUST-08519,Kavya Sharma,Karnataka,Bengaluru,560001,Direct App Open,2024-05-18
CUST-08520,Arjun Sharma,Uttar Pradesh,Kanpur,208001,Affiliate,2025-06-25
CUST-08521,Kavya Rao,Telangana,Nizamabad,503001,Referral / WhatsApp Share,2024-07-17
CUST-08522,Priya Patel,West Bengal,Howrah,711101,Paid Ads (Instagram/FB),2025-07-30
CUST-08523,Neha Nair,Uttar Pradesh,Varanasi,221001,Direct App Open,2024-09-08
CUST-08524,Vikram Patel,West Bengal,Siliguri,734001,Organic Search,2024-01-23
CUST-08525,Rahul Joshi,Bihar,Patna,800001,Affiliate,2025-03-06
CUST-08526,Kavya Mehta,Gujarat,Vadodara,390001,Direct App Open,2024-12-27
CUST-08527,Aarav Singh,Bihar,Patna,800001,Paid Ads (Instagram/FB),2025-02-24
CUST-08528,Aditya Gupta,Karnataka,Bengaluru,560001,Referral / WhatsApp Share,2025-05-21
CUST-08529,Arjun Gupta,Telangana,Hyderabad,500001,Paid Ads (Instagram/FB),2024-12-10
CUST-08530,Priya Gupta,Madhya Pradesh,Gwalior,474001,Paid Ads (Instagram/FB),2025-03-12
CUST-08531,Rahul Patel,Gujarat,Surat,395001,Organic Search,2025-03-01
CUST-08532,Rohan Patel,Maharashtra,Nagpur,440001,Organic Search,2024-03-20
CUST-08533,Sneha Verma,Telangana,Nizamabad,503001,Direct App Open,2024-01-19
CUST-08534,Kabir Mehta,Telangana,Nizamabad,503001,Organic Search,2024-02-08
CUST-08535,Pooja Deshmukh,Rajasthan,Udaipur,313001,Referral / WhatsApp Share,2024-07-07
CUST-08536,Kavya Joshi,Madhya Pradesh,Indore,452001,Direct App Open,2025-01-18
CUST-08537,Aarav Nair,Gujarat,Surat,395001,Affiliate,2024-04-05
CUST-08538,Siddharth Joshi,Madhya Pradesh,Gwalior,474001,Paid Ads (Instagram/FB),2024-04-26
CUST-08539,Vikram Sharma,Rajasthan,Jaipur,302001,Direct App Open,2024-07-19
CUST-08540,Aarav Nair,Rajasthan,Jaipur,302001,Referral / WhatsApp Share,2024-07-21
CUST-08541,Pooja Sharma,Gujarat,Vadodara,390001,Organic Search,2024-06-07
CUST-08542,Aarav Sharma,West Bengal,Siliguri,734001,Direct App Open,2024-06-30
CUST-08543,Kabir Sharma,Rajasthan,Jaipur,302001,Paid Ads (Instagram/FB),2024-10-18
CUST-08544,Neha Singh,Madhya Pradesh,Indore,452001,Direct App Open,2025-06-19
CUST-08545,Shreya Nair,Madhya Pradesh,Gwalior,474001,Paid Ads (Instagram/FB),2024-03-05
CUST-08546,Ananya Mehta,Rajasthan,Jaipur,302001,Affiliate,2024-04-30
CUST-08547,Aditya Kulkarni,Karnataka,Bengaluru,560001,Affiliate,2024-07-31
CUST-08548,Rohan Mehta,Telangana,Warangal,506001,Paid Ads (Instagram/FB),2024-12-01
CUST-08549,Vikram Sharma,Uttar Pradesh,Varanasi,221001,Affiliate,2024-09-11
CUST-08550,Arjun Gupta,Tamil Nadu,Coimbatore,641001,Referral / WhatsApp Share,2024-10-25
CUST-08551,Ananya Gupta,Uttar Pradesh,Agra,282001,Referral / WhatsApp Share,2025-01-04
CUST-08552,Pooja Singh,Rajasthan,Udaipur,313001,Organic Search,2024-02-28
CUST-08553,Neha Gupta,Telangana,Hyderabad,500001,Referral / WhatsApp Share,2025-03-14
CUST-08554,Ananya Joshi,Bihar,Muzaffarpur,842001,Affiliate,2024-09-04
CUST-08555,Neha Kulkarni,West Bengal,Siliguri,734001,Referral / WhatsApp Share,2024-01-18
CUST-08556,Vikram Kulkarni,Madhya Pradesh,Bhopal,462001,Affiliate,2025-05-19
CUST-08557,Sneha Sharma,Maharashtra,Nashik,422001,Direct App Open,2024-02-02
CUST-08558,Pooja Deshmukh,Maharashtra,Pune,411001,Organic Search,2025-03-30
CUST-08559,Siddharth Mehta,Uttar Pradesh,Lucknow,226001,Paid Ads (Instagram/FB),2025-01-06
CUST-08560,Pooja Rao,Madhya Pradesh,Bhopal,462001,Referral / WhatsApp Share,2024-07-16
CUST-08561,Ananya Iyer,Uttar Pradesh,Varanasi,221001,Direct App Open,2025-08-17
CUST-08562,Kabir Singh,Maharashtra,Mumbai,400001,Organic Search,2024-03-26
CUST-08563,Vikram Joshi,Maharashtra,Mumbai,400001,Affiliate,2024-07-23
CUST-08564,Aditya Iyer,West Bengal,Kolkata,700001,Organic Search,2025-03-21
CUST-08565,Rohan Mehta,Bihar,Patna,800001,Affiliate,2024-07-31
CUST-08566,Priya Joshi,Tamil Nadu,Chennai,600001,Direct App Open,2025-02-12
CUST-08567,Kavya Iyer,Gujarat,Ahmedabad,380001,Direct App Open,2024-04-06
CUST-08568,Vikram Sharma,Madhya Pradesh,Bhopal,462001,Paid Ads (Instagram/FB),2024-04-17
CUST-08569,Aarav Patel,Rajasthan,Jaipur,302001,Direct App Open,2024-05-03
CUST-08570,Pooja Deshmukh,Tamil Nadu,Coimbatore,641001,Direct App Open,2024-09-13
CUST-08571,Aarav Kulkarni,Uttar Pradesh,Varanasi,221001,Organic Search,2025-07-21
CUST-08572,Priya Deshmukh,Maharashtra,Mumbai,400001,Referral / WhatsApp Share,2025-02-26
CUST-08573,Siddharth Verma,Gujarat,Vadodara,390001,Referral / WhatsApp Share,2024-06-10
CUST-08574,Siddharth Joshi,Gujarat,Surat,395001,Affiliate,2025-01-12
CUST-08575,Priya Verma,Bihar,Patna,800001,Referral / WhatsApp Share,2024-07-05
CUST-08576,Vikram Patel,Gujarat,Vadodara,390001,Organic Search,2024-06-02
CUST-08577,Shreya Mehta,Madhya Pradesh,Indore,452001,Direct App Open,2024-04-10
CUST-08578,Aarav Joshi,Bihar,Gaya,823001,Direct App Open,2024-01-23
CUST-08579,Rohan Singh,Telangana,Hyderabad,500001,Paid Ads (Instagram/FB),2025-01-10
CUST-08580,Aditya Verma,Rajasthan,Jodhpur,342001,Referral / WhatsApp Share,2024-03-24
CUST-08581,Rahul Singh,Telangana,Hyderabad,500001,Referral / WhatsApp Share,2025-04-27
CUST-08582,Priya Verma,West Bengal,Kolkata,700001,Paid Ads (Instagram/FB),2024-05-11
CUST-08583,Shreya Verma,Telangana,Nizamabad,503001,Direct App Open,2024-12-22
CUST-08584,Rohan Joshi,Uttar Pradesh,Varanasi,221001,Affiliate,2025-04-20
CUST-08585,Aditya Nair,Telangana,Nizamabad,503001,Affiliate,2024-04-28
CUST-08586,Kabir Rao,Madhya Pradesh,Bhopal,462001,Organic Search,2025-05-03
CUST-08587,Priya Kulkarni,Uttar Pradesh,Lucknow,226001,Organic Search,2024-09-21
CUST-08588,Rohan Rao,Tamil Nadu,Chennai,600001,Paid Ads (Instagram/FB),2024-10-26
CUST-08589,Shreya Nair,Tamil Nadu,Coimbatore,641001,Referral / WhatsApp Share,2025-03-02
CUST-08590,Neha Iyer,Uttar Pradesh,Kanpur,208001,Direct App Open,2024-03-17
CUST-08591,Aditya Rao,Rajasthan,Udaipur,313001,Referral / WhatsApp Share,2024-04-04
CUST-08592,Pooja Sharma,Bihar,Gaya,823001,Affiliate,2024-11-24
CUST-08593,Vikram Kulkarni,Maharashtra,Nagpur,440001,Direct App Open,2024-01-06
CUST-08594,Ananya Singh,Maharashtra,Mumbai,400001,Organic Search,2025-05-19
CUST-08595,Kabir Patel,Rajasthan,Jaipur,302001,Direct App Open,2024-04-16
CUST-08596,Ananya Gupta,Maharashtra,Mumbai,400001,Organic Search,2024-05-08
CUST-08597,Neha Iyer,Madhya Pradesh,Bhopal,462001,Organic Search,2025-06-18
CUST-08598,Rahul Gupta,Uttar Pradesh,Agra,282001,Paid Ads (Instagram/FB),2024-01-31
CUST-08599,Ananya Kulkarni,Rajasthan,Udaipur,313001,Direct App Open,2025-01-01
CUST-08600,Kavya Joshi,Tamil Nadu,Chennai,600001,Organic Search,2024-03-06
CUST-08601,Pooja Patel,West Bengal,Howrah,711101,Paid Ads (Instagram/FB),2025-02-12
CUST-08602,Shreya Sharma,Rajasthan,Udaipur,313001,Paid Ads (Instagram/FB),2024-10-24
CUST-08603,Priya Patel,Bihar,Gaya,823001,Paid Ads (Instagram/FB),2024-10-04
CUST-08604,Siddharth Rao,Karnataka,Mysuru,570001,Organic Search,2024-05-05
CUST-08605,Vikram Verma,West Bengal,Howrah,711101,Direct App Open,2025-03-22
CUST-08606,Rohan Singh,Madhya Pradesh,Bhopal,462001,Paid Ads (Instagram/FB),2024-08-22
CUST-08607,Kavya Sharma,Bihar,Gaya,823001,Paid Ads (Instagram/FB),2024-03-16
CUST-08608,Siddharth Patel,Bihar,Muzaffarpur,842001,Referral / WhatsApp Share,2025-02-13
CUST-08609,Aarav Iyer,Madhya Pradesh,Gwalior,474001,Referral / WhatsApp Share,2024-04-10
CUST-08610,Rahul Rao,West Bengal,Siliguri,734001,Paid Ads (Instagram/FB),2024-08-31
CUST-08611,Vikram Rao,Bihar,Gaya,823001,Referral / WhatsApp Share,2024-05-30
CUST-08612,Priya Verma,Tamil Nadu,Coimbatore,641001,Referral / WhatsApp Share,2024-11-28
CUST-08613,Ananya Iyer,Uttar Pradesh,Agra,282001,Referral / WhatsApp Share,2025-08-17
CUST-08614,Siddharth Kulkarni,Maharashtra,Nashik,422001,Organic Search,2024-11-27
CUST-08615,Rahul Singh,Uttar Pradesh,Lucknow,226001,Paid Ads (Instagram/FB),2025-05-02
CUST-08616,Aditya Gupta,Uttar Pradesh,Kanpur,208001,Referral / WhatsApp Share,2025-03-11
CUST-08617,Shreya Iyer,Uttar Pradesh,Lucknow,226001,Direct App Open,2025-07-10
CUST-08618,Pooja Gupta,Maharashtra,Nashik,422001,Affiliate,2025-03-14
CUST-08619,Pooja Gupta,West Bengal,Howrah,711101,Direct App Open,2024-02-24
CUST-08620,Priya Nair,Madhya Pradesh,Bhopal,462001,Organic Search,2024-10-07
CUST-08621,Priya Rao,West Bengal,Siliguri,734001,Referral / WhatsApp Share,2024-10-17
CUST-08622,Neha Singh,Rajasthan,Jaipur,302001,Paid Ads (Instagram/FB),2024-09-30
CUST-08623,Shreya Iyer,West Bengal,Siliguri,734001,Affiliate,2025-04-25
CUST-08624,Ananya Joshi,Telangana,Warangal,506001,Organic Search,2024-04-06
CUST-08625,Rahul Joshi,Madhya Pradesh,Indore,452001,Paid Ads (Instagram/FB),2025-01-06
CUST-08626,Kavya Iyer,Uttar Pradesh,Agra,282001,Referral / WhatsApp Share,2024-02-19
CUST-08627,Vikram Sharma,Telangana,Hyderabad,500001,Direct App Open,2024-01-19
CUST-08628,Priya Rao,Uttar Pradesh,Varanasi,221001,Affiliate,2025-02-11
CUST-08629,Arjun Deshmukh,Rajasthan,Jodhpur,342001,Organic Search,2025-01-02
CUST-08630,Rohan Deshmukh,Maharashtra,Nagpur,440001,Referral / WhatsApp Share,2024-02-03
CUST-08631,Pooja Kulkarni,Rajasthan,Udaipur,313001,Paid Ads (Instagram/FB),2025-05-29
CUST-08632,Priya Nair,Tamil Nadu,Coimbatore,641001,Paid Ads (Instagram/FB),2025-02-03
CUST-08633,Kabir Nair,Maharashtra,Nashik,422001,Paid Ads (Instagram/FB),2024-06-25
CUST-08634,Vikram Patel,Bihar,Muzaffarpur,842001,Organic Search,2024-04-02
CUST-08635,Pooja Kulkarni,Tamil Nadu,Chennai,600001,Direct App Open,2024-06-30
CUST-08636,Shreya Verma,Madhya Pradesh,Gwalior,474001,Affiliate,2024-01-27
CUST-08637,Arjun Nair,Maharashtra,Nashik,422001,Affiliate,2024-07-25
CUST-08638,Priya Patel,Karnataka,Hubballi,580020,Organic Search,2025-04-16
CUST-08639,Aditya Deshmukh,West Bengal,Siliguri,734001,Paid Ads (Instagram/FB),2025-07-21
CUST-08640,Rohan Mehta,Gujarat,Ahmedabad,380001,Organic Search,2024-07-08
CUST-08641,Sneha Joshi,Rajasthan,Jodhpur,342001,Paid Ads (Instagram/FB),2024-12-20
CUST-08642,Aarav Rao,Gujarat,Vadodara,390001,Referral / WhatsApp Share,2025-03-15
CUST-08643,Priya Joshi,Karnataka,Hubballi,580020,Direct App Open,2024-04-28
CUST-08644,Vikram Patel,Gujarat,Surat,395001,Paid Ads (Instagram/FB),2025-05-23
CUST-08645,Rahul Rao,Rajasthan,Jaipur,302001,Paid Ads (Instagram/FB),2024-07-25
CUST-08646,Sneha Gupta,Rajasthan,Jaipur,302001,Direct App Open,2024-09-17
CUST-08647,Rohan Patel,Tamil Nadu,Madurai,625001,Paid Ads (Instagram/FB),2024-01-13
CUST-08648,Pooja Singh,Karnataka,Bengaluru,560001,Direct App Open,2024-09-01
CUST-08649,Aditya Verma,Tamil Nadu,Chennai,600001,Referral / WhatsApp Share,2025-06-04
CUST-08650,Neha Patel,Telangana,Nizamabad,503001,Affiliate,2024-10-21
CUST-08651,Rohan Kulkarni,Maharashtra,Nagpur,440001,Affiliate,2024-05-19
CUST-08652,Rahul Kulkarni,Gujarat,Vadodara,390001,Organic Search,2025-08-11
CUST-08653,Sneha Kulkarni,Madhya Pradesh,Indore,452001,Direct App Open,2024-08-17
CUST-08654,Kabir Singh,Karnataka,Mysuru,570001,Paid Ads (Instagram/FB),2025-04-16
CUST-08655,Pooja Kulkarni,Rajasthan,Jaipur,302001,Paid Ads (Instagram/FB),2025-06-17
CUST-08656,Shreya Gupta,Uttar Pradesh,Agra,282001,Organic Search,2024-05-10
CUST-08657,Pooja Mehta,Uttar Pradesh,Kanpur,208001,Referral / WhatsApp Share,2024-04-16
CUST-08658,Priya Gupta,Uttar Pradesh,Kanpur,208001,Paid Ads (Instagram/FB),2024-02-21
CUST-08659,Priya Sharma,Rajasthan,Jodhpur,342001,Paid Ads (Instagram/FB),2025-01-16
CUST-08660,Siddharth Gupta,Maharashtra,Pune,411001,Referral / WhatsApp Share,2025-02-18
CUST-08661,Pooja Singh,Madhya Pradesh,Indore,452001,Organic Search,2024-06-23
CUST-08662,Ananya Mehta,Karnataka,Bengaluru,560001,Paid Ads (Instagram/FB),2024-06-23
CUST-08663,Aditya Sharma,Madhya Pradesh,Indore,452001,Paid Ads (Instagram/FB),2025-06-20
CUST-08664,Siddharth Kulkarni,Rajasthan,Jaipur,302001,Affiliate,2024-11-07
CUST-08665,Ananya Deshmukh,Uttar Pradesh,Kanpur,208001,Direct App Open,2024-01-13
CUST-08666,Arjun Kulkarni,Madhya Pradesh,Indore,452001,Affiliate,2024-07-29
CUST-08667,Neha Deshmukh,Karnataka,Bengaluru,560001,Paid Ads (Instagram/FB),2024-04-24
CUST-08668,Kabir Rao,Madhya Pradesh,Bhopal,462001,Paid Ads (Instagram/FB),2025-01-19
CUST-08669,Rahul Sharma,Madhya Pradesh,Bhopal,462001,Affiliate,2024-08-02
CUST-08670,Neha Patel,West Bengal,Kolkata,700001,Affiliate,2024-08-25
CUST-08671,Priya Verma,Madhya Pradesh,Indore,452001,Referral / WhatsApp Share,2025-07-11
CUST-08672,Arjun Iyer,Madhya Pradesh,Bhopal,462001,Paid Ads (Instagram/FB),2025-03-30
CUST-08673,Rahul Singh,Rajasthan,Udaipur,313001,Paid Ads (Instagram/FB),2025-07-10
CUST-08674,Priya Patel,Gujarat,Ahmedabad,380001,Direct App Open,2024-03-03
CUST-08675,Rahul Singh,Telangana,Warangal,506001,Direct App Open,2024-06-22
CUST-08676,Vikram Kulkarni,West Bengal,Howrah,711101,Organic Search,2025-03-26
CUST-08677,Kavya Verma,Maharashtra,Mumbai,400001,Referral / WhatsApp Share,2024-08-26
CUST-08678,Aditya Kulkarni,West Bengal,Siliguri,734001,Affiliate,2025-06-15
CUST-08679,Rohan Iyer,Tamil Nadu,Madurai,625001,Organic Search,2024-05-07
CUST-08680,Siddharth Nair,Maharashtra,Pune,411001,Affiliate,2024-08-25
CUST-08681,Arjun Kulkarni,Maharashtra,Pune,411001,Affiliate,2024-10-14
CUST-08682,Neha Verma,Telangana,Nizamabad,503001,Paid Ads (Instagram/FB),2024-12-14
CUST-08683,Arjun Verma,West Bengal,Kolkata,700001,Direct App Open,2024-03-12
CUST-08684,Sneha Joshi,Tamil Nadu,Chennai,600001,Referral / WhatsApp Share,2024-08-28
CUST-08685,Ananya Rao,Maharashtra,Nashik,422001,Organic Search,2025-01-25
CUST-08686,Kabir Joshi,Rajasthan,Jaipur,302001,Direct App Open,2024-08-06
CUST-08687,Siddharth Iyer,Uttar Pradesh,Lucknow,226001,Affiliate,2024-03-11
CUST-08688,Shreya Joshi,Uttar Pradesh,Lucknow,226001,Affiliate,2024-12-06
CUST-08689,Sneha Rao,Gujarat,Ahmedabad,380001,Affiliate,2024-09-07
CUST-08690,Neha Iyer,Uttar Pradesh,Kanpur,208001,Referral / WhatsApp Share,2024-02-28
CUST-08691,Ananya Verma,Rajasthan,Udaipur,313001,Organic Search,2025-04-22
CUST-08692,Aarav Iyer,Rajasthan,Udaipur,313001,Paid Ads (Instagram/FB),2024-01-29
CUST-08693,Kabir Patel,Madhya Pradesh,Gwalior,474001,Paid Ads (Instagram/FB),2024-02-22
CUST-08694,Aditya Sharma,Tamil Nadu,Coimbatore,641001,Affiliate,2024-05-12
CUST-08695,Aarav Verma,Karnataka,Bengaluru,560001,Direct App Open,2024-07-05
CUST-08696,Kavya Singh,Rajasthan,Udaipur,313001,Referral / WhatsApp Share,2024-05-10
CUST-08697,Vikram Joshi,Madhya Pradesh,Indore,452001,Direct App Open,2024-09-06
CUST-08698,Rohan Kulkarni,West Bengal,Kolkata,700001,Direct App Open,2024-12-02
CUST-08699,Kavya Mehta,Telangana,Nizamabad,503001,Affiliate,2024-01-25
CUST-08700,Sneha Rao,Gujarat,Surat,395001,Direct App Open,2024-05-02
CUST-08701,Rohan Sharma,Rajasthan,Jaipur,302001,Organic Search,2024-12-19
CUST-08702,Neha Nair,Telangana,Hyderabad,500001,Paid Ads (Instagram/FB),2024-11-17
CUST-08703,Shreya Rao,West Bengal,Kolkata,700001,Affiliate,2024-04-11
CUST-08704,Pooja Deshmukh,Bihar,Muzaffarpur,842001,Referral / WhatsApp Share,2024-10-11
CUST-08705,Sneha Joshi,West Bengal,Siliguri,734001,Direct App Open,2025-07-05
CUST-08706,Siddharth Patel,Rajasthan,Jodhpur,342001,Referral / WhatsApp Share,2024-07-08
CUST-08707,Aarav Kulkarni,Tamil Nadu,Chennai,600001,Referral / WhatsApp Share,2024-03-27
CUST-08708,Aditya Kulkarni,West Bengal,Howrah,711101,Direct App Open,2024-10-14
CUST-08709,Aarav Deshmukh,Karnataka,Bengaluru,560001,Organic Search,2025-02-07
CUST-08710,Rahul Verma,West Bengal,Siliguri,734001,Affiliate,2024-09-05
CUST-08711,Aarav Sharma,Uttar Pradesh,Kanpur,208001,Referral / WhatsApp Share,2024-03-21
CUST-08712,Vikram Sharma,West Bengal,Siliguri,734001,Affiliate,2024-02-23
CUST-08713,Kabir Gupta,Rajasthan,Jaipur,302001,Affiliate,2024-03-14
CUST-08714,Kavya Singh,Tamil Nadu,Coimbatore,641001,Referral / WhatsApp Share,2024-11-12
CUST-08715,Arjun Singh,Maharashtra,Mumbai,400001,Organic Search,2024-02-11
CUST-08716,Aditya Singh,Maharashtra,Mumbai,400001,Referral / WhatsApp Share,2025-02-26
CUST-08717,Vikram Kulkarni,Tamil Nadu,Madurai,625001,Direct App Open,2025-01-29
CUST-08718,Arjun Iyer,Tamil Nadu,Madurai,625001,Affiliate,2025-03-27
CUST-08719,Sneha Mehta,West Bengal,Howrah,711101,Organic Search,2024-10-15
CUST-08720,Aditya Nair,Telangana,Nizamabad,503001,Paid Ads (Instagram/FB),2024-10-15
CUST-08721,Kabir Joshi,Karnataka,Mysuru,570001,Direct App Open,2025-03-08
CUST-08722,Aarav Patel,Gujarat,Vadodara,390001,Organic Search,2025-04-26
CUST-08723,Pooja Kulkarni,Uttar Pradesh,Lucknow,226001,Affiliate,2024-04-24
CUST-08724,Rohan Gupta,Uttar Pradesh,Agra,282001,Referral / WhatsApp Share,2024-06-30
CUST-08725,Rahul Gupta,West Bengal,Kolkata,700001,Affiliate,2024-04-30
CUST-08726,Sneha Deshmukh,West Bengal,Siliguri,734001,Organic Search,2024-11-11
CUST-08727,Ananya Patel,West Bengal,Kolkata,700001,Direct App Open,2024-03-13
CUST-08728,Siddharth Verma,Tamil Nadu,Chennai,600001,Direct App Open,2024-10-08
CUST-08729,Neha Verma,Bihar,Patna,800001,Organic Search,2024-02-10
CUST-08730,Shreya Iyer,Karnataka,Hubballi,580020,Paid Ads (Instagram/FB),2024-05-04
CUST-08731,Pooja Verma,Bihar,Gaya,823001,Organic Search,2024-06-15
CUST-08732,Sneha Singh,Bihar,Patna,800001,Direct App Open,2025-06-06
CUST-08733,Vikram Singh,Tamil Nadu,Coimbatore,641001,Affiliate,2025-03-05
CUST-08734,Vikram Kulkarni,Madhya Pradesh,Gwalior,474001,Paid Ads (Instagram/FB),2024-09-14
CUST-08735,Rahul Singh,Uttar Pradesh,Kanpur,208001,Paid Ads (Instagram/FB),2025-06-04
CUST-08736,Aditya Patel,Uttar Pradesh,Kanpur,208001,Direct App Open,2024-05-10
CUST-08737,Vikram Rao,Tamil Nadu,Coimbatore,641001,Affiliate,2024-06-09
CUST-08738,Siddharth Deshmukh,Rajasthan,Udaipur,313001,Referral / WhatsApp Share,2025-08-11
CUST-08739,Priya Rao,Tamil Nadu,Coimbatore,641001,Affiliate,2025-08-12
CUST-08740,Vikram Sharma,Maharashtra,Nagpur,440001,Direct App Open,2024-12-13
CUST-08741,Kavya Nair,Tamil Nadu,Coimbatore,641001,Paid Ads (Instagram/FB),2025-08-16
CUST-08742,Rohan Gupta,Tamil Nadu,Madurai,625001,Affiliate,2025-05-21
CUST-08743,Arjun Sharma,Rajasthan,Jaipur,302001,Direct App Open,2025-02-10
CUST-08744,Rahul Gupta,Rajasthan,Jodhpur,342001,Referral / WhatsApp Share,2025-08-08
CUST-08745,Neha Iyer,Rajasthan,Udaipur,313001,Organic Search,2024-11-25
CUST-08746,Ananya Singh,Karnataka,Mysuru,570001,Organic Search,2025-07-30
CUST-08747,Priya Nair,Rajasthan,Jaipur,302001,Direct App Open,2024-05-09
CUST-08748,Kavya Nair,Telangana,Warangal,506001,Referral / WhatsApp Share,2025-03-28
CUST-08749,Kabir Verma,Bihar,Gaya,823001,Direct App Open,2024-02-28
CUST-08750,Shreya Deshmukh,Uttar Pradesh,Lucknow,226001,Affiliate,2024-07-13
CUST-08751,Aditya Kulkarni,Karnataka,Mysuru,570001,Referral / WhatsApp Share,2024-05-09
CUST-08752,Sneha Deshmukh,Telangana,Hyderabad,500001,Organic Search,2025-04-04
CUST-08753,Kabir Deshmukh,Rajasthan,Jaipur,302001,Affiliate,2024-12-29
CUST-08754,Kabir Verma,West Bengal,Siliguri,734001,Organic Search,2024-01-27
CUST-08755,Rahul Kulkarni,Bihar,Muzaffarpur,842001,Paid Ads (Instagram/FB),2025-03-01
CUST-08756,Neha Sharma,Tamil Nadu,Coimbatore,641001,Direct App Open,2025-05-03
CUST-08757,Neha Patel,Tamil Nadu,Chennai,600001,Referral / WhatsApp Share,2025-04-06
CUST-08758,Kavya Verma,Maharashtra,Pune,411001,Referral / WhatsApp Share,2024-01-19
CUST-08759,Shreya Patel,West Bengal,Howrah,711101,Referral / WhatsApp Share,2024-09-19
CUST-08760,Pooja Singh,Maharashtra,Nagpur,440001,Direct App Open,2024-11-27
CUST-08761,Rohan Kulkarni,Bihar,Muzaffarpur,842001,Paid Ads (Instagram/FB),2025-05-17
CUST-08762,Vikram Singh,Madhya Pradesh,Indore,452001,Referral / WhatsApp Share,2024-12-10
CUST-08763,Shreya Kulkarni,Rajasthan,Jodhpur,342001,Direct App Open,2024-08-03
CUST-08764,Ananya Kulkarni,Tamil Nadu,Chennai,600001,Organic Search,2024-12-07
CUST-08765,Aarav Deshmukh,West Bengal,Kolkata,700001,Organic Search,2025-04-05
CUST-08766,Rohan Verma,Rajasthan,Jaipur,302001,Affiliate,2024-05-26
CUST-08767,Neha Joshi,Telangana,Warangal,506001,Affiliate,2025-07-23
CUST-08768,Neha Sharma,Madhya Pradesh,Gwalior,474001,Referral / WhatsApp Share,2024-06-10
CUST-08769,Shreya Gupta,Bihar,Gaya,823001,Organic Search,2024-08-28
CUST-08770,Kabir Joshi,Telangana,Nizamabad,503001,Organic Search,2024-07-10
CUST-08771,Siddharth Verma,Bihar,Muzaffarpur,842001,Referral / WhatsApp Share,2024-09-27
CUST-08772,Arjun Mehta,Telangana,Warangal,506001,Paid Ads (Instagram/FB),2025-01-04
CUST-08773,Aarav Sharma,Rajasthan,Udaipur,313001,Direct App Open,2024-04-15
CUST-08774,Kabir Kulkarni,Gujarat,Surat,395001,Direct App Open,2025-04-23
CUST-08775,Rahul Nair,Tamil Nadu,Chennai,600001,Referral / WhatsApp Share,2025-05-17
CUST-08776,Priya Joshi,Tamil Nadu,Madurai,625001,Organic Search,2025-08-23
CUST-08777,Priya Joshi,Gujarat,Vadodara,390001,Direct App Open,2025-08-18
CUST-08778,Sneha Sharma,Rajasthan,Jaipur,302001,Referral / WhatsApp Share,2024-06-29
CUST-08779,Sneha Sharma,Uttar Pradesh,Agra,282001,Affiliate,2024-03-16
CUST-08780,Sneha Joshi,Telangana,Warangal,506001,Affiliate,2024-03-04
CUST-08781,Neha Deshmukh,Madhya Pradesh,Bhopal,462001,Paid Ads (Instagram/FB),2024-02-24
CUST-08782,Neha Gupta,Maharashtra,Mumbai,400001,Affiliate,2024-03-05
CUST-08783,Ananya Iyer,Tamil Nadu,Madurai,625001,Affiliate,2024-01-19
CUST-08784,Rohan Iyer,Rajasthan,Jodhpur,342001,Paid Ads (Instagram/FB),2024-07-01
CUST-08785,Kavya Joshi,Telangana,Nizamabad,503001,Paid Ads (Instagram/FB),2024-10-12
CUST-08786,Pooja Singh,Uttar Pradesh,Lucknow,226001,Organic Search,2025-01-23
CUST-08787,Rahul Deshmukh,West Bengal,Siliguri,734001,Affiliate,2024-04-30
CUST-08788,Priya Gupta,Karnataka,Hubballi,580020,Referral / WhatsApp Share,2025-03-06
CUST-08789,Aditya Singh,Maharashtra,Pune,411001,Organic Search,2024-04-19
CUST-08790,Arjun Mehta,Madhya Pradesh,Indore,452001,Affiliate,2024-04-06
CUST-08791,Vikram Joshi,West Bengal,Siliguri,734001,Referral / WhatsApp Share,2024-04-08
CUST-08792,Priya Gupta,Karnataka,Bengaluru,560001,Paid Ads (Instagram/FB),2024-08-24
CUST-08793,Pooja Rao,Maharashtra,Nagpur,440001,Affiliate,2025-01-29
CUST-08794,Kabir Gupta,Bihar,Muzaffarpur,842001,Affiliate,2024-09-16
CUST-08795,Rohan Iyer,Telangana,Warangal,506001,Paid Ads (Instagram/FB),2025-07-25
CUST-08796,Rahul Iyer,Rajasthan,Jodhpur,342001,Referral / WhatsApp Share,2024-06-11
CUST-08797,Arjun Nair,Tamil Nadu,Coimbatore,641001,Paid Ads (Instagram/FB),2025-04-30
CUST-08798,Shreya Verma,Gujarat,Surat,395001,Affiliate,2024-11-28
CUST-08799,Aarav Rao,Gujarat,Ahmedabad,380001,Paid Ads (Instagram/FB),2025-04-04
CUST-08800,Neha Mehta,Uttar Pradesh,Agra,282001,Affiliate,2024-07-28
CUST-08801,Kavya Patel,Bihar,Patna,800001,Referral / WhatsApp Share,2024-02-17
CUST-08802,Kavya Kulkarni,West Bengal,Kolkata,700001,Paid Ads (Instagram/FB),2025-03-10
CUST-08803,Neha Deshmukh,Telangana,Hyderabad,500001,Referral / WhatsApp Share,2024-11-08
CUST-08804,Rahul Rao,Madhya Pradesh,Bhopal,462001,Direct App Open,2024-05-27
CUST-08805,Kabir Nair,Rajasthan,Udaipur,313001,Direct App Open,2024-09-03
CUST-08806,Shreya Nair,Madhya Pradesh,Gwalior,474001,Referral / WhatsApp Share,2024-03-22
CUST-08807,Siddharth Mehta,Madhya Pradesh,Indore,452001,Direct App Open,2024-06-18
CUST-08808,Arjun Verma,Rajasthan,Jodhpur,342001,Direct App Open,2025-07-05
CUST-08809,Kabir Deshmukh,Uttar Pradesh,Lucknow,226001,Referral / WhatsApp Share,2024-01-19
CUST-08810,Neha Joshi,Karnataka,Hubballi,580020,Direct App Open,2025-01-25
CUST-08811,Sneha Mehta,Tamil Nadu,Chennai,600001,Referral / WhatsApp Share,2025-05-12
CUST-08812,Ananya Patel,Madhya Pradesh,Bhopal,462001,Paid Ads (Instagram/FB),2024-01-19
CUST-08813,Vikram Sharma,Tamil Nadu,Chennai,600001,Organic Search,2025-04-16
CUST-08814,Siddharth Patel,Telangana,Hyderabad,500001,Paid Ads (Instagram/FB),2024-10-13
CUST-08815,Ananya Rao,Gujarat,Surat,395001,Organic Search,2024-07-03
CUST-08816,Kabir Kulkarni,Rajasthan,Udaipur,313001,Organic Search,2024-10-25
CUST-08817,Pooja Joshi,Gujarat,Surat,395001,Referral / WhatsApp Share,2024-01-31
CUST-08818,Priya Deshmukh,Gujarat,Surat,395001,Paid Ads (Instagram/FB),2024-03-05
CUST-08819,Rahul Patel,Maharashtra,Mumbai,400001,Referral / WhatsApp Share,2025-06-07
CUST-08820,Vikram Kulkarni,Bihar,Gaya,823001,Paid Ads (Instagram/FB),2024-04-03
CUST-08821,Kavya Iyer,Rajasthan,Jaipur,302001,Organic Search,2024-03-08
CUST-08822,Rahul Rao,Rajasthan,Jodhpur,342001,Affiliate,2024-07-14
CUST-08823,Priya Verma,West Bengal,Howrah,711101,Organic Search,2025-05-26
CUST-08824,Ananya Sharma,Karnataka,Bengaluru,560001,Direct App Open,2024-08-06
CUST-08825,Neha Iyer,Gujarat,Vadodara,390001,Direct App Open,2024-02-15
CUST-08826,Priya Sharma,Uttar Pradesh,Varanasi,221001,Affiliate,2024-06-24
CUST-08827,Kabir Mehta,Uttar Pradesh,Kanpur,208001,Paid Ads (Instagram/FB),2024-09-24
CUST-08828,Aarav Sharma,Bihar,Patna,800001,Paid Ads (Instagram/FB),2025-06-20
CUST-08829,Kabir Kulkarni,Tamil Nadu,Madurai,625001,Affiliate,2025-03-12
CUST-08830,Aditya Joshi,Maharashtra,Pune,411001,Referral / WhatsApp Share,2024-03-28
CUST-08831,Vikram Iyer,West Bengal,Siliguri,734001,Organic Search,2024-10-10
CUST-08832,Kavya Verma,Uttar Pradesh,Lucknow,226001,Affiliate,2024-02-01
CUST-08833,Siddharth Sharma,Tamil Nadu,Coimbatore,641001,Organic Search,2024-03-25
CUST-08834,Aditya Kulkarni,Gujarat,Ahmedabad,380001,Organic Search,2025-08-08
CUST-08835,Sneha Deshmukh,Bihar,Patna,800001,Paid Ads (Instagram/FB),2025-05-08
CUST-08836,Kabir Deshmukh,Gujarat,Vadodara,390001,Referral / WhatsApp Share,2025-05-21
CUST-08837,Neha Deshmukh,Bihar,Gaya,823001,Organic Search,2024-12-01
CUST-08838,Vikram Nair,West Bengal,Howrah,711101,Paid Ads (Instagram/FB),2024-11-20
CUST-08839,Neha Kulkarni,Maharashtra,Nagpur,440001,Paid Ads (Instagram/FB),2024-07-02
CUST-08840,Vikram Joshi,Tamil Nadu,Chennai,600001,Direct App Open,2024-09-26
CUST-08841,Rahul Rao,Madhya Pradesh,Indore,452001,Organic Search,2025-05-18
CUST-08842,Sneha Singh,Uttar Pradesh,Kanpur,208001,Direct App Open,2025-05-25
CUST-08843,Priya Patel,Tamil Nadu,Madurai,625001,Affiliate,2024-04-09
CUST-08844,Kabir Sharma,West Bengal,Siliguri,734001,Organic Search,2024-03-18
CUST-08845,Pooja Verma,West Bengal,Howrah,711101,Direct App Open,2024-02-13
CUST-08846,Arjun Mehta,Bihar,Gaya,823001,Affiliate,2025-01-25
CUST-08847,Kavya Kulkarni,Maharashtra,Nagpur,440001,Referral / WhatsApp Share,2024-10-23
CUST-08848,Priya Singh,Tamil Nadu,Madurai,625001,Paid Ads (Instagram/FB),2024-09-23
CUST-08849,Siddharth Mehta,Bihar,Gaya,823001,Organic Search,2025-06-26
CUST-08850,Arjun Sharma,West Bengal,Kolkata,700001,Organic Search,2024-12-02
CUST-08851,Kavya Patel,Gujarat,Surat,395001,Affiliate,2025-03-01
CUST-08852,Siddharth Mehta,Bihar,Muzaffarpur,842001,Referral / WhatsApp Share,2025-03-30
CUST-08853,Aarav Singh,Karnataka,Mysuru,570001,Organic Search,2025-02-24
CUST-08854,Shreya Deshmukh,Madhya Pradesh,Bhopal,462001,Referral / WhatsApp Share,2024-06-02
CUST-08855,Kavya Sharma,Rajasthan,Jodhpur,342001,Affiliate,2024-03-21
CUST-08856,Neha Gupta,Maharashtra,Mumbai,400001,Direct App Open,2025-07-01
CUST-08857,Priya Singh,Gujarat,Surat,395001,Referral / WhatsApp Share,2025-08-13
CUST-08858,Neha Mehta,Gujarat,Vadodara,390001,Direct App Open,2025-02-04
CUST-08859,Kabir Rao,Uttar Pradesh,Lucknow,226001,Referral / WhatsApp Share,2024-09-14
CUST-08860,Priya Verma,Uttar Pradesh,Varanasi,221001,Organic Search,2024-01-30
CUST-08861,Siddharth Verma,Bihar,Patna,800001,Organic Search,2025-04-13
CUST-08862,Sneha Patel,Madhya Pradesh,Bhopal,462001,Organic Search,2025-04-04
CUST-08863,Aditya Verma,Madhya Pradesh,Indore,452001,Paid Ads (Instagram/FB),2025-06-03
CUST-08864,Vikram Kulkarni,West Bengal,Howrah,711101,Direct App Open,2024-04-15
CUST-08865,Arjun Gupta,Bihar,Gaya,823001,Direct App Open,2024-02-16
CUST-08866,Kabir Joshi,Rajasthan,Jaipur,302001,Organic Search,2024-06-12
CUST-08867,Siddharth Mehta,Madhya Pradesh,Bhopal,462001,Referral / WhatsApp Share,2025-08-23
CUST-08868,Kavya Patel,Tamil Nadu,Chennai,600001,Organic Search,2024-06-03
CUST-08869,Priya Kulkarni,Karnataka,Mysuru,570001,Paid Ads (Instagram/FB),2025-01-07
CUST-08870,Pooja Verma,Madhya Pradesh,Bhopal,462001,Paid Ads (Instagram/FB),2025-03-08
CUST-08871,Kavya Verma,Tamil Nadu,Madurai,625001,Organic Search,2025-06-20
CUST-08872,Rahul Deshmukh,Uttar Pradesh,Kanpur,208001,Organic Search,2024-12-19
CUST-08873,Pooja Deshmukh,Tamil Nadu,Coimbatore,641001,Direct App Open,2025-02-04
CUST-08874,Pooja Rao,Madhya Pradesh,Gwalior,474001,Organic Search,2024-04-02
CUST-08875,Rohan Gupta,Karnataka,Mysuru,570001,Direct App Open,2024-05-12
CUST-08876,Aarav Nair,Gujarat,Surat,395001,Organic Search,2024-01-15
CUST-08877,Kavya Nair,Madhya Pradesh,Bhopal,462001,Paid Ads (Instagram/FB),2025-01-01
CUST-08878,Neha Gupta,Maharashtra,Mumbai,400001,Direct App Open,2024-06-21
CUST-08879,Shreya Sharma,Bihar,Muzaffarpur,842001,Paid Ads (Instagram/FB),2025-04-13
CUST-08880,Aarav Iyer,West Bengal,Howrah,711101,Affiliate,2024-12-26
CUST-08881,Aditya Deshmukh,Uttar Pradesh,Varanasi,221001,Organic Search,2025-02-04
CUST-08882,Neha Joshi,Uttar Pradesh,Agra,282001,Direct App Open,2024-06-04
CUST-08883,Pooja Joshi,West Bengal,Siliguri,734001,Direct App Open,2024-07-16
CUST-08884,Kabir Sharma,Karnataka,Mysuru,570001,Paid Ads (Instagram/FB),2025-01-19
CUST-08885,Arjun Verma,Gujarat,Ahmedabad,380001,Organic Search,2024-05-31
CUST-08886,Rohan Kulkarni,Tamil Nadu,Coimbatore,641001,Organic Search,2025-07-16
CUST-08887,Aditya Sharma,Bihar,Muzaffarpur,842001,Referral / WhatsApp Share,2024-01-19
CUST-08888,Pooja Verma,Madhya Pradesh,Indore,452001,Paid Ads (Instagram/FB),2025-07-26
CUST-08889,Neha Patel,Madhya Pradesh,Bhopal,462001,Referral / WhatsApp Share,2024-04-30
CUST-08890,Siddharth Sharma,Maharashtra,Mumbai,400001,Direct App Open,2025-02-02
CUST-08891,Sneha Nair,Tamil Nadu,Madurai,625001,Referral / WhatsApp Share,2024-09-03
CUST-08892,Kavya Rao,Telangana,Hyderabad,500001,Organic Search,2024-01-06
CUST-08893,Vikram Joshi,Maharashtra,Pune,411001,Referral / WhatsApp Share,2025-02-28
CUST-08894,Aarav Rao,Madhya Pradesh,Gwalior,474001,Direct App Open,2024-02-09
CUST-08895,Kabir Singh,Telangana,Nizamabad,503001,Paid Ads (Instagram/FB),2025-04-26
CUST-08896,Sneha Deshmukh,Maharashtra,Nagpur,440001,Referral / WhatsApp Share,2025-04-23
CUST-08897,Aditya Deshmukh,Maharashtra,Nagpur,440001,Affiliate,2024-09-05
CUST-08898,Aarav Singh,Rajasthan,Jaipur,302001,Paid Ads (Instagram/FB),2025-05-15
CUST-08899,Rahul Nair,Telangana,Hyderabad,500001,Paid Ads (Instagram/FB),2025-04-11
CUST-08900,Kabir Singh,West Bengal,Kolkata,700001,Paid Ads (Instagram/FB),2024-01-05
CUST-08901,Rahul Sharma,West Bengal,Siliguri,734001,Organic Search,2024-05-01
CUST-08902,Aditya Deshmukh,Madhya Pradesh,Indore,452001,Direct App Open,2024-12-02
CUST-08903,Vikram Verma,Gujarat,Vadodara,390001,Affiliate,2024-01-01
CUST-08904,Arjun Singh,Karnataka,Mysuru,570001,Referral / WhatsApp Share,2024-01-25
CUST-08905,Kabir Mehta,Madhya Pradesh,Bhopal,462001,Affiliate,2024-11-29
CUST-08906,Siddharth Sharma,Rajasthan,Jaipur,302001,Referral / WhatsApp Share,2024-11-18
CUST-08907,Ananya Mehta,Maharashtra,Nagpur,440001,Paid Ads (Instagram/FB),2025-07-03
CUST-08908,Sneha Patel,West Bengal,Howrah,711101,Organic Search,2024-04-29
CUST-08909,Ananya Kulkarni,Karnataka,Mysuru,570001,Direct App Open,2024-03-23
CUST-08910,Priya Verma,Madhya Pradesh,Gwalior,474001,Direct App Open,2024-12-19
CUST-08911,Aarav Rao,West Bengal,Kolkata,700001,Paid Ads (Instagram/FB),2024-05-03
CUST-08912,Aditya Nair,Tamil Nadu,Chennai,600001,Affiliate,2024-01-26
CUST-08913,Sneha Rao,Uttar Pradesh,Varanasi,221001,Organic Search,2024-05-10
CUST-08914,Aarav Rao,Maharashtra,Nashik,422001,Referral / WhatsApp Share,2024-02-12
CUST-08915,Vikram Rao,West Bengal,Kolkata,700001,Referral / WhatsApp Share,2025-03-14
CUST-08916,Pooja Deshmukh,Gujarat,Ahmedabad,380001,Paid Ads (Instagram/FB),2025-04-29
CUST-08917,Kabir Rao,Telangana,Hyderabad,500001,Direct App Open,2025-07-29
CUST-08918,Pooja Deshmukh,Tamil Nadu,Coimbatore,641001,Paid Ads (Instagram/FB),2025-06-07
CUST-08919,Neha Deshmukh,Gujarat,Ahmedabad,380001,Affiliate,2024-06-03
CUST-08920,Rahul Kulkarni,Karnataka,Bengaluru,560001,Affiliate,2024-02-19
CUST-08921,Kabir Sharma,West Bengal,Howrah,711101,Paid Ads (Instagram/FB),2025-02-25
CUST-08922,Siddharth Sharma,Rajasthan,Jaipur,302001,Paid Ads (Instagram/FB),2024-11-04
CUST-08923,Kavya Patel,Gujarat,Surat,395001,Paid Ads (Instagram/FB),2024-10-31
CUST-08924,Pooja Patel,Karnataka,Hubballi,580020,Referral / WhatsApp Share,2025-07-02
CUST-08925,Kavya Patel,Telangana,Hyderabad,500001,Direct App Open,2025-02-02
CUST-08926,Pooja Singh,Gujarat,Surat,395001,Referral / WhatsApp Share,2024-07-31
CUST-08927,Kabir Kulkarni,Gujarat,Ahmedabad,380001,Referral / WhatsApp Share,2024-11-18
CUST-08928,Shreya Deshmukh,Tamil Nadu,Coimbatore,641001,Direct App Open,2025-07-19
CUST-08929,Siddharth Patel,West Bengal,Kolkata,700001,Affiliate,2025-08-20
CUST-08930,Sneha Patel,Tamil Nadu,Coimbatore,641001,Paid Ads (Instagram/FB),2024-04-20
CUST-08931,Arjun Verma,Telangana,Nizamabad,503001,Affiliate,2025-05-05
CUST-08932,Aditya Joshi,Gujarat,Ahmedabad,380001,Organic Search,2024-05-11
CUST-08933,Ananya Sharma,Tamil Nadu,Chennai,600001,Paid Ads (Instagram/FB),2024-09-03
CUST-08934,Kavya Iyer,Madhya Pradesh,Gwalior,474001,Paid Ads (Instagram/FB),2024-04-16
CUST-08935,Rahul Deshmukh,Bihar,Patna,800001,Paid Ads (Instagram/FB),2024-11-28
CUST-08936,Aarav Deshmukh,Karnataka,Mysuru,570001,Organic Search,2024-09-21
CUST-08937,Aarav Sharma,Tamil Nadu,Chennai,600001,Affiliate,2025-03-21
CUST-08938,Aditya Joshi,Bihar,Muzaffarpur,842001,Referral / WhatsApp Share,2025-04-23
CUST-08939,Aarav Verma,Karnataka,Mysuru,570001,Organic Search,2024-06-13
CUST-08940,Neha Kulkarni,Rajasthan,Udaipur,313001,Affiliate,2025-03-04
CUST-08941,Kabir Iyer,Bihar,Muzaffarpur,842001,Organic Search,2024-12-31
CUST-08942,Ananya Verma,Gujarat,Vadodara,390001,Organic Search,2025-07-22
CUST-08943,Siddharth Nair,Karnataka,Bengaluru,560001,Paid Ads (Instagram/FB),2024-02-14
CUST-08944,Pooja Verma,Maharashtra,Mumbai,400001,Affiliate,2025-08-17
CUST-08945,Arjun Mehta,Tamil Nadu,Coimbatore,641001,Direct App Open,2024-02-21
CUST-08946,Rahul Gupta,Rajasthan,Jodhpur,342001,Organic Search,2025-06-20
CUST-08947,Shreya Joshi,Karnataka,Bengaluru,560001,Organic Search,2025-07-30
CUST-08948,Arjun Gupta,Bihar,Patna,800001,Direct App Open,2025-04-16
CUST-08949,Arjun Gupta,Karnataka,Hubballi,580020,Organic Search,2025-03-09
CUST-08950,Arjun Deshmukh,Bihar,Patna,800001,Organic Search,2025-01-22
CUST-08951,Siddharth Joshi,Madhya Pradesh,Gwalior,474001,Affiliate,2024-03-05
CUST-08952,Aditya Mehta,Rajasthan,Udaipur,313001,Organic Search,2024-11-15
CUST-08953,Shreya Mehta,West Bengal,Kolkata,700001,Affiliate,2024-09-29
CUST-08954,Kabir Kulkarni,Madhya Pradesh,Bhopal,462001,Direct App Open,2025-07-13
CUST-08955,Siddharth Patel,Rajasthan,Udaipur,313001,Paid Ads (Instagram/FB),2024-06-09
CUST-08956,Rahul Singh,Uttar Pradesh,Agra,282001,Affiliate,2025-03-29
CUST-08957,Aarav Iyer,Uttar Pradesh,Lucknow,226001,Affiliate,2024-03-04
CUST-08958,Arjun Iyer,Tamil Nadu,Madurai,625001,Organic Search,2025-07-13
CUST-08959,Aditya Kulkarni,Tamil Nadu,Coimbatore,641001,Affiliate,2025-04-11
CUST-08960,Arjun Deshmukh,Maharashtra,Nagpur,440001,Affiliate,2024-09-09
CUST-08961,Ananya Singh,Bihar,Gaya,823001,Affiliate,2025-01-21
CUST-08962,Aditya Rao,Rajasthan,Udaipur,313001,Paid Ads (Instagram/FB),2025-01-31
CUST-08963,Aarav Mehta,Uttar Pradesh,Kanpur,208001,Organic Search,2025-05-31
CUST-08964,Shreya Sharma,Bihar,Muzaffarpur,842001,Direct App Open,2025-02-28
CUST-08965,Vikram Sharma,West Bengal,Siliguri,734001,Affiliate,2025-08-14
CUST-08966,Neha Gupta,Tamil Nadu,Chennai,600001,Organic Search,2025-06-27
CUST-08967,Neha Rao,Madhya Pradesh,Bhopal,462001,Paid Ads (Instagram/FB),2025-03-31
CUST-08968,Arjun Mehta,West Bengal,Siliguri,734001,Paid Ads (Instagram/FB),2025-03-25
CUST-08969,Priya Mehta,Bihar,Muzaffarpur,842001,Affiliate,2025-06-24
CUST-08970,Neha Sharma,Tamil Nadu,Chennai,600001,Referral / WhatsApp Share,2024-11-23
CUST-08971,Neha Nair,Uttar Pradesh,Kanpur,208001,Direct App Open,2024-07-24
CUST-08972,Shreya Patel,Tamil Nadu,Chennai,600001,Organic Search,2025-05-04
CUST-08973,Rahul Kulkarni,Bihar,Patna,800001,Referral / WhatsApp Share,2025-05-07
CUST-08974,Pooja Deshmukh,Tamil Nadu,Madurai,625001,Referral / WhatsApp Share,2024-09-09
CUST-08975,Ananya Patel,Rajasthan,Udaipur,313001,Paid Ads (Instagram/FB),2025-04-05
CUST-08976,Ananya Rao,Maharashtra,Nagpur,440001,Affiliate,2025-05-04
CUST-08977,Kabir Joshi,Karnataka,Bengaluru,560001,Affiliate,2024-11-12
CUST-08978,Kavya Sharma,Rajasthan,Udaipur,313001,Referral / WhatsApp Share,2025-02-14
CUST-08979,Vikram Sharma,Uttar Pradesh,Varanasi,221001,Direct App Open,2025-04-04
CUST-08980,Vikram Joshi,Bihar,Patna,800001,Organic Search,2025-05-12
CUST-08981,Arjun Gupta,West Bengal,Howrah,711101,Referral / WhatsApp Share,2024-05-08
CUST-08982,Sneha Kulkarni,Tamil Nadu,Chennai,600001,Referral / WhatsApp Share,2024-12-08
CUST-08983,Arjun Joshi,Bihar,Gaya,823001,Paid Ads (Instagram/FB),2024-07-01
CUST-08984,Pooja Deshmukh,Maharashtra,Nashik,422001,Paid Ads (Instagram/FB),2024-05-18
CUST-08985,Shreya Joshi,Rajasthan,Udaipur,313001,Referral / WhatsApp Share,2024-02-14
CUST-08986,Kabir Gupta,Maharashtra,Mumbai,400001,Referral / WhatsApp Share,2024-09-23
CUST-08987,Priya Iyer,Madhya Pradesh,Bhopal,462001,Direct App Open,2024-08-26
CUST-08988,Arjun Joshi,Madhya Pradesh,Gwalior,474001,Paid Ads (Instagram/FB),2024-08-30
CUST-08989,Pooja Mehta,Gujarat,Vadodara,390001,Affiliate,2025-06-21
CUST-08990,Kabir Mehta,Karnataka,Mysuru,570001,Referral / WhatsApp Share,2025-03-09
CUST-08991,Rahul Nair,Bihar,Patna,800001,Affiliate,2025-02-26
CUST-08992,Aditya Joshi,Uttar Pradesh,Lucknow,226001,Paid Ads (Instagram/FB),2025-01-04
CUST-08993,Kabir Kulkarni,Rajasthan,Jodhpur,342001,Affiliate,2024-02-23
CUST-08994,Arjun Singh,Gujarat,Surat,395001,Organic Search,2024-11-08
CUST-08995,Kavya Deshmukh,Karnataka,Mysuru,570001,Paid Ads (Instagram/FB),2025-05-07
CUST-08996,Ananya Gupta,West Bengal,Kolkata,700001,Direct App Open,2024-02-02
CUST-08997,Aarav Rao,Uttar Pradesh,Kanpur,208001,Direct App Open,2025-02-26
CUST-08998,Kavya Singh,Bihar,Muzaffarpur,842001,Organic Search,2025-08-22
CUST-08999,Siddharth Joshi,Uttar Pradesh,Varanasi,221001,Affiliate,2024-02-07
CUST-09000,Pooja Patel,Maharashtra,Mumbai,400001,Affiliate,2024-04-18
CUST-09001,Kabir Joshi,West Bengal,Siliguri,734001,Affiliate,2024-11-26
CUST-09002,Vikram Kulkarni,Tamil Nadu,Madurai,625001,Paid Ads (Instagram/FB),2024-02-09
CUST-09003,Aarav Patel,Rajasthan,Udaipur,313001,Referral / WhatsApp Share,2025-02-13
CUST-09004,Rohan Gupta,Rajasthan,Udaipur,313001,Referral / WhatsApp Share,2024-06-09
CUST-09005,Siddharth Sharma,West Bengal,Kolkata,700001,Paid Ads (Instagram/FB),2024-12-14
CUST-09006,Rahul Gupta,Madhya Pradesh,Gwalior,474001,Affiliate,2025-04-13
CUST-09007,Rahul Iyer,Maharashtra,Nashik,422001,Paid Ads (Instagram/FB),2024-06-10
CUST-09008,Priya Joshi,Bihar,Gaya,823001,Direct App Open,2025-08-06
CUST-09009,Aditya Patel,Maharashtra,Nashik,422001,Organic Search,2025-06-28
CUST-09010,Rahul Gupta,Bihar,Patna,800001,Organic Search,2025-05-21
CUST-09011,Priya Iyer,Tamil Nadu,Chennai,600001,Paid Ads (Instagram/FB),2025-01-01
CUST-09012,Aarav Sharma,Bihar,Gaya,823001,Paid Ads (Instagram/FB),2024-05-31
CUST-09013,Neha Joshi,Tamil Nadu,Chennai,600001,Referral / WhatsApp Share,2025-08-12
CUST-09014,Rahul Singh,Bihar,Gaya,823001,Paid Ads (Instagram/FB),2025-03-17
CUST-09015,Rahul Gupta,West Bengal,Kolkata,700001,Referral / WhatsApp Share,2024-07-16
CUST-09016,Vikram Verma,Rajasthan,Udaipur,313001,Referral / WhatsApp Share,2024-03-22
CUST-09017,Priya Joshi,Maharashtra,Pune,411001,Affiliate,2025-01-17
CUST-09018,Shreya Deshmukh,West Bengal,Kolkata,700001,Affiliate,2025-07-04
CUST-09019,Shreya Verma,West Bengal,Howrah,711101,Affiliate,2025-07-28
CUST-09020,Neha Kulkarni,Telangana,Nizamabad,503001,Paid Ads (Instagram/FB),2024-03-01
CUST-09021,Vikram Rao,Uttar Pradesh,Varanasi,221001,Referral / WhatsApp Share,2024-06-16
CUST-09022,Siddharth Nair,Karnataka,Bengaluru,560001,Organic Search,2024-04-11
CUST-09023,Kabir Singh,Gujarat,Ahmedabad,380001,Paid Ads (Instagram/FB),2024-05-17
CUST-09024,Pooja Verma,Rajasthan,Udaipur,313001,Referral / WhatsApp Share,2024-10-28
CUST-09025,Rahul Singh,Gujarat,Ahmedabad,380001,Paid Ads (Instagram/FB),2024-11-12
CUST-09026,Sneha Gupta,Rajasthan,Udaipur,313001,Direct App Open,2025-05-25
CUST-09027,Shreya Gupta,Tamil Nadu,Madurai,625001,Organic Search,2024-10-29
CUST-09028,Kavya Verma,Rajasthan,Jaipur,302001,Referral / WhatsApp Share,2025-02-06
CUST-09029,Shreya Singh,Telangana,Warangal,506001,Paid Ads (Instagram/FB),2025-06-06
CUST-09030,Ananya Gupta,Tamil Nadu,Chennai,600001,Affiliate,2024-01-11
CUST-09031,Kabir Verma,Uttar Pradesh,Lucknow,226001,Organic Search,2025-08-09
CUST-09032,Neha Nair,Tamil Nadu,Coimbatore,641001,Paid Ads (Instagram/FB),2025-06-04
CUST-09033,Rohan Deshmukh,Telangana,Hyderabad,500001,Organic Search,2025-01-23
CUST-09034,Rahul Singh,Karnataka,Bengaluru,560001,Paid Ads (Instagram/FB),2025-05-29
CUST-09035,Rohan Joshi,West Bengal,Siliguri,734001,Referral / WhatsApp Share,2025-04-26
CUST-09036,Siddharth Sharma,Karnataka,Mysuru,570001,Affiliate,2024-03-14
CUST-09037,Aarav Kulkarni,West Bengal,Howrah,711101,Affiliate,2025-08-09
CUST-09038,Pooja Patel,West Bengal,Siliguri,734001,Referral / WhatsApp Share,2024-08-22
CUST-09039,Vikram Gupta,West Bengal,Howrah,711101,Referral / WhatsApp Share,2024-04-29
CUST-09040,Rahul Mehta,Gujarat,Surat,395001,Paid Ads (Instagram/FB),2024-09-28
CUST-09041,Vikram Sharma,Rajasthan,Udaipur,313001,Organic Search,2025-06-10
CUST-09042,Siddharth Sharma,Bihar,Muzaffarpur,842001,Paid Ads (Instagram/FB),2024-03-13
CUST-09043,Shreya Iyer,Telangana,Warangal,506001,Affiliate,2024-10-26
CUST-09044,Ananya Kulkarni,Rajasthan,Udaipur,313001,Referral / WhatsApp Share,2024-11-29
CUST-09045,Pooja Sharma,Rajasthan,Jaipur,302001,Organic Search,2024-06-08
CUST-09046,Arjun Mehta,Uttar Pradesh,Lucknow,226001,Organic Search,2024-07-05
CUST-09047,Kabir Singh,Karnataka,Bengaluru,560001,Affiliate,2024-03-21
CUST-09048,Sneha Singh,Tamil Nadu,Coimbatore,641001,Affiliate,2025-06-01
CUST-09049,Pooja Iyer,Rajasthan,Udaipur,313001,Direct App Open,2024-02-23
CUST-09050,Neha Sharma,West Bengal,Kolkata,700001,Direct App Open,2024-01-26
CUST-09051,Pooja Kulkarni,Maharashtra,Nashik,422001,Paid Ads (Instagram/FB),2025-01-29
CUST-09052,Rahul Iyer,Karnataka,Mysuru,570001,Direct App Open,2024-07-02
CUST-09053,Aditya Singh,Gujarat,Ahmedabad,380001,Direct App Open,2024-12-08
CUST-09054,Neha Mehta,Maharashtra,Nashik,422001,Affiliate,2025-06-21
CUST-09055,Aarav Singh,Rajasthan,Jaipur,302001,Direct App Open,2025-06-09
CUST-09056,Pooja Rao,Gujarat,Surat,395001,Affiliate,2025-06-13
CUST-09057,Neha Verma,West Bengal,Kolkata,700001,Paid Ads (Instagram/FB),2025-03-21
CUST-09058,Kavya Iyer,Bihar,Muzaffarpur,842001,Organic Search,2025-06-15
CUST-09059,Vikram Kulkarni,Tamil Nadu,Coimbatore,641001,Organic Search,2025-08-23
CUST-09060,Arjun Gupta,Gujarat,Vadodara,390001,Referral / WhatsApp Share,2025-04-08
CUST-09061,Shreya Deshmukh,Karnataka,Hubballi,580020,Paid Ads (Instagram/FB),2025-02-13
CUST-09062,Siddharth Mehta,Telangana,Hyderabad,500001,Organic Search,2025-03-05
CUST-09063,Siddharth Kulkarni,Uttar Pradesh,Varanasi,221001,Affiliate,2025-08-14
CUST-09064,Sneha Mehta,Rajasthan,Jodhpur,342001,Direct App Open,2025-07-10
CUST-09065,Kavya Rao,Rajasthan,Jaipur,302001,Referral / WhatsApp Share,2024-12-05
CUST-09066,Shreya Iyer,Gujarat,Ahmedabad,380001,Organic Search,2025-04-01
CUST-09067,Pooja Iyer,Uttar Pradesh,Kanpur,208001,Referral / WhatsApp Share,2025-05-21
CUST-09068,Sneha Joshi,Uttar Pradesh,Agra,282001,Organic Search,2025-04-20
CUST-09069,Kabir Kulkarni,Maharashtra,Pune,411001,Organic Search,2024-01-21
CUST-09070,Siddharth Sharma,Maharashtra,Pune,411001,Direct App Open,2025-06-25
CUST-09071,Kabir Singh,Telangana,Nizamabad,503001,Referral / WhatsApp Share,2025-06-18
CUST-09072,Rahul Verma,Maharashtra,Mumbai,400001,Referral / WhatsApp Share,2024-05-03
CUST-09073,Rahul Mehta,West Bengal,Kolkata,700001,Affiliate,2024-02-24
CUST-09074,Kavya Gupta,Bihar,Patna,800001,Organic Search,2024-01-03
CUST-09075,Sneha Iyer,Rajasthan,Jodhpur,342001,Affiliate,2024-08-01
CUST-09076,Rohan Rao,Madhya Pradesh,Indore,452001,Affiliate,2024-06-20
CUST-09077,Shreya Verma,Tamil Nadu,Madurai,625001,Direct App Open,2024-07-10
CUST-09078,Rohan Joshi,Madhya Pradesh,Gwalior,474001,Affiliate,2025-05-02
CUST-09079,Sneha Iyer,Uttar Pradesh,Lucknow,226001,Referral / WhatsApp Share,2024-06-16
CUST-09080,Rahul Singh,Gujarat,Vadodara,390001,Direct App Open,2024-05-17
CUST-09081,Kavya Gupta,Maharashtra,Nashik,422001,Referral / WhatsApp Share,2025-04-01
CUST-09082,Pooja Iyer,Uttar Pradesh,Varanasi,221001,Referral / WhatsApp Share,2024-09-14
CUST-09083,Rahul Deshmukh,Tamil Nadu,Chennai,600001,Affiliate,2025-08-01
CUST-09084,Kabir Gupta,Tamil Nadu,Coimbatore,641001,Affiliate,2025-01-28
CUST-09085,Rohan Gupta,Tamil Nadu,Madurai,625001,Paid Ads (Instagram/FB),2025-07-20
CUST-09086,Vikram Sharma,Telangana,Nizamabad,503001,Paid Ads (Instagram/FB),2025-05-19
CUST-09087,Neha Gupta,Uttar Pradesh,Varanasi,221001,Direct App Open,2024-08-22
CUST-09088,Rahul Gupta,Bihar,Muzaffarpur,842001,Referral / WhatsApp Share,2024-01-06
CUST-09089,Rahul Verma,Maharashtra,Nagpur,440001,Organic Search,2025-07-08
CUST-09090,Rohan Kulkarni,Uttar Pradesh,Lucknow,226001,Organic Search,2024-07-15
CUST-09091,Priya Gupta,Madhya Pradesh,Indore,452001,Direct App Open,2024-05-13
CUST-09092,Aarav Verma,West Bengal,Siliguri,734001,Organic Search,2024-10-07
CUST-09093,Vikram Rao,West Bengal,Howrah,711101,Direct App Open,2024-03-20
CUST-09094,Pooja Joshi,Bihar,Muzaffarpur,842001,Direct App Open,2025-01-20
CUST-09095,Siddharth Sharma,Uttar Pradesh,Varanasi,221001,Organic Search,2024-10-03
CUST-09096,Ananya Singh,Maharashtra,Mumbai,400001,Organic Search,2024-07-08
CUST-09097,Kabir Gupta,West Bengal,Howrah,711101,Direct App Open,2025-01-22
CUST-09098,Shreya Singh,Rajasthan,Jodhpur,342001,Direct App Open,2025-02-08
CUST-09099,Sneha Rao,Rajasthan,Jaipur,302001,Paid Ads (Instagram/FB),2025-05-03
CUST-09100,Neha Singh,Uttar Pradesh,Lucknow,226001,Referral / WhatsApp Share,2024-01-03
CUST-09101,Kabir Nair,West Bengal,Siliguri,734001,Organic Search,2024-06-04
CUST-09102,Ananya Iyer,Maharashtra,Nagpur,440001,Direct App Open,2024-07-09
CUST-09103,Priya Singh,Rajasthan,Udaipur,313001,Organic Search,2025-03-04
CUST-09104,Kavya Patel,Bihar,Gaya,823001,Paid Ads (Instagram/FB),2025-04-18
CUST-09105,Ananya Sharma,West Bengal,Kolkata,700001,Referral / WhatsApp Share,2024-06-17
CUST-09106,Arjun Deshmukh,Maharashtra,Nashik,422001,Affiliate,2024-03-12
CUST-09107,Rahul Joshi,Karnataka,Hubballi,580020,Paid Ads (Instagram/FB),2024-03-04
CUST-09108,Aditya Deshmukh,Bihar,Patna,800001,Referral / WhatsApp Share,2024-02-27
CUST-09109,Neha Patel,Maharashtra,Nashik,422001,Direct App Open,2024-05-04
CUST-09110,Kabir Deshmukh,Maharashtra,Pune,411001,Direct App Open,2025-04-15
CUST-09111,Aarav Kulkarni,Telangana,Hyderabad,500001,Referral / WhatsApp Share,2024-05-01
CUST-09112,Priya Verma,Telangana,Nizamabad,503001,Direct App Open,2025-03-29
CUST-09113,Pooja Joshi,Gujarat,Ahmedabad,380001,Affiliate,2025-08-12
CUST-09114,Vikram Joshi,Rajasthan,Jaipur,302001,Affiliate,2025-01-31
CUST-09115,Rahul Sharma,Madhya Pradesh,Indore,452001,Referral / WhatsApp Share,2025-03-06
CUST-09116,Kavya Patel,Karnataka,Bengaluru,560001,Affiliate,2025-06-07
CUST-09117,Ananya Sharma,Madhya Pradesh,Gwalior,474001,Direct App Open,2025-07-08
CUST-09118,Arjun Singh,Rajasthan,Jodhpur,342001,Affiliate,2025-07-06
CUST-09119,Arjun Nair,Karnataka,Mysuru,570001,Paid Ads (Instagram/FB),2025-04-11
CUST-09120,Sneha Deshmukh,Bihar,Muzaffarpur,842001,Direct App Open,2025-07-04
CUST-09121,Rahul Joshi,Karnataka,Mysuru,570001,Referral / WhatsApp Share,2025-05-29
CUST-09122,Rohan Rao,Gujarat,Ahmedabad,380001,Organic Search,2025-08-06
CUST-09123,Shreya Verma,Uttar Pradesh,Varanasi,221001,Referral / WhatsApp Share,2025-05-14
CUST-09124,Kavya Kulkarni,Telangana,Warangal,506001,Organic Search,2024-04-28
CUST-09125,Siddharth Iyer,Gujarat,Surat,395001,Direct App Open,2024-06-04
CUST-09126,Shreya Gupta,Uttar Pradesh,Lucknow,226001,Referral / WhatsApp Share,2025-01-26
CUST-09127,Neha Rao,Madhya Pradesh,Bhopal,462001,Referral / WhatsApp Share,2024-01-19
CUST-09128,Arjun Mehta,Madhya Pradesh,Bhopal,462001,Referral / WhatsApp Share,2025-02-19
CUST-09129,Vikram Deshmukh,Uttar Pradesh,Kanpur,208001,Direct App Open,2024-03-22
CUST-09130,Kabir Kulkarni,Maharashtra,Nagpur,440001,Paid Ads (Instagram/FB),2024-08-09
CUST-09131,Rahul Patel,West Bengal,Siliguri,734001,Direct App Open,2024-08-29
CUST-09132,Neha Nair,Uttar Pradesh,Kanpur,208001,Organic Search,2024-03-05
CUST-09133,Sneha Patel,Madhya Pradesh,Gwalior,474001,Organic Search,2024-09-04
CUST-09134,Kabir Deshmukh,Maharashtra,Mumbai,400001,Referral / WhatsApp Share,2025-03-26
CUST-09135,Pooja Sharma,Tamil Nadu,Coimbatore,641001,Referral / WhatsApp Share,2024-10-15
CUST-09136,Pooja Singh,Maharashtra,Nagpur,440001,Affiliate,2024-03-07
CUST-09137,Sneha Patel,Telangana,Hyderabad,500001,Affiliate,2024-09-18
CUST-09138,Aditya Mehta,Rajasthan,Udaipur,313001,Affiliate,2024-04-05
CUST-09139,Kavya Rao,Uttar Pradesh,Kanpur,208001,Direct App Open,2025-07-01
CUST-09140,Pooja Sharma,Maharashtra,Nashik,422001,Organic Search,2025-03-08
CUST-09141,Kavya Nair,Uttar Pradesh,Varanasi,221001,Referral / WhatsApp Share,2024-03-23
CUST-09142,Kabir Gupta,Bihar,Muzaffarpur,842001,Direct App Open,2024-04-08
CUST-09143,Priya Verma,Rajasthan,Udaipur,313001,Paid Ads (Instagram/FB),2024-10-11
CUST-09144,Rohan Sharma,Bihar,Gaya,823001,Organic Search,2025-07-24
CUST-09145,Aarav Kulkarni,Madhya Pradesh,Gwalior,474001,Referral / WhatsApp Share,2025-07-21
CUST-09146,Rohan Singh,Maharashtra,Nagpur,440001,Affiliate,2025-05-06
CUST-09147,Neha Rao,Telangana,Nizamabad,503001,Referral / WhatsApp Share,2025-05-10
CUST-09148,Rohan Singh,Maharashtra,Mumbai,400001,Paid Ads (Instagram/FB),2024-03-01
CUST-09149,Ananya Patel,West Bengal,Kolkata,700001,Affiliate,2025-02-27
CUST-09150,Priya Verma,West Bengal,Siliguri,734001,Affiliate,2025-03-21
CUST-09151,Rohan Mehta,Tamil Nadu,Madurai,625001,Referral / WhatsApp Share,2025-04-24
CUST-09152,Kabir Singh,Uttar Pradesh,Varanasi,221001,Affiliate,2024-12-20
CUST-09153,Kavya Nair,Gujarat,Ahmedabad,380001,Referral / WhatsApp Share,2024-03-18
CUST-09154,Pooja Deshmukh,Maharashtra,Mumbai,400001,Organic Search,2024-05-19
CUST-09155,Kavya Joshi,Gujarat,Ahmedabad,380001,Referral / WhatsApp Share,2024-05-17
CUST-09156,Rohan Verma,Rajasthan,Udaipur,313001,Direct App Open,2024-02-26
CUST-09157,Arjun Kulkarni,Telangana,Warangal,506001,Paid Ads (Instagram/FB),2025-03-08
CUST-09158,Arjun Mehta,Gujarat,Vadodara,390001,Referral / WhatsApp Share,2025-01-14
CUST-09159,Vikram Iyer,Tamil Nadu,Coimbatore,641001,Affiliate,2024-07-05
CUST-09160,Priya Iyer,Madhya Pradesh,Gwalior,474001,Organic Search,2024-04-30
CUST-09161,Priya Kulkarni,West Bengal,Howrah,711101,Direct App Open,2024-10-10
CUST-09162,Siddharth Patel,West Bengal,Kolkata,700001,Paid Ads (Instagram/FB),2025-07-12
CUST-09163,Siddharth Kulkarni,West Bengal,Kolkata,700001,Paid Ads (Instagram/FB),2024-07-28
CUST-09164,Neha Kulkarni,Maharashtra,Pune,411001,Affiliate,2025-05-21
CUST-09165,Ananya Patel,Rajasthan,Jodhpur,342001,Paid Ads (Instagram/FB),2024-11-23
CUST-09166,Rohan Gupta,Gujarat,Ahmedabad,380001,Referral / WhatsApp Share,2024-08-28
CUST-09167,Vikram Rao,Karnataka,Bengaluru,560001,Paid Ads (Instagram/FB),2025-08-05
CUST-09168,Sneha Rao,Rajasthan,Udaipur,313001,Direct App Open,2024-11-29
CUST-09169,Kabir Mehta,Madhya Pradesh,Bhopal,462001,Direct App Open,2024-07-21
CUST-09170,Aditya Iyer,West Bengal,Kolkata,700001,Organic Search,2025-03-06
CUST-09171,Shreya Singh,West Bengal,Howrah,711101,Affiliate,2024-02-15
CUST-09172,Aditya Singh,Madhya Pradesh,Bhopal,462001,Affiliate,2024-10-26
CUST-09173,Aarav Verma,Madhya Pradesh,Bhopal,462001,Affiliate,2025-01-23
CUST-09174,Rohan Kulkarni,West Bengal,Siliguri,734001,Direct App Open,2024-07-03
CUST-09175,Pooja Iyer,Rajasthan,Jaipur,302001,Direct App Open,2024-06-10
CUST-09176,Rahul Gupta,West Bengal,Siliguri,734001,Direct App Open,2024-08-10
CUST-09177,Kabir Sharma,Madhya Pradesh,Bhopal,462001,Referral / WhatsApp Share,2024-12-26
CUST-09178,Arjun Mehta,Karnataka,Mysuru,570001,Paid Ads (Instagram/FB),2024-07-26
CUST-09179,Aditya Rao,Uttar Pradesh,Agra,282001,Direct App Open,2025-01-17
CUST-09180,Kavya Sharma,Uttar Pradesh,Lucknow,226001,Referral / WhatsApp Share,2024-07-21
CUST-09181,Kavya Mehta,Rajasthan,Udaipur,313001,Organic Search,2024-08-08
CUST-09182,Kavya Singh,Uttar Pradesh,Varanasi,221001,Direct App Open,2025-05-03
CUST-09183,Aditya Kulkarni,Bihar,Muzaffarpur,842001,Affiliate,2025-06-05
CUST-09184,Shreya Gupta,Bihar,Patna,800001,Direct App Open,2024-04-01
CUST-09185,Ananya Verma,Telangana,Nizamabad,503001,Affiliate,2025-04-28
CUST-09186,Aarav Nair,Maharashtra,Nagpur,440001,Paid Ads (Instagram/FB),2025-06-02
CUST-09187,Rohan Nair,Telangana,Nizamabad,503001,Organic Search,2024-06-29
CUST-09188,Shreya Mehta,Gujarat,Vadodara,390001,Affiliate,2025-02-03
CUST-09189,Siddharth Kulkarni,Rajasthan,Udaipur,313001,Referral / WhatsApp Share,2024-07-18
CUST-09190,Siddharth Gupta,Rajasthan,Jodhpur,342001,Referral / WhatsApp Share,2024-10-22
CUST-09191,Sneha Patel,Karnataka,Hubballi,580020,Referral / WhatsApp Share,2025-01-27
CUST-09192,Rohan Mehta,Karnataka,Bengaluru,560001,Affiliate,2024-07-29
CUST-09193,Siddharth Singh,Bihar,Gaya,823001,Referral / WhatsApp Share,2024-05-14
CUST-09194,Pooja Deshmukh,Bihar,Patna,800001,Paid Ads (Instagram/FB),2025-06-14
CUST-09195,Aarav Verma,Uttar Pradesh,Agra,282001,Organic Search,2025-03-18
CUST-09196,Pooja Deshmukh,Gujarat,Vadodara,390001,Affiliate,2024-09-26
CUST-09197,Sneha Patel,Maharashtra,Nashik,422001,Affiliate,2024-07-23
CUST-09198,Arjun Rao,Karnataka,Hubballi,580020,Paid Ads (Instagram/FB),2024-03-13
CUST-09199,Kabir Mehta,Telangana,Nizamabad,503001,Direct App Open,2024-01-16
CUST-09200,Vikram Rao,Karnataka,Mysuru,570001,Affiliate,2025-01-17
CUST-09201,Shreya Verma,Uttar Pradesh,Lucknow,226001,Paid Ads (Instagram/FB),2025-03-07
CUST-09202,Rahul Iyer,Maharashtra,Nagpur,440001,Direct App Open,2024-12-07
CUST-09203,Rahul Gupta,Bihar,Patna,800001,Referral / WhatsApp Share,2024-02-05
CUST-09204,Rahul Deshmukh,Bihar,Muzaffarpur,842001,Referral / WhatsApp Share,2024-03-16
CUST-09205,Rohan Iyer,West Bengal,Kolkata,700001,Affiliate,2025-06-25
CUST-09206,Arjun Deshmukh,Telangana,Nizamabad,503001,Organic Search,2025-07-15
CUST-09207,Aditya Nair,Madhya Pradesh,Indore,452001,Organic Search,2025-06-21
CUST-09208,Priya Patel,Maharashtra,Nashik,422001,Organic Search,2024-10-16
CUST-09209,Pooja Rao,Karnataka,Bengaluru,560001,Direct App Open,2024-01-27
CUST-09210,Ananya Joshi,Madhya Pradesh,Bhopal,462001,Affiliate,2024-12-07
CUST-09211,Arjun Gupta,Madhya Pradesh,Indore,452001,Referral / WhatsApp Share,2024-10-05
CUST-09212,Ananya Verma,Karnataka,Bengaluru,560001,Paid Ads (Instagram/FB),2024-06-26
CUST-09213,Kabir Rao,Rajasthan,Jodhpur,342001,Direct App Open,2024-08-05
CUST-09214,Kavya Nair,Gujarat,Ahmedabad,380001,Affiliate,2024-03-18
CUST-09215,Rahul Nair,Maharashtra,Nagpur,440001,Paid Ads (Instagram/FB),2025-06-08
CUST-09216,Aditya Singh,Gujarat,Ahmedabad,380001,Affiliate,2025-04-25
CUST-09217,Pooja Verma,West Bengal,Howrah,711101,Affiliate,2024-09-24
CUST-09218,Rohan Patel,Madhya Pradesh,Bhopal,462001,Affiliate,2024-02-03
CUST-09219,Priya Nair,Rajasthan,Jodhpur,342001,Direct App Open,2024-06-19
CUST-09220,Pooja Patel,Gujarat,Ahmedabad,380001,Organic Search,2024-06-12
CUST-09221,Kabir Kulkarni,Telangana,Nizamabad,503001,Direct App Open,2024-11-12
CUST-09222,Kabir Sharma,Gujarat,Ahmedabad,380001,Paid Ads (Instagram/FB),2024-08-05
CUST-09223,Priya Mehta,Uttar Pradesh,Agra,282001,Affiliate,2024-04-26
CUST-09224,Neha Sharma,Tamil Nadu,Chennai,600001,Paid Ads (Instagram/FB),2024-05-23
CUST-09225,Neha Kulkarni,Madhya Pradesh,Gwalior,474001,Affiliate,2024-04-04
CUST-09226,Kavya Patel,Madhya Pradesh,Indore,452001,Affiliate,2024-06-19
CUST-09227,Aarav Joshi,Gujarat,Ahmedabad,380001,Referral / WhatsApp Share,2024-04-29
CUST-09228,Kabir Kulkarni,Karnataka,Mysuru,570001,Paid Ads (Instagram/FB),2025-02-09
CUST-09229,Priya Nair,Telangana,Hyderabad,500001,Organic Search,2025-08-11
CUST-09230,Sneha Iyer,Uttar Pradesh,Lucknow,226001,Organic Search,2024-03-12
CUST-09231,Neha Deshmukh,Karnataka,Mysuru,570001,Organic Search,2024-08-18
CUST-09232,Kabir Gupta,Karnataka,Bengaluru,560001,Paid Ads (Instagram/FB),2025-07-10
CUST-09233,Rahul Sharma,Uttar Pradesh,Kanpur,208001,Direct App Open,2024-02-02
CUST-09234,Rohan Sharma,Telangana,Nizamabad,503001,Affiliate,2024-04-03
CUST-09235,Kavya Deshmukh,Tamil Nadu,Chennai,600001,Organic Search,2024-10-10
CUST-09236,Kabir Deshmukh,Bihar,Patna,800001,Paid Ads (Instagram/FB),2025-02-16
CUST-09237,Aarav Verma,Rajasthan,Jaipur,302001,Direct App Open,2024-06-09
CUST-09238,Aarav Gupta,Tamil Nadu,Coimbatore,641001,Organic Search,2025-08-08
CUST-09239,Arjun Sharma,Bihar,Muzaffarpur,842001,Paid Ads (Instagram/FB),2024-12-25
CUST-09240,Ananya Iyer,Gujarat,Surat,395001,Organic Search,2024-04-24
CUST-09241,Kabir Rao,Karnataka,Mysuru,570001,Paid Ads (Instagram/FB),2024-11-29
CUST-09242,Priya Sharma,Tamil Nadu,Madurai,625001,Referral / WhatsApp Share,2025-01-21
CUST-09243,Priya Verma,Gujarat,Ahmedabad,380001,Referral / WhatsApp Share,2024-03-17
CUST-09244,Siddharth Rao,West Bengal,Kolkata,700001,Paid Ads (Instagram/FB),2024-08-14
CUST-09245,Rahul Mehta,Maharashtra,Nashik,422001,Direct App Open,2024-07-26
CUST-09246,Aarav Deshmukh,Karnataka,Mysuru,570001,Organic Search,2025-05-04
CUST-09247,Vikram Patel,Gujarat,Surat,395001,Affiliate,2025-03-05
CUST-09248,Kabir Kulkarni,Gujarat,Ahmedabad,380001,Affiliate,2024-02-21
CUST-09249,Ananya Joshi,Gujarat,Vadodara,390001,Affiliate,2025-01-05
CUST-09250,Neha Singh,Gujarat,Ahmedabad,380001,Affiliate,2024-04-13
CUST-09251,Pooja Kulkarni,Madhya Pradesh,Bhopal,462001,Organic Search,2024-01-29
CUST-09252,Siddharth Nair,Tamil Nadu,Chennai,600001,Direct App Open,2024-05-25
CUST-09253,Rahul Joshi,Rajasthan,Jodhpur,342001,Organic Search,2024-04-04
CUST-09254,Shreya Singh,Bihar,Muzaffarpur,842001,Paid Ads (Instagram/FB),2024-05-04
CUST-09255,Vikram Joshi,West Bengal,Kolkata,700001,Organic Search,2024-08-18
CUST-09256,Pooja Singh,West Bengal,Howrah,711101,Affiliate,2024-10-24
CUST-09257,Kabir Rao,Tamil Nadu,Madurai,625001,Paid Ads (Instagram/FB),2024-03-01
CUST-09258,Priya Nair,Uttar Pradesh,Lucknow,226001,Paid Ads (Instagram/FB),2024-08-06
CUST-09259,Rohan Sharma,Uttar Pradesh,Agra,282001,Referral / WhatsApp Share,2024-04-17
CUST-09260,Pooja Nair,Madhya Pradesh,Gwalior,474001,Organic Search,2025-02-19
CUST-09261,Shreya Sharma,Telangana,Hyderabad,500001,Direct App Open,2024-12-23
CUST-09262,Aarav Verma,West Bengal,Kolkata,700001,Affiliate,2024-06-14
CUST-09263,Kabir Verma,Rajasthan,Udaipur,313001,Referral / WhatsApp Share,2024-01-22
CUST-09264,Vikram Joshi,Uttar Pradesh,Agra,282001,Paid Ads (Instagram/FB),2024-05-28
CUST-09265,Rahul Gupta,Madhya Pradesh,Gwalior,474001,Referral / WhatsApp Share,2024-07-19
CUST-09266,Shreya Deshmukh,Bihar,Gaya,823001,Direct App Open,2025-07-04
CUST-09267,Aditya Rao,Madhya Pradesh,Gwalior,474001,Direct App Open,2024-06-17
CUST-09268,Aarav Mehta,Maharashtra,Nagpur,440001,Affiliate,2025-05-12
CUST-09269,Priya Sharma,Gujarat,Surat,395001,Referral / WhatsApp Share,2024-08-20
CUST-09270,Vikram Verma,Bihar,Gaya,823001,Organic Search,2024-09-15
CUST-09271,Vikram Mehta,Rajasthan,Jaipur,302001,Affiliate,2025-03-24
CUST-09272,Vikram Kulkarni,Gujarat,Ahmedabad,380001,Referral / WhatsApp Share,2025-01-07
CUST-09273,Pooja Kulkarni,West Bengal,Kolkata,700001,Affiliate,2024-02-22
CUST-09274,Aarav Mehta,Telangana,Hyderabad,500001,Direct App Open,2025-08-19
CUST-09275,Sneha Singh,Rajasthan,Jaipur,302001,Referral / WhatsApp Share,2025-03-10
CUST-09276,Aditya Singh,Karnataka,Mysuru,570001,Paid Ads (Instagram/FB),2024-09-17
CUST-09277,Ananya Joshi,Uttar Pradesh,Lucknow,226001,Affiliate,2024-01-26
CUST-09278,Pooja Nair,Karnataka,Mysuru,570001,Referral / WhatsApp Share,2024-02-28
CUST-09279,Rahul Nair,Uttar Pradesh,Varanasi,221001,Direct App Open,2024-10-31
CUST-09280,Neha Sharma,Karnataka,Bengaluru,560001,Direct App Open,2024-01-07
CUST-09281,Neha Singh,Uttar Pradesh,Agra,282001,Organic Search,2025-03-14
CUST-09282,Aarav Mehta,Karnataka,Mysuru,570001,Paid Ads (Instagram/FB),2024-12-09
CUST-09283,Sneha Iyer,Uttar Pradesh,Kanpur,208001,Referral / WhatsApp Share,2024-04-05
CUST-09284,Neha Joshi,Karnataka,Bengaluru,560001,Affiliate,2024-01-29
CUST-09285,Aditya Deshmukh,West Bengal,Howrah,711101,Organic Search,2025-05-18
CUST-09286,Sneha Singh,Maharashtra,Mumbai,400001,Direct App Open,2024-09-10
CUST-09287,Neha Deshmukh,Maharashtra,Nagpur,440001,Affiliate,2024-10-01
CUST-09288,Arjun Mehta,Madhya Pradesh,Bhopal,462001,Direct App Open,2024-07-11
CUST-09289,Pooja Iyer,Gujarat,Vadodara,390001,Direct App Open,2024-04-15
CUST-09290,Aarav Nair,Karnataka,Hubballi,580020,Direct App Open,2024-12-28
CUST-09291,Kabir Patel,Karnataka,Bengaluru,560001,Direct App Open,2024-10-18
CUST-09292,Kabir Singh,Bihar,Gaya,823001,Direct App Open,2024-09-22
CUST-09293,Neha Nair,West Bengal,Howrah,711101,Paid Ads (Instagram/FB),2024-12-04
CUST-09294,Aditya Sharma,Madhya Pradesh,Indore,452001,Referral / WhatsApp Share,2024-02-29
CUST-09295,Shreya Gupta,Uttar Pradesh,Varanasi,221001,Paid Ads (Instagram/FB),2025-08-10
CUST-09296,Pooja Deshmukh,Karnataka,Mysuru,570001,Direct App Open,2024-01-16
CUST-09297,Aditya Deshmukh,Telangana,Hyderabad,500001,Affiliate,2025-03-18
CUST-09298,Priya Sharma,Karnataka,Hubballi,580020,Referral / WhatsApp Share,2024-12-08
CUST-09299,Siddharth Patel,Tamil Nadu,Chennai,600001,Affiliate,2024-06-05
CUST-09300,Sneha Gupta,West Bengal,Kolkata,700001,Organic Search,2024-09-09
CUST-09301,Rohan Gupta,Madhya Pradesh,Indore,452001,Referral / WhatsApp Share,2025-07-31
CUST-09302,Priya Nair,Uttar Pradesh,Lucknow,226001,Referral / WhatsApp Share,2024-07-09
CUST-09303,Arjun Iyer,Telangana,Hyderabad,500001,Referral / WhatsApp Share,2024-07-18
CUST-09304,Aarav Joshi,Rajasthan,Jaipur,302001,Organic Search,2025-07-08
CUST-09305,Ananya Sharma,Gujarat,Vadodara,390001,Affiliate,2024-10-23
CUST-09306,Aarav Patel,Bihar,Muzaffarpur,842001,Direct App Open,2025-04-20
CUST-09307,Siddharth Joshi,Telangana,Hyderabad,500001,Organic Search,2025-08-18
CUST-09308,Kavya Gupta,Uttar Pradesh,Lucknow,226001,Referral / WhatsApp Share,2024-01-14
CUST-09309,Kavya Verma,Uttar Pradesh,Agra,282001,Organic Search,2024-12-28
CUST-09310,Neha Singh,Tamil Nadu,Coimbatore,641001,Referral / WhatsApp Share,2024-01-26
CUST-09311,Kavya Joshi,Telangana,Hyderabad,500001,Referral / WhatsApp Share,2024-09-10
CUST-09312,Arjun Verma,Bihar,Gaya,823001,Paid Ads (Instagram/FB),2025-07-19
CUST-09313,Rahul Singh,Gujarat,Ahmedabad,380001,Referral / WhatsApp Share,2025-01-16
CUST-09314,Kabir Verma,Bihar,Muzaffarpur,842001,Referral / WhatsApp Share,2025-04-17
CUST-09315,Pooja Mehta,Telangana,Warangal,506001,Paid Ads (Instagram/FB),2025-02-22
CUST-09316,Ananya Mehta,Rajasthan,Jaipur,302001,Paid Ads (Instagram/FB),2024-09-27
CUST-09317,Ananya Verma,Maharashtra,Pune,411001,Affiliate,2024-03-21
CUST-09318,Pooja Gupta,Maharashtra,Nagpur,440001,Direct App Open,2025-02-19
CUST-09319,Siddharth Kulkarni,Uttar Pradesh,Varanasi,221001,Organic Search,2024-08-27
CUST-09320,Vikram Iyer,Maharashtra,Nashik,422001,Direct App Open,2025-06-14
CUST-09321,Rahul Iyer,Karnataka,Hubballi,580020,Affiliate,2025-03-30
CUST-09322,Kabir Rao,Madhya Pradesh,Bhopal,462001,Direct App Open,2024-02-04
CUST-09323,Aditya Kulkarni,Uttar Pradesh,Lucknow,226001,Direct App Open,2024-01-08
CUST-09324,Rohan Gupta,Tamil Nadu,Chennai,600001,Paid Ads (Instagram/FB),2025-03-14
CUST-09325,Shreya Iyer,Rajasthan,Jodhpur,342001,Paid Ads (Instagram/FB),2025-04-18
CUST-09326,Ananya Nair,Maharashtra,Mumbai,400001,Paid Ads (Instagram/FB),2024-03-18
CUST-09327,Arjun Singh,Gujarat,Surat,395001,Organic Search,2024-07-11
CUST-09328,Sneha Gupta,Rajasthan,Udaipur,313001,Organic Search,2025-03-23
CUST-09329,Shreya Nair,Karnataka,Mysuru,570001,Organic Search,2024-03-07
CUST-09330,Priya Rao,Tamil Nadu,Coimbatore,641001,Direct App Open,2024-06-23
CUST-09331,Aarav Verma,Gujarat,Surat,395001,Direct App Open,2025-07-05
CUST-09332,Neha Iyer,West Bengal,Howrah,711101,Organic Search,2024-10-14
CUST-09333,Kavya Kulkarni,West Bengal,Howrah,711101,Referral / WhatsApp Share,2025-04-07
CUST-09334,Aditya Iyer,Uttar Pradesh,Lucknow,226001,Direct App Open,2025-06-08
CUST-09335,Arjun Kulkarni,Telangana,Hyderabad,500001,Direct App Open,2025-02-16
CUST-09336,Ananya Verma,Maharashtra,Mumbai,400001,Affiliate,2025-06-19
CUST-09337,Aditya Deshmukh,Tamil Nadu,Chennai,600001,Affiliate,2024-07-18
CUST-09338,Aarav Patel,Tamil Nadu,Madurai,625001,Referral / WhatsApp Share,2025-04-30
CUST-09339,Arjun Rao,Uttar Pradesh,Agra,282001,Referral / WhatsApp Share,2025-03-19
CUST-09340,Aarav Nair,Madhya Pradesh,Bhopal,462001,Referral / WhatsApp Share,2024-03-11
CUST-09341,Arjun Gupta,Telangana,Hyderabad,500001,Paid Ads (Instagram/FB),2024-10-15
CUST-09342,Vikram Joshi,Karnataka,Hubballi,580020,Affiliate,2024-06-23
CUST-09343,Kabir Patel,Rajasthan,Jaipur,302001,Referral / WhatsApp Share,2025-01-21
CUST-09344,Aarav Nair,Rajasthan,Jaipur,302001,Direct App Open,2024-07-25
CUST-09345,Priya Singh,Telangana,Hyderabad,500001,Organic Search,2025-06-12
CUST-09346,Priya Iyer,Rajasthan,Jaipur,302001,Paid Ads (Instagram/FB),2024-07-25
CUST-09347,Arjun Rao,Maharashtra,Nagpur,440001,Referral / WhatsApp Share,2024-01-07
CUST-09348,Rahul Iyer,Maharashtra,Pune,411001,Referral / WhatsApp Share,2025-08-04
CUST-09349,Priya Gupta,Uttar Pradesh,Agra,282001,Referral / WhatsApp Share,2025-05-16
CUST-09350,Kabir Singh,Telangana,Hyderabad,500001,Direct App Open,2024-07-21
CUST-09351,Arjun Rao,Bihar,Muzaffarpur,842001,Organic Search,2024-07-27
CUST-09352,Aditya Iyer,Rajasthan,Udaipur,313001,Paid Ads (Instagram/FB),2024-06-14
CUST-09353,Rahul Verma,Madhya Pradesh,Bhopal,462001,Affiliate,2024-03-17
CUST-09354,Sneha Kulkarni,Gujarat,Vadodara,390001,Affiliate,2024-07-08
CUST-09355,Sneha Rao,Madhya Pradesh,Gwalior,474001,Paid Ads (Instagram/FB),2024-02-04
CUST-09356,Aditya Mehta,Uttar Pradesh,Kanpur,208001,Direct App Open,2025-05-13
CUST-09357,Priya Joshi,Maharashtra,Pune,411001,Paid Ads (Instagram/FB),2025-05-30
CUST-09358,Vikram Patel,Rajasthan,Udaipur,313001,Direct App Open,2025-02-17
CUST-09359,Aarav Mehta,Madhya Pradesh,Indore,452001,Referral / WhatsApp Share,2024-01-15
CUST-09360,Neha Mehta,Bihar,Muzaffarpur,842001,Referral / WhatsApp Share,2025-06-27
CUST-09361,Arjun Patel,Maharashtra,Nagpur,440001,Organic Search,2024-09-11
CUST-09362,Pooja Patel,Bihar,Gaya,823001,Affiliate,2024-03-17
CUST-09363,Rohan Nair,Madhya Pradesh,Gwalior,474001,Paid Ads (Instagram/FB),2025-03-30
CUST-09364,Pooja Gupta,Gujarat,Vadodara,390001,Affiliate,2024-12-02
CUST-09365,Aditya Gupta,Telangana,Hyderabad,500001,Organic Search,2025-07-23
CUST-09366,Aditya Mehta,Karnataka,Mysuru,570001,Affiliate,2024-04-08
CUST-09367,Vikram Joshi,Telangana,Warangal,506001,Paid Ads (Instagram/FB),2024-11-20
CUST-09368,Ananya Joshi,Telangana,Nizamabad,503001,Paid Ads (Instagram/FB),2024-09-05
CUST-09369,Siddharth Mehta,Maharashtra,Nashik,422001,Paid Ads (Instagram/FB),2024-11-03
CUST-09370,Kavya Nair,Bihar,Patna,800001,Organic Search,2024-12-14
CUST-09371,Kabir Gupta,Karnataka,Bengaluru,560001,Organic Search,2025-02-02
CUST-09372,Neha Nair,Maharashtra,Mumbai,400001,Affiliate,2024-10-13
CUST-09373,Kabir Verma,Maharashtra,Mumbai,400001,Referral / WhatsApp Share,2024-03-20
CUST-09374,Kavya Mehta,Madhya Pradesh,Bhopal,462001,Referral / WhatsApp Share,2024-10-28
CUST-09375,Neha Patel,Karnataka,Bengaluru,560001,Affiliate,2024-07-25
CUST-09376,Siddharth Joshi,Karnataka,Mysuru,570001,Affiliate,2025-04-02
CUST-09377,Vikram Nair,West Bengal,Howrah,711101,Paid Ads (Instagram/FB),2024-08-07
CUST-09378,Kavya Verma,Madhya Pradesh,Gwalior,474001,Affiliate,2025-03-11
CUST-09379,Shreya Patel,Rajasthan,Jaipur,302001,Paid Ads (Instagram/FB),2025-04-07
CUST-09380,Neha Joshi,Maharashtra,Nashik,422001,Paid Ads (Instagram/FB),2024-12-05
CUST-09381,Rahul Patel,Gujarat,Surat,395001,Affiliate,2025-08-05
CUST-09382,Kavya Deshmukh,Maharashtra,Nashik,422001,Referral / WhatsApp Share,2025-04-30
CUST-09383,Vikram Patel,Bihar,Muzaffarpur,842001,Affiliate,2024-09-14
CUST-09384,Rahul Iyer,Bihar,Gaya,823001,Paid Ads (Instagram/FB),2024-09-09
CUST-09385,Neha Rao,West Bengal,Howrah,711101,Organic Search,2025-06-03
CUST-09386,Vikram Kulkarni,Gujarat,Surat,395001,Direct App Open,2025-04-08
CUST-09387,Neha Rao,Rajasthan,Udaipur,313001,Referral / WhatsApp Share,2025-07-30
CUST-09388,Rohan Rao,Telangana,Warangal,506001,Referral / WhatsApp Share,2025-06-01
CUST-09389,Ananya Joshi,Uttar Pradesh,Kanpur,208001,Direct App Open,2024-10-25
CUST-09390,Vikram Nair,Telangana,Hyderabad,500001,Paid Ads (Instagram/FB),2025-01-21
CUST-09391,Aarav Singh,Karnataka,Mysuru,570001,Referral / WhatsApp Share,2024-11-28
CUST-09392,Aarav Mehta,West Bengal,Howrah,711101,Direct App Open,2024-03-04
CUST-09393,Rohan Patel,Rajasthan,Udaipur,313001,Paid Ads (Instagram/FB),2024-12-06
CUST-09394,Siddharth Deshmukh,Madhya Pradesh,Gwalior,474001,Organic Search,2025-02-11
CUST-09395,Siddharth Patel,Maharashtra,Pune,411001,Direct App Open,2025-02-24
CUST-09396,Ananya Mehta,Telangana,Warangal,506001,Organic Search,2024-08-16
CUST-09397,Kavya Nair,Maharashtra,Nagpur,440001,Paid Ads (Instagram/FB),2025-05-17
CUST-09398,Vikram Patel,Karnataka,Mysuru,570001,Affiliate,2025-07-16
CUST-09399,Aarav Nair,Bihar,Gaya,823001,Referral / WhatsApp Share,2024-05-03
CUST-09400,Aarav Nair,Bihar,Patna,800001,Affiliate,2025-04-18
CUST-09401,Aditya Sharma,Rajasthan,Udaipur,313001,Affiliate,2024-07-30
CUST-09402,Pooja Iyer,Uttar Pradesh,Kanpur,208001,Paid Ads (Instagram/FB),2024-11-07
CUST-09403,Aarav Mehta,Rajasthan,Jodhpur,342001,Affiliate,2024-10-24
CUST-09404,Rohan Kulkarni,Maharashtra,Mumbai,400001,Direct App Open,2025-01-17
CUST-09405,Neha Kulkarni,West Bengal,Howrah,711101,Direct App Open,2024-11-04
CUST-09406,Arjun Joshi,Gujarat,Vadodara,390001,Paid Ads (Instagram/FB),2025-07-22
CUST-09407,Priya Sharma,Rajasthan,Udaipur,313001,Organic Search,2024-12-15
CUST-09408,Kabir Sharma,West Bengal,Howrah,711101,Direct App Open,2024-08-03
CUST-09409,Arjun Rao,Tamil Nadu,Chennai,600001,Organic Search,2025-08-08
CUST-09410,Kabir Sharma,Maharashtra,Nashik,422001,Direct App Open,2024-04-29
CUST-09411,Kabir Gupta,Uttar Pradesh,Varanasi,221001,Paid Ads (Instagram/FB),2024-03-22
CUST-09412,Neha Joshi,Bihar,Patna,800001,Paid Ads (Instagram/FB),2024-10-27
CUST-09413,Vikram Rao,West Bengal,Howrah,711101,Affiliate,2025-04-19
CUST-09414,Shreya Deshmukh,Uttar Pradesh,Lucknow,226001,Referral / WhatsApp Share,2024-08-06
CUST-09415,Ananya Rao,Bihar,Muzaffarpur,842001,Direct App Open,2024-12-02
CUST-09416,Neha Kulkarni,West Bengal,Howrah,711101,Direct App Open,2024-01-18
CUST-09417,Kabir Nair,Gujarat,Surat,395001,Paid Ads (Instagram/FB),2025-03-03
CUST-09418,Aarav Kulkarni,Gujarat,Ahmedabad,380001,Affiliate,2025-07-13
CUST-09419,Rohan Gupta,Tamil Nadu,Madurai,625001,Affiliate,2025-03-21
CUST-09420,Pooja Joshi,Bihar,Muzaffarpur,842001,Organic Search,2025-07-13
CUST-09421,Shreya Rao,Uttar Pradesh,Agra,282001,Referral / WhatsApp Share,2025-06-13
CUST-09422,Arjun Sharma,Tamil Nadu,Chennai,600001,Referral / WhatsApp Share,2024-01-21
CUST-09423,Ananya Joshi,Gujarat,Surat,395001,Affiliate,2025-03-31
CUST-09424,Vikram Kulkarni,Uttar Pradesh,Kanpur,208001,Direct App Open,2024-05-03
CUST-09425,Aditya Deshmukh,Gujarat,Surat,395001,Affiliate,2024-02-27
CUST-09426,Kavya Mehta,Karnataka,Hubballi,580020,Affiliate,2024-08-01
CUST-09427,Aditya Sharma,Telangana,Nizamabad,503001,Referral / WhatsApp Share,2024-10-28
CUST-09428,Ananya Patel,Karnataka,Bengaluru,560001,Paid Ads (Instagram/FB),2024-10-08
CUST-09429,Kavya Rao,West Bengal,Howrah,711101,Direct App Open,2024-02-01
CUST-09430,Aditya Sharma,Rajasthan,Jaipur,302001,Referral / WhatsApp Share,2025-02-14
CUST-09431,Kabir Nair,Rajasthan,Jaipur,302001,Paid Ads (Instagram/FB),2024-02-28
CUST-09432,Kabir Gupta,Gujarat,Surat,395001,Referral / WhatsApp Share,2025-04-02
CUST-09433,Kavya Nair,Gujarat,Surat,395001,Organic Search,2025-01-14
CUST-09434,Priya Sharma,Tamil Nadu,Chennai,600001,Paid Ads (Instagram/FB),2025-02-12
CUST-09435,Neha Verma,Rajasthan,Jodhpur,342001,Direct App Open,2025-01-04
CUST-09436,Siddharth Deshmukh,Gujarat,Vadodara,390001,Paid Ads (Instagram/FB),2024-05-15
CUST-09437,Vikram Deshmukh,Bihar,Gaya,823001,Paid Ads (Instagram/FB),2025-04-24
CUST-09438,Priya Deshmukh,Bihar,Gaya,823001,Referral / WhatsApp Share,2024-12-02
CUST-09439,Siddharth Verma,Telangana,Hyderabad,500001,Paid Ads (Instagram/FB),2024-01-31
CUST-09440,Kavya Deshmukh,Tamil Nadu,Coimbatore,641001,Referral / WhatsApp Share,2024-01-25
CUST-09441,Aditya Mehta,Madhya Pradesh,Gwalior,474001,Affiliate,2024-10-11
CUST-09442,Aditya Singh,Gujarat,Vadodara,390001,Affiliate,2024-05-21
CUST-09443,Kabir Deshmukh,Rajasthan,Jodhpur,342001,Affiliate,2024-10-12
CUST-09444,Priya Iyer,Bihar,Gaya,823001,Direct App Open,2024-10-03
CUST-09445,Siddharth Nair,Madhya Pradesh,Indore,452001,Affiliate,2025-08-20
CUST-09446,Kabir Deshmukh,Maharashtra,Nashik,422001,Affiliate,2025-03-10
CUST-09447,Ananya Deshmukh,Uttar Pradesh,Varanasi,221001,Organic Search,2025-07-06
CUST-09448,Shreya Iyer,West Bengal,Siliguri,734001,Organic Search,2024-10-19
CUST-09449,Pooja Sharma,Tamil Nadu,Coimbatore,641001,Referral / WhatsApp Share,2025-04-22
CUST-09450,Vikram Mehta,Rajasthan,Jaipur,302001,Direct App Open,2024-05-21
CUST-09451,Sneha Singh,Tamil Nadu,Coimbatore,641001,Paid Ads (Instagram/FB),2025-05-06
CUST-09452,Arjun Joshi,Uttar Pradesh,Lucknow,226001,Affiliate,2024-12-08
CUST-09453,Vikram Verma,Karnataka,Hubballi,580020,Direct App Open,2024-10-10
CUST-09454,Aditya Sharma,Rajasthan,Jodhpur,342001,Organic Search,2024-09-08
CUST-09455,Pooja Patel,Tamil Nadu,Coimbatore,641001,Organic Search,2024-09-01
CUST-09456,Neha Nair,Karnataka,Hubballi,580020,Organic Search,2024-08-21
CUST-09457,Sneha Joshi,Madhya Pradesh,Gwalior,474001,Affiliate,2024-04-27
CUST-09458,Rahul Sharma,Madhya Pradesh,Gwalior,474001,Referral / WhatsApp Share,2025-07-01
CUST-09459,Neha Verma,Rajasthan,Jaipur,302001,Direct App Open,2025-01-01
CUST-09460,Aarav Patel,Gujarat,Vadodara,390001,Affiliate,2024-08-08
CUST-09461,Kavya Deshmukh,Karnataka,Mysuru,570001,Direct App Open,2025-04-07
CUST-09462,Kavya Deshmukh,Rajasthan,Udaipur,313001,Referral / WhatsApp Share,2025-02-07
CUST-09463,Kavya Iyer,Uttar Pradesh,Agra,282001,Direct App Open,2024-03-09
CUST-09464,Arjun Joshi,Karnataka,Mysuru,570001,Direct App Open,2025-03-26
CUST-09465,Shreya Nair,Bihar,Patna,800001,Direct App Open,2024-08-26
CUST-09466,Siddharth Iyer,Madhya Pradesh,Indore,452001,Paid Ads (Instagram/FB),2025-06-30
CUST-09467,Priya Iyer,Maharashtra,Pune,411001,Paid Ads (Instagram/FB),2025-02-23
CUST-09468,Rohan Singh,Telangana,Nizamabad,503001,Direct App Open,2024-11-06
CUST-09469,Aarav Deshmukh,Tamil Nadu,Coimbatore,641001,Direct App Open,2025-01-10
CUST-09470,Siddharth Singh,Telangana,Warangal,506001,Direct App Open,2024-02-01
CUST-09471,Siddharth Kulkarni,Gujarat,Surat,395001,Referral / WhatsApp Share,2024-10-02
CUST-09472,Siddharth Iyer,Tamil Nadu,Madurai,625001,Referral / WhatsApp Share,2024-10-21
CUST-09473,Priya Mehta,Uttar Pradesh,Agra,282001,Direct App Open,2024-06-23
CUST-09474,Aarav Nair,Maharashtra,Mumbai,400001,Paid Ads (Instagram/FB),2025-06-27
CUST-09475,Pooja Iyer,Tamil Nadu,Madurai,625001,Paid Ads (Instagram/FB),2025-06-29
CUST-09476,Aarav Sharma,Telangana,Hyderabad,500001,Organic Search,2024-12-29
CUST-09477,Ananya Joshi,West Bengal,Kolkata,700001,Referral / WhatsApp Share,2024-12-29
CUST-09478,Kabir Nair,Bihar,Muzaffarpur,842001,Direct App Open,2024-02-10
CUST-09479,Aarav Patel,Telangana,Hyderabad,500001,Paid Ads (Instagram/FB),2024-07-11
CUST-09480,Priya Kulkarni,Karnataka,Mysuru,570001,Organic Search,2024-10-05
CUST-09481,Aditya Patel,West Bengal,Siliguri,734001,Direct App Open,2024-11-30
CUST-09482,Arjun Rao,Tamil Nadu,Madurai,625001,Paid Ads (Instagram/FB),2025-04-18
CUST-09483,Kabir Nair,Bihar,Patna,800001,Paid Ads (Instagram/FB),2025-05-06
CUST-09484,Neha Rao,Telangana,Nizamabad,503001,Paid Ads (Instagram/FB),2024-09-04
CUST-09485,Ananya Iyer,West Bengal,Howrah,711101,Affiliate,2024-11-14
CUST-09486,Aditya Mehta,Maharashtra,Mumbai,400001,Affiliate,2024-10-01
CUST-09487,Vikram Kulkarni,Rajasthan,Jodhpur,342001,Direct App Open,2024-03-26
CUST-09488,Kabir Rao,Karnataka,Hubballi,580020,Referral / WhatsApp Share,2024-02-24
CUST-09489,Shreya Joshi,Tamil Nadu,Chennai,600001,Organic Search,2024-08-06
CUST-09490,Priya Nair,Tamil Nadu,Chennai,600001,Direct App Open,2024-09-08
CUST-09491,Rahul Mehta,Bihar,Gaya,823001,Paid Ads (Instagram/FB),2024-08-05
CUST-09492,Vikram Gupta,Bihar,Gaya,823001,Referral / WhatsApp Share,2024-10-15
CUST-09493,Kabir Rao,Uttar Pradesh,Kanpur,208001,Organic Search,2024-08-13
CUST-09494,Siddharth Nair,Tamil Nadu,Madurai,625001,Direct App Open,2025-04-10
CUST-09495,Rahul Mehta,Bihar,Gaya,823001,Referral / WhatsApp Share,2024-02-23
CUST-09496,Priya Deshmukh,Madhya Pradesh,Gwalior,474001,Paid Ads (Instagram/FB),2025-06-06
CUST-09497,Aditya Deshmukh,Uttar Pradesh,Varanasi,221001,Paid Ads (Instagram/FB),2024-12-07
CUST-09498,Ananya Kulkarni,Tamil Nadu,Chennai,600001,Referral / WhatsApp Share,2025-03-16
CUST-09499,Rohan Nair,Bihar,Muzaffarpur,842001,Organic Search,2025-05-23
CUST-09500,Shreya Nair,Uttar Pradesh,Kanpur,208001,Affiliate,2024-10-17
CUST-09501,Shreya Verma,West Bengal,Kolkata,700001,Paid Ads (Instagram/FB),2024-09-20
CUST-09502,Siddharth Sharma,Rajasthan,Udaipur,313001,Referral / WhatsApp Share,2024-03-31
CUST-09503,Arjun Rao,West Bengal,Kolkata,700001,Referral / WhatsApp Share,2025-07-02
CUST-09504,Aditya Mehta,Tamil Nadu,Chennai,600001,Referral / WhatsApp Share,2024-11-18
CUST-09505,Siddharth Singh,Bihar,Muzaffarpur,842001,Referral / WhatsApp Share,2024-03-20
CUST-09506,Rohan Sharma,Bihar,Muzaffarpur,842001,Organic Search,2025-03-17
CUST-09507,Priya Patel,Telangana,Nizamabad,503001,Referral / WhatsApp Share,2025-04-10
CUST-09508,Ananya Gupta,Rajasthan,Jaipur,302001,Referral / WhatsApp Share,2024-09-01
CUST-09509,Siddharth Sharma,Gujarat,Ahmedabad,380001,Referral / WhatsApp Share,2025-07-01
CUST-09510,Vikram Joshi,Tamil Nadu,Chennai,600001,Affiliate,2024-09-13
CUST-09511,Vikram Mehta,Madhya Pradesh,Bhopal,462001,Referral / WhatsApp Share,2024-09-17
CUST-09512,Rahul Sharma,Maharashtra,Pune,411001,Paid Ads (Instagram/FB),2024-04-20
CUST-09513,Pooja Kulkarni,Maharashtra,Nashik,422001,Affiliate,2025-05-23
CUST-09514,Ananya Sharma,West Bengal,Siliguri,734001,Paid Ads (Instagram/FB),2025-08-18
CUST-09515,Aarav Sharma,Gujarat,Surat,395001,Paid Ads (Instagram/FB),2024-07-09
CUST-09516,Shreya Deshmukh,Karnataka,Mysuru,570001,Paid Ads (Instagram/FB),2024-01-26
CUST-09517,Aditya Kulkarni,West Bengal,Siliguri,734001,Referral / WhatsApp Share,2024-12-20
CUST-09518,Aditya Rao,Bihar,Patna,800001,Affiliate,2024-11-04
CUST-09519,Pooja Verma,West Bengal,Howrah,711101,Referral / WhatsApp Share,2025-03-29
CUST-09520,Arjun Rao,Gujarat,Ahmedabad,380001,Affiliate,2024-09-05
CUST-09521,Pooja Deshmukh,Tamil Nadu,Chennai,600001,Organic Search,2024-01-31
CUST-09522,Pooja Gupta,West Bengal,Kolkata,700001,Affiliate,2025-05-31
CUST-09523,Arjun Kulkarni,Rajasthan,Udaipur,313001,Direct App Open,2025-06-27
CUST-09524,Aditya Mehta,Madhya Pradesh,Bhopal,462001,Affiliate,2024-12-14
CUST-09525,Neha Mehta,Madhya Pradesh,Bhopal,462001,Affiliate,2025-04-01
CUST-09526,Arjun Iyer,Maharashtra,Mumbai,400001,Affiliate,2025-07-29
CUST-09527,Kabir Kulkarni,Telangana,Nizamabad,503001,Affiliate,2024-10-26
CUST-09528,Kabir Gupta,Maharashtra,Nashik,422001,Referral / WhatsApp Share,2024-12-15
CUST-09529,Kavya Joshi,Karnataka,Hubballi,580020,Referral / WhatsApp Share,2025-01-21
CUST-09530,Rahul Verma,Maharashtra,Pune,411001,Paid Ads (Instagram/FB),2025-04-03
CUST-09531,Priya Nair,Madhya Pradesh,Indore,452001,Referral / WhatsApp Share,2025-06-16
CUST-09532,Neha Kulkarni,Maharashtra,Mumbai,400001,Paid Ads (Instagram/FB),2024-02-05
CUST-09533,Neha Kulkarni,Karnataka,Bengaluru,560001,Referral / WhatsApp Share,2025-02-13
CUST-09534,Siddharth Deshmukh,Maharashtra,Nashik,422001,Referral / WhatsApp Share,2024-08-01
CUST-09535,Pooja Sharma,Bihar,Gaya,823001,Affiliate,2024-09-14
CUST-09536,Neha Verma,Gujarat,Vadodara,390001,Paid Ads (Instagram/FB),2024-02-12
CUST-09537,Rohan Singh,Tamil Nadu,Coimbatore,641001,Organic Search,2025-05-04
CUST-09538,Ananya Gupta,Uttar Pradesh,Agra,282001,Organic Search,2025-07-08
CUST-09539,Rahul Deshmukh,Maharashtra,Mumbai,400001,Organic Search,2024-07-04
CUST-09540,Aarav Iyer,Bihar,Gaya,823001,Paid Ads (Instagram/FB),2024-03-14
CUST-09541,Shreya Joshi,Telangana,Nizamabad,503001,Referral / WhatsApp Share,2024-05-08
CUST-09542,Aditya Joshi,Uttar Pradesh,Agra,282001,Direct App Open,2025-03-06
CUST-09543,Vikram Verma,Uttar Pradesh,Lucknow,226001,Direct App Open,2025-08-09
CUST-09544,Ananya Kulkarni,Karnataka,Mysuru,570001,Referral / WhatsApp Share,2025-03-06
CUST-09545,Sneha Mehta,Maharashtra,Pune,411001,Organic Search,2024-07-16
CUST-09546,Aarav Gupta,Maharashtra,Mumbai,400001,Direct App Open,2024-03-22
CUST-09547,Rahul Nair,Gujarat,Ahmedabad,380001,Organic Search,2024-12-04
CUST-09548,Rohan Deshmukh,Maharashtra,Mumbai,400001,Direct App Open,2024-10-29
CUST-09549,Priya Rao,Bihar,Gaya,823001,Referral / WhatsApp Share,2024-08-03
CUST-09550,Aarav Nair,Bihar,Patna,800001,Referral / WhatsApp Share,2024-05-31
CUST-09551,Arjun Gupta,Gujarat,Ahmedabad,380001,Direct App Open,2025-05-17
CUST-09552,Rohan Iyer,Karnataka,Mysuru,570001,Direct App Open,2024-09-15
CUST-09553,Vikram Verma,Uttar Pradesh,Lucknow,226001,Direct App Open,2024-02-19
CUST-09554,Siddharth Joshi,Maharashtra,Nashik,422001,Direct App Open,2024-08-30
CUST-09555,Neha Verma,Madhya Pradesh,Gwalior,474001,Affiliate,2024-06-17
CUST-09556,Priya Singh,Uttar Pradesh,Lucknow,226001,Organic Search,2024-03-02
CUST-09557,Neha Mehta,Telangana,Hyderabad,500001,Affiliate,2024-09-20
CUST-09558,Neha Deshmukh,Madhya Pradesh,Gwalior,474001,Organic Search,2024-04-17
CUST-09559,Rahul Patel,Rajasthan,Jaipur,302001,Referral / WhatsApp Share,2025-02-04
CUST-09560,Vikram Verma,Bihar,Muzaffarpur,842001,Referral / WhatsApp Share,2025-07-06
CUST-09561,Rahul Kulkarni,Rajasthan,Jodhpur,342001,Direct App Open,2024-01-22
CUST-09562,Aditya Iyer,Gujarat,Surat,395001,Direct App Open,2024-11-23
CUST-09563,Rahul Deshmukh,Tamil Nadu,Coimbatore,641001,Affiliate,2024-03-26
CUST-09564,Kavya Sharma,Telangana,Nizamabad,503001,Affiliate,2025-08-20
CUST-09565,Kavya Gupta,Gujarat,Vadodara,390001,Direct App Open,2025-06-25
CUST-09566,Vikram Nair,Bihar,Gaya,823001,Paid Ads (Instagram/FB),2024-08-10
CUST-09567,Siddharth Sharma,Madhya Pradesh,Bhopal,462001,Referral / WhatsApp Share,2024-11-19
CUST-09568,Kavya Iyer,Gujarat,Surat,395001,Paid Ads (Instagram/FB),2024-01-26
CUST-09569,Vikram Deshmukh,Madhya Pradesh,Bhopal,462001,Organic Search,2025-04-19
CUST-09570,Kavya Sharma,Maharashtra,Mumbai,400001,Paid Ads (Instagram/FB),2025-02-06
CUST-09571,Siddharth Verma,West Bengal,Howrah,711101,Referral / WhatsApp Share,2025-04-02
CUST-09572,Sneha Iyer,Telangana,Warangal,506001,Referral / WhatsApp Share,2024-04-01
CUST-09573,Kabir Iyer,Madhya Pradesh,Bhopal,462001,Referral / WhatsApp Share,2024-03-23
CUST-09574,Priya Verma,Karnataka,Hubballi,580020,Paid Ads (Instagram/FB),2024-02-23
CUST-09575,Ananya Kulkarni,Madhya Pradesh,Bhopal,462001,Organic Search,2025-05-01
CUST-09576,Siddharth Mehta,Bihar,Patna,800001,Paid Ads (Instagram/FB),2024-01-30
CUST-09577,Arjun Sharma,Tamil Nadu,Madurai,625001,Organic Search,2025-07-02
CUST-09578,Aditya Rao,Madhya Pradesh,Gwalior,474001,Direct App Open,2024-03-21
CUST-09579,Priya Mehta,West Bengal,Siliguri,734001,Organic Search,2024-11-05
CUST-09580,Vikram Rao,Gujarat,Ahmedabad,380001,Direct App Open,2024-11-22
CUST-09581,Rahul Verma,Rajasthan,Jaipur,302001,Organic Search,2024-04-12
CUST-09582,Rohan Verma,Uttar Pradesh,Agra,282001,Affiliate,2024-04-18
CUST-09583,Aarav Deshmukh,Madhya Pradesh,Bhopal,462001,Direct App Open,2025-03-01
CUST-09584,Aditya Joshi,Gujarat,Surat,395001,Paid Ads (Instagram/FB),2024-03-28
CUST-09585,Sneha Mehta,Bihar,Gaya,823001,Paid Ads (Instagram/FB),2025-04-07
CUST-09586,Priya Patel,Maharashtra,Nashik,422001,Organic Search,2025-02-08
CUST-09587,Arjun Joshi,Madhya Pradesh,Gwalior,474001,Direct App Open,2024-10-07
CUST-09588,Kabir Rao,Tamil Nadu,Chennai,600001,Referral / WhatsApp Share,2025-04-29
CUST-09589,Aditya Iyer,West Bengal,Siliguri,734001,Referral / WhatsApp Share,2025-03-13
CUST-09590,Arjun Deshmukh,West Bengal,Kolkata,700001,Direct App Open,2024-10-25
CUST-09591,Rohan Kulkarni,Karnataka,Mysuru,570001,Direct App Open,2025-03-30
CUST-09592,Aditya Joshi,Madhya Pradesh,Gwalior,474001,Affiliate,2025-05-18
CUST-09593,Shreya Verma,Gujarat,Vadodara,390001,Affiliate,2025-01-17
CUST-09594,Priya Joshi,Bihar,Patna,800001,Paid Ads (Instagram/FB),2024-06-13
CUST-09595,Rahul Gupta,Gujarat,Vadodara,390001,Direct App Open,2024-01-31
CUST-09596,Priya Singh,Maharashtra,Nagpur,440001,Organic Search,2025-03-26
CUST-09597,Siddharth Gupta,Uttar Pradesh,Varanasi,221001,Organic Search,2025-01-24
CUST-09598,Shreya Gupta,Gujarat,Ahmedabad,380001,Paid Ads (Instagram/FB),2024-02-29
CUST-09599,Rahul Singh,Rajasthan,Jodhpur,342001,Paid Ads (Instagram/FB),2024-12-10
CUST-09600,Shreya Deshmukh,Bihar,Patna,800001,Organic Search,2025-01-05
CUST-09601,Rahul Gupta,Telangana,Nizamabad,503001,Referral / WhatsApp Share,2024-08-23
CUST-09602,Ananya Nair,Tamil Nadu,Chennai,600001,Direct App Open,2024-05-08
CUST-09603,Aditya Gupta,Telangana,Nizamabad,503001,Organic Search,2025-03-20
CUST-09604,Rohan Nair,Madhya Pradesh,Bhopal,462001,Referral / WhatsApp Share,2025-02-22
CUST-09605,Kabir Sharma,Gujarat,Ahmedabad,380001,Affiliate,2025-07-01
CUST-09606,Aarav Kulkarni,Uttar Pradesh,Kanpur,208001,Referral / WhatsApp Share,2024-07-23
CUST-09607,Vikram Deshmukh,Gujarat,Surat,395001,Paid Ads (Instagram/FB),2024-11-25
CUST-09608,Kabir Nair,Maharashtra,Nashik,422001,Direct App Open,2024-09-11
CUST-09609,Vikram Verma,Karnataka,Mysuru,570001,Referral / WhatsApp Share,2024-04-06
CUST-09610,Shreya Joshi,Rajasthan,Jodhpur,342001,Paid Ads (Instagram/FB),2024-04-06
CUST-09611,Siddharth Nair,Rajasthan,Udaipur,313001,Referral / WhatsApp Share,2024-09-04
CUST-09612,Aarav Deshmukh,Bihar,Gaya,823001,Direct App Open,2024-11-04
CUST-09613,Rohan Deshmukh,Gujarat,Ahmedabad,380001,Direct App Open,2025-06-24
CUST-09614,Ananya Rao,Tamil Nadu,Madurai,625001,Direct App Open,2024-01-25
CUST-09615,Pooja Rao,Karnataka,Hubballi,580020,Referral / WhatsApp Share,2024-04-16
CUST-09616,Kabir Gupta,Karnataka,Hubballi,580020,Affiliate,2024-02-11
CUST-09617,Arjun Singh,West Bengal,Howrah,711101,Affiliate,2024-06-07
CUST-09618,Kabir Mehta,Rajasthan,Jodhpur,342001,Paid Ads (Instagram/FB),2024-08-16
CUST-09619,Priya Mehta,West Bengal,Siliguri,734001,Organic Search,2024-05-13
CUST-09620,Rahul Nair,Rajasthan,Jodhpur,342001,Direct App Open,2024-08-16
CUST-09621,Vikram Sharma,Tamil Nadu,Chennai,600001,Affiliate,2025-03-28
CUST-09622,Kavya Rao,Tamil Nadu,Coimbatore,641001,Direct App Open,2025-03-11
CUST-09623,Sneha Rao,Karnataka,Bengaluru,560001,Referral / WhatsApp Share,2025-02-14
CUST-09624,Kavya Deshmukh,Bihar,Muzaffarpur,842001,Referral / WhatsApp Share,2024-04-27
CUST-09625,Kabir Deshmukh,Karnataka,Bengaluru,560001,Direct App Open,2025-01-14
CUST-09626,Priya Verma,Uttar Pradesh,Kanpur,208001,Referral / WhatsApp Share,2024-05-27
CUST-09627,Rahul Nair,Tamil Nadu,Coimbatore,641001,Referral / WhatsApp Share,2025-04-10
CUST-09628,Aarav Rao,West Bengal,Kolkata,700001,Organic Search,2024-12-28
CUST-09629,Siddharth Verma,Tamil Nadu,Madurai,625001,Referral / WhatsApp Share,2025-06-23
CUST-09630,Aarav Verma,Bihar,Gaya,823001,Referral / WhatsApp Share,2025-07-01
CUST-09631,Neha Nair,Tamil Nadu,Chennai,600001,Paid Ads (Instagram/FB),2025-07-12
CUST-09632,Rahul Iyer,Uttar Pradesh,Kanpur,208001,Direct App Open,2025-03-22
CUST-09633,Aarav Verma,Madhya Pradesh,Bhopal,462001,Paid Ads (Instagram/FB),2024-12-24
CUST-09634,Pooja Singh,Madhya Pradesh,Bhopal,462001,Paid Ads (Instagram/FB),2024-09-19
CUST-09635,Sneha Mehta,Tamil Nadu,Madurai,625001,Affiliate,2024-05-01
CUST-09636,Kabir Sharma,Gujarat,Surat,395001,Paid Ads (Instagram/FB),2024-11-12
CUST-09637,Priya Verma,Bihar,Muzaffarpur,842001,Referral / WhatsApp Share,2024-11-14
CUST-09638,Kabir Patel,Tamil Nadu,Chennai,600001,Organic Search,2025-08-15
CUST-09639,Rahul Patel,Maharashtra,Mumbai,400001,Referral / WhatsApp Share,2025-04-18
CUST-09640,Kavya Iyer,Telangana,Nizamabad,503001,Organic Search,2024-06-22
CUST-09641,Kavya Deshmukh,Madhya Pradesh,Gwalior,474001,Paid Ads (Instagram/FB),2024-11-16
CUST-09642,Arjun Singh,Tamil Nadu,Madurai,625001,Organic Search,2024-04-11
CUST-09643,Rohan Verma,Rajasthan,Jaipur,302001,Paid Ads (Instagram/FB),2025-03-29
CUST-09644,Neha Rao,Uttar Pradesh,Varanasi,221001,Direct App Open,2025-05-28
CUST-09645,Sneha Iyer,Telangana,Hyderabad,500001,Affiliate,2024-04-08
CUST-09646,Rahul Verma,Tamil Nadu,Coimbatore,641001,Direct App Open,2025-08-06
CUST-09647,Aditya Singh,Maharashtra,Mumbai,400001,Paid Ads (Instagram/FB),2024-01-30
CUST-09648,Siddharth Nair,Telangana,Nizamabad,503001,Paid Ads (Instagram/FB),2024-06-19
CUST-09649,Pooja Gupta,Maharashtra,Nashik,422001,Referral / WhatsApp Share,2024-04-09
CUST-09650,Pooja Deshmukh,Bihar,Gaya,823001,Affiliate,2024-10-29
CUST-09651,Aarav Mehta,Telangana,Hyderabad,500001,Direct App Open,2025-03-06
CUST-09652,Vikram Kulkarni,Karnataka,Mysuru,570001,Referral / WhatsApp Share,2025-07-22
CUST-09653,Neha Mehta,Madhya Pradesh,Bhopal,462001,Paid Ads (Instagram/FB),2024-08-31
CUST-09654,Arjun Joshi,West Bengal,Howrah,711101,Paid Ads (Instagram/FB),2025-02-27
CUST-09655,Aarav Sharma,Madhya Pradesh,Bhopal,462001,Referral / WhatsApp Share,2025-08-16
CUST-09656,Arjun Sharma,Uttar Pradesh,Lucknow,226001,Organic Search,2024-09-10
CUST-09657,Aarav Sharma,West Bengal,Kolkata,700001,Direct App Open,2025-07-04
CUST-09658,Rohan Nair,Bihar,Muzaffarpur,842001,Direct App Open,2024-06-13
CUST-09659,Siddharth Rao,Karnataka,Bengaluru,560001,Paid Ads (Instagram/FB),2024-01-11
CUST-09660,Neha Patel,Maharashtra,Mumbai,400001,Direct App Open,2025-08-07
CUST-09661,Shreya Mehta,Karnataka,Bengaluru,560001,Affiliate,2025-04-23
CUST-09662,Kabir Gupta,Bihar,Patna,800001,Organic Search,2025-01-10
CUST-09663,Vikram Patel,West Bengal,Siliguri,734001,Organic Search,2025-08-15
CUST-09664,Arjun Sharma,Rajasthan,Jaipur,302001,Paid Ads (Instagram/FB),2025-04-10
CUST-09665,Shreya Mehta,Telangana,Nizamabad,503001,Paid Ads (Instagram/FB),2024-11-11
CUST-09666,Kavya Mehta,Madhya Pradesh,Indore,452001,Paid Ads (Instagram/FB),2024-12-06
CUST-09667,Arjun Iyer,Tamil Nadu,Madurai,625001,Paid Ads (Instagram/FB),2025-02-03
CUST-09668,Ananya Nair,Telangana,Nizamabad,503001,Affiliate,2025-05-14
CUST-09669,Rahul Gupta,Tamil Nadu,Madurai,625001,Referral / WhatsApp Share,2024-12-25
CUST-09670,Pooja Patel,Maharashtra,Pune,411001,Paid Ads (Instagram/FB),2024-09-02
CUST-09671,Sneha Kulkarni,Madhya Pradesh,Gwalior,474001,Referral / WhatsApp Share,2025-04-11
CUST-09672,Kavya Mehta,Madhya Pradesh,Gwalior,474001,Paid Ads (Instagram/FB),2024-09-25
CUST-09673,Kabir Gupta,Gujarat,Vadodara,390001,Affiliate,2024-04-09
CUST-09674,Aditya Joshi,Uttar Pradesh,Lucknow,226001,Referral / WhatsApp Share,2024-11-24
CUST-09675,Aditya Nair,Rajasthan,Jodhpur,342001,Paid Ads (Instagram/FB),2024-01-19
CUST-09676,Shreya Gupta,Karnataka,Hubballi,580020,Direct App Open,2024-03-29
CUST-09677,Vikram Rao,Telangana,Nizamabad,503001,Organic Search,2024-10-31
CUST-09678,Priya Joshi,Rajasthan,Udaipur,313001,Referral / WhatsApp Share,2024-06-09
CUST-09679,Rahul Sharma,Karnataka,Mysuru,570001,Affiliate,2025-06-04
CUST-09680,Pooja Gupta,Uttar Pradesh,Varanasi,221001,Referral / WhatsApp Share,2024-09-26
CUST-09681,Aditya Nair,Uttar Pradesh,Lucknow,226001,Affiliate,2024-05-03
CUST-09682,Neha Gupta,Karnataka,Hubballi,580020,Referral / WhatsApp Share,2024-12-11
CUST-09683,Siddharth Nair,Tamil Nadu,Madurai,625001,Direct App Open,2024-10-03
CUST-09684,Pooja Singh,Maharashtra,Mumbai,400001,Affiliate,2024-06-27
CUST-09685,Kabir Mehta,Madhya Pradesh,Gwalior,474001,Direct App Open,2024-12-20
CUST-09686,Shreya Nair,Maharashtra,Nashik,422001,Paid Ads (Instagram/FB),2024-01-22
CUST-09687,Kavya Sharma,Madhya Pradesh,Gwalior,474001,Organic Search,2024-12-30
CUST-09688,Neha Sharma,Uttar Pradesh,Agra,282001,Referral / WhatsApp Share,2024-08-03
CUST-09689,Siddharth Gupta,West Bengal,Howrah,711101,Referral / WhatsApp Share,2024-05-30
CUST-09690,Rahul Deshmukh,Karnataka,Mysuru,570001,Referral / WhatsApp Share,2025-01-17
CUST-09691,Kavya Gupta,Bihar,Muzaffarpur,842001,Organic Search,2025-07-14
CUST-09692,Vikram Joshi,Telangana,Nizamabad,503001,Organic Search,2024-01-02
CUST-09693,Priya Kulkarni,Madhya Pradesh,Bhopal,462001,Paid Ads (Instagram/FB),2024-08-04
CUST-09694,Kabir Mehta,Tamil Nadu,Madurai,625001,Paid Ads (Instagram/FB),2024-10-27
CUST-09695,Pooja Gupta,Tamil Nadu,Coimbatore,641001,Organic Search,2024-01-05
CUST-09696,Rohan Kulkarni,Uttar Pradesh,Lucknow,226001,Direct App Open,2025-04-04
CUST-09697,Aditya Mehta,Tamil Nadu,Madurai,625001,Referral / WhatsApp Share,2025-03-11
CUST-09698,Aarav Deshmukh,West Bengal,Howrah,711101,Direct App Open,2024-06-12
CUST-09699,Kavya Singh,Madhya Pradesh,Indore,452001,Direct App Open,2024-10-22
CUST-09700,Neha Joshi,Gujarat,Ahmedabad,380001,Affiliate,2024-08-05
CUST-09701,Sneha Verma,Karnataka,Hubballi,580020,Affiliate,2024-01-31
CUST-09702,Pooja Patel,Maharashtra,Mumbai,400001,Direct App Open,2024-09-12
CUST-09703,Vikram Gupta,Rajasthan,Jodhpur,342001,Organic Search,2025-06-01
CUST-09704,Aarav Singh,Karnataka,Bengaluru,560001,Paid Ads (Instagram/FB),2024-06-09
CUST-09705,Ananya Sharma,West Bengal,Siliguri,734001,Direct App Open,2024-12-18
CUST-09706,Neha Iyer,Gujarat,Surat,395001,Affiliate,2024-07-10
CUST-09707,Aditya Nair,Rajasthan,Jodhpur,342001,Referral / WhatsApp Share,2025-04-05
CUST-09708,Sneha Rao,West Bengal,Howrah,711101,Paid Ads (Instagram/FB),2024-12-05
CUST-09709,Arjun Joshi,Madhya Pradesh,Indore,452001,Direct App Open,2025-07-07
CUST-09710,Sneha Sharma,Bihar,Gaya,823001,Referral / WhatsApp Share,2025-05-27
CUST-09711,Neha Nair,Karnataka,Hubballi,580020,Direct App Open,2024-11-13
CUST-09712,Kavya Nair,Rajasthan,Jaipur,302001,Paid Ads (Instagram/FB),2024-02-16
CUST-09713,Aarav Sharma,Karnataka,Mysuru,570001,Referral / WhatsApp Share,2024-09-24
CUST-09714,Kabir Gupta,Tamil Nadu,Coimbatore,641001,Paid Ads (Instagram/FB),2024-09-01
CUST-09715,Vikram Verma,Telangana,Nizamabad,503001,Referral / WhatsApp Share,2024-05-19
CUST-09716,Pooja Singh,Madhya Pradesh,Indore,452001,Referral / WhatsApp Share,2025-04-11
CUST-09717,Aarav Singh,Uttar Pradesh,Varanasi,221001,Referral / WhatsApp Share,2024-02-06
CUST-09718,Sneha Gupta,Bihar,Patna,800001,Paid Ads (Instagram/FB),2025-05-08
CUST-09719,Aarav Joshi,Telangana,Warangal,506001,Organic Search,2024-03-08
CUST-09720,Arjun Patel,Telangana,Warangal,506001,Organic Search,2024-07-21
CUST-09721,Arjun Gupta,Rajasthan,Jodhpur,342001,Affiliate,2024-12-22
CUST-09722,Sneha Deshmukh,Tamil Nadu,Chennai,600001,Paid Ads (Instagram/FB),2025-08-11
CUST-09723,Arjun Patel,Gujarat,Ahmedabad,380001,Paid Ads (Instagram/FB),2024-10-22
CUST-09724,Priya Deshmukh,Telangana,Warangal,506001,Direct App Open,2024-03-30
CUST-09725,Priya Nair,Maharashtra,Mumbai,400001,Direct App Open,2025-03-28
CUST-09726,Shreya Verma,Tamil Nadu,Chennai,600001,Direct App Open,2024-02-22
CUST-09727,Kavya Singh,Madhya Pradesh,Gwalior,474001,Organic Search,2025-06-16
CUST-09728,Sneha Deshmukh,Karnataka,Mysuru,570001,Organic Search,2024-09-21
CUST-09729,Ananya Gupta,Bihar,Muzaffarpur,842001,Referral / WhatsApp Share,2025-04-26
CUST-09730,Vikram Deshmukh,Gujarat,Vadodara,390001,Referral / WhatsApp Share,2025-05-06
CUST-09731,Kabir Rao,Madhya Pradesh,Gwalior,474001,Affiliate,2024-08-05
CUST-09732,Shreya Nair,Bihar,Patna,800001,Direct App Open,2024-04-02
CUST-09733,Shreya Nair,Rajasthan,Jodhpur,342001,Direct App Open,2024-11-10
CUST-09734,Shreya Kulkarni,Madhya Pradesh,Gwalior,474001,Organic Search,2025-07-06
CUST-09735,Vikram Iyer,Uttar Pradesh,Agra,282001,Referral / WhatsApp Share,2024-06-15
CUST-09736,Shreya Patel,Rajasthan,Udaipur,313001,Organic Search,2024-01-29
CUST-09737,Kavya Kulkarni,Gujarat,Vadodara,390001,Organic Search,2024-05-17
CUST-09738,Kabir Sharma,West Bengal,Howrah,711101,Direct App Open,2024-11-02
CUST-09739,Aarav Mehta,Madhya Pradesh,Indore,452001,Referral / WhatsApp Share,2025-01-11
CUST-09740,Arjun Verma,Bihar,Muzaffarpur,842001,Referral / WhatsApp Share,2025-01-18
CUST-09741,Pooja Patel,Karnataka,Mysuru,570001,Affiliate,2024-04-02
CUST-09742,Ananya Sharma,Rajasthan,Udaipur,313001,Paid Ads (Instagram/FB),2025-04-06
CUST-09743,Kavya Iyer,Uttar Pradesh,Kanpur,208001,Referral / WhatsApp Share,2025-08-18
CUST-09744,Aditya Singh,Uttar Pradesh,Kanpur,208001,Paid Ads (Instagram/FB),2024-09-24
CUST-09745,Sneha Deshmukh,Karnataka,Bengaluru,560001,Paid Ads (Instagram/FB),2025-01-13
CUST-09746,Shreya Nair,Maharashtra,Pune,411001,Referral / WhatsApp Share,2024-12-21
CUST-09747,Sneha Verma,Uttar Pradesh,Lucknow,226001,Direct App Open,2024-07-02
CUST-09748,Siddharth Rao,Rajasthan,Jodhpur,342001,Paid Ads (Instagram/FB),2024-12-06
CUST-09749,Priya Singh,Telangana,Hyderabad,500001,Affiliate,2025-02-25
CUST-09750,Ananya Mehta,Rajasthan,Udaipur,313001,Organic Search,2024-06-06
CUST-09751,Ananya Patel,Rajasthan,Jodhpur,342001,Organic Search,2024-05-12
CUST-09752,Arjun Rao,Uttar Pradesh,Lucknow,226001,Direct App Open,2024-01-03
CUST-09753,Siddharth Gupta,Rajasthan,Jodhpur,342001,Paid Ads (Instagram/FB),2024-10-30
CUST-09754,Vikram Iyer,Gujarat,Surat,395001,Direct App Open,2024-01-03
CUST-09755,Rohan Gupta,Bihar,Patna,800001,Paid Ads (Instagram/FB),2025-01-10
CUST-09756,Kabir Singh,Uttar Pradesh,Agra,282001,Paid Ads (Instagram/FB),2025-07-14
CUST-09757,Rahul Verma,Maharashtra,Pune,411001,Referral / WhatsApp Share,2024-06-03
CUST-09758,Priya Kulkarni,Uttar Pradesh,Varanasi,221001,Paid Ads (Instagram/FB),2024-12-25
CUST-09759,Kavya Patel,Rajasthan,Jaipur,302001,Paid Ads (Instagram/FB),2025-01-25
CUST-09760,Aditya Nair,West Bengal,Kolkata,700001,Referral / WhatsApp Share,2024-11-15
CUST-09761,Arjun Kulkarni,Karnataka,Mysuru,570001,Organic Search,2024-05-25
CUST-09762,Kavya Rao,Gujarat,Surat,395001,Referral / WhatsApp Share,2025-04-26
CUST-09763,Rohan Mehta,Tamil Nadu,Chennai,600001,Referral / WhatsApp Share,2025-01-03
CUST-09764,Siddharth Iyer,Maharashtra,Nashik,422001,Organic Search,2024-04-28
CUST-09765,Ananya Deshmukh,Maharashtra,Mumbai,400001,Referral / WhatsApp Share,2025-01-09
CUST-09766,Rahul Nair,Telangana,Hyderabad,500001,Direct App Open,2025-01-07
CUST-09767,Kavya Gupta,Karnataka,Bengaluru,560001,Referral / WhatsApp Share,2024-02-22
CUST-09768,Arjun Verma,Maharashtra,Nagpur,440001,Direct App Open,2025-07-29
CUST-09769,Siddharth Gupta,Gujarat,Ahmedabad,380001,Referral / WhatsApp Share,2025-01-09
CUST-09770,Sneha Joshi,Gujarat,Vadodara,390001,Referral / WhatsApp Share,2025-07-22
CUST-09771,Priya Nair,Karnataka,Hubballi,580020,Referral / WhatsApp Share,2024-08-02
CUST-09772,Pooja Deshmukh,Rajasthan,Jodhpur,342001,Affiliate,2025-02-02
CUST-09773,Pooja Nair,Maharashtra,Mumbai,400001,Referral / WhatsApp Share,2025-01-03
CUST-09774,Neha Rao,Gujarat,Ahmedabad,380001,Affiliate,2024-01-04
CUST-09775,Neha Deshmukh,Karnataka,Mysuru,570001,Direct App Open,2024-01-01
CUST-09776,Pooja Gupta,Tamil Nadu,Chennai,600001,Referral / WhatsApp Share,2024-09-14
CUST-09777,Neha Kulkarni,Maharashtra,Mumbai,400001,Direct App Open,2024-11-18
CUST-09778,Aarav Kulkarni,Bihar,Muzaffarpur,842001,Direct App Open,2024-12-21
CUST-09779,Siddharth Kulkarni,Madhya Pradesh,Gwalior,474001,Affiliate,2024-02-09
CUST-09780,Rahul Joshi,West Bengal,Siliguri,734001,Direct App Open,2025-05-23
CUST-09781,Kavya Rao,Karnataka,Bengaluru,560001,Paid Ads (Instagram/FB),2024-06-22
CUST-09782,Vikram Mehta,Maharashtra,Nagpur,440001,Paid Ads (Instagram/FB),2024-01-19
CUST-09783,Aarav Joshi,Gujarat,Vadodara,390001,Organic Search,2025-08-10
CUST-09784,Priya Sharma,Bihar,Muzaffarpur,842001,Direct App Open,2024-04-13
CUST-09785,Shreya Iyer,Bihar,Patna,800001,Referral / WhatsApp Share,2024-03-21
CUST-09786,Siddharth Gupta,Uttar Pradesh,Varanasi,221001,Paid Ads (Instagram/FB),2024-02-20
CUST-09787,Kavya Mehta,Madhya Pradesh,Indore,452001,Organic Search,2024-05-16
CUST-09788,Kavya Mehta,Gujarat,Ahmedabad,380001,Affiliate,2025-02-25
CUST-09789,Rahul Patel,Tamil Nadu,Chennai,600001,Paid Ads (Instagram/FB),2024-10-21
CUST-09790,Aditya Kulkarni,Tamil Nadu,Chennai,600001,Paid Ads (Instagram/FB),2024-09-24
CUST-09791,Shreya Deshmukh,Karnataka,Bengaluru,560001,Referral / WhatsApp Share,2024-09-02
CUST-09792,Aarav Mehta,Gujarat,Vadodara,390001,Paid Ads (Instagram/FB),2024-02-27
CUST-09793,Aarav Sharma,Uttar Pradesh,Kanpur,208001,Paid Ads (Instagram/FB),2025-04-03
CUST-09794,Arjun Deshmukh,Karnataka,Hubballi,580020,Paid Ads (Instagram/FB),2024-09-28
CUST-09795,Rahul Iyer,West Bengal,Kolkata,700001,Affiliate,2025-05-15
CUST-09796,Pooja Patel,Gujarat,Surat,395001,Paid Ads (Instagram/FB),2024-06-14
CUST-09797,Pooja Kulkarni,Bihar,Patna,800001,Direct App Open,2025-02-24
CUST-09798,Rohan Deshmukh,Tamil Nadu,Madurai,625001,Affiliate,2024-10-08
CUST-09799,Kabir Rao,Rajasthan,Jodhpur,342001,Referral / WhatsApp Share,2024-02-27
CUST-09800,Aditya Nair,Telangana,Warangal,506001,Direct App Open,2025-08-16
CUST-09801,Aditya Kulkarni,Gujarat,Surat,395001,Organic Search,2024-10-08
CUST-09802,Aarav Nair,Gujarat,Ahmedabad,380001,Direct App Open,2024-02-10
CUST-09803,Pooja Sharma,Bihar,Patna,800001,Paid Ads (Instagram/FB),2025-01-20
CUST-09804,Aarav Mehta,Rajasthan,Jaipur,302001,Organic Search,2024-12-08
CUST-09805,Kabir Verma,Karnataka,Mysuru,570001,Organic Search,2025-05-16
CUST-09806,Shreya Iyer,Bihar,Patna,800001,Affiliate,2024-05-29
CUST-09807,Vikram Kulkarni,Telangana,Nizamabad,503001,Affiliate,2025-08-08
CUST-09808,Neha Rao,Rajasthan,Jodhpur,342001,Paid Ads (Instagram/FB),2025-07-10
CUST-09809,Shreya Rao,Karnataka,Hubballi,580020,Referral / WhatsApp Share,2024-07-17
CUST-09810,Arjun Mehta,Uttar Pradesh,Varanasi,221001,Direct App Open,2024-06-19
CUST-09811,Pooja Mehta,Karnataka,Bengaluru,560001,Paid Ads (Instagram/FB),2025-06-26
CUST-09812,Kavya Iyer,Gujarat,Vadodara,390001,Organic Search,2024-07-20
CUST-09813,Arjun Kulkarni,Karnataka,Hubballi,580020,Paid Ads (Instagram/FB),2024-08-10
CUST-09814,Sneha Deshmukh,Maharashtra,Nashik,422001,Paid Ads (Instagram/FB),2025-05-11
CUST-09815,Rahul Sharma,Telangana,Nizamabad,503001,Referral / WhatsApp Share,2024-02-13
CUST-09816,Aditya Rao,Uttar Pradesh,Varanasi,221001,Referral / WhatsApp Share,2024-03-17
CUST-09817,Rohan Singh,West Bengal,Kolkata,700001,Paid Ads (Instagram/FB),2024-06-07
CUST-09818,Vikram Kulkarni,Bihar,Gaya,823001,Organic Search,2025-06-18
CUST-09819,Rahul Gupta,Telangana,Hyderabad,500001,Affiliate,2024-08-20
CUST-09820,Aditya Rao,West Bengal,Kolkata,700001,Referral / WhatsApp Share,2025-02-28
CUST-09821,Aditya Mehta,Telangana,Nizamabad,503001,Paid Ads (Instagram/FB),2024-07-20
CUST-09822,Rahul Verma,Tamil Nadu,Chennai,600001,Referral / WhatsApp Share,2024-07-20
CUST-09823,Kavya Kulkarni,Madhya Pradesh,Gwalior,474001,Paid Ads (Instagram/FB),2024-07-31
CUST-09824,Shreya Nair,Rajasthan,Udaipur,313001,Affiliate,2025-01-08
CUST-09825,Siddharth Deshmukh,Uttar Pradesh,Lucknow,226001,Referral / WhatsApp Share,2024-09-05
CUST-09826,Siddharth Sharma,Telangana,Nizamabad,503001,Referral / WhatsApp Share,2024-12-14
CUST-09827,Arjun Verma,West Bengal,Siliguri,734001,Referral / WhatsApp Share,2024-03-01
CUST-09828,Arjun Rao,Karnataka,Mysuru,570001,Direct App Open,2024-05-12
CUST-09829,Ananya Mehta,Gujarat,Ahmedabad,380001,Organic Search,2025-05-08
CUST-09830,Aarav Nair,Bihar,Patna,800001,Affiliate,2025-03-22
CUST-09831,Pooja Singh,Madhya Pradesh,Indore,452001,Direct App Open,2025-04-12
CUST-09832,Vikram Verma,West Bengal,Kolkata,700001,Affiliate,2024-04-10
CUST-09833,Vikram Nair,Gujarat,Vadodara,390001,Referral / WhatsApp Share,2025-01-24
CUST-09834,Kavya Kulkarni,Maharashtra,Nashik,422001,Affiliate,2024-05-19
CUST-09835,Rahul Mehta,Rajasthan,Udaipur,313001,Organic Search,2024-06-25
CUST-09836,Sneha Mehta,West Bengal,Siliguri,734001,Referral / WhatsApp Share,2024-04-15
CUST-09837,Siddharth Patel,Maharashtra,Nagpur,440001,Referral / WhatsApp Share,2025-02-24
CUST-09838,Rohan Gupta,Tamil Nadu,Chennai,600001,Paid Ads (Instagram/FB),2025-03-08
CUST-09839,Rahul Joshi,Rajasthan,Jodhpur,342001,Affiliate,2024-01-27
CUST-09840,Siddharth Gupta,Telangana,Warangal,506001,Organic Search,2024-11-16
CUST-09841,Pooja Joshi,Tamil Nadu,Coimbatore,641001,Organic Search,2024-09-11
CUST-09842,Ananya Joshi,Tamil Nadu,Chennai,600001,Referral / WhatsApp Share,2024-11-28
CUST-09843,Siddharth Iyer,Karnataka,Bengaluru,560001,Direct App Open,2024-11-23
CUST-09844,Vikram Rao,Gujarat,Ahmedabad,380001,Direct App Open,2024-03-09
CUST-09845,Vikram Iyer,Tamil Nadu,Chennai,600001,Paid Ads (Instagram/FB),2025-05-04
CUST-09846,Priya Kulkarni,Karnataka,Hubballi,580020,Referral / WhatsApp Share,2024-07-13
CUST-09847,Siddharth Patel,Maharashtra,Mumbai,400001,Referral / WhatsApp Share,2025-02-25
CUST-09848,Arjun Iyer,Maharashtra,Nagpur,440001,Paid Ads (Instagram/FB),2024-03-20
CUST-09849,Shreya Mehta,Karnataka,Mysuru,570001,Paid Ads (Instagram/FB),2025-02-15
CUST-09850,Vikram Deshmukh,Rajasthan,Jodhpur,342001,Direct App Open,2025-07-16
CUST-09851,Neha Sharma,Bihar,Gaya,823001,Direct App Open,2024-10-24
CUST-09852,Vikram Mehta,Madhya Pradesh,Indore,452001,Paid Ads (Instagram/FB),2024-02-07
CUST-09853,Neha Gupta,Maharashtra,Nashik,422001,Affiliate,2024-03-22
CUST-09854,Shreya Sharma,Uttar Pradesh,Lucknow,226001,Organic Search,2024-05-18
CUST-09855,Vikram Singh,Madhya Pradesh,Bhopal,462001,Referral / WhatsApp Share,2025-02-05
CUST-09856,Pooja Gupta,Tamil Nadu,Chennai,600001,Organic Search,2024-04-25
CUST-09857,Shreya Nair,Rajasthan,Jodhpur,342001,Affiliate,2024-01-21
CUST-09858,Aarav Singh,Tamil Nadu,Madurai,625001,Organic Search,2024-02-25
CUST-09859,Rahul Rao,Maharashtra,Nashik,422001,Paid Ads (Instagram/FB),2024-07-15
CUST-09860,Shreya Patel,Tamil Nadu,Madurai,625001,Paid Ads (Instagram/FB),2024-02-01
CUST-09861,Vikram Deshmukh,Telangana,Hyderabad,500001,Organic Search,2025-02-28
CUST-09862,Vikram Sharma,Tamil Nadu,Chennai,600001,Paid Ads (Instagram/FB),2024-03-16
CUST-09863,Aarav Verma,Maharashtra,Nagpur,440001,Paid Ads (Instagram/FB),2024-03-17
CUST-09864,Aarav Kulkarni,West Bengal,Kolkata,700001,Paid Ads (Instagram/FB),2024-03-31
CUST-09865,Sneha Rao,Madhya Pradesh,Gwalior,474001,Direct App Open,2025-07-16
CUST-09866,Sneha Sharma,Bihar,Gaya,823001,Organic Search,2025-03-16
CUST-09867,Neha Kulkarni,Uttar Pradesh,Varanasi,221001,Organic Search,2024-09-28
CUST-09868,Arjun Iyer,West Bengal,Kolkata,700001,Referral / WhatsApp Share,2025-02-16
CUST-09869,Aarav Deshmukh,West Bengal,Kolkata,700001,Referral / WhatsApp Share,2024-05-14
CUST-09870,Aditya Verma,Rajasthan,Jaipur,302001,Paid Ads (Instagram/FB),2024-03-07
CUST-09871,Sneha Iyer,Madhya Pradesh,Indore,452001,Organic Search,2024-04-17
CUST-09872,Sneha Patel,Uttar Pradesh,Lucknow,226001,Direct App Open,2024-06-27
CUST-09873,Kavya Rao,Rajasthan,Jaipur,302001,Referral / WhatsApp Share,2024-07-31
CUST-09874,Siddharth Kulkarni,Telangana,Hyderabad,500001,Referral / WhatsApp Share,2024-04-24
CUST-09875,Aarav Joshi,Uttar Pradesh,Agra,282001,Referral / WhatsApp Share,2024-01-11
CUST-09876,Rahul Singh,Rajasthan,Jaipur,302001,Referral / WhatsApp Share,2024-12-22
CUST-09877,Ananya Patel,Maharashtra,Nashik,422001,Paid Ads (Instagram/FB),2025-05-26
CUST-09878,Aditya Patel,Karnataka,Bengaluru,560001,Organic Search,2025-03-25
CUST-09879,Rohan Kulkarni,Maharashtra,Nagpur,440001,Referral / WhatsApp Share,2024-06-30
CUST-09880,Vikram Sharma,Madhya Pradesh,Gwalior,474001,Direct App Open,2024-02-05
CUST-09881,Shreya Deshmukh,Bihar,Muzaffarpur,842001,Affiliate,2024-05-11
CUST-09882,Sneha Iyer,Gujarat,Surat,395001,Organic Search,2024-04-11
CUST-09883,Rahul Sharma,Telangana,Nizamabad,503001,Affiliate,2025-08-11
CUST-09884,Ananya Patel,Telangana,Hyderabad,500001,Referral / WhatsApp Share,2024-03-01
CUST-09885,Aarav Deshmukh,Telangana,Nizamabad,503001,Affiliate,2024-04-27
CUST-09886,Rohan Rao,Telangana,Warangal,506001,Organic Search,2024-05-18
CUST-09887,Rahul Rao,Karnataka,Hubballi,580020,Affiliate,2025-04-03
CUST-09888,Kavya Singh,Uttar Pradesh,Varanasi,221001,Affiliate,2024-09-20
CUST-09889,Pooja Mehta,West Bengal,Howrah,711101,Paid Ads (Instagram/FB),2024-11-01
CUST-09890,Shreya Kulkarni,Maharashtra,Pune,411001,Direct App Open,2025-03-12
CUST-09891,Vikram Gupta,Karnataka,Mysuru,570001,Paid Ads (Instagram/FB),2025-06-29
CUST-09892,Aditya Rao,Bihar,Muzaffarpur,842001,Affiliate,2025-02-07
CUST-09893,Kavya Joshi,Tamil Nadu,Madurai,625001,Organic Search,2024-03-26
CUST-09894,Aarav Kulkarni,Uttar Pradesh,Kanpur,208001,Affiliate,2024-05-18
CUST-09895,Shreya Verma,Karnataka,Mysuru,570001,Paid Ads (Instagram/FB),2024-01-20
CUST-09896,Shreya Joshi,Rajasthan,Jodhpur,342001,Direct App Open,2025-06-13
CUST-09897,Ananya Gupta,Bihar,Gaya,823001,Direct App Open,2025-06-03
CUST-09898,Priya Sharma,Rajasthan,Jaipur,302001,Affiliate,2024-05-17
CUST-09899,Vikram Sharma,Madhya Pradesh,Gwalior,474001,Paid Ads (Instagram/FB),2025-01-02
CUST-09900,Priya Rao,Gujarat,Ahmedabad,380001,Organic Search,2024-12-29
CUST-09901,Neha Deshmukh,Karnataka,Bengaluru,560001,Affiliate,2024-07-03
CUST-09902,Rahul Iyer,Bihar,Gaya,823001,Organic Search,2025-01-31
CUST-09903,Rahul Mehta,Maharashtra,Mumbai,400001,Direct App Open,2024-06-03
CUST-09904,Pooja Kulkarni,Uttar Pradesh,Kanpur,208001,Direct App Open,2025-02-14
CUST-09905,Aarav Gupta,Madhya Pradesh,Indore,452001,Affiliate,2025-03-09
CUST-09906,Siddharth Patel,Uttar Pradesh,Lucknow,226001,Affiliate,2024-10-04
CUST-09907,Aarav Gupta,Gujarat,Vadodara,390001,Organic Search,2025-08-04
CUST-09908,Rohan Gupta,Rajasthan,Jodhpur,342001,Direct App Open,2024-08-09
CUST-09909,Siddharth Joshi,Maharashtra,Nashik,422001,Paid Ads (Instagram/FB),2024-07-30
CUST-09910,Ananya Deshmukh,Telangana,Nizamabad,503001,Referral / WhatsApp Share,2024-02-15
CUST-09911,Kabir Joshi,Bihar,Muzaffarpur,842001,Direct App Open,2025-03-14
CUST-09912,Aarav Rao,West Bengal,Howrah,711101,Organic Search,2025-06-22
CUST-09913,Rahul Sharma,Maharashtra,Nagpur,440001,Organic Search,2024-02-24
CUST-09914,Arjun Iyer,Maharashtra,Nashik,422001,Affiliate,2024-07-10
CUST-09915,Sneha Sharma,Telangana,Nizamabad,503001,Organic Search,2024-12-25
CUST-09916,Sneha Joshi,Tamil Nadu,Coimbatore,641001,Organic Search,2025-08-22
CUST-09917,Pooja Rao,Tamil Nadu,Chennai,600001,Paid Ads (Instagram/FB),2024-09-24
CUST-09918,Ananya Joshi,Uttar Pradesh,Agra,282001,Organic Search,2025-01-15
CUST-09919,Aarav Rao,Karnataka,Hubballi,580020,Affiliate,2024-02-13
CUST-09920,Neha Joshi,Uttar Pradesh,Lucknow,226001,Affiliate,2024-04-22
CUST-09921,Shreya Singh,Telangana,Nizamabad,503001,Paid Ads (Instagram/FB),2025-02-26
CUST-09922,Neha Nair,Tamil Nadu,Madurai,625001,Organic Search,2024-08-30
CUST-09923,Rohan Patel,Rajasthan,Jodhpur,342001,Referral / WhatsApp Share,2025-07-31
CUST-09924,Kavya Rao,Uttar Pradesh,Lucknow,226001,Direct App Open,2025-03-21
CUST-09925,Neha Kulkarni,West Bengal,Kolkata,700001,Organic Search,2024-10-12
CUST-09926,Ananya Verma,West Bengal,Siliguri,734001,Paid Ads (Instagram/FB),2024-04-17
CUST-09927,Sneha Verma,West Bengal,Siliguri,734001,Paid Ads (Instagram/FB),2024-06-30
CUST-09928,Pooja Kulkarni,Maharashtra,Pune,411001,Affiliate,2025-02-07
CUST-09929,Aarav Iyer,Telangana,Hyderabad,500001,Paid Ads (Instagram/FB),2025-03-10
CUST-09930,Neha Singh,Madhya Pradesh,Indore,452001,Direct App Open,2025-01-03
CUST-09931,Aditya Joshi,Rajasthan,Jodhpur,342001,Paid Ads (Instagram/FB),2024-11-28
CUST-09932,Priya Kulkarni,Gujarat,Surat,395001,Direct App Open,2024-10-18
CUST-09933,Ananya Deshmukh,Karnataka,Mysuru,570001,Organic Search,2025-06-14
CUST-09934,Priya Mehta,Maharashtra,Nashik,422001,Affiliate,2024-02-15
CUST-09935,Siddharth Rao,Maharashtra,Pune,411001,Direct App Open,2025-07-06
CUST-09936,Priya Sharma,Uttar Pradesh,Lucknow,226001,Paid Ads (Instagram/FB),2024-05-26
CUST-09937,Siddharth Sharma,Madhya Pradesh,Bhopal,462001,Paid Ads (Instagram/FB),2024-09-20
CUST-09938,Aditya Patel,Bihar,Patna,800001,Affiliate,2024-01-26
CUST-09939,Pooja Verma,West Bengal,Howrah,711101,Affiliate,2025-07-01
CUST-09940,Siddharth Kulkarni,Uttar Pradesh,Agra,282001,Direct App Open,2024-03-27
CUST-09941,Pooja Sharma,Rajasthan,Jodhpur,342001,Referral / WhatsApp Share,2024-11-15
CUST-09942,Vikram Deshmukh,Maharashtra,Nagpur,440001,Paid Ads (Instagram/FB),2024-10-22
CUST-09943,Shreya Gupta,Bihar,Muzaffarpur,842001,Organic Search,2025-03-20
CUST-09944,Rahul Mehta,Karnataka,Hubballi,580020,Paid Ads (Instagram/FB),2025-04-22
CUST-09945,Shreya Verma,Karnataka,Mysuru,570001,Organic Search,2024-01-20
CUST-09946,Sneha Singh,Maharashtra,Pune,411001,Direct App Open,2024-01-20
CUST-09947,Shreya Mehta,Madhya Pradesh,Gwalior,474001,Referral / WhatsApp Share,2025-02-26
CUST-09948,Sneha Rao,West Bengal,Siliguri,734001,Paid Ads (Instagram/FB),2024-04-03
CUST-09949,Shreya Nair,Telangana,Warangal,506001,Direct App Open,2025-07-07
CUST-09950,Arjun Joshi,Tamil Nadu,Madurai,625001,Affiliate,2024-08-10
CUST-09951,Kavya Iyer,Telangana,Warangal,506001,Referral / WhatsApp Share,2024-12-26
CUST-09952,Ananya Deshmukh,Uttar Pradesh,Lucknow,226001,Paid Ads (Instagram/FB),2024-08-26
CUST-09953,Arjun Singh,Madhya Pradesh,Indore,452001,Direct App Open,2024-03-27
CUST-09954,Siddharth Gupta,Tamil Nadu,Coimbatore,641001,Referral / WhatsApp Share,2024-08-17
CUST-09955,Shreya Rao,Gujarat,Vadodara,390001,Direct App Open,2024-08-25
CUST-09956,Kabir Gupta,Maharashtra,Mumbai,400001,Affiliate,2024-12-03
CUST-09957,Neha Kulkarni,Gujarat,Vadodara,390001,Direct App Open,2024-11-09
CUST-09958,Neha Joshi,Gujarat,Ahmedabad,380001,Affiliate,2024-08-11
CUST-09959,Rahul Singh,Karnataka,Hubballi,580020,Affiliate,2024-01-17
CUST-09960,Aarav Mehta,Tamil Nadu,Madurai,625001,Paid Ads (Instagram/FB),2025-05-13
CUST-09961,Arjun Kulkarni,Karnataka,Bengaluru,560001,Referral / WhatsApp Share,2025-02-13
CUST-09962,Shreya Gupta,Uttar Pradesh,Varanasi,221001,Organic Search,2024-06-12
CUST-09963,Priya Joshi,Rajasthan,Jodhpur,342001,Organic Search,2025-06-19
CUST-09964,Aditya Deshmukh,Bihar,Patna,800001,Organic Search,2024-01-21
CUST-09965,Kabir Joshi,West Bengal,Siliguri,734001,Affiliate,2025-04-01
CUST-09966,Arjun Gupta,Karnataka,Hubballi,580020,Referral / WhatsApp Share,2024-05-12
CUST-09967,Shreya Kulkarni,Bihar,Gaya,823001,Affiliate,2024-05-13
CUST-09968,Siddharth Deshmukh,Gujarat,Vadodara,390001,Referral / WhatsApp Share,2024-09-13
CUST-09969,Shreya Gupta,Maharashtra,Nagpur,440001,Referral / WhatsApp Share,2024-12-10
CUST-09970,Aarav Rao,Gujarat,Vadodara,390001,Affiliate,2025-02-12
CUST-09971,Ananya Nair,Gujarat,Vadodara,390001,Referral / WhatsApp Share,2025-01-21
CUST-09972,Kabir Deshmukh,Maharashtra,Mumbai,400001,Referral / WhatsApp Share,2024-10-28
CUST-09973,Pooja Nair,Bihar,Patna,800001,Paid Ads (Instagram/FB),2025-02-18
CUST-09974,Siddharth Kulkarni,Gujarat,Ahmedabad,380001,Affiliate,2024-08-16
CUST-09975,Kavya Patel,West Bengal,Siliguri,734001,Paid Ads (Instagram/FB),2024-01-23
CUST-09976,Neha Sharma,Rajasthan,Udaipur,313001,Organic Search,2024-02-13
CUST-09977,Siddharth Singh,Madhya Pradesh,Gwalior,474001,Direct App Open,2025-06-12
CUST-09978,Kabir Sharma,Uttar Pradesh,Varanasi,221001,Organic Search,2025-06-11
CUST-09979,Shreya Gupta,Gujarat,Ahmedabad,380001,Referral / WhatsApp Share,2024-11-22
CUST-09980,Priya Mehta,Telangana,Nizamabad,503001,Paid Ads (Instagram/FB),2024-09-14
CUST-09981,Sneha Singh,Uttar Pradesh,Kanpur,208001,Paid Ads (Instagram/FB),2025-05-23
CUST-09982,Arjun Nair,Uttar Pradesh,Varanasi,221001,Direct App Open,2024-11-10
CUST-09983,Rohan Kulkarni,Maharashtra,Nashik,422001,Referral / WhatsApp Share,2024-08-15
CUST-09984,Arjun Mehta,Maharashtra,Pune,411001,Affiliate,2024-12-30
CUST-09985,Kavya Gupta,Maharashtra,Mumbai,400001,Direct App Open,2025-06-04
CUST-09986,Kabir Verma,Rajasthan,Jodhpur,342001,Referral / WhatsApp Share,2024-01-01
CUST-09987,Aarav Kulkarni,Gujarat,Vadodara,390001,Referral / WhatsApp Share,2025-05-10
CUST-09988,Siddharth Gupta,Bihar,Muzaffarpur,842001,Organic Search,2024-08-13
CUST-09989,Kabir Verma,Gujarat,Ahmedabad,380001,Direct App Open,2024-03-10
CUST-09990,Vikram Mehta,Tamil Nadu,Coimbatore,641001,Referral / WhatsApp Share,2024-03-27
CUST-09991,Sneha Patel,Bihar,Muzaffarpur,842001,Paid Ads (Instagram/FB),2024-06-02
CUST-09992,Pooja Kulkarni,Bihar,Gaya,823001,Organic Search,2024-10-08
CUST-09993,Arjun Rao,Karnataka,Hubballi,580020,Referral / WhatsApp Share,2024-09-04
CUST-09994,Kabir Singh,Madhya Pradesh,Indore,452001,Organic Search,2025-03-30
CUST-09995,Arjun Mehta,Rajasthan,Udaipur,313001,Referral / WhatsApp Share,2025-05-22
CUST-09996,Neha Iyer,Maharashtra,Nashik,422001,Organic Search,2024-09-23
CUST-09997,Kavya Joshi,Maharashtra,Mumbai,400001,Direct App Open,2024-09-18
CUST-09998,Siddharth Patel,Telangana,Warangal,506001,Referral / WhatsApp Share,2024-01-27
CUST-09999,Aditya Rao,Maharashtra,Mumbai,400001,Affiliate,2024-06-07
CUST-10000,Sneha Joshi,Madhya Pradesh,Bhopal,462001,Referral / WhatsApp Share,2025-03-12
