Customer_ID,Recency,Frequency,Monetary,R_Score,F_Score,M_Score,Customer_Segment
CUST-00001,9,7,5447.05,5,4,4,Champion
CUST-00002,62,4,1651.54,3,2,1,Lost / Hibernating
CUST-00003,22,6,5690.58,4,4,4,Champion
CUST-00004,25,5,4632.88,4,3,4,Loyal Customer
CUST-00005,112,3,1568.77,2,1,1,Lost / Hibernating
CUST-00006,10,3,2093.03,5,1,1,New Potential
CUST-00007,13,7,6493.34,5,4,5,Champion
CUST-00008,12,9,6097.02,5,5,5,Champion
CUST-00009,35,7,8006.2699999999995,4,4,5,Champion
CUST-00010,129,2,2395.9,1,1,2,Lost / Hibernating
CUST-00011,57,7,5028.49,3,4,4,Loyal Customer
CUST-00012,119,3,1868.4900000000002,1,1,1,Lost / Hibernating
CUST-00013,64,7,2966.13,3,4,2,Lost / Hibernating
CUST-00014,19,4,3427.05,4,2,3,New Potential
CUST-00015,49,9,8074.55,3,5,5,Loyal Customer
CUST-00016,53,5,2206.0299999999997,3,3,1,Lost / Hibernating
CUST-00017,10,7,5251.7699999999995,5,4,4,Champion
CUST-00018,106,3,2531.82,2,1,2,Lost / Hibernating
CUST-00019,131,4,1809.48,1,2,1,Lost / Hibernating
CUST-00020,228,3,2612.02,1,1,2,Lost / Hibernating
CUST-00021,100,4,2451.4700000000003,2,2,2,Lost / Hibernating
CUST-00022,19,7,5733.82,4,4,4,Champion
CUST-00023,40,3,2661.21,3,1,2,Lost / Hibernating
CUST-00024,34,6,7063.21,4,4,5,Champion
CUST-00025,67,5,2955.9,2,3,2,At Risk
CUST-00026,26,7,6683.83,4,4,5,Champion
CUST-00027,9,6,3851.71,5,4,3,Champion
CUST-00028,146,4,2555.9300000000003,1,2,2,Lost / Hibernating
CUST-00029,41,4,2369.65,3,2,2,Lost / Hibernating
CUST-00030,79,5,6229.33,2,3,5,Loyal Customer
CUST-00031,17,6,5778.78,4,4,4,Champion
CUST-00032,9,3,2058.04,5,1,1,New Potential
CUST-00033,24,4,4492.1,4,2,3,New Potential
CUST-00034,7,4,3760.6000000000004,5,2,3,New Potential
CUST-00035,23,5,3169.21,4,3,2,Lost / Hibernating
CUST-00036,277,1,552.06,1,1,1,Lost / Hibernating
CUST-00037,164,5,3897.56,1,3,3,Loyal Customer
CUST-00038,19,8,7128.08,4,5,5,Champion
CUST-00039,15,3,1810.9,5,1,1,New Potential
CUST-00040,205,3,3656.52,1,1,3,Lost / Hibernating
CUST-00041,211,7,8117.46,1,4,5,Loyal Customer
CUST-00042,125,3,3151.88,1,1,2,Lost / Hibernating
CUST-00043,175,2,1573.21,1,1,1,Lost / Hibernating
CUST-00044,6,7,3509.54,5,4,3,Champion
CUST-00045,38,3,1469.6499999999999,3,1,1,Lost / Hibernating
CUST-00046,3,4,3879.3,5,2,3,New Potential
CUST-00047,96,5,3290.22,2,3,2,At Risk
CUST-00048,64,6,6832.68,3,4,5,Loyal Customer
CUST-00049,32,7,5580.48,4,4,4,Champion
CUST-00050,4,5,5342.28,5,3,4,Loyal Customer
CUST-00051,214,1,3145.3,1,1,2,Lost / Hibernating
CUST-00052,1,6,4440.97,5,4,3,Champion
CUST-00053,68,4,1149.55,2,2,1,Lost / Hibernating
CUST-00054,22,8,6025.639999999999,4,5,4,Champion
CUST-00055,98,3,1378.81,2,1,1,Lost / Hibernating
CUST-00056,31,8,5956.3,4,5,4,Champion
CUST-00057,30,6,3129.4700000000003,4,4,2,Champion
CUST-00058,108,6,3965.3999999999996,2,4,3,Loyal Customer
CUST-00059,243,1,1577.54,1,1,1,Lost / Hibernating
CUST-00060,50,7,4514.25,3,4,3,Loyal Customer
CUST-00061,17,10,6532.6900000000005,4,5,5,Champion
CUST-00062,58,5,4527.69,3,3,3,Loyal Customer
CUST-00063,48,9,6090.93,3,5,4,Loyal Customer
CUST-00064,14,2,1477.5800000000002,5,1,1,New Potential
CUST-00065,2,6,6427.62,5,4,5,Champion
CUST-00066,105,2,2572.8900000000003,2,1,2,Lost / Hibernating
CUST-00067,18,5,5071.9,4,3,4,Loyal Customer
CUST-00068,3,6,3153.79,5,4,2,Champion
CUST-00069,16,8,4351.99,5,5,3,Champion
CUST-00070,36,3,1300.68,4,1,1,New Potential
CUST-00071,55,4,3627.29,3,2,3,Lost / Hibernating
CUST-00072,69,6,3093.3999999999996,2,4,2,At Risk
CUST-00073,40,4,2412.96,3,2,2,Lost / Hibernating
CUST-00074,291,2,568.44,1,1,1,Lost / Hibernating
CUST-00075,95,2,1401.02,2,1,1,Lost / Hibernating
CUST-00076,48,7,6685.0199999999995,3,4,5,Loyal Customer
CUST-00077,286,4,3548.7,1,2,3,Lost / Hibernating
CUST-00078,18,8,8268.21,4,5,5,Champion
CUST-00079,54,5,5240.12,3,3,4,Loyal Customer
CUST-00080,121,7,4485.3099999999995,1,4,3,Loyal Customer
CUST-00081,1,9,6417.3099999999995,5,5,5,Champion
CUST-00082,24,3,1968.62,4,1,1,New Potential
CUST-00083,40,4,2852.5199999999995,3,2,2,Lost / Hibernating
CUST-00084,193,3,1618.3999999999999,1,1,1,Lost / Hibernating
CUST-00085,19,4,2844.0,4,2,2,New Potential
CUST-00086,41,8,5780.9800000000005,3,5,4,Loyal Customer
CUST-00087,55,7,6957.71,3,4,5,Loyal Customer
CUST-00088,13,8,4629.72,5,5,4,Champion
CUST-00089,43,5,4413.41,3,3,3,Loyal Customer
CUST-00090,20,5,4002.69,4,3,3,Loyal Customer
CUST-00091,134,2,1475.04,1,1,1,Lost / Hibernating
CUST-00092,12,4,1989.95,5,2,1,New Potential
CUST-00093,15,7,6512.900000000001,5,4,5,Champion
CUST-00094,34,3,1657.71,4,1,1,New Potential
CUST-00095,142,6,5255.46,1,4,4,Loyal Customer
CUST-00096,7,8,5485.42,5,5,4,Champion
CUST-00097,5,5,3617.23,5,3,3,Loyal Customer
CUST-00098,243,3,2263.54,1,1,1,Lost / Hibernating
CUST-00099,15,4,3201.63,5,2,2,New Potential
CUST-00100,65,7,6668.2,3,4,5,Loyal Customer
CUST-00101,36,10,10381.93,4,5,5,Champion
CUST-00102,147,4,5651.15,1,2,4,Lost / Hibernating
CUST-00103,81,8,7287.43,2,5,5,Loyal Customer
CUST-00104,60,4,4023.54,3,2,3,Lost / Hibernating
CUST-00105,105,7,4411.5,2,4,3,Loyal Customer
CUST-00106,158,6,4741.11,1,4,4,Loyal Customer
CUST-00107,14,7,6625.28,5,4,5,Champion
CUST-00108,25,6,7198.0599999999995,4,4,5,Champion
CUST-00109,185,3,3212.5299999999997,1,1,2,Lost / Hibernating
CUST-00110,42,6,5791.32,3,4,4,Loyal Customer
CUST-00111,48,7,6311.29,3,4,5,Loyal Customer
CUST-00112,33,4,2942.9,4,2,2,New Potential
CUST-00113,50,3,2089.89,3,1,1,Lost / Hibernating
CUST-00114,33,9,5185.3099999999995,4,5,4,Champion
CUST-00115,25,8,6855.29,4,5,5,Champion
CUST-00116,108,2,680.65,2,1,1,Lost / Hibernating
CUST-00117,22,6,4484.4400000000005,4,4,3,Champion
CUST-00118,146,4,3685.6499999999996,1,2,3,Lost / Hibernating
CUST-00119,114,7,5051.3099999999995,2,4,4,Loyal Customer
CUST-00120,16,5,6542.7,5,3,5,Loyal Customer
CUST-00121,190,6,3875.58,1,4,3,Loyal Customer
CUST-00122,1,4,2671.76,5,2,2,New Potential
CUST-00123,107,5,5349.66,2,3,4,Loyal Customer
CUST-00124,17,6,7389.76,4,4,5,Champion
CUST-00125,20,5,7845.16,4,3,5,Loyal Customer
CUST-00126,154,3,2126.5,1,1,1,Lost / Hibernating
CUST-00127,40,7,5958.79,3,4,4,Loyal Customer
CUST-00128,77,4,5328.11,2,2,4,Lost / Hibernating
CUST-00129,10,7,7064.01,5,4,5,Champion
CUST-00130,7,6,7405.599999999999,5,4,5,Champion
CUST-00131,32,10,7079.469999999999,4,5,5,Champion
CUST-00132,84,2,1679.62,2,1,1,Lost / Hibernating
CUST-00133,30,4,5076.26,4,2,4,New Potential
CUST-00134,17,5,2562.0299999999997,4,3,2,Lost / Hibernating
CUST-00135,37,7,5283.71,4,4,4,Champion
CUST-00136,48,3,1709.6000000000001,3,1,1,Lost / Hibernating
CUST-00137,49,6,7501.66,3,4,5,Loyal Customer
CUST-00138,62,6,7408.18,3,4,5,Loyal Customer
CUST-00139,13,5,5475.65,5,3,4,Loyal Customer
CUST-00140,54,10,8668.71,3,5,5,Loyal Customer
CUST-00141,28,7,3573.22,4,4,3,Champion
CUST-00142,93,9,7417.07,2,5,5,Loyal Customer
CUST-00143,83,5,4385.92,2,3,3,Loyal Customer
CUST-00144,37,7,7676.53,4,4,5,Champion
CUST-00145,120,5,4114.3,1,3,3,Loyal Customer
CUST-00146,151,2,3332.19,1,1,2,Lost / Hibernating
CUST-00147,93,7,7846.92,2,4,5,Loyal Customer
CUST-00148,22,2,2461.62,4,1,2,New Potential
CUST-00149,139,8,7504.73,1,5,5,Loyal Customer
CUST-00150,83,8,5239.03,2,5,4,Loyal Customer
CUST-00151,2,5,4356.96,5,3,3,Loyal Customer
CUST-00152,71,8,6734.35,2,5,5,Loyal Customer
CUST-00153,99,6,5508.52,2,4,4,Loyal Customer
CUST-00154,17,2,1831.8700000000001,4,1,1,New Potential
CUST-00155,10,5,3537.2599999999998,5,3,3,Loyal Customer
CUST-00156,83,6,3411.0200000000004,2,4,3,Loyal Customer
CUST-00157,43,5,4042.39,3,3,3,Loyal Customer
CUST-00158,14,3,1156.74,5,1,1,New Potential
CUST-00159,29,7,4421.9800000000005,4,4,3,Champion
CUST-00160,143,4,5570.389999999999,1,2,4,Lost / Hibernating
CUST-00161,215,3,1152.43,1,1,1,Lost / Hibernating
CUST-00162,116,6,2784.41,2,4,2,At Risk
CUST-00163,4,3,879.6899999999999,5,1,1,New Potential
CUST-00164,58,4,2693.6099999999997,3,2,2,Lost / Hibernating
CUST-00165,11,7,6253.06,5,4,5,Champion
CUST-00166,26,11,7583.06,4,5,5,Champion
CUST-00167,1,5,4448.09,5,3,3,Loyal Customer
CUST-00168,25,5,4961.24,4,3,4,Loyal Customer
CUST-00169,16,3,2327.16,5,1,2,New Potential
CUST-00170,150,3,2546.81,1,1,2,Lost / Hibernating
CUST-00171,32,4,3000.82,4,2,2,New Potential
CUST-00172,12,7,6156.58,5,4,5,Champion
CUST-00173,141,3,3632.66,1,1,3,Lost / Hibernating
CUST-00174,93,5,4108.98,2,3,3,Loyal Customer
CUST-00175,46,7,4905.87,3,4,4,Loyal Customer
CUST-00176,55,2,352.58,3,1,1,Lost / Hibernating
CUST-00177,22,6,6947.87,4,4,5,Champion
CUST-00178,6,5,2318.84,5,3,2,Lost / Hibernating
CUST-00179,75,3,1529.3000000000002,2,1,1,Lost / Hibernating
CUST-00180,149,4,3349.18,1,2,2,Lost / Hibernating
CUST-00181,1,2,2880.81,5,1,2,New Potential
CUST-00182,182,4,1410.9299999999998,1,2,1,Lost / Hibernating
CUST-00183,38,4,3831.47,3,2,3,Lost / Hibernating
CUST-00184,67,5,6293.11,2,3,5,Loyal Customer
CUST-00185,214,6,5790.55,1,4,4,Loyal Customer
CUST-00186,10,3,3721.01,5,1,3,New Potential
CUST-00187,76,1,551.18,2,1,1,Lost / Hibernating
CUST-00188,45,5,6396.83,3,3,5,Loyal Customer
CUST-00189,125,5,3392.84,1,3,2,At Risk
CUST-00190,66,4,1567.26,3,2,1,Lost / Hibernating
CUST-00191,152,3,2258.7799999999997,1,1,1,Lost / Hibernating
CUST-00192,26,7,5860.9800000000005,4,4,4,Champion
CUST-00193,2,6,5655.96,5,4,4,Champion
CUST-00194,29,4,4155.68,4,2,3,New Potential
CUST-00195,1,5,4758.18,5,3,4,Loyal Customer
CUST-00196,57,4,4973.35,3,2,4,Lost / Hibernating
CUST-00197,36,3,3028.31,4,1,2,New Potential
CUST-00198,192,4,3387.3,1,2,2,Lost / Hibernating
CUST-00199,56,3,5096.34,3,1,4,Lost / Hibernating
CUST-00200,1,3,3274.59,5,1,2,New Potential
CUST-00201,35,4,1907.33,4,2,1,New Potential
CUST-00202,52,7,7886.0599999999995,3,4,5,Loyal Customer
CUST-00203,31,5,6476.28,4,3,5,Loyal Customer
CUST-00204,12,3,1480.1100000000001,5,1,1,New Potential
CUST-00205,315,2,1319.79,1,1,1,Lost / Hibernating
CUST-00206,314,1,1284.34,1,1,1,Lost / Hibernating
CUST-00207,72,5,4138.63,2,3,3,Loyal Customer
CUST-00208,132,5,3089.26,1,3,2,At Risk
CUST-00209,65,5,3767.5299999999997,3,3,3,Loyal Customer
CUST-00210,75,3,1711.4699999999998,2,1,1,Lost / Hibernating
CUST-00211,148,1,2588.02,1,1,2,Lost / Hibernating
CUST-00212,29,9,7093.77,4,5,5,Champion
CUST-00213,80,8,6557.21,2,5,5,Loyal Customer
CUST-00214,100,6,5112.25,2,4,4,Loyal Customer
CUST-00215,154,4,2558.91,1,2,2,Lost / Hibernating
CUST-00216,135,4,2492.15,1,2,2,Lost / Hibernating
CUST-00217,20,6,5917.64,4,4,4,Champion
CUST-00218,135,4,2358.1800000000003,1,2,2,Lost / Hibernating
CUST-00219,42,5,7285.42,3,3,5,Loyal Customer
CUST-00220,84,4,2660.71,2,2,2,Lost / Hibernating
CUST-00221,80,8,5298.93,2,5,4,Loyal Customer
CUST-00222,159,6,7542.37,1,4,5,Loyal Customer
CUST-00223,23,5,3671.0299999999997,4,3,3,Loyal Customer
CUST-00224,73,4,2786.34,2,2,2,Lost / Hibernating
CUST-00225,20,6,5963.99,4,4,4,Champion
CUST-00226,48,6,4679.94,3,4,4,Loyal Customer
CUST-00227,57,5,5631.55,3,3,4,Loyal Customer
CUST-00228,2,6,4981.08,5,4,4,Champion
CUST-00229,51,4,5232.46,3,2,4,Lost / Hibernating
CUST-00230,8,5,3959.66,5,3,3,Loyal Customer
CUST-00231,168,6,4402.9800000000005,1,4,3,Loyal Customer
CUST-00232,173,3,3745.22,1,1,3,Lost / Hibernating
CUST-00233,7,5,3198.4100000000003,5,3,2,Lost / Hibernating
CUST-00234,62,1,288.15,3,1,1,Lost / Hibernating
CUST-00235,8,6,5865.02,5,4,4,Champion
CUST-00236,2,4,2875.41,5,2,2,New Potential
CUST-00237,42,9,10676.6,3,5,5,Loyal Customer
CUST-00238,28,6,5230.06,4,4,4,Champion
CUST-00239,41,5,4215.19,3,3,3,Loyal Customer
CUST-00240,36,5,4489.3,4,3,3,Loyal Customer
CUST-00241,15,7,6198.4800000000005,5,4,5,Champion
CUST-00242,7,5,2563.1499999999996,5,3,2,Lost / Hibernating
CUST-00243,213,4,3509.2599999999998,1,2,3,Lost / Hibernating
CUST-00244,32,3,2484.54,4,1,2,New Potential
CUST-00245,71,5,3627.83,2,3,3,Loyal Customer
CUST-00246,11,4,2993.98,5,2,2,New Potential
CUST-00247,15,5,4132.9,5,3,3,Loyal Customer
CUST-00248,173,5,4335.79,1,3,3,Loyal Customer
CUST-00249,36,5,3456.8599999999997,4,3,3,Loyal Customer
CUST-00250,78,7,6774.92,2,4,5,Loyal Customer
CUST-00251,17,5,3841.09,4,3,3,Loyal Customer
CUST-00252,59,7,3355.7,3,4,2,Lost / Hibernating
CUST-00253,5,5,6777.26,5,3,5,Loyal Customer
CUST-00254,72,6,4009.9700000000003,2,4,3,Loyal Customer
CUST-00255,14,6,5649.97,5,4,4,Champion
CUST-00256,81,2,1504.56,2,1,1,Lost / Hibernating
CUST-00257,77,5,4889.4400000000005,2,3,4,Loyal Customer
CUST-00258,15,2,1025.07,5,1,1,New Potential
CUST-00259,16,5,4139.91,5,3,3,Loyal Customer
CUST-00260,19,2,3682.5200000000004,4,1,3,New Potential
CUST-00261,10,7,9065.35,5,4,5,Champion
CUST-00262,122,4,3925.6099999999997,1,2,3,Lost / Hibernating
CUST-00263,7,10,9300.529999999999,5,5,5,Champion
CUST-00264,137,7,5918.07,1,4,4,Loyal Customer
CUST-00265,55,2,2308.1699999999996,3,1,2,Lost / Hibernating
CUST-00266,49,6,3015.66,3,4,2,Lost / Hibernating
CUST-00268,113,2,2088.1400000000003,2,1,1,Lost / Hibernating
CUST-00269,1,7,4733.52,5,4,4,Champion
CUST-00270,11,7,5365.9800000000005,5,4,4,Champion
CUST-00271,51,7,5807.09,3,4,4,Loyal Customer
CUST-00272,8,5,4909.78,5,3,4,Loyal Customer
CUST-00273,81,7,4243.2,2,4,3,Loyal Customer
CUST-00274,16,7,5056.860000000001,5,4,4,Champion
CUST-00275,5,4,3705.37,5,2,3,New Potential
CUST-00276,277,1,339.9,1,1,1,Lost / Hibernating
CUST-00277,17,1,183.68,4,1,1,New Potential
CUST-00278,16,4,3074.7,5,2,2,New Potential
CUST-00279,6,5,4438.99,5,3,3,Loyal Customer
CUST-00280,87,7,6256.18,2,4,5,Loyal Customer
CUST-00281,123,3,4370.05,1,1,3,Lost / Hibernating
CUST-00282,112,5,5811.62,2,3,4,Loyal Customer
CUST-00283,81,4,3941.62,2,2,3,Lost / Hibernating
CUST-00284,49,5,7428.12,3,3,5,Loyal Customer
CUST-00285,4,4,3157.66,5,2,2,New Potential
CUST-00286,29,4,3084.25,4,2,2,New Potential
CUST-00287,97,8,7216.0199999999995,2,5,5,Loyal Customer
CUST-00288,9,5,5413.58,5,3,4,Loyal Customer
CUST-00289,40,4,3593.6099999999997,3,2,3,Lost / Hibernating
CUST-00290,19,6,6016.54,4,4,4,Champion
CUST-00291,144,6,5284.4400000000005,1,4,4,Loyal Customer
CUST-00292,110,4,2334.4,2,2,2,Lost / Hibernating
CUST-00293,182,2,547.63,1,1,1,Lost / Hibernating
CUST-00294,75,5,2960.58,2,3,2,At Risk
CUST-00295,48,10,8518.43,3,5,5,Loyal Customer
CUST-00296,60,10,6032.27,3,5,4,Loyal Customer
CUST-00297,110,5,4135.0199999999995,2,3,3,Loyal Customer
CUST-00298,35,2,1540.5700000000002,4,1,1,New Potential
CUST-00299,86,5,1619.71,2,3,1,At Risk
CUST-00300,63,5,3601.74,3,3,3,Loyal Customer
CUST-00301,71,6,3298.85,2,4,2,At Risk
CUST-00302,156,5,3805.31,1,3,3,Loyal Customer
CUST-00303,67,4,3775.1099999999997,2,2,3,Lost / Hibernating
CUST-00304,120,6,5627.47,1,4,4,Loyal Customer
CUST-00305,58,2,2066.26,3,1,1,Lost / Hibernating
CUST-00306,64,4,2197.5,3,2,1,Lost / Hibernating
CUST-00307,57,1,1572.92,3,1,1,Lost / Hibernating
CUST-00308,26,8,6584.51,4,5,5,Champion
CUST-00309,132,4,4874.72,1,2,4,Lost / Hibernating
CUST-00310,189,4,4169.62,1,2,3,Lost / Hibernating
CUST-00311,20,6,9013.0,4,4,5,Champion
CUST-00312,41,5,3154.5,3,3,2,Lost / Hibernating
CUST-00313,7,7,5087.11,5,4,4,Champion
CUST-00314,53,6,6025.610000000001,3,4,4,Loyal Customer
CUST-00315,12,8,5391.89,5,5,4,Champion
CUST-00316,5,5,5112.57,5,3,4,Loyal Customer
CUST-00317,55,6,5914.11,3,4,4,Loyal Customer
CUST-00318,40,5,3840.77,3,3,3,Loyal Customer
CUST-00319,118,8,8778.11,1,5,5,Loyal Customer
CUST-00320,8,6,6332.02,5,4,5,Champion
CUST-00321,99,3,1722.26,2,1,1,Lost / Hibernating
CUST-00322,92,6,5701.43,2,4,4,Loyal Customer
CUST-00323,227,1,508.12,1,1,1,Lost / Hibernating
CUST-00324,54,4,1973.38,3,2,1,Lost / Hibernating
CUST-00326,41,5,5592.16,3,3,4,Loyal Customer
CUST-00327,21,5,3100.93,4,3,2,Lost / Hibernating
CUST-00328,16,4,1898.16,5,2,1,New Potential
CUST-00329,70,3,3553.97,2,1,3,Lost / Hibernating
CUST-00330,86,7,4328.62,2,4,3,Loyal Customer
CUST-00331,60,7,2677.55,3,4,2,Lost / Hibernating
CUST-00332,81,4,1833.51,2,2,1,Lost / Hibernating
CUST-00333,21,6,3570.2599999999998,4,4,3,Champion
CUST-00334,66,4,4879.84,3,2,4,Lost / Hibernating
CUST-00335,100,3,3848.37,2,1,3,Lost / Hibernating
CUST-00336,19,5,6048.38,4,3,4,Loyal Customer
CUST-00337,31,8,4956.47,4,5,4,Champion
CUST-00338,10,6,3173.84,5,4,2,Champion
CUST-00339,102,2,695.14,2,1,1,Lost / Hibernating
CUST-00340,7,15,14140.4,5,5,5,Champion
CUST-00341,50,7,10075.619999999999,3,4,5,Loyal Customer
CUST-00342,68,3,1854.4900000000002,2,1,1,Lost / Hibernating
CUST-00343,43,9,10804.03,3,5,5,Loyal Customer
CUST-00344,42,5,6880.39,3,3,5,Loyal Customer
CUST-00345,37,4,1473.93,4,2,1,New Potential
CUST-00346,121,5,4039.23,1,3,3,Loyal Customer
CUST-00347,81,6,5072.16,2,4,4,Loyal Customer
CUST-00348,62,8,6779.17,3,5,5,Loyal Customer
CUST-00349,148,2,1124.46,1,1,1,Lost / Hibernating
CUST-00350,19,9,7258.36,4,5,5,Champion
CUST-00351,6,2,2482.79,5,1,2,New Potential
CUST-00352,15,2,3221.96,5,1,2,New Potential
CUST-00353,38,3,2855.3500000000004,3,1,2,Lost / Hibernating
CUST-00354,194,8,5876.76,1,5,4,Loyal Customer
CUST-00355,192,3,1156.92,1,1,1,Lost / Hibernating
CUST-00356,107,6,4220.91,2,4,3,Loyal Customer
CUST-00357,62,5,3566.89,3,3,3,Loyal Customer
CUST-00358,74,3,2616.56,2,1,2,Lost / Hibernating
CUST-00359,120,3,2198.4700000000003,1,1,1,Lost / Hibernating
CUST-00360,160,6,6156.48,1,4,5,Loyal Customer
CUST-00361,168,4,2211.77,1,2,1,Lost / Hibernating
CUST-00362,98,2,1688.0,2,1,1,Lost / Hibernating
CUST-00363,181,3,1610.8400000000001,1,1,1,Lost / Hibernating
CUST-00364,102,4,3493.9700000000003,2,2,3,Lost / Hibernating
CUST-00365,21,4,3175.27,4,2,2,New Potential
CUST-00366,60,6,5100.87,3,4,4,Loyal Customer
CUST-00367,74,6,5315.15,2,4,4,Loyal Customer
CUST-00368,55,3,3932.29,3,1,3,Lost / Hibernating
CUST-00369,15,7,7587.57,5,4,5,Champion
CUST-00370,67,4,3690.8900000000003,2,2,3,Lost / Hibernating
CUST-00371,48,3,2490.51,3,1,2,Lost / Hibernating
CUST-00372,98,6,5755.43,2,4,4,Loyal Customer
CUST-00373,72,5,4924.77,2,3,4,Loyal Customer
CUST-00374,29,6,5476.54,4,4,4,Champion
CUST-00375,27,3,2332.42,4,1,2,New Potential
CUST-00376,18,8,3474.9500000000003,4,5,3,Champion
CUST-00377,30,6,6301.93,4,4,5,Champion
CUST-00378,5,8,9323.33,5,5,5,Champion
CUST-00379,180,2,1580.02,1,1,1,Lost / Hibernating
CUST-00380,40,4,3270.34,3,2,2,Lost / Hibernating
CUST-00381,2,8,9450.97,5,5,5,Champion
CUST-00382,45,4,4818.87,3,2,4,Lost / Hibernating
CUST-00383,61,6,5456.29,3,4,4,Loyal Customer
CUST-00384,61,6,4755.87,3,4,4,Loyal Customer
CUST-00385,85,6,4827.92,2,4,4,Loyal Customer
CUST-00386,79,3,1606.08,2,1,1,Lost / Hibernating
CUST-00387,49,7,10253.75,3,4,5,Loyal Customer
CUST-00388,109,2,2681.04,2,1,2,Lost / Hibernating
CUST-00389,103,11,10129.64,2,5,5,Loyal Customer
CUST-00390,114,2,1691.9900000000002,2,1,1,Lost / Hibernating
CUST-00391,106,5,4305.54,2,3,3,Loyal Customer
CUST-00392,25,8,5519.87,4,5,4,Champion
CUST-00393,71,4,3262.97,2,2,2,Lost / Hibernating
CUST-00394,66,3,2181.85,3,1,1,Lost / Hibernating
CUST-00395,142,2,1085.66,1,1,1,Lost / Hibernating
CUST-00397,11,9,6902.32,5,5,5,Champion
CUST-00398,32,7,3971.89,4,4,3,Champion
CUST-00399,50,10,9418.73,3,5,5,Loyal Customer
CUST-00400,19,5,7865.61,4,3,5,Loyal Customer
CUST-00401,7,5,6011.41,5,3,4,Loyal Customer
CUST-00402,132,4,3701.1400000000003,1,2,3,Lost / Hibernating
CUST-00403,8,6,7436.74,5,4,5,Champion
CUST-00404,13,9,5512.23,5,5,4,Champion
CUST-00405,100,2,2649.3199999999997,2,1,2,Lost / Hibernating
CUST-00406,102,5,3383.61,2,3,2,At Risk
CUST-00407,71,7,4661.360000000001,2,4,4,Loyal Customer
CUST-00408,66,4,3039.2,3,2,2,Lost / Hibernating
CUST-00409,100,8,8516.99,2,5,5,Loyal Customer
CUST-00410,20,2,4461.02,4,1,3,New Potential
CUST-00412,75,3,1029.61,2,1,1,Lost / Hibernating
CUST-00413,27,4,2816.0699999999997,4,2,2,New Potential
CUST-00414,4,6,5592.25,5,4,4,Champion
CUST-00415,113,3,1209.74,2,1,1,Lost / Hibernating
CUST-00416,82,2,2142.79,2,1,1,Lost / Hibernating
CUST-00418,29,5,2665.48,4,3,2,Lost / Hibernating
CUST-00419,78,5,3232.18,2,3,2,At Risk
CUST-00420,4,5,7155.429999999999,5,3,5,Loyal Customer
CUST-00421,51,10,6214.86,3,5,5,Loyal Customer
CUST-00422,34,6,4660.21,4,4,4,Champion
CUST-00423,18,9,5141.2,4,5,4,Champion
CUST-00424,61,9,5311.8,3,5,4,Loyal Customer
CUST-00425,136,5,5417.64,1,3,4,Loyal Customer
CUST-00426,39,11,12724.51,3,5,5,Loyal Customer
CUST-00427,137,4,2879.11,1,2,2,Lost / Hibernating
CUST-00428,5,5,4194.38,5,3,3,Loyal Customer
CUST-00429,10,4,4541.5199999999995,5,2,3,New Potential
CUST-00430,219,3,4655.1,1,1,4,Lost / Hibernating
CUST-00431,127,6,3773.26,1,4,3,Loyal Customer
CUST-00432,5,7,4648.18,5,4,4,Champion
CUST-00433,25,3,2763.8,4,1,2,New Potential
CUST-00434,113,7,7944.389999999999,2,4,5,Loyal Customer
CUST-00435,19,7,5495.61,4,4,4,Champion
CUST-00436,84,7,5626.95,2,4,4,Loyal Customer
CUST-00437,3,8,6688.62,5,5,5,Champion
CUST-00438,24,8,6625.639999999999,4,5,5,Champion
CUST-00439,10,4,3235.56,5,2,2,New Potential
CUST-00440,20,6,4370.89,4,4,3,Champion
CUST-00441,11,6,5166.07,5,4,4,Champion
CUST-00442,24,5,6147.96,4,3,5,Loyal Customer
CUST-00443,199,5,4995.88,1,3,4,Loyal Customer
CUST-00444,259,2,964.39,1,1,1,Lost / Hibernating
CUST-00445,51,7,4243.34,3,4,3,Loyal Customer
CUST-00446,113,3,1360.02,2,1,1,Lost / Hibernating
CUST-00447,22,7,6501.71,4,4,5,Champion
CUST-00448,38,2,1401.66,3,1,1,Lost / Hibernating
CUST-00449,140,2,589.16,1,1,1,Lost / Hibernating
CUST-00450,51,7,9819.93,3,4,5,Loyal Customer
CUST-00451,92,5,6062.87,2,3,4,Loyal Customer
CUST-00452,65,3,2263.85,3,1,1,Lost / Hibernating
CUST-00453,45,8,6677.9,3,5,5,Loyal Customer
CUST-00454,105,4,2689.42,2,2,2,Lost / Hibernating
CUST-00455,68,4,3506.27,2,2,3,Lost / Hibernating
CUST-00456,135,6,3901.8900000000003,1,4,3,Loyal Customer
CUST-00457,22,6,6303.7,4,4,5,Champion
CUST-00458,120,2,826.99,1,1,1,Lost / Hibernating
CUST-00459,77,3,1910.74,2,1,1,Lost / Hibernating
CUST-00460,164,3,1168.81,1,1,1,Lost / Hibernating
CUST-00461,2,3,4023.41,5,1,3,New Potential
CUST-00462,9,9,4898.69,5,5,4,Champion
CUST-00463,4,6,4061.9700000000003,5,4,3,Champion
CUST-00464,141,2,3551.26,1,1,3,Lost / Hibernating
CUST-00465,88,5,2306.26,2,3,2,At Risk
CUST-00466,167,7,6765.26,1,4,5,Loyal Customer
CUST-00467,40,10,6580.51,3,5,5,Loyal Customer
CUST-00468,89,9,9107.949999999999,2,5,5,Loyal Customer
CUST-00469,182,4,3051.99,1,2,2,Lost / Hibernating
CUST-00470,2,3,857.27,5,1,1,New Potential
CUST-00471,1,6,4675.78,5,4,4,Champion
CUST-00472,2,8,6761.74,5,5,5,Champion
CUST-00473,59,3,3790.96,3,1,3,Lost / Hibernating
CUST-00474,53,7,5556.3,3,4,4,Loyal Customer
CUST-00475,10,6,5574.9,5,4,4,Champion
CUST-00476,113,5,4571.8,2,3,3,Loyal Customer
CUST-00477,51,6,5683.4400000000005,3,4,4,Loyal Customer
CUST-00478,27,6,6569.72,4,4,5,Champion
CUST-00479,46,8,5879.52,3,5,4,Loyal Customer
CUST-00480,15,6,4332.89,5,4,3,Champion
CUST-00481,24,6,5872.3,4,4,4,Champion
CUST-00482,307,1,703.6,1,1,1,Lost / Hibernating
CUST-00483,24,4,2303.04,4,2,2,New Potential
CUST-00484,105,7,5469.67,2,4,4,Loyal Customer
CUST-00485,102,3,2195.8900000000003,2,1,1,Lost / Hibernating
CUST-00486,45,5,5412.72,3,3,4,Loyal Customer
CUST-00487,34,7,6339.81,4,4,5,Champion
CUST-00488,57,9,7531.48,3,5,5,Loyal Customer
CUST-00489,65,5,4143.55,3,3,3,Loyal Customer
CUST-00490,71,3,1544.6799999999998,2,1,1,Lost / Hibernating
CUST-00491,34,7,4600.5599999999995,4,4,4,Champion
CUST-00492,136,5,4392.96,1,3,3,Loyal Customer
CUST-00493,5,12,13611.73,5,5,5,Champion
CUST-00494,69,3,3155.65,2,1,2,Lost / Hibernating
CUST-00495,142,3,1716.52,1,1,1,Lost / Hibernating
CUST-00496,20,6,6481.5599999999995,4,4,5,Champion
CUST-00497,63,4,5057.070000000001,3,2,4,Lost / Hibernating
CUST-00498,1,6,4130.82,5,4,3,Champion
CUST-00499,63,3,1940.26,3,1,1,Lost / Hibernating
CUST-00500,62,5,5063.1900000000005,3,3,4,Loyal Customer
CUST-00501,125,5,6375.73,1,3,5,Loyal Customer
CUST-00502,60,3,1972.91,3,1,1,Lost / Hibernating
CUST-00503,44,4,3379.11,3,2,2,Lost / Hibernating
CUST-00504,45,9,7948.53,3,5,5,Loyal Customer
CUST-00505,60,10,5164.51,3,5,4,Loyal Customer
CUST-00506,37,4,3147.08,4,2,2,New Potential
CUST-00507,5,6,5360.52,5,4,4,Champion
CUST-00508,50,7,4950.92,3,4,4,Loyal Customer
CUST-00509,57,10,7619.07,3,5,5,Loyal Customer
CUST-00510,29,4,5203.41,4,2,4,New Potential
CUST-00511,45,6,5882.27,3,4,4,Loyal Customer
CUST-00512,105,4,2913.27,2,2,2,Lost / Hibernating
CUST-00513,72,3,3111.1899999999996,2,1,2,Lost / Hibernating
CUST-00514,76,5,3059.4599999999996,2,3,2,At Risk
CUST-00515,41,4,5726.120000000001,3,2,4,Lost / Hibernating
CUST-00516,96,4,3842.84,2,2,3,Lost / Hibernating
CUST-00517,35,2,2121.58,4,1,1,New Potential
CUST-00518,163,4,3989.17,1,2,3,Lost / Hibernating
CUST-00519,6,4,5932.65,5,2,4,New Potential
CUST-00520,21,5,4022.94,4,3,3,Loyal Customer
CUST-00521,14,7,5448.24,5,4,4,Champion
CUST-00522,50,7,6370.6,3,4,5,Loyal Customer
CUST-00523,8,9,9987.3,5,5,5,Champion
CUST-00524,1,6,5304.360000000001,5,4,4,Champion
CUST-00525,77,5,2429.37,2,3,2,At Risk
CUST-00526,4,7,4579.38,5,4,3,Champion
CUST-00527,64,8,5540.74,3,5,4,Loyal Customer
CUST-00528,61,10,7489.99,3,5,5,Loyal Customer
CUST-00529,19,6,4517.5,4,4,3,Champion
CUST-00530,14,7,9216.45,5,4,5,Champion
CUST-00531,21,6,4723.7,4,4,4,Champion
CUST-00532,13,3,3832.58,5,1,3,New Potential
CUST-00533,15,5,3319.2000000000003,5,3,2,Lost / Hibernating
CUST-00534,18,6,5403.280000000001,4,4,4,Champion
CUST-00535,12,2,2227.4,5,1,1,New Potential
CUST-00536,22,3,3024.7799999999997,4,1,2,New Potential
CUST-00537,57,3,4311.1900000000005,3,1,3,Lost / Hibernating
CUST-00538,33,9,5895.110000000001,4,5,4,Champion
CUST-00539,4,7,9102.6,5,4,5,Champion
CUST-00540,124,8,5560.83,1,5,4,Loyal Customer
CUST-00541,6,5,4210.03,5,3,3,Loyal Customer
CUST-00542,15,3,5256.66,5,1,4,New Potential
CUST-00543,13,4,7064.97,5,2,5,New Potential
CUST-00544,56,7,5222.69,3,4,4,Loyal Customer
CUST-00545,24,8,7904.79,4,5,5,Champion
CUST-00547,10,6,3729.56,5,4,3,Champion
CUST-00548,13,3,1825.9099999999999,5,1,1,New Potential
CUST-00549,5,10,7953.87,5,5,5,Champion
CUST-00550,68,5,2520.38,2,3,2,At Risk
CUST-00551,39,3,2182.41,3,1,1,Lost / Hibernating
CUST-00552,28,8,8670.15,4,5,5,Champion
CUST-00553,60,3,2681.55,3,1,2,Lost / Hibernating
CUST-00554,8,8,9237.85,5,5,5,Champion
CUST-00555,20,9,6048.96,4,5,4,Champion
CUST-00556,148,5,5989.76,1,3,4,Loyal Customer
CUST-00557,1,6,4914.94,5,4,4,Champion
CUST-00558,72,2,398.97,2,1,1,Lost / Hibernating
CUST-00559,112,3,2943.16,2,1,2,Lost / Hibernating
CUST-00560,92,6,4111.65,2,4,3,Loyal Customer
CUST-00561,32,7,5982.15,4,4,4,Champion
CUST-00562,11,6,6160.54,5,4,5,Champion
CUST-00563,11,9,10008.91,5,5,5,Champion
CUST-00564,111,5,4356.28,2,3,3,Loyal Customer
CUST-00565,5,5,4760.34,5,3,4,Loyal Customer
CUST-00566,221,3,1701.57,1,1,1,Lost / Hibernating
CUST-00567,49,4,4045.59,3,2,3,Lost / Hibernating
CUST-00568,68,4,1735.09,2,2,1,Lost / Hibernating
CUST-00569,42,5,5338.57,3,3,4,Loyal Customer
CUST-00570,24,7,5916.01,4,4,4,Champion
CUST-00571,62,3,1345.13,3,1,1,Lost / Hibernating
CUST-00572,30,4,4388.67,4,2,3,New Potential
CUST-00573,57,4,5502.08,3,2,4,Lost / Hibernating
CUST-00574,40,5,4799.929999999999,3,3,4,Loyal Customer
CUST-00575,78,6,7388.959999999999,2,4,5,Loyal Customer
CUST-00576,88,6,5401.98,2,4,4,Loyal Customer
CUST-00577,19,6,7452.21,4,4,5,Champion
CUST-00578,41,7,4520.11,3,4,3,Loyal Customer
CUST-00579,9,5,4196.36,5,3,3,Loyal Customer
CUST-00580,2,3,4049.4200000000005,5,1,3,New Potential
CUST-00581,86,3,2841.41,2,1,2,Lost / Hibernating
CUST-00582,126,4,3778.29,1,2,3,Lost / Hibernating
CUST-00583,55,6,5960.41,3,4,4,Loyal Customer
CUST-00584,64,8,5194.639999999999,3,5,4,Loyal Customer
CUST-00585,18,6,5674.94,4,4,4,Champion
CUST-00586,123,6,3251.8199999999997,1,4,2,At Risk
CUST-00587,100,2,1146.22,2,1,1,Lost / Hibernating
CUST-00589,138,6,2696.27,1,4,2,At Risk
CUST-00590,87,5,4406.14,2,3,3,Loyal Customer
CUST-00591,25,5,3312.86,4,3,2,Lost / Hibernating
CUST-00592,28,2,1967.27,4,1,1,New Potential
CUST-00593,53,4,3783.63,3,2,3,Lost / Hibernating
CUST-00594,52,6,6205.54,3,4,5,Loyal Customer
CUST-00595,8,7,5286.8099999999995,5,4,4,Champion
CUST-00596,76,6,5696.01,2,4,4,Loyal Customer
CUST-00597,67,9,7066.139999999999,2,5,5,Loyal Customer
CUST-00598,1,9,5918.139999999999,5,5,4,Champion
CUST-00599,32,3,2605.77,4,1,2,New Potential
CUST-00600,21,4,4237.39,4,2,3,New Potential
CUST-00601,58,9,7569.950000000001,3,5,5,Loyal Customer
CUST-00602,94,5,2031.8400000000001,2,3,1,At Risk
CUST-00603,81,5,3327.9,2,3,2,At Risk
CUST-00604,183,5,5282.25,1,3,4,Loyal Customer
CUST-00605,142,3,3211.4700000000003,1,1,2,Lost / Hibernating
CUST-00606,19,7,6780.75,4,4,5,Champion
CUST-00607,16,4,4351.74,5,2,3,New Potential
CUST-00608,10,8,6402.72,5,5,5,Champion
CUST-00609,80,2,4370.62,2,1,3,Lost / Hibernating
CUST-00610,224,2,2578.46,1,1,2,Lost / Hibernating
CUST-00611,108,6,5152.71,2,4,4,Loyal Customer
CUST-00612,30,8,3140.3500000000004,4,5,2,Champion
CUST-00613,20,5,6052.88,4,3,4,Loyal Customer
CUST-00614,263,1,419.42,1,1,1,Lost / Hibernating
CUST-00615,6,5,4161.96,5,3,3,Loyal Customer
CUST-00616,17,7,6689.870000000001,4,4,5,Champion
CUST-00617,67,4,5074.89,2,2,4,Lost / Hibernating
CUST-00618,40,3,774.76,3,1,1,Lost / Hibernating
CUST-00619,136,5,2187.2200000000003,1,3,1,At Risk
CUST-00620,140,4,4940.87,1,2,4,Lost / Hibernating
CUST-00621,64,5,4123.34,3,3,3,Loyal Customer
CUST-00622,124,6,6767.650000000001,1,4,5,Loyal Customer
CUST-00623,91,7,8716.03,2,4,5,Loyal Customer
CUST-00624,10,8,9953.529999999999,5,5,5,Champion
CUST-00625,112,3,3509.21,2,1,3,Lost / Hibernating
CUST-00626,41,6,4305.63,3,4,3,Loyal Customer
CUST-00627,18,5,3657.31,4,3,3,Loyal Customer
CUST-00628,66,8,7109.02,3,5,5,Loyal Customer
CUST-00629,85,4,6062.29,2,2,4,Lost / Hibernating
CUST-00630,47,3,3514.79,3,1,3,Lost / Hibernating
CUST-00631,74,6,4661.76,2,4,4,Loyal Customer
CUST-00632,17,7,4754.2300000000005,4,4,4,Champion
CUST-00633,65,4,5039.75,3,2,4,Lost / Hibernating
CUST-00634,85,9,6418.63,2,5,5,Loyal Customer
CUST-00635,25,3,1213.5700000000002,4,1,1,New Potential
CUST-00636,24,5,2221.63,4,3,1,Lost / Hibernating
CUST-00637,26,4,7283.1,4,2,5,New Potential
CUST-00638,34,5,3242.67,4,3,2,Lost / Hibernating
CUST-00639,150,9,6635.45,1,5,5,Loyal Customer
CUST-00640,150,3,3088.6499999999996,1,1,2,Lost / Hibernating
CUST-00641,84,3,3631.92,2,1,3,Lost / Hibernating
CUST-00642,12,4,3783.42,5,2,3,New Potential
CUST-00643,165,2,1047.82,1,1,1,Lost / Hibernating
CUST-00644,24,10,10081.5,4,5,5,Champion
CUST-00645,97,2,893.71,2,1,1,Lost / Hibernating
CUST-00646,37,5,1986.06,4,3,1,Lost / Hibernating
CUST-00647,55,5,2492.75,3,3,2,Lost / Hibernating
CUST-00648,90,4,1191.29,2,2,1,Lost / Hibernating
CUST-00649,17,4,2007.3000000000002,4,2,1,New Potential
CUST-00650,34,7,4650.14,4,4,4,Champion
CUST-00651,8,3,2893.4300000000003,5,1,2,New Potential
CUST-00652,70,5,4481.51,2,3,3,Loyal Customer
CUST-00653,38,4,3070.69,3,2,2,Lost / Hibernating
CUST-00654,5,5,3694.16,5,3,3,Loyal Customer
CUST-00655,9,6,3748.56,5,4,3,Champion
CUST-00656,36,6,4372.7,4,4,3,Champion
CUST-00657,9,8,11554.49,5,5,5,Champion
CUST-00658,5,6,3427.0699999999997,5,4,3,Champion
CUST-00659,209,5,1867.92,1,3,1,At Risk
CUST-00660,84,3,2586.98,2,1,2,Lost / Hibernating
CUST-00661,75,5,2612.67,2,3,2,At Risk
CUST-00662,209,5,2636.92,1,3,2,At Risk
CUST-00663,70,4,3587.68,2,2,3,Lost / Hibernating
CUST-00664,182,2,3133.66,1,1,2,Lost / Hibernating
CUST-00665,2,7,9567.91,5,4,5,Champion
CUST-00666,37,8,6088.200000000001,4,5,4,Champion
CUST-00667,49,4,2295.49,3,2,2,Lost / Hibernating
CUST-00668,2,3,1875.4899999999998,5,1,1,New Potential
CUST-00669,34,6,9109.380000000001,4,4,5,Champion
CUST-00670,97,4,5469.91,2,2,4,Lost / Hibernating
CUST-00671,63,6,5456.48,3,4,4,Loyal Customer
CUST-00672,37,3,2640.66,4,1,2,New Potential
CUST-00673,19,5,3809.5,4,3,3,Loyal Customer
CUST-00674,104,3,2183.24,2,1,1,Lost / Hibernating
CUST-00675,14,7,7664.71,5,4,5,Champion
CUST-00676,249,4,2076.48,1,2,1,Lost / Hibernating
CUST-00677,56,6,4544.38,3,4,3,Loyal Customer
CUST-00678,39,7,5048.59,3,4,4,Loyal Customer
CUST-00679,154,3,1863.49,1,1,1,Lost / Hibernating
CUST-00680,51,3,2220.8199999999997,3,1,1,Lost / Hibernating
CUST-00681,13,8,7206.08,5,5,5,Champion
CUST-00682,4,5,2192.2400000000002,5,3,1,Lost / Hibernating
CUST-00683,126,5,4976.15,1,3,4,Loyal Customer
CUST-00684,14,5,3338.43,5,3,2,Lost / Hibernating
CUST-00685,94,3,2028.62,2,1,1,Lost / Hibernating
CUST-00686,90,5,5012.5,2,3,4,Loyal Customer
CUST-00687,19,3,3441.73,4,1,3,New Potential
CUST-00688,42,2,481.18000000000006,3,1,1,Lost / Hibernating
CUST-00689,4,4,6502.18,5,2,5,New Potential
CUST-00690,68,3,2036.8200000000002,2,1,1,Lost / Hibernating
CUST-00691,45,7,7109.18,3,4,5,Loyal Customer
CUST-00692,8,7,6139.74,5,4,5,Champion
CUST-00693,163,2,1975.9,1,1,1,Lost / Hibernating
CUST-00694,187,3,3256.79,1,1,2,Lost / Hibernating
CUST-00695,29,4,5771.8099999999995,4,2,4,New Potential
CUST-00696,114,4,1432.42,2,2,1,Lost / Hibernating
CUST-00697,104,6,9666.81,2,4,5,Loyal Customer
CUST-00698,110,2,1309.24,2,1,1,Lost / Hibernating
CUST-00699,8,3,3616.4300000000003,5,1,3,New Potential
CUST-00700,153,4,3372.27,1,2,2,Lost / Hibernating
CUST-00701,126,4,2575.53,1,2,2,Lost / Hibernating
CUST-00702,79,5,1779.73,2,3,1,At Risk
CUST-00703,248,4,6797.610000000001,1,2,5,Lost / Hibernating
CUST-00704,170,3,1858.85,1,1,1,Lost / Hibernating
CUST-00705,153,2,1992.46,1,1,1,Lost / Hibernating
CUST-00706,44,5,1967.97,3,3,1,Lost / Hibernating
CUST-00707,106,6,2545.76,2,4,2,At Risk
CUST-00708,114,3,1679.96,2,1,1,Lost / Hibernating
CUST-00709,142,5,5291.719999999999,1,3,4,Loyal Customer
CUST-00710,15,4,3121.58,5,2,2,New Potential
CUST-00711,48,4,1319.0900000000001,3,2,1,Lost / Hibernating
CUST-00712,96,7,3574.51,2,4,3,Loyal Customer
CUST-00713,114,6,5509.17,2,4,4,Loyal Customer
CUST-00714,153,2,1423.1,1,1,1,Lost / Hibernating
CUST-00715,95,4,4168.22,2,2,3,Lost / Hibernating
CUST-00716,88,1,364.5,2,1,1,Lost / Hibernating
CUST-00717,49,2,3063.0499999999997,3,1,2,Lost / Hibernating
CUST-00718,59,2,1340.9,3,1,1,Lost / Hibernating
CUST-00719,160,2,1834.5300000000002,1,1,1,Lost / Hibernating
CUST-00720,15,8,6163.42,5,5,5,Champion
CUST-00721,134,5,2844.26,1,3,2,At Risk
CUST-00722,6,4,4499.55,5,2,3,New Potential
CUST-00723,35,3,2609.66,4,1,2,New Potential
CUST-00724,188,2,662.42,1,1,1,Lost / Hibernating
CUST-00725,61,2,639.23,3,1,1,Lost / Hibernating
CUST-00726,42,6,4236.77,3,4,3,Loyal Customer
CUST-00727,182,4,4057.5699999999997,1,2,3,Lost / Hibernating
CUST-00728,19,8,6739.21,4,5,5,Champion
CUST-00729,79,6,5613.46,2,4,4,Loyal Customer
CUST-00730,51,1,1164.32,3,1,1,Lost / Hibernating
CUST-00731,146,5,4023.62,1,3,3,Loyal Customer
CUST-00732,248,4,1962.6999999999998,1,2,1,Lost / Hibernating
CUST-00733,72,4,3028.67,2,2,2,Lost / Hibernating
CUST-00734,134,3,1469.97,1,1,1,Lost / Hibernating
CUST-00735,36,4,6691.72,4,2,5,New Potential
CUST-00736,35,4,5093.82,4,2,4,New Potential
CUST-00737,68,7,7271.570000000001,2,4,5,Loyal Customer
CUST-00738,33,2,1545.34,4,1,1,New Potential
CUST-00739,26,3,1936.63,4,1,1,New Potential
CUST-00740,269,1,578.88,1,1,1,Lost / Hibernating
CUST-00741,11,6,3354.42,5,4,2,Champion
CUST-00742,11,5,2329.84,5,3,2,Lost / Hibernating
CUST-00743,108,6,4167.4800000000005,2,4,3,Loyal Customer
CUST-00744,31,2,1837.13,4,1,1,New Potential
CUST-00745,90,6,4294.49,2,4,3,Loyal Customer
CUST-00746,94,2,1765.8999999999999,2,1,1,Lost / Hibernating
CUST-00747,30,5,4643.05,4,3,4,Loyal Customer
CUST-00748,18,2,2085.32,4,1,1,New Potential
CUST-00749,1,3,3361.1099999999997,5,1,2,New Potential
CUST-00750,152,4,2989.3599999999997,1,2,2,Lost / Hibernating
CUST-00751,80,3,2301.83,2,1,2,Lost / Hibernating
CUST-00752,15,6,6113.07,5,4,5,Champion
CUST-00753,233,1,513.08,1,1,1,Lost / Hibernating
CUST-00754,157,4,3771.7699999999995,1,2,3,Lost / Hibernating
CUST-00755,7,4,1581.1499999999999,5,2,1,New Potential
CUST-00756,82,3,2153.36,2,1,1,Lost / Hibernating
CUST-00757,123,4,3584.31,1,2,3,Lost / Hibernating
CUST-00758,174,3,2879.83,1,1,2,Lost / Hibernating
CUST-00759,302,2,2760.43,1,1,2,Lost / Hibernating
CUST-00760,5,2,1377.84,5,1,1,New Potential
CUST-00761,115,3,1007.64,2,1,1,Lost / Hibernating
CUST-00762,35,4,3184.56,4,2,2,New Potential
CUST-00763,176,6,6062.67,1,4,4,Loyal Customer
CUST-00764,39,2,1115.5500000000002,3,1,1,Lost / Hibernating
CUST-00765,16,8,6676.889999999999,5,5,5,Champion
CUST-00766,121,3,1854.5900000000001,1,1,1,Lost / Hibernating
CUST-00767,97,11,7472.76,2,5,5,Loyal Customer
CUST-00768,52,4,4838.28,3,2,4,Lost / Hibernating
CUST-00769,10,8,6965.74,5,5,5,Champion
CUST-00770,117,5,4135.47,2,3,3,Loyal Customer
CUST-00771,204,3,2396.38,1,1,2,Lost / Hibernating
CUST-00772,62,6,5981.37,3,4,4,Loyal Customer
CUST-00773,87,5,4961.59,2,3,4,Loyal Customer
CUST-00774,2,4,2556.42,5,2,2,New Potential
CUST-00775,49,4,3677.2,3,2,3,Lost / Hibernating
CUST-00776,90,5,4549.0599999999995,2,3,3,Loyal Customer
CUST-00777,147,3,1982.97,1,1,1,Lost / Hibernating
CUST-00778,2,7,3615.45,5,4,3,Champion
CUST-00779,25,6,7270.85,4,4,5,Champion
CUST-00780,16,8,6539.98,5,5,5,Champion
CUST-00781,4,2,1998.1399999999999,5,1,1,New Potential
CUST-00782,107,3,2646.56,2,1,2,Lost / Hibernating
CUST-00783,13,5,3963.49,5,3,3,Loyal Customer
CUST-00784,59,9,8875.82,3,5,5,Loyal Customer
CUST-00785,111,6,4352.83,2,4,3,Loyal Customer
CUST-00786,43,11,8950.58,3,5,5,Loyal Customer
CUST-00787,63,5,1888.02,3,3,1,Lost / Hibernating
CUST-00788,44,5,5883.860000000001,3,3,4,Loyal Customer
CUST-00789,129,5,3195.29,1,3,2,At Risk
CUST-00790,185,2,957.68,1,1,1,Lost / Hibernating
CUST-00791,35,4,2501.14,4,2,2,New Potential
CUST-00792,20,7,4709.0,4,4,4,Champion
CUST-00793,41,6,4234.73,3,4,3,Loyal Customer
CUST-00794,89,8,7428.65,2,5,5,Loyal Customer
CUST-00795,85,8,6689.63,2,5,5,Loyal Customer
CUST-00796,289,1,829.77,1,1,1,Lost / Hibernating
CUST-00797,44,5,3089.07,3,3,2,Lost / Hibernating
CUST-00798,116,4,1331.81,2,2,1,Lost / Hibernating
CUST-00799,125,2,1096.83,1,1,1,Lost / Hibernating
CUST-00800,13,11,11698.08,5,5,5,Champion
CUST-00801,80,3,2662.37,2,1,2,Lost / Hibernating
CUST-00802,20,3,2859.2599999999998,4,1,2,New Potential
CUST-00803,8,6,5352.91,5,4,4,Champion
CUST-00804,47,3,1438.13,3,1,1,Lost / Hibernating
CUST-00805,79,7,5029.71,2,4,4,Loyal Customer
CUST-00806,45,3,2472.86,3,1,2,Lost / Hibernating
CUST-00807,138,6,5112.79,1,4,4,Loyal Customer
CUST-00808,70,7,9463.63,2,4,5,Loyal Customer
CUST-00809,196,3,1494.06,1,1,1,Lost / Hibernating
CUST-00810,14,4,6421.38,5,2,5,New Potential
CUST-00811,65,7,6111.98,3,4,5,Loyal Customer
CUST-00812,34,7,7651.24,4,4,5,Champion
CUST-00813,3,7,6843.72,5,4,5,Champion
CUST-00814,230,3,2557.46,1,1,2,Lost / Hibernating
CUST-00815,92,6,3335.22,2,4,2,At Risk
CUST-00816,4,9,9309.78,5,5,5,Champion
CUST-00817,52,4,3605.01,3,2,3,Lost / Hibernating
CUST-00818,9,6,5180.89,5,4,4,Champion
CUST-00819,38,3,2661.8199999999997,3,1,2,Lost / Hibernating
CUST-00820,97,4,5067.33,2,2,4,Lost / Hibernating
CUST-00822,17,4,3375.85,4,2,2,New Potential
CUST-00823,75,1,917.47,2,1,1,Lost / Hibernating
CUST-00824,83,5,3729.7000000000003,2,3,3,Loyal Customer
CUST-00825,128,3,2202.96,1,1,1,Lost / Hibernating
CUST-00826,32,8,4815.26,4,5,4,Champion
CUST-00827,180,5,4339.85,1,3,3,Loyal Customer
CUST-00828,80,4,4176.49,2,2,3,Lost / Hibernating
CUST-00829,65,4,2604.9,3,2,2,Lost / Hibernating
CUST-00830,64,9,5280.01,3,5,4,Loyal Customer
CUST-00831,72,2,2152.58,2,1,1,Lost / Hibernating
CUST-00832,17,3,1855.9499999999998,4,1,1,New Potential
CUST-00833,12,6,4918.1,5,4,4,Champion
CUST-00834,41,4,2485.99,3,2,2,Lost / Hibernating
CUST-00835,180,5,6830.68,1,3,5,Loyal Customer
CUST-00836,45,3,2741.74,3,1,2,Lost / Hibernating
CUST-00838,113,5,5338.2,2,3,4,Loyal Customer
CUST-00839,27,5,4995.610000000001,4,3,4,Loyal Customer
CUST-00840,83,7,5586.73,2,4,4,Loyal Customer
CUST-00841,50,7,5308.33,3,4,4,Loyal Customer
CUST-00842,52,6,4142.57,3,4,3,Loyal Customer
CUST-00843,90,4,3131.06,2,2,2,Lost / Hibernating
CUST-00844,244,1,821.0,1,1,1,Lost / Hibernating
CUST-00845,288,2,534.0799999999999,1,1,1,Lost / Hibernating
CUST-00846,2,3,2474.11,5,1,2,New Potential
CUST-00847,47,7,3129.83,3,4,2,Lost / Hibernating
CUST-00848,50,5,4066.73,3,3,3,Loyal Customer
CUST-00849,20,5,7581.280000000001,4,3,5,Loyal Customer
CUST-00850,21,7,5080.43,4,4,4,Champion
CUST-00851,10,7,4024.9,5,4,3,Champion
CUST-00852,4,9,6157.82,5,5,5,Champion
CUST-00853,63,12,10377.73,3,5,5,Loyal Customer
CUST-00854,21,5,7867.54,4,3,5,Loyal Customer
CUST-00855,105,3,3599.1,2,1,3,Lost / Hibernating
CUST-00856,125,3,2986.71,1,1,2,Lost / Hibernating
CUST-00857,75,7,9024.92,2,4,5,Loyal Customer
CUST-00858,5,5,3358.81,5,3,2,Lost / Hibernating
CUST-00859,31,6,5118.39,4,4,4,Champion
CUST-00860,5,1,2006.1,5,1,1,New Potential
CUST-00861,52,6,3373.6400000000003,3,4,2,Lost / Hibernating
CUST-00862,158,2,2972.0099999999998,1,1,2,Lost / Hibernating
CUST-00863,67,9,6358.2,2,5,5,Loyal Customer
CUST-00864,8,9,7353.09,5,5,5,Champion
CUST-00865,120,4,2467.35,1,2,2,Lost / Hibernating
CUST-00866,27,10,5510.6,4,5,4,Champion
CUST-00867,28,7,6300.17,4,4,5,Champion
CUST-00868,20,6,5468.63,4,4,4,Champion
CUST-00869,27,6,3375.18,4,4,2,Champion
CUST-00870,39,5,2983.08,3,3,2,Lost / Hibernating
CUST-00871,153,3,3684.7400000000002,1,1,3,Lost / Hibernating
CUST-00872,3,5,4270.09,5,3,3,Loyal Customer
CUST-00873,183,4,2228.7200000000003,1,2,1,Lost / Hibernating
CUST-00874,63,4,3624.4700000000003,3,2,3,Lost / Hibernating
CUST-00875,6,4,2910.6800000000003,5,2,2,New Potential
CUST-00876,42,4,4056.84,3,2,3,Lost / Hibernating
CUST-00877,23,3,2039.46,4,1,1,New Potential
CUST-00878,8,4,1270.2,5,2,1,New Potential
CUST-00879,46,5,5082.09,3,3,4,Loyal Customer
CUST-00880,47,3,1577.91,3,1,1,Lost / Hibernating
CUST-00881,14,6,5932.45,5,4,4,Champion
CUST-00882,43,8,5970.06,3,5,4,Loyal Customer
CUST-00883,22,4,2852.4399999999996,4,2,2,New Potential
CUST-00884,153,6,4255.86,1,4,3,Loyal Customer
CUST-00885,101,2,2548.17,2,1,2,Lost / Hibernating
CUST-00886,176,5,3355.64,1,3,2,At Risk
CUST-00887,103,4,4181.63,2,2,3,Lost / Hibernating
CUST-00888,284,2,2600.44,1,1,2,Lost / Hibernating
CUST-00889,11,7,5403.25,5,4,4,Champion
CUST-00890,48,7,6283.46,3,4,5,Loyal Customer
CUST-00891,7,7,6879.8,5,4,5,Champion
CUST-00892,149,5,4998.08,1,3,4,Loyal Customer
CUST-00893,45,4,4084.25,3,2,3,Lost / Hibernating
CUST-00894,4,3,3389.81,5,1,2,New Potential
CUST-00895,24,2,1536.7,4,1,1,New Potential
CUST-00896,24,7,4191.18,4,4,3,Champion
CUST-00897,24,6,3064.14,4,4,2,Champion
CUST-00898,15,9,5199.97,5,5,4,Champion
CUST-00899,70,7,4683.51,2,4,4,Loyal Customer
CUST-00900,9,6,4534.82,5,4,3,Champion
CUST-00901,107,3,1817.43,2,1,1,Lost / Hibernating
CUST-00902,152,3,4369.1,1,1,3,Lost / Hibernating
CUST-00903,338,1,1729.18,1,1,1,Lost / Hibernating
CUST-00904,44,5,7031.780000000001,3,3,5,Loyal Customer
CUST-00905,12,3,1986.63,5,1,1,New Potential
CUST-00906,56,7,9506.31,3,4,5,Loyal Customer
CUST-00907,81,6,6685.280000000001,2,4,5,Loyal Customer
CUST-00908,84,4,3491.61,2,2,3,Lost / Hibernating
CUST-00909,138,2,2019.7400000000002,1,1,1,Lost / Hibernating
CUST-00910,2,3,1865.5,5,1,1,New Potential
CUST-00912,15,9,9047.38,5,5,5,Champion
CUST-00913,49,6,4098.49,3,4,3,Loyal Customer
CUST-00914,46,5,4623.64,3,3,4,Loyal Customer
CUST-00915,5,7,4896.07,5,4,4,Champion
CUST-00916,60,7,6059.03,3,4,4,Loyal Customer
CUST-00917,1,5,3420.26,5,3,3,Loyal Customer
CUST-00918,232,4,3002.5,1,2,2,Lost / Hibernating
CUST-00919,3,4,2966.88,5,2,2,New Potential
CUST-00920,83,5,2489.3199999999997,2,3,2,At Risk
CUST-00921,9,6,7055.86,5,4,5,Champion
CUST-00922,34,6,6013.76,4,4,4,Champion
CUST-00923,43,2,426.41,3,1,1,Lost / Hibernating
CUST-00924,30,6,4446.73,4,4,3,Champion
CUST-00925,186,2,883.73,1,1,1,Lost / Hibernating
CUST-00926,26,8,7241.91,4,5,5,Champion
CUST-00927,34,5,2865.6,4,3,2,Lost / Hibernating
CUST-00928,105,11,6878.3099999999995,2,5,5,Loyal Customer
CUST-00929,129,4,3946.48,1,2,3,Lost / Hibernating
CUST-00930,51,3,1658.42,3,1,1,Lost / Hibernating
CUST-00931,58,2,1650.6100000000001,3,1,1,Lost / Hibernating
CUST-00932,147,2,370.77,1,1,1,Lost / Hibernating
CUST-00933,40,5,4527.74,3,3,3,Loyal Customer
CUST-00934,111,7,7294.639999999999,2,4,5,Loyal Customer
CUST-00935,6,2,1731.44,5,1,1,New Potential
CUST-00936,200,3,2292.7799999999997,1,1,2,Lost / Hibernating
CUST-00937,68,5,4497.36,2,3,3,Loyal Customer
CUST-00938,25,4,4703.34,4,2,4,New Potential
CUST-00939,94,4,2410.7,2,2,2,Lost / Hibernating
CUST-00940,15,8,5636.97,5,5,4,Champion
CUST-00941,14,6,5217.87,5,4,4,Champion
CUST-00942,26,5,1839.79,4,3,1,Lost / Hibernating
CUST-00943,8,7,6383.92,5,4,5,Champion
CUST-00944,1,5,4718.92,5,3,4,Loyal Customer
CUST-00945,56,9,7846.86,3,5,5,Loyal Customer
CUST-00946,5,3,1991.29,5,1,1,New Potential
CUST-00947,16,4,3524.3199999999997,5,2,3,New Potential
CUST-00948,33,6,4656.97,4,4,4,Champion
CUST-00949,9,5,4529.110000000001,5,3,3,Loyal Customer
CUST-00950,51,3,2552.7799999999997,3,1,2,Lost / Hibernating
CUST-00951,5,8,5417.21,5,5,4,Champion
CUST-00952,6,4,3449.88,5,2,3,New Potential
CUST-00953,133,6,4366.5599999999995,1,4,3,Loyal Customer
CUST-00954,24,9,6090.71,4,5,4,Champion
CUST-00955,118,3,1467.31,1,1,1,Lost / Hibernating
CUST-00956,24,4,2535.94,4,2,2,New Potential
CUST-00957,51,2,2224.92,3,1,1,Lost / Hibernating
CUST-00958,64,8,7915.32,3,5,5,Loyal Customer
CUST-00959,78,7,4363.8,2,4,3,Loyal Customer
CUST-00960,73,6,5752.17,2,4,4,Loyal Customer
CUST-00961,41,8,4843.62,3,5,4,Loyal Customer
CUST-00962,2,10,8092.469999999999,5,5,5,Champion
CUST-00963,118,3,1353.12,1,1,1,Lost / Hibernating
CUST-00964,22,6,5687.929999999999,4,4,4,Champion
CUST-00965,159,8,8066.12,1,5,5,Loyal Customer
CUST-00966,30,6,3800.13,4,4,3,Champion
CUST-00967,140,4,2608.63,1,2,2,Lost / Hibernating
CUST-00968,30,8,2626.15,4,5,2,Champion
CUST-00969,34,1,2439.6,4,1,2,New Potential
CUST-00970,157,4,3192.6600000000003,1,2,2,Lost / Hibernating
CUST-00971,206,3,2565.16,1,1,2,Lost / Hibernating
CUST-00972,66,8,6411.04,3,5,5,Loyal Customer
CUST-00973,57,6,4234.17,3,4,3,Loyal Customer
CUST-00974,16,6,5242.83,5,4,4,Champion
CUST-00975,130,8,8574.49,1,5,5,Loyal Customer
CUST-00976,16,7,4819.41,5,4,4,Champion
CUST-00977,24,5,6431.95,4,3,5,Loyal Customer
CUST-00978,39,5,2817.81,3,3,2,Lost / Hibernating
CUST-00979,307,2,3132.42,1,1,2,Lost / Hibernating
CUST-00980,21,9,4407.35,4,5,3,Champion
CUST-00981,76,3,1491.23,2,1,1,Lost / Hibernating
CUST-00982,86,6,3363.2599999999998,2,4,2,At Risk
CUST-00983,15,8,5932.64,5,5,4,Champion
CUST-00984,129,3,2303.0299999999997,1,1,2,Lost / Hibernating
CUST-00985,31,9,8896.05,4,5,5,Champion
CUST-00986,74,2,618.1800000000001,2,1,1,Lost / Hibernating
CUST-00987,27,3,3634.56,4,1,3,New Potential
CUST-00988,67,4,3689.0599999999995,2,2,3,Lost / Hibernating
CUST-00989,6,8,6496.34,5,5,5,Champion
CUST-00990,92,6,6278.13,2,4,5,Loyal Customer
CUST-00991,121,5,4486.64,1,3,3,Loyal Customer
CUST-00992,10,12,7128.33,5,5,5,Champion
CUST-00993,40,9,7615.11,3,5,5,Loyal Customer
CUST-00994,25,6,4582.8,4,4,4,Champion
CUST-00995,160,3,4300.64,1,1,3,Lost / Hibernating
CUST-00996,157,4,3669.6000000000004,1,2,3,Lost / Hibernating
CUST-00997,79,6,3288.74,2,4,2,At Risk
CUST-00998,183,3,3404.16,1,1,2,Lost / Hibernating
CUST-00999,8,10,5863.02,5,5,4,Champion
CUST-01000,127,7,4871.0,1,4,4,Loyal Customer
CUST-01001,23,4,3473.66,4,2,3,New Potential
CUST-01002,24,4,1622.43,4,2,1,New Potential
CUST-01003,17,5,2658.04,4,3,2,Lost / Hibernating
CUST-01004,187,4,5371.38,1,2,4,Lost / Hibernating
CUST-01005,22,4,5155.43,4,2,4,New Potential
CUST-01006,111,3,2856.96,2,1,2,Lost / Hibernating
CUST-01007,26,4,2120.11,4,2,1,New Potential
CUST-01008,8,5,3820.03,5,3,3,Loyal Customer
CUST-01009,260,2,4249.7,1,1,3,Lost / Hibernating
CUST-01010,12,4,4701.47,5,2,4,New Potential
CUST-01011,27,11,9035.66,4,5,5,Champion
CUST-01012,1,3,2252.12,5,1,1,New Potential
CUST-01013,111,4,3378.42,2,2,2,Lost / Hibernating
CUST-01014,12,3,1989.27,5,1,1,New Potential
CUST-01015,46,3,1360.8400000000001,3,1,1,Lost / Hibernating
CUST-01016,24,7,6673.13,4,4,5,Champion
CUST-01017,337,1,779.94,1,1,1,Lost / Hibernating
CUST-01018,4,7,3184.89,5,4,2,Champion
CUST-01019,50,3,1485.03,3,1,1,Lost / Hibernating
CUST-01020,74,5,2995.7799999999997,2,3,2,At Risk
CUST-01021,71,10,7989.24,2,5,5,Loyal Customer
CUST-01022,180,6,3331.33,1,4,2,At Risk
CUST-01023,214,3,1316.74,1,1,1,Lost / Hibernating
CUST-01024,60,5,4874.96,3,3,4,Loyal Customer
CUST-01025,63,4,5319.22,3,2,4,Lost / Hibernating
CUST-01026,188,3,3590.6,1,1,3,Lost / Hibernating
CUST-01027,1,3,1047.5,5,1,1,New Potential
CUST-01028,28,3,1950.69,4,1,1,New Potential
CUST-01029,139,5,4585.469999999999,1,3,4,Loyal Customer
CUST-01030,84,6,3441.59,2,4,3,Loyal Customer
CUST-01031,10,12,11038.94,5,5,5,Champion
CUST-01032,10,4,3574.31,5,2,3,New Potential
CUST-01033,64,6,4358.81,3,4,3,Loyal Customer
CUST-01035,12,4,2570.09,5,2,2,New Potential
CUST-01036,28,5,4524.74,4,3,3,Loyal Customer
CUST-01037,8,3,3567.1800000000003,5,1,3,New Potential
CUST-01038,27,6,4553.33,4,4,3,Champion
CUST-01039,69,6,4626.75,2,4,4,Loyal Customer
CUST-01040,124,6,7364.030000000001,1,4,5,Loyal Customer
CUST-01041,349,1,357.64,1,1,1,Lost / Hibernating
CUST-01042,111,6,7225.110000000001,2,4,5,Loyal Customer
CUST-01043,13,8,4910.95,5,5,4,Champion
CUST-01044,24,6,7202.22,4,4,5,Champion
CUST-01045,74,4,1937.5,2,2,1,Lost / Hibernating
CUST-01046,20,7,8143.44,4,4,5,Champion
CUST-01047,91,6,4169.86,2,4,3,Loyal Customer
CUST-01048,156,3,1929.63,1,1,1,Lost / Hibernating
CUST-01049,35,4,3947.8900000000003,4,2,3,New Potential
CUST-01050,49,5,3034.65,3,3,2,Lost / Hibernating
CUST-01051,163,4,3001.88,1,2,2,Lost / Hibernating
CUST-01052,32,3,2730.35,4,1,2,New Potential
CUST-01053,6,9,4652.05,5,5,4,Champion
CUST-01054,55,10,6695.09,3,5,5,Loyal Customer
CUST-01055,67,5,4333.23,2,3,3,Loyal Customer
CUST-01056,125,5,8706.41,1,3,5,Loyal Customer
CUST-01057,129,3,1041.52,1,1,1,Lost / Hibernating
CUST-01058,201,3,1517.35,1,1,1,Lost / Hibernating
CUST-01059,3,4,5857.610000000001,5,2,4,New Potential
CUST-01060,19,5,4412.42,4,3,3,Loyal Customer
CUST-01061,93,2,1330.12,2,1,1,Lost / Hibernating
CUST-01062,42,1,1166.44,3,1,1,Lost / Hibernating
CUST-01063,106,3,4106.110000000001,2,1,3,Lost / Hibernating
CUST-01064,92,5,5949.9400000000005,2,3,4,Loyal Customer
CUST-01065,181,1,670.05,1,1,1,Lost / Hibernating
CUST-01066,80,10,10928.55,2,5,5,Loyal Customer
CUST-01067,39,3,2806.01,3,1,2,Lost / Hibernating
CUST-01068,69,2,857.89,2,1,1,Lost / Hibernating
CUST-01069,14,5,4287.2,5,3,3,Loyal Customer
CUST-01070,44,7,6096.03,3,4,4,Loyal Customer
CUST-01071,21,7,5784.610000000001,4,4,4,Champion
CUST-01072,61,4,3570.2200000000003,3,2,3,Lost / Hibernating
CUST-01073,39,5,6002.2,3,3,4,Loyal Customer
CUST-01074,122,5,2736.02,1,3,2,At Risk
CUST-01075,1,2,2540.84,5,1,2,New Potential
CUST-01076,18,5,7182.1,4,3,5,Loyal Customer
CUST-01077,22,4,1983.9,4,2,1,New Potential
CUST-01078,5,8,5664.65,5,5,4,Champion
CUST-01079,34,7,4438.79,4,4,3,Champion
CUST-01080,150,3,2169.8199999999997,1,1,1,Lost / Hibernating
CUST-01081,158,7,4982.67,1,4,4,Loyal Customer
CUST-01082,14,4,2842.05,5,2,2,New Potential
CUST-01083,74,5,3280.75,2,3,2,At Risk
CUST-01084,7,7,5815.33,5,4,4,Champion
CUST-01085,63,3,4400.82,3,1,3,Lost / Hibernating
CUST-01086,130,5,5062.94,1,3,4,Loyal Customer
CUST-01087,58,6,7812.15,3,4,5,Loyal Customer
CUST-01088,26,10,11419.1,4,5,5,Champion
CUST-01089,184,1,460.73,1,1,1,Lost / Hibernating
CUST-01090,68,7,3171.81,2,4,2,At Risk
CUST-01091,201,1,1919.85,1,1,1,Lost / Hibernating
CUST-01092,50,8,7938.43,3,5,5,Loyal Customer
CUST-01093,3,8,6801.84,5,5,5,Champion
CUST-01094,37,3,2042.68,4,1,1,New Potential
CUST-01095,10,6,5107.38,5,4,4,Champion
CUST-01096,80,5,3115.07,2,3,2,At Risk
CUST-01097,110,5,5119.62,2,3,4,Loyal Customer
CUST-01098,50,8,4437.610000000001,3,5,3,Loyal Customer
CUST-01099,25,8,4319.26,4,5,3,Champion
CUST-01100,2,4,3897.1,5,2,3,New Potential
CUST-01101,50,3,1852.29,3,1,1,Lost / Hibernating
CUST-01102,73,5,3735.11,2,3,3,Loyal Customer
CUST-01103,59,8,6035.87,3,5,4,Loyal Customer
CUST-01104,68,5,5825.67,2,3,4,Loyal Customer
CUST-01105,119,2,868.81,1,1,1,Lost / Hibernating
CUST-01106,17,6,5051.79,4,4,4,Champion
CUST-01107,264,1,685.51,1,1,1,Lost / Hibernating
CUST-01108,16,6,5714.03,5,4,4,Champion
CUST-01109,4,6,4533.360000000001,5,4,3,Champion
CUST-01110,188,3,2797.59,1,1,2,Lost / Hibernating
CUST-01111,20,6,4404.06,4,4,3,Champion
CUST-01112,52,6,5315.29,3,4,4,Loyal Customer
CUST-01113,16,3,4249.57,5,1,3,New Potential
CUST-01114,14,4,4602.29,5,2,4,New Potential
CUST-01115,114,4,1900.28,2,2,1,Lost / Hibernating
CUST-01116,126,7,6787.67,1,4,5,Loyal Customer
CUST-01117,61,4,1573.8600000000001,3,2,1,Lost / Hibernating
CUST-01118,32,12,10440.6,4,5,5,Champion
CUST-01119,68,4,4199.37,2,2,3,Lost / Hibernating
CUST-01120,31,4,1832.5100000000002,4,2,1,New Potential
CUST-01121,101,4,2039.27,2,2,1,Lost / Hibernating
CUST-01122,4,9,6615.56,5,5,5,Champion
CUST-01123,116,1,1669.06,2,1,1,Lost / Hibernating
CUST-01124,109,6,4622.28,2,4,4,Loyal Customer
CUST-01125,42,5,2418.91,3,3,2,Lost / Hibernating
CUST-01126,3,6,5553.49,5,4,4,Champion
CUST-01127,339,1,1240.98,1,1,1,Lost / Hibernating
CUST-01128,7,4,2095.16,5,2,1,New Potential
CUST-01129,27,7,5891.68,4,4,4,Champion
CUST-01130,150,6,7342.62,1,4,5,Loyal Customer
CUST-01131,120,2,994.0,1,1,1,Lost / Hibernating
CUST-01132,75,2,2502.76,2,1,2,Lost / Hibernating
CUST-01133,13,4,4118.67,5,2,3,New Potential
CUST-01134,167,4,3625.91,1,2,3,Lost / Hibernating
CUST-01135,56,5,6319.16,3,3,5,Loyal Customer
CUST-01136,3,4,3013.68,5,2,2,New Potential
CUST-01137,8,4,3210.44,5,2,2,New Potential
CUST-01138,56,3,2082.3599999999997,3,1,1,Lost / Hibernating
CUST-01139,76,8,6957.8099999999995,2,5,5,Loyal Customer
CUST-01140,69,6,3745.71,2,4,3,Loyal Customer
CUST-01142,1,5,3336.7,5,3,2,Lost / Hibernating
CUST-01143,52,2,2801.79,3,1,2,Lost / Hibernating
CUST-01144,224,5,3128.38,1,3,2,At Risk
CUST-01145,71,10,9640.09,2,5,5,Loyal Customer
CUST-01146,106,1,232.97,2,1,1,Lost / Hibernating
CUST-01147,53,3,2340.06,3,1,2,Lost / Hibernating
CUST-01148,99,4,5435.95,2,2,4,Lost / Hibernating
CUST-01149,70,9,6184.93,2,5,5,Loyal Customer
CUST-01150,130,6,5253.26,1,4,4,Loyal Customer
CUST-01151,71,4,3246.73,2,2,2,Lost / Hibernating
CUST-01152,13,4,2935.04,5,2,2,New Potential
CUST-01153,54,6,4273.58,3,4,3,Loyal Customer
CUST-01154,13,7,7243.5199999999995,5,4,5,Champion
CUST-01155,197,7,7683.72,1,4,5,Loyal Customer
CUST-01156,35,8,4848.18,4,5,4,Champion
CUST-01157,38,4,2612.89,3,2,2,Lost / Hibernating
CUST-01158,11,4,4379.7,5,2,3,New Potential
CUST-01159,93,4,5167.5,2,2,4,Lost / Hibernating
CUST-01160,26,2,1124.76,4,1,1,New Potential
CUST-01161,60,4,1972.81,3,2,1,Lost / Hibernating
CUST-01162,30,5,5273.74,4,3,4,Loyal Customer
CUST-01163,30,5,4437.950000000001,4,3,3,Loyal Customer
CUST-01164,11,5,4351.35,5,3,3,Loyal Customer
CUST-01165,11,6,3940.59,5,4,3,Champion
CUST-01166,135,5,5711.4,1,3,4,Loyal Customer
CUST-01167,70,2,2105.75,2,1,1,Lost / Hibernating
CUST-01168,65,8,5727.1,3,5,4,Loyal Customer
CUST-01169,105,3,2617.83,2,1,2,Lost / Hibernating
CUST-01170,48,5,4252.85,3,3,3,Loyal Customer
CUST-01171,119,4,2886.25,1,2,2,Lost / Hibernating
CUST-01172,116,4,4065.76,2,2,3,Lost / Hibernating
CUST-01173,14,9,6448.0199999999995,5,5,5,Champion
CUST-01174,20,8,4688.82,4,5,4,Champion
CUST-01175,42,4,3944.69,3,2,3,Lost / Hibernating
CUST-01176,4,5,2706.05,5,3,2,Lost / Hibernating
CUST-01177,111,4,3426.72,2,2,3,Lost / Hibernating
CUST-01178,22,6,5967.6,4,4,4,Champion
CUST-01179,169,2,2461.3599999999997,1,1,2,Lost / Hibernating
CUST-01180,9,6,3619.4,5,4,3,Champion
CUST-01181,64,3,2378.75,3,1,2,Lost / Hibernating
CUST-01182,3,3,4756.87,5,1,4,New Potential
CUST-01184,16,5,3349.71,5,3,2,Lost / Hibernating
CUST-01185,110,4,2806.99,2,2,2,Lost / Hibernating
CUST-01186,108,5,3734.3700000000003,2,3,3,Loyal Customer
CUST-01187,87,3,2458.2200000000003,2,1,2,Lost / Hibernating
CUST-01188,39,3,832.9100000000001,3,1,1,Lost / Hibernating
CUST-01189,38,7,5822.360000000001,3,4,4,Loyal Customer
CUST-01190,17,5,4072.1800000000003,4,3,3,Loyal Customer
CUST-01191,37,3,2335.04,4,1,2,New Potential
CUST-01192,83,4,3816.6899999999996,2,2,3,Lost / Hibernating
CUST-01193,115,6,5151.7,2,4,4,Loyal Customer
CUST-01194,239,2,896.47,1,1,1,Lost / Hibernating
CUST-01195,44,2,3780.87,3,1,3,Lost / Hibernating
CUST-01196,37,7,8466.03,4,4,5,Champion
CUST-01197,88,4,3069.05,2,2,2,Lost / Hibernating
CUST-01198,49,6,3918.85,3,4,3,Loyal Customer
CUST-01199,45,7,5331.93,3,4,4,Loyal Customer
CUST-01200,87,4,1911.4,2,2,1,Lost / Hibernating
CUST-01201,181,8,6160.16,1,5,5,Loyal Customer
CUST-01202,75,5,2755.39,2,3,2,At Risk
CUST-01203,46,3,2307.7599999999998,3,1,2,Lost / Hibernating
CUST-01204,125,5,6299.28,1,3,5,Loyal Customer
CUST-01205,158,3,2540.81,1,1,2,Lost / Hibernating
CUST-01206,16,6,7398.17,5,4,5,Champion
CUST-01207,27,5,3193.71,4,3,2,Lost / Hibernating
CUST-01208,50,6,5273.05,3,4,4,Loyal Customer
CUST-01209,121,4,1926.28,1,2,1,Lost / Hibernating
CUST-01210,58,5,4728.3099999999995,3,3,4,Loyal Customer
CUST-01211,49,5,3909.24,3,3,3,Loyal Customer
CUST-01212,11,4,6717.46,5,2,5,New Potential
CUST-01213,3,3,3857.2799999999997,5,1,3,New Potential
CUST-01214,70,5,4939.54,2,3,4,Loyal Customer
CUST-01215,137,3,2247.5899999999997,1,1,1,Lost / Hibernating
CUST-01216,23,6,5133.360000000001,4,4,4,Champion
CUST-01217,25,5,4489.88,4,3,3,Loyal Customer
CUST-01218,52,3,3530.32,3,1,3,Lost / Hibernating
CUST-01219,33,5,2433.33,4,3,2,Lost / Hibernating
CUST-01220,35,4,1795.23,4,2,1,New Potential
CUST-01221,138,4,4808.97,1,2,4,Lost / Hibernating
CUST-01222,63,5,4305.07,3,3,3,Loyal Customer
CUST-01223,10,7,6535.72,5,4,5,Champion
CUST-01224,16,7,4049.37,5,4,3,Champion
CUST-01225,231,4,4694.51,1,2,4,Lost / Hibernating
CUST-01226,74,4,2919.48,2,2,2,Lost / Hibernating
CUST-01227,19,5,4842.65,4,3,4,Loyal Customer
CUST-01228,17,7,7325.52,4,4,5,Champion
CUST-01229,152,3,1267.9299999999998,1,1,1,Lost / Hibernating
CUST-01230,35,10,8332.3,4,5,5,Champion
CUST-01231,33,2,4200.83,4,1,3,New Potential
CUST-01232,13,9,9508.539999999999,5,5,5,Champion
CUST-01233,270,2,1259.4,1,1,1,Lost / Hibernating
CUST-01234,113,4,3681.02,2,2,3,Lost / Hibernating
CUST-01235,7,3,1493.43,5,1,1,New Potential
CUST-01236,33,7,5562.13,4,4,4,Champion
CUST-01237,223,4,3529.2799999999997,1,2,3,Lost / Hibernating
CUST-01238,43,5,4012.4399999999996,3,3,3,Loyal Customer
CUST-01239,20,5,4102.77,4,3,3,Loyal Customer
CUST-01240,103,7,5320.34,2,4,4,Loyal Customer
CUST-01241,120,6,3997.59,1,4,3,Loyal Customer
CUST-01242,145,3,3171.2,1,1,2,Lost / Hibernating
CUST-01243,37,7,6369.65,4,4,5,Champion
CUST-01244,148,3,2560.18,1,1,2,Lost / Hibernating
CUST-01245,9,8,5054.79,5,5,4,Champion
CUST-01246,111,4,3331.2799999999997,2,2,2,Lost / Hibernating
CUST-01247,50,10,6500.94,3,5,5,Loyal Customer
CUST-01248,266,1,1143.22,1,1,1,Lost / Hibernating
CUST-01249,76,5,6871.040000000001,2,3,5,Loyal Customer
CUST-01250,45,5,4335.11,3,3,3,Loyal Customer
CUST-01251,12,7,4182.06,5,4,3,Champion
CUST-01252,125,5,3881.34,1,3,3,Loyal Customer
CUST-01253,153,1,1732.65,1,1,1,Lost / Hibernating
CUST-01254,9,4,3300.53,5,2,2,New Potential
CUST-01255,267,1,832.78,1,1,1,Lost / Hibernating
CUST-01256,197,4,2929.1899999999996,1,2,2,Lost / Hibernating
CUST-01257,19,10,7228.66,4,5,5,Champion
CUST-01258,43,9,7096.02,3,5,5,Loyal Customer
CUST-01259,58,6,7047.75,3,4,5,Loyal Customer
CUST-01260,103,4,3480.2200000000003,2,2,3,Lost / Hibernating
CUST-01261,14,7,4402.56,5,4,3,Champion
CUST-01262,179,4,3250.6899999999996,1,2,2,Lost / Hibernating
CUST-01263,13,4,2234.3599999999997,5,2,1,New Potential
CUST-01264,82,6,6203.94,2,4,5,Loyal Customer
CUST-01265,102,5,2409.85,2,3,2,At Risk
CUST-01266,23,6,4390.61,4,4,3,Champion
CUST-01267,118,6,5025.8,1,4,4,Loyal Customer
CUST-01268,220,2,1924.33,1,1,1,Lost / Hibernating
CUST-01269,145,5,5002.63,1,3,4,Loyal Customer
CUST-01270,30,4,3667.1400000000003,4,2,3,New Potential
CUST-01271,43,5,6250.27,3,3,5,Loyal Customer
CUST-01272,3,7,4148.24,5,4,3,Champion
CUST-01273,12,9,4563.22,5,5,3,Champion
CUST-01274,6,2,1254.12,5,1,1,New Potential
CUST-01275,99,5,4160.65,2,3,3,Loyal Customer
CUST-01276,36,6,7295.33,4,4,5,Champion
CUST-01277,23,7,3178.27,4,4,2,Champion
CUST-01278,42,3,3522.51,3,1,3,Lost / Hibernating
CUST-01279,228,1,555.26,1,1,1,Lost / Hibernating
CUST-01280,28,7,6002.9,4,4,4,Champion
CUST-01281,7,5,2968.94,5,3,2,Lost / Hibernating
CUST-01282,72,4,2284.02,2,2,2,Lost / Hibernating
CUST-01283,118,3,3774.77,1,1,3,Lost / Hibernating
CUST-01284,16,8,4996.86,5,5,4,Champion
CUST-01285,14,4,2810.38,5,2,2,New Potential
CUST-01286,11,3,1977.29,5,1,1,New Potential
CUST-01287,12,5,7000.53,5,3,5,Loyal Customer
CUST-01288,9,11,8478.210000000001,5,5,5,Champion
CUST-01289,71,6,4573.719999999999,2,4,3,Loyal Customer
CUST-01290,49,4,3623.35,3,2,3,Lost / Hibernating
CUST-01291,127,3,2566.04,1,1,2,Lost / Hibernating
CUST-01292,16,3,3938.44,5,1,3,New Potential
CUST-01293,44,3,3534.58,3,1,3,Lost / Hibernating
CUST-01294,53,6,5508.93,3,4,4,Loyal Customer
CUST-01295,6,6,3349.49,5,4,2,Champion
CUST-01296,112,5,4750.37,2,3,4,Loyal Customer
CUST-01297,43,5,2712.91,3,3,2,Lost / Hibernating
CUST-01298,20,4,3248.76,4,2,2,New Potential
CUST-01299,136,4,4207.58,1,2,3,Lost / Hibernating
CUST-01300,24,7,5475.68,4,4,4,Champion
CUST-01301,135,2,1133.28,1,1,1,Lost / Hibernating
CUST-01302,201,5,3145.5,1,3,2,At Risk
CUST-01303,174,1,429.98,1,1,1,Lost / Hibernating
CUST-01304,3,5,6097.2300000000005,5,3,5,Loyal Customer
CUST-01305,5,3,2118.38,5,1,1,New Potential
CUST-01306,45,4,3594.06,3,2,3,Lost / Hibernating
CUST-01307,1,7,6492.17,5,4,5,Champion
CUST-01308,51,9,7705.76,3,5,5,Loyal Customer
CUST-01309,54,8,5721.76,3,5,4,Loyal Customer
CUST-01310,19,3,2465.94,4,1,2,New Potential
CUST-01311,84,1,386.24,2,1,1,Lost / Hibernating
CUST-01312,21,5,3879.2700000000004,4,3,3,Loyal Customer
CUST-01313,9,6,4140.18,5,4,3,Champion
CUST-01314,110,1,1275.47,2,1,1,Lost / Hibernating
CUST-01315,32,5,2876.68,4,3,2,Lost / Hibernating
CUST-01316,175,2,1177.83,1,1,1,Lost / Hibernating
CUST-01317,64,6,5131.7,3,4,4,Loyal Customer
CUST-01318,126,5,3382.11,1,3,2,At Risk
CUST-01319,22,9,5665.75,4,5,4,Champion
CUST-01320,18,2,2642.41,4,1,2,New Potential
CUST-01321,109,3,3095.71,2,1,2,Lost / Hibernating
CUST-01322,35,5,2825.89,4,3,2,Lost / Hibernating
CUST-01323,134,2,1150.68,1,1,1,Lost / Hibernating
CUST-01324,84,5,4859.88,2,3,4,Loyal Customer
CUST-01325,266,4,2958.35,1,2,2,Lost / Hibernating
CUST-01326,191,4,1522.49,1,2,1,Lost / Hibernating
CUST-01327,84,2,2863.48,2,1,2,Lost / Hibernating
CUST-01328,10,6,5802.6900000000005,5,4,4,Champion
CUST-01329,178,7,4225.9,1,4,3,Loyal Customer
CUST-01330,83,7,5908.36,2,4,4,Loyal Customer
CUST-01331,7,5,4092.43,5,3,3,Loyal Customer
CUST-01332,33,4,2474.56,4,2,2,New Potential
CUST-01333,78,4,2984.56,2,2,2,Lost / Hibernating
CUST-01334,71,7,6585.55,2,4,5,Loyal Customer
CUST-01335,287,1,1047.49,1,1,1,Lost / Hibernating
CUST-01336,3,6,5509.71,5,4,4,Champion
CUST-01337,106,5,3888.4,2,3,3,Loyal Customer
CUST-01338,176,3,2269.9,1,1,1,Lost / Hibernating
CUST-01339,104,5,6289.03,2,3,5,Loyal Customer
CUST-01340,131,3,3040.82,1,1,2,Lost / Hibernating
CUST-01341,49,8,9356.869999999999,3,5,5,Loyal Customer
CUST-01342,12,5,4916.83,5,3,4,Loyal Customer
CUST-01343,143,6,6975.59,1,4,5,Loyal Customer
CUST-01344,198,6,4816.72,1,4,4,Loyal Customer
CUST-01345,23,4,2314.9900000000002,4,2,2,New Potential
CUST-01346,18,4,2576.45,4,2,2,New Potential
CUST-01347,35,6,6154.790000000001,4,4,5,Champion
CUST-01348,69,10,5837.99,2,5,4,Loyal Customer
CUST-01349,38,4,3831.5,3,2,3,Lost / Hibernating
CUST-01350,24,8,6381.879999999999,4,5,5,Champion
CUST-01351,25,4,4123.08,4,2,3,New Potential
CUST-01352,42,4,4742.89,3,2,4,Lost / Hibernating
CUST-01353,119,2,721.5,1,1,1,Lost / Hibernating
CUST-01354,10,5,4920.14,5,3,4,Loyal Customer
CUST-01355,44,3,1214.98,3,1,1,Lost / Hibernating
CUST-01356,51,4,4969.07,3,2,4,Lost / Hibernating
CUST-01357,94,3,3622.56,2,1,3,Lost / Hibernating
CUST-01358,82,9,7277.29,2,5,5,Loyal Customer
CUST-01359,44,10,4905.16,3,5,4,Loyal Customer
CUST-01360,94,11,8373.539999999999,2,5,5,Loyal Customer
CUST-01361,12,4,6252.58,5,2,5,New Potential
CUST-01362,2,6,3710.1000000000004,5,4,3,Champion
CUST-01363,107,2,2240.02,2,1,1,Lost / Hibernating
CUST-01364,26,2,973.73,4,1,1,New Potential
CUST-01365,83,3,1332.89,2,1,1,Lost / Hibernating
CUST-01366,14,4,2702.2999999999997,5,2,2,New Potential
CUST-01367,154,3,1905.31,1,1,1,Lost / Hibernating
CUST-01368,25,5,4613.66,4,3,4,Loyal Customer
CUST-01369,49,2,2432.17,3,1,2,Lost / Hibernating
CUST-01370,10,4,1315.73,5,2,1,New Potential
CUST-01371,206,2,891.51,1,1,1,Lost / Hibernating
CUST-01372,12,6,3323.38,5,4,2,Champion
CUST-01373,139,4,1869.35,1,2,1,Lost / Hibernating
CUST-01374,13,5,3147.4500000000003,5,3,2,Lost / Hibernating
CUST-01375,151,2,1222.85,1,1,1,Lost / Hibernating
CUST-01376,31,10,7138.05,4,5,5,Champion
CUST-01377,73,3,2114.08,2,1,1,Lost / Hibernating
CUST-01378,23,7,5205.02,4,4,4,Champion
CUST-01379,125,4,1715.25,1,2,1,Lost / Hibernating
CUST-01380,19,3,4307.18,4,1,3,New Potential
CUST-01381,147,3,5308.42,1,1,4,Lost / Hibernating
CUST-01382,173,4,3198.78,1,2,2,Lost / Hibernating
CUST-01383,59,3,1596.36,3,1,1,Lost / Hibernating
CUST-01384,199,7,4420.68,1,4,3,Loyal Customer
CUST-01385,69,5,6214.44,2,3,5,Loyal Customer
CUST-01386,53,8,5105.67,3,5,4,Loyal Customer
CUST-01387,60,5,5415.41,3,3,4,Loyal Customer
CUST-01388,241,4,4997.5199999999995,1,2,4,Lost / Hibernating
CUST-01389,161,2,3525.41,1,1,3,Lost / Hibernating
CUST-01390,16,4,5196.21,5,2,4,New Potential
CUST-01391,26,4,1711.75,4,2,1,New Potential
CUST-01392,50,3,3495.0,3,1,3,Lost / Hibernating
CUST-01393,5,4,6723.6,5,2,5,New Potential
CUST-01394,204,3,3636.56,1,1,3,Lost / Hibernating
CUST-01395,17,3,2062.9,4,1,1,New Potential
CUST-01396,279,2,1586.22,1,1,1,Lost / Hibernating
CUST-01397,43,5,3646.65,3,3,3,Loyal Customer
CUST-01398,11,4,2362.57,5,2,2,New Potential
CUST-01399,25,4,3554.62,4,2,3,New Potential
CUST-01400,136,4,3659.7,1,2,3,Lost / Hibernating
CUST-01401,17,5,3621.3900000000003,4,3,3,Loyal Customer
CUST-01402,311,4,2746.38,1,2,2,Lost / Hibernating
CUST-01403,285,1,200.2,1,1,1,Lost / Hibernating
CUST-01404,35,4,5417.07,4,2,4,New Potential
CUST-01405,6,5,4581.96,5,3,4,Loyal Customer
CUST-01406,150,3,2515.27,1,1,2,Lost / Hibernating
CUST-01407,66,5,4592.24,3,3,4,Loyal Customer
CUST-01408,54,3,1967.6299999999999,3,1,1,Lost / Hibernating
CUST-01409,130,3,2229.31,1,1,1,Lost / Hibernating
CUST-01410,45,7,4139.9400000000005,3,4,3,Loyal Customer
CUST-01411,37,5,5190.070000000001,4,3,4,Loyal Customer
CUST-01412,14,6,5316.23,5,4,4,Champion
CUST-01413,44,5,3836.67,3,3,3,Loyal Customer
CUST-01414,290,2,814.54,1,1,1,Lost / Hibernating
CUST-01415,101,4,2691.43,2,2,2,Lost / Hibernating
CUST-01416,176,5,3084.13,1,3,2,At Risk
CUST-01417,13,2,2909.63,5,1,2,New Potential
CUST-01418,95,5,5522.83,2,3,4,Loyal Customer
CUST-01419,50,6,5543.22,3,4,4,Loyal Customer
CUST-01420,77,6,7504.54,2,4,5,Loyal Customer
CUST-01421,35,6,4149.63,4,4,3,Champion
CUST-01422,35,7,5340.4,4,4,4,Champion
CUST-01423,106,5,3992.02,2,3,3,Loyal Customer
CUST-01424,65,3,4142.38,3,1,3,Lost / Hibernating
CUST-01425,18,5,3734.66,4,3,3,Loyal Customer
CUST-01426,97,4,3375.04,2,2,2,Lost / Hibernating
CUST-01427,10,8,9035.77,5,5,5,Champion
CUST-01428,13,6,5136.88,5,4,4,Champion
CUST-01429,25,11,6912.08,4,5,5,Champion
CUST-01430,4,7,6189.88,5,4,5,Champion
CUST-01431,364,1,686.78,1,1,1,Lost / Hibernating
CUST-01432,110,3,3620.18,2,1,3,Lost / Hibernating
CUST-01433,116,5,3603.89,2,3,3,Loyal Customer
CUST-01434,21,5,4088.15,4,3,3,Loyal Customer
CUST-01435,68,1,1028.78,2,1,1,Lost / Hibernating
CUST-01436,2,3,2824.94,5,1,2,New Potential
CUST-01437,67,7,4070.3700000000003,2,4,3,Loyal Customer
CUST-01438,94,3,1033.77,2,1,1,Lost / Hibernating
CUST-01439,2,10,4237.36,5,5,3,Champion
CUST-01440,62,2,986.27,3,1,1,Lost / Hibernating
CUST-01441,176,4,3227.1099999999997,1,2,2,Lost / Hibernating
CUST-01442,60,8,7405.67,3,5,5,Loyal Customer
CUST-01443,136,7,6430.110000000001,1,4,5,Loyal Customer
CUST-01444,35,6,3974.6,4,4,3,Champion
CUST-01445,6,6,6161.95,5,4,5,Champion
CUST-01446,92,9,6276.64,2,5,5,Loyal Customer
CUST-01447,58,3,2447.7200000000003,3,1,2,Lost / Hibernating
CUST-01448,33,4,2137.21,4,2,1,New Potential
CUST-01449,36,4,1738.1100000000001,4,2,1,New Potential
CUST-01450,23,8,4135.34,4,5,3,Champion
CUST-01451,4,8,7478.549999999999,5,5,5,Champion
CUST-01452,25,4,3088.71,4,2,2,New Potential
CUST-01453,47,6,5614.33,3,4,4,Loyal Customer
CUST-01454,76,5,3705.4900000000002,2,3,3,Loyal Customer
CUST-01455,217,2,1302.49,1,1,1,Lost / Hibernating
CUST-01456,78,7,5190.67,2,4,4,Loyal Customer
CUST-01457,177,3,3136.92,1,1,2,Lost / Hibernating
CUST-01458,109,3,5302.58,2,1,4,Lost / Hibernating
CUST-01459,59,6,3909.7599999999998,3,4,3,Loyal Customer
CUST-01460,9,4,1939.65,5,2,1,New Potential
CUST-01461,253,2,1660.5,1,1,1,Lost / Hibernating
CUST-01462,46,5,2548.38,3,3,2,Lost / Hibernating
CUST-01463,129,2,767.98,1,1,1,Lost / Hibernating
CUST-01464,61,9,7865.98,3,5,5,Loyal Customer
CUST-01465,55,5,5973.35,3,3,4,Loyal Customer
CUST-01466,205,1,609.66,1,1,1,Lost / Hibernating
CUST-01467,157,4,2653.49,1,2,2,Lost / Hibernating
CUST-01468,36,8,5599.0599999999995,4,5,4,Champion
CUST-01469,9,5,4140.03,5,3,3,Loyal Customer
CUST-01470,36,5,2427.68,4,3,2,Lost / Hibernating
CUST-01471,24,7,6081.91,4,4,4,Champion
CUST-01472,183,6,9441.11,1,4,5,Loyal Customer
CUST-01473,121,8,3527.98,1,5,3,Loyal Customer
CUST-01474,46,1,555.76,3,1,1,Lost / Hibernating
CUST-01475,7,6,3136.08,5,4,2,Champion
CUST-01476,145,2,2090.73,1,1,1,Lost / Hibernating
CUST-01477,51,5,5858.57,3,3,4,Loyal Customer
CUST-01478,60,11,9843.42,3,5,5,Loyal Customer
CUST-01479,69,7,6205.54,2,4,5,Loyal Customer
CUST-01480,82,5,3885.8199999999997,2,3,3,Loyal Customer
CUST-01481,57,5,3550.0899999999997,3,3,3,Loyal Customer
CUST-01482,65,4,4260.26,3,2,3,Lost / Hibernating
CUST-01483,189,3,1016.8199999999999,1,1,1,Lost / Hibernating
CUST-01484,62,3,1914.41,3,1,1,Lost / Hibernating
CUST-01485,26,5,6625.15,4,3,5,Loyal Customer
CUST-01486,5,3,1911.67,5,1,1,New Potential
CUST-01487,84,7,4544.59,2,4,3,Loyal Customer
CUST-01488,153,4,3897.18,1,2,3,Lost / Hibernating
CUST-01489,112,3,2927.48,2,1,2,Lost / Hibernating
CUST-01490,83,4,3527.0699999999997,2,2,3,Lost / Hibernating
CUST-01491,65,4,2578.5,3,2,2,Lost / Hibernating
CUST-01492,31,3,3952.25,4,1,3,New Potential
CUST-01493,86,8,5248.32,2,5,4,Loyal Customer
CUST-01495,77,6,4612.85,2,4,4,Loyal Customer
CUST-01496,35,10,9996.08,4,5,5,Champion
CUST-01497,155,3,2176.23,1,1,1,Lost / Hibernating
CUST-01498,40,5,1800.97,3,3,1,Lost / Hibernating
CUST-01499,40,5,3864.99,3,3,3,Loyal Customer
CUST-01500,7,7,3831.7999999999997,5,4,3,Champion
CUST-01501,73,5,3728.37,2,3,3,Loyal Customer
CUST-01502,28,4,3906.9699999999993,4,2,3,New Potential
CUST-01503,98,2,2372.7599999999998,2,1,2,Lost / Hibernating
CUST-01504,70,2,2572.0,2,1,2,Lost / Hibernating
CUST-01505,138,5,4727.13,1,3,4,Loyal Customer
CUST-01506,110,4,2442.56,2,2,2,Lost / Hibernating
CUST-01507,146,7,5354.67,1,4,4,Loyal Customer
CUST-01508,41,4,3888.1800000000003,3,2,3,Lost / Hibernating
CUST-01509,40,6,6076.65,3,4,4,Loyal Customer
CUST-01510,167,4,4554.35,1,2,3,Lost / Hibernating
CUST-01511,130,4,4151.610000000001,1,2,3,Lost / Hibernating
CUST-01512,62,3,4594.1900000000005,3,1,4,Lost / Hibernating
CUST-01513,177,4,2556.58,1,2,2,Lost / Hibernating
CUST-01514,172,7,4566.59,1,4,3,Loyal Customer
CUST-01515,5,3,1124.68,5,1,1,New Potential
CUST-01516,31,9,9641.33,4,5,5,Champion
CUST-01517,25,2,840.5699999999999,4,1,1,New Potential
CUST-01518,53,4,2391.88,3,2,2,Lost / Hibernating
CUST-01519,254,2,549.28,1,1,1,Lost / Hibernating
CUST-01520,31,5,5147.67,4,3,4,Loyal Customer
CUST-01521,182,1,1187.35,1,1,1,Lost / Hibernating
CUST-01522,129,5,5046.36,1,3,4,Loyal Customer
CUST-01523,154,3,2745.64,1,1,2,Lost / Hibernating
CUST-01524,8,9,7952.26,5,5,5,Champion
CUST-01525,51,5,5413.82,3,3,4,Loyal Customer
CUST-01526,126,4,3499.58,1,2,3,Lost / Hibernating
CUST-01527,33,2,2895.1499999999996,4,1,2,New Potential
CUST-01528,24,7,4905.12,4,4,4,Champion
CUST-01529,8,4,3659.11,5,2,3,New Potential
CUST-01530,87,5,3081.19,2,3,2,At Risk
CUST-01531,68,4,2921.3199999999997,2,2,2,Lost / Hibernating
CUST-01532,153,2,639.78,1,1,1,Lost / Hibernating
CUST-01533,50,4,4842.87,3,2,4,Lost / Hibernating
CUST-01534,68,2,3202.52,2,1,2,Lost / Hibernating
CUST-01535,23,6,5652.9400000000005,4,4,4,Champion
CUST-01536,42,6,4750.8,3,4,4,Loyal Customer
CUST-01537,14,4,3290.13,5,2,2,New Potential
CUST-01538,93,5,4372.42,2,3,3,Loyal Customer
CUST-01539,10,3,1971.8700000000001,5,1,1,New Potential
CUST-01540,124,6,6829.75,1,4,5,Loyal Customer
CUST-01541,3,9,8204.6,5,5,5,Champion
CUST-01542,19,6,2670.94,4,4,2,Champion
CUST-01543,38,4,2596.38,3,2,2,Lost / Hibernating
CUST-01544,243,3,3461.61,1,1,3,Lost / Hibernating
CUST-01545,120,3,2630.35,1,1,2,Lost / Hibernating
CUST-01546,34,4,3343.65,4,2,2,New Potential
CUST-01547,130,4,1975.3200000000002,1,2,1,Lost / Hibernating
CUST-01548,158,2,3541.9799999999996,1,1,3,Lost / Hibernating
CUST-01549,16,4,2364.92,5,2,2,New Potential
CUST-01550,26,7,9130.119999999999,4,4,5,Champion
CUST-01551,209,2,1411.34,1,1,1,Lost / Hibernating
CUST-01552,10,10,5502.42,5,5,4,Champion
CUST-01553,28,4,4582.74,4,2,4,New Potential
CUST-01554,10,6,2928.9,5,4,2,Champion
CUST-01555,37,4,3762.3,4,2,3,New Potential
CUST-01556,249,1,1082.82,1,1,1,Lost / Hibernating
CUST-01557,163,3,1849.24,1,1,1,Lost / Hibernating
CUST-01558,104,4,3267.5699999999997,2,2,2,Lost / Hibernating
CUST-01559,16,6,4640.95,5,4,4,Champion
CUST-01560,32,6,4418.26,4,4,3,Champion
CUST-01561,1,9,4794.76,5,5,4,Champion
CUST-01562,108,3,3374.32,2,1,2,Lost / Hibernating
CUST-01563,92,7,5169.98,2,4,4,Loyal Customer
CUST-01564,77,6,5176.78,2,4,4,Loyal Customer
CUST-01565,19,3,2369.48,4,1,2,New Potential
CUST-01566,102,4,5280.95,2,2,4,Lost / Hibernating
CUST-01567,48,6,6519.389999999999,3,4,5,Loyal Customer
CUST-01568,58,4,3631.71,3,2,3,Lost / Hibernating
CUST-01569,36,6,4612.09,4,4,4,Champion
CUST-01570,8,5,4781.26,5,3,4,Loyal Customer
CUST-01571,126,3,3571.06,1,1,3,Lost / Hibernating
CUST-01572,79,5,4249.24,2,3,3,Loyal Customer
CUST-01573,102,2,664.03,2,1,1,Lost / Hibernating
CUST-01574,43,7,6757.55,3,4,5,Loyal Customer
CUST-01575,67,8,4641.2,2,5,4,Loyal Customer
CUST-01576,218,5,2975.8,1,3,2,At Risk
CUST-01577,304,2,3089.37,1,1,2,Lost / Hibernating
CUST-01578,202,5,7302.38,1,3,5,Loyal Customer
CUST-01579,27,6,2481.74,4,4,2,Champion
CUST-01580,131,8,8203.65,1,5,5,Loyal Customer
CUST-01581,76,5,6577.9,2,3,5,Loyal Customer
CUST-01582,32,8,7587.07,4,5,5,Champion
CUST-01583,98,1,391.66,2,1,1,Lost / Hibernating
CUST-01584,21,11,10272.2,4,5,5,Champion
CUST-01585,122,3,4733.08,1,1,4,Lost / Hibernating
CUST-01586,59,1,693.22,3,1,1,Lost / Hibernating
CUST-01587,138,6,6069.9400000000005,1,4,4,Loyal Customer
CUST-01588,115,5,3437.83,2,3,3,Loyal Customer
CUST-01589,265,1,330.37,1,1,1,Lost / Hibernating
CUST-01590,28,8,7117.9,4,5,5,Champion
CUST-01591,18,6,7063.6900000000005,4,4,5,Champion
CUST-01592,171,5,3307.4700000000003,1,3,2,At Risk
CUST-01593,73,4,5115.13,2,2,4,Lost / Hibernating
CUST-01594,52,5,4415.34,3,3,3,Loyal Customer
CUST-01595,7,5,4199.96,5,3,3,Loyal Customer
CUST-01596,81,8,4882.86,2,5,4,Loyal Customer
CUST-01597,55,6,4636.01,3,4,4,Loyal Customer
CUST-01598,3,8,5019.5,5,5,4,Champion
CUST-01600,26,5,3875.0699999999997,4,3,3,Loyal Customer
CUST-01601,85,7,4612.01,2,4,4,Loyal Customer
CUST-01602,29,4,2744.4700000000003,4,2,2,New Potential
CUST-01603,86,8,9247.12,2,5,5,Loyal Customer
CUST-01604,26,6,6474.84,4,4,5,Champion
CUST-01605,75,4,4735.18,2,2,4,Lost / Hibernating
CUST-01606,153,1,656.64,1,1,1,Lost / Hibernating
CUST-01607,37,6,3133.84,4,4,2,Champion
CUST-01608,33,9,6514.99,4,5,5,Champion
CUST-01609,16,6,7567.2,5,4,5,Champion
CUST-01610,3,8,10211.0,5,5,5,Champion
CUST-01611,144,4,2241.94,1,2,1,Lost / Hibernating
CUST-01612,153,4,3284.33,1,2,2,Lost / Hibernating
CUST-01613,80,4,2613.89,2,2,2,Lost / Hibernating
CUST-01614,64,4,2308.25,3,2,2,Lost / Hibernating
CUST-01615,10,6,6440.64,5,4,5,Champion
CUST-01616,9,5,5390.96,5,3,4,Loyal Customer
CUST-01617,77,5,3105.06,2,3,2,At Risk
CUST-01618,38,7,4701.5599999999995,3,4,4,Loyal Customer
CUST-01619,67,5,2869.8300000000004,2,3,2,At Risk
CUST-01621,173,3,1409.98,1,1,1,Lost / Hibernating
CUST-01622,63,2,1063.27,3,1,1,Lost / Hibernating
CUST-01623,16,7,3021.13,5,4,2,Champion
CUST-01624,1,9,9568.84,5,5,5,Champion
CUST-01625,30,5,3048.17,4,3,2,Lost / Hibernating
CUST-01626,220,1,646.74,1,1,1,Lost / Hibernating
CUST-01627,33,5,5965.68,4,3,4,Loyal Customer
CUST-01628,88,9,8347.03,2,5,5,Loyal Customer
CUST-01629,40,5,3938.0,3,3,3,Loyal Customer
CUST-01630,45,5,2905.92,3,3,2,Lost / Hibernating
CUST-01631,24,2,2020.58,4,1,1,New Potential
CUST-01632,116,4,2331.59,2,2,2,Lost / Hibernating
CUST-01633,56,5,4407.13,3,3,3,Loyal Customer
CUST-01634,117,2,2455.74,2,1,2,Lost / Hibernating
CUST-01635,1,7,4714.95,5,4,4,Champion
CUST-01636,108,2,1391.51,2,1,1,Lost / Hibernating
CUST-01637,22,4,1621.1999999999998,4,2,1,New Potential
CUST-01638,73,5,2265.56,2,3,1,At Risk
CUST-01639,59,7,5586.96,3,4,4,Loyal Customer
CUST-01640,28,10,7021.16,4,5,5,Champion
CUST-01641,2,4,2280.46,5,2,2,New Potential
CUST-01642,31,4,2214.1,4,2,1,New Potential
CUST-01643,182,4,1748.01,1,2,1,Lost / Hibernating
CUST-01644,2,7,5729.139999999999,5,4,4,Champion
CUST-01645,69,7,7293.47,2,4,5,Loyal Customer
CUST-01646,34,7,2205.31,4,4,1,Champion
CUST-01647,89,4,4763.16,2,2,4,Lost / Hibernating
CUST-01648,69,5,2724.13,2,3,2,At Risk
CUST-01649,18,3,3153.8999999999996,4,1,2,New Potential
CUST-01650,135,3,2683.6299999999997,1,1,2,Lost / Hibernating
CUST-01651,45,3,3769.4300000000003,3,1,3,Lost / Hibernating
CUST-01652,186,5,4036.15,1,3,3,Loyal Customer
CUST-01653,84,3,2138.15,2,1,1,Lost / Hibernating
CUST-01654,115,2,2782.95,2,1,2,Lost / Hibernating
CUST-01655,114,5,3408.06,2,3,3,Loyal Customer
CUST-01656,43,11,8476.98,3,5,5,Loyal Customer
CUST-01657,1,7,4388.92,5,4,3,Champion
CUST-01658,18,7,6372.99,4,4,5,Champion
CUST-01659,213,1,1038.57,1,1,1,Lost / Hibernating
CUST-01660,10,6,5494.62,5,4,4,Champion
CUST-01661,71,2,2004.5900000000001,2,1,1,Lost / Hibernating
CUST-01662,78,6,6079.41,2,4,4,Loyal Customer
CUST-01663,38,4,4825.91,3,2,4,Lost / Hibernating
CUST-01664,35,6,1582.44,4,4,1,Champion
CUST-01665,69,9,10888.21,2,5,5,Loyal Customer
CUST-01666,239,1,1165.53,1,1,1,Lost / Hibernating
CUST-01667,17,6,5088.860000000001,4,4,4,Champion
CUST-01668,13,2,1359.52,5,1,1,New Potential
CUST-01669,10,1,1313.18,5,1,1,New Potential
CUST-01670,27,4,3054.55,4,2,2,New Potential
CUST-01671,5,7,4263.0,5,4,3,Champion
CUST-01672,61,3,2557.37,3,1,2,Lost / Hibernating
CUST-01673,129,7,4831.51,1,4,4,Loyal Customer
CUST-01674,156,3,2728.6,1,1,2,Lost / Hibernating
CUST-01675,85,7,5747.73,2,4,4,Loyal Customer
CUST-01676,103,2,825.1600000000001,2,1,1,Lost / Hibernating
CUST-01677,99,4,1344.6,2,2,1,Lost / Hibernating
CUST-01678,11,4,4229.2,5,2,3,New Potential
CUST-01679,34,6,4980.79,4,4,4,Champion
CUST-01680,104,1,662.55,2,1,1,Lost / Hibernating
CUST-01681,65,6,6346.610000000001,3,4,5,Loyal Customer
CUST-01682,94,6,4605.51,2,4,4,Loyal Customer
CUST-01683,58,6,4778.92,3,4,4,Loyal Customer
CUST-01684,4,4,2917.45,5,2,2,New Potential
CUST-01685,57,5,3013.74,3,3,2,Lost / Hibernating
CUST-01686,77,3,3081.58,2,1,2,Lost / Hibernating
CUST-01687,180,1,412.82,1,1,1,Lost / Hibernating
CUST-01688,20,4,4087.81,4,2,3,New Potential
CUST-01689,331,2,1376.7,1,1,1,Lost / Hibernating
CUST-01690,111,1,689.17,2,1,1,Lost / Hibernating
CUST-01691,90,3,1771.78,2,1,1,Lost / Hibernating
CUST-01692,129,5,5042.8,1,3,4,Loyal Customer
CUST-01693,12,3,1562.3799999999999,5,1,1,New Potential
CUST-01694,71,6,8180.5,2,4,5,Loyal Customer
CUST-01695,17,7,5180.31,4,4,4,Champion
CUST-01696,140,2,1151.48,1,1,1,Lost / Hibernating
CUST-01697,23,5,4355.2300000000005,4,3,3,Loyal Customer
CUST-01698,40,3,1754.1299999999999,3,1,1,Lost / Hibernating
CUST-01699,120,1,2472.66,1,1,2,Lost / Hibernating
CUST-01700,215,3,2937.7200000000003,1,1,2,Lost / Hibernating
CUST-01701,74,4,2656.8599999999997,2,2,2,Lost / Hibernating
CUST-01702,2,5,3313.33,5,3,2,Lost / Hibernating
CUST-01703,9,5,3057.6800000000003,5,3,2,Lost / Hibernating
CUST-01704,130,5,3718.15,1,3,3,Loyal Customer
CUST-01705,102,5,4558.99,2,3,3,Loyal Customer
CUST-01706,12,4,2187.37,5,2,1,New Potential
CUST-01707,42,5,3672.38,3,3,3,Loyal Customer
CUST-01708,21,4,5410.63,4,2,4,New Potential
CUST-01709,78,7,6575.61,2,4,5,Loyal Customer
CUST-01710,45,5,4791.1,3,3,4,Loyal Customer
CUST-01711,58,3,3310.59,3,1,2,Lost / Hibernating
CUST-01712,129,6,3945.85,1,4,3,Loyal Customer
CUST-01713,8,6,9225.619999999999,5,4,5,Champion
CUST-01714,43,7,6685.58,3,4,5,Loyal Customer
CUST-01715,7,5,3786.06,5,3,3,Loyal Customer
CUST-01716,162,3,1580.32,1,1,1,Lost / Hibernating
CUST-01717,9,7,5002.93,5,4,4,Champion
CUST-01718,147,2,917.5999999999999,1,1,1,Lost / Hibernating
CUST-01719,12,8,9648.9,5,5,5,Champion
CUST-01720,14,6,7335.0,5,4,5,Champion
CUST-01721,4,4,2485.1,5,2,2,New Potential
CUST-01722,47,5,5236.38,3,3,4,Loyal Customer
CUST-01723,63,8,7437.15,3,5,5,Loyal Customer
CUST-01724,96,3,1534.13,2,1,1,Lost / Hibernating
CUST-01725,23,6,4499.84,4,4,3,Champion
CUST-01726,24,4,3503.4300000000003,4,2,3,New Potential
CUST-01727,84,3,3619.7999999999997,2,1,3,Lost / Hibernating
CUST-01728,207,2,4193.42,1,1,3,Lost / Hibernating
CUST-01729,17,5,4860.79,4,3,4,Loyal Customer
CUST-01730,44,6,6558.8,3,4,5,Loyal Customer
CUST-01731,23,3,2915.74,4,1,2,New Potential
CUST-01732,14,4,3998.38,5,2,3,New Potential
CUST-01733,31,6,6275.41,4,4,5,Champion
CUST-01734,34,6,3566.19,4,4,3,Champion
CUST-01735,256,4,5069.900000000001,1,2,4,Lost / Hibernating
CUST-01736,35,3,3770.89,4,1,3,New Potential
CUST-01737,45,4,3618.3199999999997,3,2,3,Lost / Hibernating
CUST-01738,35,9,7633.93,4,5,5,Champion
CUST-01739,129,6,2808.18,1,4,2,At Risk
CUST-01740,70,2,1364.72,2,1,1,Lost / Hibernating
CUST-01741,327,1,661.52,1,1,1,Lost / Hibernating
CUST-01742,216,3,2697.8199999999997,1,1,2,Lost / Hibernating
CUST-01743,39,4,5944.02,3,2,4,Lost / Hibernating
CUST-01744,81,8,11569.630000000001,2,5,5,Loyal Customer
CUST-01745,169,4,5369.83,1,2,4,Lost / Hibernating
CUST-01746,47,4,4073.8100000000004,3,2,3,Lost / Hibernating
CUST-01747,47,4,1804.1399999999999,3,2,1,Lost / Hibernating
CUST-01748,31,4,2109.24,4,2,1,New Potential
CUST-01749,12,2,1020.3199999999999,5,1,1,New Potential
CUST-01750,214,2,2335.65,1,1,2,Lost / Hibernating
CUST-01751,107,7,5824.78,2,4,4,Loyal Customer
CUST-01752,136,2,1026.8600000000001,1,1,1,Lost / Hibernating
CUST-01753,20,8,6088.43,4,5,4,Champion
CUST-01754,74,7,5571.51,2,4,4,Loyal Customer
CUST-01755,28,6,6860.49,4,4,5,Champion
CUST-01756,64,4,4375.07,3,2,3,Lost / Hibernating
CUST-01757,97,3,1330.6399999999999,2,1,1,Lost / Hibernating
CUST-01758,107,6,3857.43,2,4,3,Loyal Customer
CUST-01759,179,3,3213.3500000000004,1,1,2,Lost / Hibernating
CUST-01760,12,8,10898.93,5,5,5,Champion
CUST-01761,1,5,4224.9400000000005,5,3,3,Loyal Customer
CUST-01762,41,3,4554.83,3,1,3,Lost / Hibernating
CUST-01763,19,4,1898.71,4,2,1,New Potential
CUST-01764,84,8,4918.57,2,5,4,Loyal Customer
CUST-01765,47,3,5100.83,3,1,4,Lost / Hibernating
CUST-01766,62,5,5755.76,3,3,4,Loyal Customer
CUST-01767,75,2,815.76,2,1,1,Lost / Hibernating
CUST-01768,39,2,494.56,3,1,1,Lost / Hibernating
CUST-01769,88,4,3525.16,2,2,3,Lost / Hibernating
CUST-01770,126,6,4592.76,1,4,4,Loyal Customer
CUST-01771,25,9,6665.46,4,5,5,Champion
CUST-01772,52,7,5116.9400000000005,3,4,4,Loyal Customer
CUST-01773,23,5,3815.12,4,3,3,Loyal Customer
CUST-01774,76,4,3268.94,2,2,2,Lost / Hibernating
CUST-01775,13,4,5175.91,5,2,4,New Potential
CUST-01776,171,2,2877.64,1,1,2,Lost / Hibernating
CUST-01777,56,2,2277.1499999999996,3,1,2,Lost / Hibernating
CUST-01778,28,3,1710.94,4,1,1,New Potential
CUST-01779,73,4,2484.0,2,2,2,Lost / Hibernating
CUST-01780,85,8,5092.6,2,5,4,Loyal Customer
CUST-01781,168,3,3484.74,1,1,3,Lost / Hibernating
CUST-01782,34,6,2949.5299999999997,4,4,2,Champion
CUST-01783,182,6,2954.55,1,4,2,At Risk
CUST-01784,110,7,4679.76,2,4,4,Loyal Customer
CUST-01785,1,10,10094.62,5,5,5,Champion
CUST-01786,2,4,1420.09,5,2,1,New Potential
CUST-01787,66,5,3072.7200000000003,3,3,2,Lost / Hibernating
CUST-01788,334,2,1560.33,1,1,1,Lost / Hibernating
CUST-01789,34,6,3175.25,4,4,2,Champion
CUST-01790,15,6,4529.03,5,4,3,Champion
CUST-01791,77,4,4119.14,2,2,3,Lost / Hibernating
CUST-01792,117,5,4821.78,2,3,4,Loyal Customer
CUST-01793,27,9,4882.53,4,5,4,Champion
CUST-01794,73,5,4742.11,2,3,4,Loyal Customer
CUST-01795,35,4,3016.14,4,2,2,New Potential
CUST-01796,56,7,6487.0599999999995,3,4,5,Loyal Customer
CUST-01797,10,9,5441.75,5,5,4,Champion
CUST-01798,40,6,3908.52,3,4,3,Loyal Customer
CUST-01799,134,7,6397.32,1,4,5,Loyal Customer
CUST-01800,41,4,3284.23,3,2,2,Lost / Hibernating
CUST-01801,28,4,2877.3900000000003,4,2,2,New Potential
CUST-01802,48,5,3706.7400000000002,3,3,3,Loyal Customer
CUST-01803,165,4,2313.94,1,2,2,Lost / Hibernating
CUST-01804,15,8,5955.17,5,5,4,Champion
CUST-01805,83,3,3256.15,2,1,2,Lost / Hibernating
CUST-01806,97,3,2196.5,2,1,1,Lost / Hibernating
CUST-01807,260,2,3508.25,1,1,3,Lost / Hibernating
CUST-01808,18,8,9726.09,4,5,5,Champion
CUST-01809,65,6,6268.55,3,4,5,Loyal Customer
CUST-01810,172,6,5799.25,1,4,4,Loyal Customer
CUST-01811,35,6,3623.37,4,4,3,Champion
CUST-01812,17,6,5482.76,4,4,4,Champion
CUST-01813,87,5,2837.61,2,3,2,At Risk
CUST-01814,212,3,3666.1900000000005,1,1,3,Lost / Hibernating
CUST-01815,35,6,7260.78,4,4,5,Champion
CUST-01816,91,5,4099.92,2,3,3,Loyal Customer
CUST-01817,40,2,1336.26,3,1,1,Lost / Hibernating
CUST-01818,70,6,3659.96,2,4,3,Loyal Customer
CUST-01819,33,6,4899.68,4,4,4,Champion
CUST-01820,2,8,5632.65,5,5,4,Champion
CUST-01821,96,5,2631.41,2,3,2,At Risk
CUST-01822,8,5,4887.3099999999995,5,3,4,Loyal Customer
CUST-01823,54,5,4142.78,3,3,3,Loyal Customer
CUST-01824,193,8,5264.54,1,5,4,Loyal Customer
CUST-01825,40,7,4638.73,3,4,4,Loyal Customer
CUST-01826,56,7,5647.91,3,4,4,Loyal Customer
CUST-01827,23,6,4241.3099999999995,4,4,3,Champion
CUST-01828,91,5,4048.94,2,3,3,Loyal Customer
CUST-01829,18,8,8518.01,4,5,5,Champion
CUST-01830,30,7,5706.24,4,4,4,Champion
CUST-01831,55,8,8319.08,3,5,5,Loyal Customer
CUST-01832,70,7,5556.8,2,4,4,Loyal Customer
CUST-01833,86,9,7565.84,2,5,5,Loyal Customer
CUST-01834,12,4,2154.32,5,2,1,New Potential
CUST-01835,90,5,3051.79,2,3,2,At Risk
CUST-01836,4,5,4125.1,5,3,3,Loyal Customer
CUST-01837,20,3,3088.7799999999997,4,1,2,New Potential
CUST-01838,50,2,1753.4099999999999,3,1,1,Lost / Hibernating
CUST-01839,30,5,3724.41,4,3,3,Loyal Customer
CUST-01840,59,6,3776.01,3,4,3,Loyal Customer
CUST-01841,258,3,4895.6900000000005,1,1,4,Lost / Hibernating
CUST-01842,65,7,4675.84,3,4,4,Loyal Customer
CUST-01843,16,4,3578.85,5,2,3,New Potential
CUST-01844,11,9,4949.7,5,5,4,Champion
CUST-01845,209,7,10107.46,1,4,5,Loyal Customer
CUST-01846,55,6,5659.29,3,4,4,Loyal Customer
CUST-01847,51,5,4392.63,3,3,3,Loyal Customer
CUST-01848,91,6,3672.08,2,4,3,Loyal Customer
CUST-01849,47,6,7550.280000000001,3,4,5,Loyal Customer
CUST-01850,53,4,2567.46,3,2,2,Lost / Hibernating
CUST-01851,8,5,6364.83,5,3,5,Loyal Customer
CUST-01852,41,4,3470.62,3,2,3,Lost / Hibernating
CUST-01853,4,4,2551.2,5,2,2,New Potential
CUST-01854,71,4,3377.11,2,2,2,Lost / Hibernating
CUST-01855,8,4,2214.71,5,2,1,New Potential
CUST-01856,75,6,8432.0,2,4,5,Loyal Customer
CUST-01857,35,4,5075.64,4,2,4,New Potential
CUST-01858,28,3,1747.1599999999999,4,1,1,New Potential
CUST-01859,42,3,2689.2200000000003,3,1,2,Lost / Hibernating
CUST-01860,65,4,4665.35,3,2,4,Lost / Hibernating
CUST-01861,10,2,4151.42,5,1,3,New Potential
CUST-01862,23,8,7484.65,4,5,5,Champion
CUST-01863,33,6,7807.4,4,4,5,Champion
CUST-01864,37,3,3098.4300000000003,4,1,2,New Potential
CUST-01865,108,3,2863.33,2,1,2,Lost / Hibernating
CUST-01866,4,8,6051.02,5,5,4,Champion
CUST-01867,137,8,6951.86,1,5,5,Loyal Customer
CUST-01868,3,6,3318.18,5,4,2,Champion
CUST-01869,20,3,2374.64,4,1,2,New Potential
CUST-01870,42,8,5271.45,3,5,4,Loyal Customer
CUST-01871,120,7,8406.27,1,4,5,Loyal Customer
CUST-01872,196,4,3201.1000000000004,1,2,2,Lost / Hibernating
CUST-01873,175,6,4480.12,1,4,3,Loyal Customer
CUST-01874,80,5,3530.48,2,3,3,Loyal Customer
CUST-01875,5,7,3340.4,5,4,2,Champion
CUST-01876,52,4,1649.88,3,2,1,Lost / Hibernating
CUST-01877,16,6,7215.09,5,4,5,Champion
CUST-01878,135,6,3545.51,1,4,3,Loyal Customer
CUST-01879,76,4,3025.9700000000003,2,2,2,Lost / Hibernating
CUST-01880,5,7,9008.6,5,4,5,Champion
CUST-01881,1,7,5502.469999999999,5,4,4,Champion
CUST-01882,83,6,5397.19,2,4,4,Loyal Customer
CUST-01883,52,9,8268.05,3,5,5,Loyal Customer
CUST-01884,62,4,2707.24,3,2,2,Lost / Hibernating
CUST-01885,15,7,4411.96,5,4,3,Champion
CUST-01886,4,9,5199.68,5,5,4,Champion
CUST-01887,6,5,4087.34,5,3,3,Loyal Customer
CUST-01888,82,6,4557.08,2,4,3,Loyal Customer
CUST-01889,36,8,4037.5099999999998,4,5,3,Champion
CUST-01890,194,4,2879.95,1,2,2,Lost / Hibernating
CUST-01891,63,4,3580.6,3,2,3,Lost / Hibernating
CUST-01892,116,6,3393.5099999999998,2,4,2,At Risk
CUST-01893,17,4,2095.04,4,2,1,New Potential
CUST-01894,30,10,6934.28,4,5,5,Champion
CUST-01895,2,6,6238.25,5,4,5,Champion
CUST-01896,30,6,3899.21,4,4,3,Champion
CUST-01897,105,2,2339.21,2,1,2,Lost / Hibernating
CUST-01898,216,1,717.16,1,1,1,Lost / Hibernating
CUST-01899,157,3,2105.35,1,1,1,Lost / Hibernating
CUST-01900,45,7,5140.95,3,4,4,Loyal Customer
CUST-01901,128,5,6150.43,1,3,5,Loyal Customer
CUST-01902,17,6,8866.39,4,4,5,Champion
CUST-01903,161,6,2481.79,1,4,2,At Risk
CUST-01904,2,7,5746.92,5,4,4,Champion
CUST-01905,94,7,8915.09,2,4,5,Loyal Customer
CUST-01906,28,9,9265.24,4,5,5,Champion
CUST-01907,21,6,3240.06,4,4,2,Champion
CUST-01908,51,2,3462.58,3,1,3,Lost / Hibernating
CUST-01909,66,5,3088.66,3,3,2,Lost / Hibernating
CUST-01910,245,3,3695.38,1,1,3,Lost / Hibernating
CUST-01911,88,7,4315.33,2,4,3,Loyal Customer
CUST-01912,17,8,6513.99,4,5,5,Champion
CUST-01913,33,9,5111.09,4,5,4,Champion
CUST-01914,56,3,2567.2400000000002,3,1,2,Lost / Hibernating
CUST-01915,37,7,4242.63,4,4,3,Champion
CUST-01916,52,4,2518.94,3,2,2,Lost / Hibernating
CUST-01917,151,5,7825.41,1,3,5,Loyal Customer
CUST-01919,31,9,7395.73,4,5,5,Champion
CUST-01920,231,6,3340.12,1,4,2,At Risk
CUST-01922,14,4,1550.03,5,2,1,New Potential
CUST-01923,25,7,3377.08,4,4,2,Champion
CUST-01924,28,3,2919.2799999999997,4,1,2,New Potential
CUST-01925,10,4,1491.13,5,2,1,New Potential
CUST-01926,46,5,4480.46,3,3,3,Loyal Customer
CUST-01927,9,5,3077.2799999999997,5,3,2,Lost / Hibernating
CUST-01928,78,5,1499.03,2,3,1,At Risk
CUST-01929,27,4,3230.61,4,2,2,New Potential
CUST-01930,22,6,6516.99,4,4,5,Champion
CUST-01931,58,6,6744.62,3,4,5,Loyal Customer
CUST-01932,51,7,4854.05,3,4,4,Loyal Customer
CUST-01933,78,6,6781.83,2,4,5,Loyal Customer
CUST-01934,107,2,1223.4099999999999,2,1,1,Lost / Hibernating
CUST-01935,19,5,3323.37,4,3,2,Lost / Hibernating
CUST-01936,113,10,10478.08,2,5,5,Loyal Customer
CUST-01937,74,4,4175.469999999999,2,2,3,Lost / Hibernating
CUST-01938,33,7,4610.370000000001,4,4,4,Champion
CUST-01939,59,7,4816.56,3,4,4,Loyal Customer
CUST-01940,78,4,5592.18,2,2,4,Lost / Hibernating
CUST-01941,16,3,1850.3899999999999,5,1,1,New Potential
CUST-01942,123,4,4412.44,1,2,3,Lost / Hibernating
CUST-01943,137,4,6207.02,1,2,5,Lost / Hibernating
CUST-01944,167,3,1746.2,1,1,1,Lost / Hibernating
CUST-01945,98,4,5625.280000000001,2,2,4,Lost / Hibernating
CUST-01946,41,7,4480.55,3,4,3,Loyal Customer
CUST-01947,98,5,5629.09,2,3,4,Loyal Customer
CUST-01948,14,4,3021.58,5,2,2,New Potential
CUST-01949,160,5,2362.51,1,3,2,At Risk
CUST-01950,34,7,6574.9800000000005,4,4,5,Champion
CUST-01951,16,7,3528.96,5,4,3,Champion
CUST-01952,47,6,4025.7000000000003,3,4,3,Loyal Customer
CUST-01953,56,5,4191.71,3,3,3,Loyal Customer
CUST-01954,127,6,4662.19,1,4,4,Loyal Customer
CUST-01955,10,6,3562.1099999999997,5,4,3,Champion
CUST-01956,22,4,3214.6499999999996,4,2,2,New Potential
CUST-01957,96,8,8955.58,2,5,5,Loyal Customer
CUST-01958,20,8,8317.65,4,5,5,Champion
CUST-01959,27,2,3189.55,4,1,2,New Potential
CUST-01960,158,4,3414.85,1,2,3,Lost / Hibernating
CUST-01961,49,4,2158.67,3,2,1,Lost / Hibernating
CUST-01962,80,3,4252.86,2,1,3,Lost / Hibernating
CUST-01963,79,7,3875.2,2,4,3,Loyal Customer
CUST-01964,144,6,6034.09,1,4,4,Loyal Customer
CUST-01965,50,8,8063.79,3,5,5,Loyal Customer
CUST-01966,24,3,1618.51,4,1,1,New Potential
CUST-01967,25,7,5858.05,4,4,4,Champion
CUST-01968,35,6,6714.6900000000005,4,4,5,Champion
CUST-01969,19,6,2711.8,4,4,2,Champion
CUST-01970,34,8,4473.22,4,5,3,Champion
CUST-01971,58,4,2155.8,3,2,1,Lost / Hibernating
CUST-01972,26,4,2298.9,4,2,2,New Potential
CUST-01973,51,4,1960.8000000000002,3,2,1,Lost / Hibernating
CUST-01974,44,6,3806.73,3,4,3,Loyal Customer
CUST-01975,130,3,2398.66,1,1,2,Lost / Hibernating
CUST-01976,11,7,7305.780000000001,5,4,5,Champion
CUST-01977,40,2,1585.04,3,1,1,Lost / Hibernating
CUST-01978,78,6,5681.0199999999995,2,4,4,Loyal Customer
CUST-01979,78,4,3968.7400000000002,2,2,3,Lost / Hibernating
CUST-01980,56,7,4374.68,3,4,3,Loyal Customer
CUST-01981,137,4,4326.4,1,2,3,Lost / Hibernating
CUST-01982,249,2,1276.22,1,1,1,Lost / Hibernating
CUST-01983,95,6,7500.35,2,4,5,Loyal Customer
CUST-01984,54,5,2312.4900000000002,3,3,2,Lost / Hibernating
CUST-01985,204,3,3716.55,1,1,3,Lost / Hibernating
CUST-01986,48,5,2621.1800000000003,3,3,2,Lost / Hibernating
CUST-01987,48,8,6998.25,3,5,5,Loyal Customer
CUST-01988,200,2,2095.3199999999997,1,1,1,Lost / Hibernating
CUST-01989,18,7,6134.66,4,4,5,Champion
CUST-01990,38,2,2701.54,3,1,2,Lost / Hibernating
CUST-01991,79,3,2514.79,2,1,2,Lost / Hibernating
CUST-01992,46,5,3340.56,3,3,2,Lost / Hibernating
CUST-01993,77,4,3364.33,2,2,2,Lost / Hibernating
CUST-01994,34,4,4443.91,4,2,3,New Potential
CUST-01995,1,6,7781.610000000001,5,4,5,Champion
CUST-01996,20,3,1703.0700000000002,4,1,1,New Potential
CUST-01997,27,5,2691.87,4,3,2,Lost / Hibernating
CUST-01998,40,7,4923.02,3,4,4,Loyal Customer
CUST-01999,53,7,7822.06,3,4,5,Loyal Customer
CUST-02000,98,4,3002.8900000000003,2,2,2,Lost / Hibernating
CUST-02001,37,4,2539.74,4,2,2,New Potential
CUST-02002,14,11,10258.25,5,5,5,Champion
CUST-02003,50,6,4063.81,3,4,3,Loyal Customer
CUST-02004,81,7,4567.9,2,4,3,Loyal Customer
CUST-02005,23,8,5603.87,4,5,4,Champion
CUST-02006,93,6,5629.71,2,4,4,Loyal Customer
CUST-02007,7,6,5655.77,5,4,4,Champion
CUST-02008,146,1,269.54,1,1,1,Lost / Hibernating
CUST-02009,115,7,5301.16,2,4,4,Loyal Customer
CUST-02010,2,4,7267.040000000001,5,2,5,New Potential
CUST-02011,7,8,4769.63,5,5,4,Champion
CUST-02012,56,1,244.69,3,1,1,Lost / Hibernating
CUST-02013,58,5,1964.3100000000002,3,3,1,Lost / Hibernating
CUST-02014,1,9,5813.0599999999995,5,5,4,Champion
CUST-02015,26,7,2631.71,4,4,2,Champion
CUST-02016,43,3,1640.23,3,1,1,Lost / Hibernating
CUST-02017,192,1,620.49,1,1,1,Lost / Hibernating
CUST-02018,22,5,2341.78,4,3,2,Lost / Hibernating
CUST-02019,13,6,2719.62,5,4,2,Champion
CUST-02020,18,6,7899.79,4,4,5,Champion
CUST-02021,137,1,518.39,1,1,1,Lost / Hibernating
CUST-02022,24,6,7591.46,4,4,5,Champion
CUST-02023,182,5,4626.62,1,3,4,Loyal Customer
CUST-02024,37,7,7139.34,4,4,5,Champion
CUST-02025,45,7,4949.62,3,4,4,Loyal Customer
CUST-02026,42,3,4362.5599999999995,3,1,3,Lost / Hibernating
CUST-02027,101,8,7613.9,2,5,5,Loyal Customer
CUST-02028,21,6,7995.21,4,4,5,Champion
CUST-02029,44,4,5678.75,3,2,4,Lost / Hibernating
CUST-02030,113,6,5937.23,2,4,4,Loyal Customer
CUST-02031,203,2,3218.6499999999996,1,1,2,Lost / Hibernating
CUST-02032,18,2,2386.92,4,1,2,New Potential
CUST-02033,76,5,3526.4,2,3,3,Loyal Customer
CUST-02034,95,2,1017.98,2,1,1,Lost / Hibernating
CUST-02035,191,3,3103.28,1,1,2,Lost / Hibernating
CUST-02036,204,4,5065.15,1,2,4,Lost / Hibernating
CUST-02037,230,3,3089.08,1,1,2,Lost / Hibernating
CUST-02038,164,3,2551.37,1,1,2,Lost / Hibernating
CUST-02039,309,1,1584.42,1,1,1,Lost / Hibernating
CUST-02040,121,6,4875.04,1,4,4,Loyal Customer
CUST-02041,25,3,2675.4900000000002,4,1,2,New Potential
CUST-02042,43,7,5854.93,3,4,4,Loyal Customer
CUST-02043,315,2,1279.95,1,1,1,Lost / Hibernating
CUST-02044,360,1,1295.36,1,1,1,Lost / Hibernating
CUST-02045,81,3,1888.9,2,1,1,Lost / Hibernating
CUST-02046,235,4,3799.19,1,2,3,Lost / Hibernating
CUST-02047,241,1,1116.74,1,1,1,Lost / Hibernating
CUST-02048,82,5,4817.25,2,3,4,Loyal Customer
CUST-02049,9,9,5539.63,5,5,4,Champion
CUST-02050,7,3,1166.3899999999999,5,1,1,New Potential
CUST-02051,68,4,3453.24,2,2,3,Lost / Hibernating
CUST-02052,23,5,4130.85,4,3,3,Loyal Customer
CUST-02053,42,6,4209.43,3,4,3,Loyal Customer
CUST-02054,37,11,6303.89,4,5,5,Champion
CUST-02055,105,4,4514.76,2,2,3,Lost / Hibernating
CUST-02056,4,5,2232.66,5,3,1,Lost / Hibernating
CUST-02057,124,6,5470.46,1,4,4,Loyal Customer
CUST-02058,10,3,2586.38,5,1,2,New Potential
CUST-02059,82,9,6411.959999999999,2,5,5,Loyal Customer
CUST-02060,38,4,3130.94,3,2,2,Lost / Hibernating
CUST-02061,14,7,5905.37,5,4,4,Champion
CUST-02062,54,7,6637.72,3,4,5,Loyal Customer
CUST-02063,56,7,9517.310000000001,3,4,5,Loyal Customer
CUST-02064,36,7,4431.54,4,4,3,Champion
CUST-02065,106,3,1427.84,2,1,1,Lost / Hibernating
CUST-02066,20,5,4426.99,4,3,3,Loyal Customer
CUST-02067,117,3,2077.31,2,1,1,Lost / Hibernating
CUST-02068,8,11,8763.73,5,5,5,Champion
CUST-02069,4,4,1542.11,5,2,1,New Potential
CUST-02070,76,3,3123.54,2,1,2,Lost / Hibernating
CUST-02071,194,4,4717.22,1,2,4,Lost / Hibernating
CUST-02072,15,11,11517.4,5,5,5,Champion
CUST-02073,62,8,7354.08,3,5,5,Loyal Customer
CUST-02074,12,10,10806.65,5,5,5,Champion
CUST-02075,108,5,2590.86,2,3,2,At Risk
CUST-02076,100,4,4692.08,2,2,4,Lost / Hibernating
CUST-02077,121,2,556.5899999999999,1,1,1,Lost / Hibernating
CUST-02078,105,5,4125.93,2,3,3,Loyal Customer
CUST-02079,20,3,3141.88,4,1,2,New Potential
CUST-02080,104,5,3363.54,2,3,2,At Risk
CUST-02081,23,6,6909.58,4,4,5,Champion
CUST-02082,42,4,2221.2,3,2,1,Lost / Hibernating
CUST-02083,38,5,3297.6400000000003,3,3,2,Lost / Hibernating
CUST-02084,4,5,3489.82,5,3,3,Loyal Customer
CUST-02085,93,5,5794.860000000001,2,3,4,Loyal Customer
CUST-02086,8,6,3437.51,5,4,3,Champion
CUST-02087,82,4,2720.46,2,2,2,Lost / Hibernating
CUST-02088,154,4,3982.9700000000003,1,2,3,Lost / Hibernating
CUST-02089,25,4,2398.36,4,2,2,New Potential
CUST-02090,66,5,5178.5599999999995,3,3,4,Loyal Customer
CUST-02091,29,4,3286.36,4,2,2,New Potential
CUST-02092,59,6,6369.33,3,4,5,Loyal Customer
CUST-02093,87,2,2448.67,2,1,2,Lost / Hibernating
CUST-02094,159,3,2117.52,1,1,1,Lost / Hibernating
CUST-02095,40,7,5739.99,3,4,4,Loyal Customer
CUST-02096,70,8,5828.15,2,5,4,Loyal Customer
CUST-02097,23,6,4713.08,4,4,4,Champion
CUST-02098,6,6,2363.62,5,4,2,Champion
CUST-02099,44,3,2408.56,3,1,2,Lost / Hibernating
CUST-02100,17,7,6313.19,4,4,5,Champion
CUST-02101,178,5,3197.31,1,3,2,At Risk
CUST-02102,76,5,4864.4,2,3,4,Loyal Customer
CUST-02103,10,8,6090.63,5,5,4,Champion
CUST-02104,26,7,8335.2,4,4,5,Champion
CUST-02105,117,5,3689.69,2,3,3,Loyal Customer
CUST-02106,57,5,4424.46,3,3,3,Loyal Customer
CUST-02107,153,5,8851.32,1,3,5,Loyal Customer
CUST-02108,292,3,4997.15,1,1,4,Lost / Hibernating
CUST-02109,43,6,3394.58,3,4,2,Lost / Hibernating
CUST-02110,40,10,6329.76,3,5,5,Loyal Customer
CUST-02111,95,4,4134.389999999999,2,2,3,Lost / Hibernating
CUST-02112,3,6,5899.47,5,4,4,Champion
CUST-02113,45,5,5850.9400000000005,3,3,4,Loyal Customer
CUST-02114,55,8,4802.39,3,5,4,Loyal Customer
CUST-02115,49,4,3289.39,3,2,2,Lost / Hibernating
CUST-02116,6,4,4892.76,5,2,4,New Potential
CUST-02117,191,4,3964.9300000000003,1,2,3,Lost / Hibernating
CUST-02118,104,5,3836.96,2,3,3,Loyal Customer
CUST-02119,176,4,3283.58,1,2,2,Lost / Hibernating
CUST-02120,96,4,3434.17,2,2,3,Lost / Hibernating
CUST-02121,172,3,2040.23,1,1,1,Lost / Hibernating
CUST-02122,79,7,5107.27,2,4,4,Loyal Customer
CUST-02123,9,6,3907.58,5,4,3,Champion
CUST-02124,73,1,2646.84,2,1,2,Lost / Hibernating
CUST-02125,41,9,5333.25,3,5,4,Loyal Customer
CUST-02126,26,5,3795.73,4,3,3,Loyal Customer
CUST-02127,6,4,2057.38,5,2,1,New Potential
CUST-02128,88,4,2447.16,2,2,2,Lost / Hibernating
CUST-02129,20,5,5708.85,4,3,4,Loyal Customer
CUST-02130,76,5,4779.91,2,3,4,Loyal Customer
CUST-02131,27,5,3809.61,4,3,3,Loyal Customer
CUST-02132,38,5,7786.26,3,3,5,Loyal Customer
CUST-02133,145,4,3414.7,1,2,3,Lost / Hibernating
CUST-02134,18,6,5458.74,4,4,4,Champion
CUST-02135,21,6,4541.04,4,4,3,Champion
CUST-02136,52,3,5185.9400000000005,3,1,4,Lost / Hibernating
CUST-02137,54,2,1338.95,3,1,1,Lost / Hibernating
CUST-02138,92,8,8510.7,2,5,5,Loyal Customer
CUST-02139,16,8,6741.4,5,5,5,Champion
CUST-02140,219,4,3887.94,1,2,3,Lost / Hibernating
CUST-02141,47,8,5612.92,3,5,4,Loyal Customer
CUST-02142,91,9,9591.28,2,5,5,Loyal Customer
CUST-02143,70,4,2933.52,2,2,2,Lost / Hibernating
CUST-02144,12,5,6108.1,5,3,5,Loyal Customer
CUST-02145,215,4,2148.93,1,2,1,Lost / Hibernating
CUST-02146,40,5,2298.87,3,3,2,Lost / Hibernating
CUST-02147,4,7,6788.04,5,4,5,Champion
CUST-02148,37,2,1910.65,4,1,1,New Potential
CUST-02149,75,4,3941.4700000000003,2,2,3,Lost / Hibernating
CUST-02150,45,4,3677.8,3,2,3,Lost / Hibernating
CUST-02151,12,6,3517.33,5,4,3,Champion
CUST-02152,42,5,3757.6499999999996,3,3,3,Loyal Customer
CUST-02153,9,4,3029.8,5,2,2,New Potential
CUST-02154,219,4,2236.79,1,2,1,Lost / Hibernating
CUST-02155,1,9,10440.78,5,5,5,Champion
CUST-02156,120,6,5335.26,1,4,4,Loyal Customer
CUST-02157,19,5,3210.84,4,3,2,Lost / Hibernating
CUST-02158,8,8,5802.35,5,5,4,Champion
CUST-02159,194,4,2038.3899999999999,1,2,1,Lost / Hibernating
CUST-02160,8,6,7119.03,5,4,5,Champion
CUST-02161,5,7,5768.05,5,4,4,Champion
CUST-02162,18,8,8474.55,4,5,5,Champion
CUST-02163,13,6,3737.01,5,4,3,Champion
CUST-02164,24,2,1612.22,4,1,1,New Potential
CUST-02165,173,6,3949.11,1,4,3,Loyal Customer
CUST-02166,197,3,2553.05,1,1,2,Lost / Hibernating
CUST-02167,89,3,3155.2,2,1,2,Lost / Hibernating
CUST-02168,60,6,5085.55,3,4,4,Loyal Customer
CUST-02169,37,3,2174.76,4,1,1,New Potential
CUST-02170,35,7,7903.030000000001,4,4,5,Champion
CUST-02171,123,5,5138.42,1,3,4,Loyal Customer
CUST-02172,11,6,9386.29,5,4,5,Champion
CUST-02173,5,6,4534.3,5,4,3,Champion
CUST-02174,24,8,6084.52,4,5,4,Champion
CUST-02175,81,4,4145.76,2,2,3,Lost / Hibernating
CUST-02176,31,2,2810.86,4,1,2,New Potential
CUST-02177,1,12,10285.99,5,5,5,Champion
CUST-02178,145,1,1996.8,1,1,1,Lost / Hibernating
CUST-02179,21,4,4670.64,4,2,4,New Potential
CUST-02180,263,1,278.89,1,1,1,Lost / Hibernating
CUST-02181,126,8,7176.8099999999995,1,5,5,Loyal Customer
CUST-02182,96,5,4408.85,2,3,3,Loyal Customer
CUST-02183,12,8,6216.22,5,5,5,Champion
CUST-02184,29,6,3133.1,4,4,2,Champion
CUST-02185,128,9,5971.77,1,5,4,Loyal Customer
CUST-02186,107,2,2272.81,2,1,1,Lost / Hibernating
CUST-02187,5,8,10705.52,5,5,5,Champion
CUST-02188,42,6,6712.110000000001,3,4,5,Loyal Customer
CUST-02189,39,2,639.83,3,1,1,Lost / Hibernating
CUST-02190,36,2,2047.08,4,1,1,New Potential
CUST-02191,186,1,657.92,1,1,1,Lost / Hibernating
CUST-02192,60,6,5766.42,3,4,4,Loyal Customer
CUST-02193,69,3,1675.17,2,1,1,Lost / Hibernating
CUST-02194,19,4,6135.98,4,2,5,New Potential
CUST-02195,106,3,2805.77,2,1,2,Lost / Hibernating
CUST-02196,123,7,4435.43,1,4,3,Loyal Customer
CUST-02197,28,6,3305.3,4,4,2,Champion
CUST-02198,82,3,3796.99,2,1,3,Lost / Hibernating
CUST-02199,33,9,8291.31,4,5,5,Champion
CUST-02200,38,7,4239.77,3,4,3,Loyal Customer
CUST-02201,128,4,4082.73,1,2,3,Lost / Hibernating
CUST-02202,53,7,3338.54,3,4,2,Lost / Hibernating
CUST-02203,139,1,315.4,1,1,1,Lost / Hibernating
CUST-02204,53,4,4640.2699999999995,3,2,4,Lost / Hibernating
CUST-02205,28,6,5362.01,4,4,4,Champion
CUST-02206,125,4,3044.85,1,2,2,Lost / Hibernating
CUST-02207,68,7,4901.3099999999995,2,4,4,Loyal Customer
CUST-02208,83,5,4461.12,2,3,3,Loyal Customer
CUST-02209,3,7,6246.58,5,4,5,Champion
CUST-02210,1,9,6364.27,5,5,5,Champion
CUST-02211,17,5,4139.68,4,3,3,Loyal Customer
CUST-02212,88,5,6405.780000000001,2,3,5,Loyal Customer
CUST-02213,59,2,1067.25,3,1,1,Lost / Hibernating
CUST-02214,43,6,2821.92,3,4,2,Lost / Hibernating
CUST-02215,42,2,2086.94,3,1,1,Lost / Hibernating
CUST-02216,62,7,5523.19,3,4,4,Loyal Customer
CUST-02217,202,3,2142.01,1,1,1,Lost / Hibernating
CUST-02218,7,7,6649.64,5,4,5,Champion
CUST-02219,159,6,5496.19,1,4,4,Loyal Customer
CUST-02220,145,3,5277.43,1,1,4,Lost / Hibernating
CUST-02221,73,3,3331.95,2,1,2,Lost / Hibernating
CUST-02222,135,8,4946.95,1,5,4,Loyal Customer
CUST-02223,104,4,3465.13,2,2,3,Lost / Hibernating
CUST-02224,21,5,2088.88,4,3,1,Lost / Hibernating
CUST-02225,42,3,1444.08,3,1,1,Lost / Hibernating
CUST-02226,24,4,3759.22,4,2,3,New Potential
CUST-02227,110,10,6941.78,2,5,5,Loyal Customer
CUST-02228,108,6,7278.8,2,4,5,Loyal Customer
CUST-02229,32,6,5120.05,4,4,4,Champion
CUST-02230,11,11,5807.08,5,5,4,Champion
CUST-02231,103,5,4537.39,2,3,3,Loyal Customer
CUST-02232,53,5,4063.78,3,3,3,Loyal Customer
CUST-02233,6,5,2838.9300000000003,5,3,2,Lost / Hibernating
CUST-02234,25,9,8804.33,4,5,5,Champion
CUST-02235,26,8,6543.76,4,5,5,Champion
CUST-02236,71,7,5036.83,2,4,4,Loyal Customer
CUST-02237,111,4,2728.04,2,2,2,Lost / Hibernating
CUST-02238,47,4,4109.2,3,2,3,Lost / Hibernating
CUST-02239,5,11,5748.29,5,5,4,Champion
CUST-02240,5,5,8103.12,5,3,5,Loyal Customer
CUST-02241,21,4,3454.45,4,2,3,New Potential
CUST-02243,109,6,4567.72,2,4,3,Loyal Customer
CUST-02244,265,4,1963.8400000000001,1,2,1,Lost / Hibernating
CUST-02245,59,5,5087.84,3,3,4,Loyal Customer
CUST-02246,30,6,5071.41,4,4,4,Champion
CUST-02247,10,6,4242.01,5,4,3,Champion
CUST-02248,13,7,8318.89,5,4,5,Champion
CUST-02249,22,3,956.59,4,1,1,New Potential
CUST-02250,118,5,3045.03,1,3,2,At Risk
CUST-02251,27,6,3110.4,4,4,2,Champion
CUST-02252,7,3,4011.9,5,1,3,New Potential
CUST-02253,52,6,6353.77,3,4,5,Loyal Customer
CUST-02254,159,5,4483.62,1,3,3,Loyal Customer
CUST-02255,133,1,162.22,1,1,1,Lost / Hibernating
CUST-02256,89,5,3313.55,2,3,2,At Risk
CUST-02257,237,2,1708.62,1,1,1,Lost / Hibernating
CUST-02258,42,1,382.82,3,1,1,Lost / Hibernating
CUST-02259,37,7,5350.37,4,4,4,Champion
CUST-02260,23,6,6612.3099999999995,4,4,5,Champion
CUST-02261,75,7,5060.85,2,4,4,Loyal Customer
CUST-02262,1,6,5021.76,5,4,4,Champion
CUST-02263,81,3,1102.28,2,1,1,Lost / Hibernating
CUST-02264,140,6,5011.98,1,4,4,Loyal Customer
CUST-02265,47,6,5271.29,3,4,4,Loyal Customer
CUST-02266,21,3,2219.53,4,1,1,New Potential
CUST-02267,12,3,3504.0,5,1,3,New Potential
CUST-02268,119,6,7227.049999999999,1,4,5,Loyal Customer
CUST-02269,84,2,1935.1,2,1,1,Lost / Hibernating
CUST-02270,90,3,783.03,2,1,1,Lost / Hibernating
CUST-02271,12,5,1939.16,5,3,1,Lost / Hibernating
CUST-02272,176,3,1961.44,1,1,1,Lost / Hibernating
CUST-02273,317,1,1908.97,1,1,1,Lost / Hibernating
CUST-02274,22,7,6314.37,4,4,5,Champion
CUST-02275,41,5,3622.5299999999997,3,3,3,Loyal Customer
CUST-02276,25,6,6738.59,4,4,5,Champion
CUST-02277,76,6,3776.46,2,4,3,Loyal Customer
CUST-02278,97,6,7287.22,2,4,5,Loyal Customer
CUST-02279,14,6,5304.72,5,4,4,Champion
CUST-02280,144,7,4861.400000000001,1,4,4,Loyal Customer
CUST-02281,27,2,554.9,4,1,1,New Potential
CUST-02282,1,11,7213.37,5,5,5,Champion
CUST-02283,76,5,5425.21,2,3,4,Loyal Customer
CUST-02284,66,3,2295.2799999999997,3,1,2,Lost / Hibernating
CUST-02285,115,4,4854.349999999999,2,2,4,Lost / Hibernating
CUST-02286,70,5,3035.17,2,3,2,At Risk
CUST-02287,10,6,5804.21,5,4,4,Champion
CUST-02288,79,3,2085.86,2,1,1,Lost / Hibernating
CUST-02289,34,7,6404.4400000000005,4,4,5,Champion
CUST-02290,57,7,7347.43,3,4,5,Loyal Customer
CUST-02291,147,5,3118.74,1,3,2,At Risk
CUST-02292,237,2,2149.59,1,1,1,Lost / Hibernating
CUST-02293,199,3,2427.94,1,1,2,Lost / Hibernating
CUST-02294,4,9,7232.63,5,5,5,Champion
CUST-02295,10,6,6718.44,5,4,5,Champion
CUST-02296,22,1,444.04,4,1,1,New Potential
CUST-02297,180,3,3058.01,1,1,2,Lost / Hibernating
CUST-02298,355,1,770.6,1,1,1,Lost / Hibernating
CUST-02299,40,4,2390.76,3,2,2,Lost / Hibernating
CUST-02300,204,2,1072.33,1,1,1,Lost / Hibernating
CUST-02301,18,5,4908.99,4,3,4,Loyal Customer
CUST-02302,20,4,3108.61,4,2,2,New Potential
CUST-02303,39,6,3959.36,3,4,3,Loyal Customer
CUST-02304,59,4,2510.92,3,2,2,Lost / Hibernating
CUST-02305,86,4,4847.41,2,2,4,Lost / Hibernating
CUST-02306,34,6,4808.12,4,4,4,Champion
CUST-02307,87,6,3865.1800000000003,2,4,3,Loyal Customer
CUST-02308,26,6,3521.68,4,4,3,Champion
CUST-02309,19,7,6621.49,4,4,5,Champion
CUST-02310,43,3,2054.38,3,1,1,Lost / Hibernating
CUST-02311,66,3,2063.85,3,1,1,Lost / Hibernating
CUST-02312,37,5,4921.07,4,3,4,Loyal Customer
CUST-02313,58,5,5496.71,3,3,4,Loyal Customer
CUST-02314,139,4,3698.82,1,2,3,Lost / Hibernating
CUST-02315,64,4,4121.28,3,2,3,Lost / Hibernating
CUST-02316,36,3,1429.04,4,1,1,New Potential
CUST-02317,362,1,2075.12,1,1,1,Lost / Hibernating
CUST-02318,93,5,3432.24,2,3,3,Loyal Customer
CUST-02319,4,4,2378.77,5,2,2,New Potential
CUST-02320,24,7,7043.83,4,4,5,Champion
CUST-02321,11,9,6420.01,5,5,5,Champion
CUST-02322,24,6,6474.5,4,4,5,Champion
CUST-02323,129,5,4852.88,1,3,4,Loyal Customer
CUST-02324,53,5,3221.8599999999997,3,3,2,Lost / Hibernating
CUST-02325,84,7,8027.44,2,4,5,Loyal Customer
CUST-02326,61,7,9637.56,3,4,5,Loyal Customer
CUST-02327,191,1,1377.7,1,1,1,Lost / Hibernating
CUST-02328,66,4,2231.5,3,2,1,Lost / Hibernating
CUST-02329,42,10,6108.95,3,5,5,Loyal Customer
CUST-02330,129,6,7244.719999999999,1,4,5,Loyal Customer
CUST-02331,267,3,1784.32,1,1,1,Lost / Hibernating
CUST-02332,135,3,2763.22,1,1,2,Lost / Hibernating
CUST-02333,138,3,1540.26,1,1,1,Lost / Hibernating
CUST-02334,21,4,3149.99,4,2,2,New Potential
CUST-02335,204,1,233.99,1,1,1,Lost / Hibernating
CUST-02336,153,5,8683.14,1,3,5,Loyal Customer
CUST-02337,2,7,5103.23,5,4,4,Champion
CUST-02338,21,3,3554.81,4,1,3,New Potential
CUST-02339,196,2,1654.81,1,1,1,Lost / Hibernating
CUST-02340,1,7,3519.91,5,4,3,Champion
CUST-02341,66,5,4331.52,3,3,3,Loyal Customer
CUST-02342,71,6,6806.72,2,4,5,Loyal Customer
CUST-02343,42,8,6109.65,3,5,5,Loyal Customer
CUST-02344,22,7,6748.139999999999,4,4,5,Champion
CUST-02345,17,6,6213.79,4,4,5,Champion
CUST-02346,51,3,1490.0,3,1,1,Lost / Hibernating
CUST-02347,17,3,3017.16,4,1,2,New Potential
CUST-02348,17,10,8482.25,4,5,5,Champion
CUST-02349,63,3,2051.38,3,1,1,Lost / Hibernating
CUST-02350,17,8,5940.21,4,5,4,Champion
CUST-02351,32,7,6434.92,4,4,5,Champion
CUST-02352,165,5,4426.91,1,3,3,Loyal Customer
CUST-02353,3,5,3636.7100000000005,5,3,3,Loyal Customer
CUST-02354,45,6,4951.79,3,4,4,Loyal Customer
CUST-02355,121,4,2678.67,1,2,2,Lost / Hibernating
CUST-02356,7,4,4045.32,5,2,3,New Potential
CUST-02357,306,1,558.82,1,1,1,Lost / Hibernating
CUST-02358,31,6,5389.84,4,4,4,Champion
CUST-02359,3,1,571.58,5,1,1,New Potential
CUST-02360,117,3,3801.01,2,1,3,Lost / Hibernating
CUST-02361,18,6,7880.88,4,4,5,Champion
CUST-02362,122,3,1771.35,1,1,1,Lost / Hibernating
CUST-02363,28,7,8358.09,4,4,5,Champion
CUST-02364,79,4,5735.96,2,2,4,Lost / Hibernating
CUST-02365,97,5,4636.34,2,3,4,Loyal Customer
CUST-02366,36,8,7954.63,4,5,5,Champion
CUST-02367,25,7,8730.15,4,4,5,Champion
CUST-02368,72,2,3117.09,2,1,2,Lost / Hibernating
CUST-02369,48,4,3316.06,3,2,2,Lost / Hibernating
CUST-02370,55,6,6354.32,3,4,5,Loyal Customer
CUST-02371,112,12,8875.07,2,5,5,Loyal Customer
CUST-02372,33,5,4649.75,4,3,4,Loyal Customer
CUST-02373,28,6,4225.37,4,4,3,Champion
CUST-02374,16,5,4721.34,5,3,4,Loyal Customer
CUST-02375,95,3,4486.6,2,1,3,Lost / Hibernating
CUST-02376,105,7,5149.02,2,4,4,Loyal Customer
CUST-02377,95,6,5191.82,2,4,4,Loyal Customer
CUST-02378,152,4,2547.26,1,2,2,Lost / Hibernating
CUST-02379,82,9,7211.12,2,5,5,Loyal Customer
CUST-02380,53,4,3705.41,3,2,3,Lost / Hibernating
CUST-02381,46,9,5973.4,3,5,4,Loyal Customer
CUST-02382,2,8,6954.110000000001,5,5,5,Champion
CUST-02383,27,7,7090.68,4,4,5,Champion
CUST-02384,196,3,1667.8400000000001,1,1,1,Lost / Hibernating
CUST-02385,41,7,4229.88,3,4,3,Loyal Customer
CUST-02386,29,6,6825.5599999999995,4,4,5,Champion
CUST-02387,61,3,3518.11,3,1,3,Lost / Hibernating
CUST-02388,14,6,3927.54,5,4,3,Champion
CUST-02389,41,5,3290.04,3,3,2,Lost / Hibernating
CUST-02390,15,2,2342.73,5,1,2,New Potential
CUST-02391,148,3,1354.93,1,1,1,Lost / Hibernating
CUST-02392,2,4,2039.3399999999997,5,2,1,New Potential
CUST-02393,2,2,2489.28,5,1,2,New Potential
CUST-02394,95,3,1460.99,2,1,1,Lost / Hibernating
CUST-02395,56,5,2963.76,3,3,2,Lost / Hibernating
CUST-02396,231,2,1598.98,1,1,1,Lost / Hibernating
CUST-02397,17,5,3589.34,4,3,3,Loyal Customer
CUST-02398,21,5,3257.1099999999997,4,3,2,Lost / Hibernating
CUST-02399,60,4,3613.1299999999997,3,2,3,Lost / Hibernating
CUST-02400,232,2,2678.41,1,1,2,Lost / Hibernating
CUST-02401,111,2,3517.83,2,1,3,Lost / Hibernating
CUST-02402,23,10,6819.43,4,5,5,Champion
CUST-02403,15,9,10543.34,5,5,5,Champion
CUST-02404,10,7,8198.93,5,4,5,Champion
CUST-02405,80,5,4069.94,2,3,3,Loyal Customer
CUST-02406,28,5,5680.3099999999995,4,3,4,Loyal Customer
CUST-02407,16,6,2748.94,5,4,2,Champion
CUST-02408,53,4,2992.23,3,2,2,Lost / Hibernating
CUST-02409,58,5,6888.88,3,3,5,Loyal Customer
CUST-02410,91,5,3429.21,2,3,3,Loyal Customer
CUST-02411,181,5,4092.77,1,3,3,Loyal Customer
CUST-02412,29,7,5562.06,4,4,4,Champion
CUST-02413,25,2,3271.63,4,1,2,New Potential
CUST-02414,277,3,3010.38,1,1,2,Lost / Hibernating
CUST-02415,209,5,5366.599999999999,1,3,4,Loyal Customer
CUST-02416,85,4,4611.849999999999,2,2,4,Lost / Hibernating
CUST-02417,19,9,6190.87,4,5,5,Champion
CUST-02418,31,10,8358.19,4,5,5,Champion
CUST-02419,159,5,4353.99,1,3,3,Loyal Customer
CUST-02420,40,8,6662.92,3,5,5,Loyal Customer
CUST-02421,34,3,2216.2,4,1,1,New Potential
CUST-02422,18,7,4548.5,4,4,3,Champion
CUST-02423,216,3,2014.33,1,1,1,Lost / Hibernating
CUST-02424,40,2,1178.8,3,1,1,Lost / Hibernating
CUST-02425,99,3,1039.29,2,1,1,Lost / Hibernating
CUST-02426,88,4,2575.4100000000003,2,2,2,Lost / Hibernating
CUST-02427,8,9,5358.639999999999,5,5,4,Champion
CUST-02428,212,4,3973.1000000000004,1,2,3,Lost / Hibernating
CUST-02429,92,2,585.03,2,1,1,Lost / Hibernating
CUST-02430,88,5,3397.75,2,3,2,At Risk
CUST-02431,19,7,3516.83,4,4,3,Champion
CUST-02432,142,3,2518.4700000000003,1,1,2,Lost / Hibernating
CUST-02433,53,5,3300.64,3,3,2,Lost / Hibernating
CUST-02435,93,2,1709.15,2,1,1,Lost / Hibernating
CUST-02436,10,5,3857.55,5,3,3,Loyal Customer
CUST-02437,27,6,2974.2,4,4,2,Champion
CUST-02438,55,6,6388.7,3,4,5,Loyal Customer
CUST-02439,103,3,3379.01,2,1,2,Lost / Hibernating
CUST-02440,72,4,1912.6100000000001,2,2,1,Lost / Hibernating
CUST-02441,80,6,5240.16,2,4,4,Loyal Customer
CUST-02442,291,5,4205.5,1,3,3,Loyal Customer
CUST-02443,41,10,8731.0,3,5,5,Loyal Customer
CUST-02444,209,3,3273.59,1,1,2,Lost / Hibernating
CUST-02445,46,3,1412.74,3,1,1,Lost / Hibernating
CUST-02446,27,6,4020.78,4,4,3,Champion
CUST-02447,33,7,5556.34,4,4,4,Champion
CUST-02448,28,4,2659.62,4,2,2,New Potential
CUST-02449,55,5,4293.12,3,3,3,Loyal Customer
CUST-02450,29,5,4076.94,4,3,3,Loyal Customer
CUST-02451,114,2,638.1800000000001,2,1,1,Lost / Hibernating
CUST-02452,59,6,3497.0,3,4,3,Loyal Customer
CUST-02453,43,5,3075.9700000000003,3,3,2,Lost / Hibernating
CUST-02454,51,9,7867.67,3,5,5,Loyal Customer
CUST-02455,107,4,2455.24,2,2,2,Lost / Hibernating
CUST-02456,62,6,8007.48,3,4,5,Loyal Customer
CUST-02457,38,4,2075.11,3,2,1,Lost / Hibernating
CUST-02458,166,2,1269.4899999999998,1,1,1,Lost / Hibernating
CUST-02459,112,3,1575.1599999999999,2,1,1,Lost / Hibernating
CUST-02460,55,8,9152.05,3,5,5,Loyal Customer
CUST-02461,33,5,4231.02,4,3,3,Loyal Customer
CUST-02462,95,7,4404.34,2,4,3,Loyal Customer
CUST-02463,41,4,2358.34,3,2,2,Lost / Hibernating
CUST-02464,155,3,4309.72,1,1,3,Lost / Hibernating
CUST-02465,87,5,5675.36,2,3,4,Loyal Customer
CUST-02466,20,6,3761.78,4,4,3,Champion
CUST-02467,47,6,5621.9400000000005,3,4,4,Loyal Customer
CUST-02468,200,1,347.02,1,1,1,Lost / Hibernating
CUST-02469,97,8,5733.2300000000005,2,5,4,Loyal Customer
CUST-02470,24,9,5692.37,4,5,4,Champion
CUST-02471,22,3,1888.0600000000002,4,1,1,New Potential
CUST-02472,63,10,8023.91,3,5,5,Loyal Customer
CUST-02473,86,3,2362.9700000000003,2,1,2,Lost / Hibernating
CUST-02474,23,4,3657.25,4,2,3,New Potential
CUST-02475,73,4,3587.99,2,2,3,Lost / Hibernating
CUST-02476,203,2,2391.65,1,1,2,Lost / Hibernating
CUST-02477,155,4,3450.5,1,2,3,Lost / Hibernating
CUST-02478,92,4,2310.76,2,2,2,Lost / Hibernating
CUST-02479,28,5,5357.72,4,3,4,Loyal Customer
CUST-02480,128,6,8521.23,1,4,5,Loyal Customer
CUST-02481,16,5,4270.92,5,3,3,Loyal Customer
CUST-02482,61,7,7063.05,3,4,5,Loyal Customer
CUST-02483,26,6,4152.19,4,4,3,Champion
CUST-02484,22,10,11717.4,4,5,5,Champion
CUST-02485,37,7,7919.24,4,4,5,Champion
CUST-02486,35,10,13168.09,4,5,5,Champion
CUST-02487,4,3,4101.08,5,1,3,New Potential
CUST-02488,4,2,2527.38,5,1,2,New Potential
CUST-02489,104,4,3337.12,2,2,2,Lost / Hibernating
CUST-02490,146,2,3436.45,1,1,3,Lost / Hibernating
CUST-02491,44,10,7968.1,3,5,5,Loyal Customer
CUST-02492,59,6,3161.4,3,4,2,Lost / Hibernating
CUST-02493,120,3,1747.85,1,1,1,Lost / Hibernating
CUST-02494,47,8,6853.93,3,5,5,Loyal Customer
CUST-02495,13,5,5228.36,5,3,4,Loyal Customer
CUST-02496,56,9,5664.1,3,5,4,Loyal Customer
CUST-02497,134,3,1874.99,1,1,1,Lost / Hibernating
CUST-02498,14,5,3692.32,5,3,3,Loyal Customer
CUST-02499,25,8,7160.09,4,5,5,Champion
CUST-02500,164,3,2186.05,1,1,1,Lost / Hibernating
CUST-02501,92,5,3409.61,2,3,3,Loyal Customer
CUST-02502,53,5,6253.77,3,3,5,Loyal Customer
CUST-02503,17,9,7811.16,4,5,5,Champion
CUST-02504,15,2,1406.62,5,1,1,New Potential
CUST-02505,14,6,5545.34,5,4,4,Champion
CUST-02506,71,15,12921.73,2,5,5,Loyal Customer
CUST-02507,37,8,5442.53,4,5,4,Champion
CUST-02508,32,2,1104.99,4,1,1,New Potential
CUST-02509,164,2,2627.6,1,1,2,Lost / Hibernating
CUST-02510,105,9,5116.04,2,5,4,Loyal Customer
CUST-02511,3,3,3953.47,5,1,3,New Potential
CUST-02512,22,8,5776.54,4,5,4,Champion
CUST-02513,104,3,3042.4300000000003,2,1,2,Lost / Hibernating
CUST-02514,42,5,5672.93,3,3,4,Loyal Customer
CUST-02515,39,4,2886.48,3,2,2,Lost / Hibernating
CUST-02516,58,3,2814.93,3,1,2,Lost / Hibernating
CUST-02517,81,4,2506.17,2,2,2,Lost / Hibernating
CUST-02518,56,11,8496.86,3,5,5,Loyal Customer
CUST-02519,214,2,666.8499999999999,1,1,1,Lost / Hibernating
CUST-02520,207,2,997.0799999999999,1,1,1,Lost / Hibernating
CUST-02521,96,5,2697.4900000000002,2,3,2,At Risk
CUST-02522,108,10,8862.369999999999,2,5,5,Loyal Customer
CUST-02523,39,2,2739.92,3,1,2,Lost / Hibernating
CUST-02524,93,4,1978.94,2,2,1,Lost / Hibernating
CUST-02525,50,5,4008.0,3,3,3,Loyal Customer
CUST-02526,11,4,2711.29,5,2,2,New Potential
CUST-02527,4,5,4353.47,5,3,3,Loyal Customer
CUST-02528,45,4,2138.95,3,2,1,Lost / Hibernating
CUST-02529,10,5,3160.4700000000003,5,3,2,Lost / Hibernating
CUST-02530,187,2,1305.1100000000001,1,1,1,Lost / Hibernating
CUST-02531,305,1,798.91,1,1,1,Lost / Hibernating
CUST-02532,176,2,2137.6,1,1,1,Lost / Hibernating
CUST-02533,152,3,4790.87,1,1,4,Lost / Hibernating
CUST-02534,148,4,4496.889999999999,1,2,3,Lost / Hibernating
CUST-02535,84,2,1722.88,2,1,1,Lost / Hibernating
CUST-02537,116,5,3667.33,2,3,3,Loyal Customer
CUST-02538,71,4,2242.22,2,2,1,Lost / Hibernating
CUST-02539,16,5,5544.79,5,3,4,Loyal Customer
CUST-02540,4,5,3633.67,5,3,3,Loyal Customer
CUST-02541,125,4,5640.099999999999,1,2,4,Lost / Hibernating
CUST-02542,22,4,4795.92,4,2,4,New Potential
CUST-02543,156,4,2190.69,1,2,1,Lost / Hibernating
CUST-02544,103,6,6515.82,2,4,5,Loyal Customer
CUST-02545,60,3,3848.4500000000003,3,1,3,Lost / Hibernating
CUST-02546,40,4,2034.1599999999999,3,2,1,Lost / Hibernating
CUST-02547,188,3,2201.99,1,1,1,Lost / Hibernating
CUST-02548,51,10,7413.41,3,5,5,Loyal Customer
CUST-02549,36,8,4125.32,4,5,3,Champion
CUST-02550,146,2,1790.73,1,1,1,Lost / Hibernating
CUST-02551,17,7,4683.84,4,4,4,Champion
CUST-02552,77,4,2735.11,2,2,2,Lost / Hibernating
CUST-02553,87,4,7310.68,2,2,5,Lost / Hibernating
CUST-02554,7,9,6762.77,5,5,5,Champion
CUST-02555,71,4,3431.1,2,2,3,Lost / Hibernating
CUST-02556,98,4,4254.7699999999995,2,2,3,Lost / Hibernating
CUST-02557,31,4,3798.54,4,2,3,New Potential
CUST-02558,149,5,5542.8099999999995,1,3,4,Loyal Customer
CUST-02559,60,5,2307.9,3,3,2,Lost / Hibernating
CUST-02560,193,3,1248.21,1,1,1,Lost / Hibernating
CUST-02561,17,7,6960.75,4,4,5,Champion
CUST-02562,60,5,5353.54,3,3,4,Loyal Customer
CUST-02563,55,6,5106.13,3,4,4,Loyal Customer
CUST-02564,6,4,3497.81,5,2,3,New Potential
CUST-02565,139,4,2012.11,1,2,1,Lost / Hibernating
CUST-02566,155,2,1700.62,1,1,1,Lost / Hibernating
CUST-02567,32,7,6974.99,4,4,5,Champion
CUST-02568,115,2,3136.29,2,1,2,Lost / Hibernating
CUST-02569,67,3,3534.1500000000005,2,1,3,Lost / Hibernating
CUST-02570,4,6,3399.54,5,4,2,Champion
CUST-02571,20,2,1948.88,4,1,1,New Potential
CUST-02572,26,4,3492.6800000000003,4,2,3,New Potential
CUST-02573,135,3,1375.56,1,1,1,Lost / Hibernating
CUST-02574,150,4,1137.8200000000002,1,2,1,Lost / Hibernating
CUST-02575,235,2,301.49,1,1,1,Lost / Hibernating
CUST-02576,54,4,3437.43,3,2,3,Lost / Hibernating
CUST-02577,92,5,4219.17,2,3,3,Loyal Customer
CUST-02578,32,5,3162.49,4,3,2,Lost / Hibernating
CUST-02579,8,6,5363.41,5,4,4,Champion
CUST-02580,65,4,2223.66,3,2,1,Lost / Hibernating
CUST-02581,103,5,4721.28,2,3,4,Loyal Customer
CUST-02582,2,6,2955.4700000000003,5,4,2,Champion
CUST-02583,25,5,2166.12,4,3,1,Lost / Hibernating
CUST-02584,52,6,3823.12,3,4,3,Loyal Customer
CUST-02585,65,5,2359.83,3,3,2,Lost / Hibernating
CUST-02586,32,10,7859.299999999999,4,5,5,Champion
CUST-02587,30,10,7027.66,4,5,5,Champion
CUST-02588,97,5,5694.43,2,3,4,Loyal Customer
CUST-02589,13,3,3056.07,5,1,2,New Potential
CUST-02590,39,7,5515.379999999999,3,4,4,Loyal Customer
CUST-02591,173,1,386.61,1,1,1,Lost / Hibernating
CUST-02592,130,2,1127.0,1,1,1,Lost / Hibernating
CUST-02593,82,5,2357.4300000000003,2,3,2,At Risk
CUST-02594,83,3,1042.38,2,1,1,Lost / Hibernating
CUST-02595,20,6,4139.48,4,4,3,Champion
CUST-02596,40,6,3341.4700000000003,3,4,2,Lost / Hibernating
CUST-02597,22,5,5744.070000000001,4,3,4,Loyal Customer
CUST-02598,10,13,12829.79,5,5,5,Champion
CUST-02599,15,9,8015.38,5,5,5,Champion
CUST-02600,14,2,525.0899999999999,5,1,1,New Potential
CUST-02601,24,6,4319.99,4,4,3,Champion
CUST-02602,10,5,5685.59,5,3,4,Loyal Customer
CUST-02603,29,4,3056.09,4,2,2,New Potential
CUST-02604,115,3,2213.43,2,1,1,Lost / Hibernating
CUST-02605,230,4,2731.61,1,2,2,Lost / Hibernating
CUST-02606,110,6,7225.42,2,4,5,Loyal Customer
CUST-02607,64,6,6097.54,3,4,5,Loyal Customer
CUST-02608,26,5,3354.2200000000003,4,3,2,Lost / Hibernating
CUST-02609,14,1,558.82,5,1,1,New Potential
CUST-02610,78,2,709.1600000000001,2,1,1,Lost / Hibernating
CUST-02611,122,3,1305.49,1,1,1,Lost / Hibernating
CUST-02612,30,5,4302.88,4,3,3,Loyal Customer
CUST-02613,80,4,4961.5199999999995,2,2,4,Lost / Hibernating
CUST-02614,5,7,4462.42,5,4,3,Champion
CUST-02615,93,2,1557.43,2,1,1,Lost / Hibernating
CUST-02617,44,5,4660.47,3,3,4,Loyal Customer
CUST-02618,8,4,2644.57,5,2,2,New Potential
CUST-02619,66,5,3477.58,3,3,3,Loyal Customer
CUST-02620,73,6,4265.26,2,4,3,Loyal Customer
CUST-02621,52,3,3515.25,3,1,3,Lost / Hibernating
CUST-02622,6,4,2994.01,5,2,2,New Potential
CUST-02623,62,3,2868.87,3,1,2,Lost / Hibernating
CUST-02624,109,4,2295.42,2,2,2,Lost / Hibernating
CUST-02625,30,6,7451.74,4,4,5,Champion
CUST-02626,33,5,9500.25,4,3,5,Loyal Customer
CUST-02627,63,5,4460.04,3,3,3,Loyal Customer
CUST-02628,9,5,5471.7300000000005,5,3,4,Loyal Customer
CUST-02629,113,4,2140.86,2,2,1,Lost / Hibernating
CUST-02630,56,4,2329.77,3,2,2,Lost / Hibernating
CUST-02631,29,3,2382.13,4,1,2,New Potential
CUST-02632,72,3,3816.75,2,1,3,Lost / Hibernating
CUST-02633,2,5,2754.68,5,3,2,Lost / Hibernating
CUST-02634,16,5,4916.46,5,3,4,Loyal Customer
CUST-02635,49,6,4145.7,3,4,3,Loyal Customer
CUST-02636,29,4,2647.7400000000002,4,2,2,New Potential
CUST-02637,115,4,2055.35,2,2,1,Lost / Hibernating
CUST-02638,85,3,1890.81,2,1,1,Lost / Hibernating
CUST-02639,63,3,2129.64,3,1,1,Lost / Hibernating
CUST-02640,26,3,2505.11,4,1,2,New Potential
CUST-02641,23,11,10319.27,4,5,5,Champion
CUST-02642,218,3,4161.53,1,1,3,Lost / Hibernating
CUST-02643,36,8,5184.530000000001,4,5,4,Champion
CUST-02644,60,9,7850.32,3,5,5,Loyal Customer
CUST-02645,34,8,7302.02,4,5,5,Champion
CUST-02646,78,5,2443.75,2,3,2,At Risk
CUST-02647,122,4,6129.0,1,2,5,Lost / Hibernating
CUST-02648,365,1,1164.8,1,1,1,Lost / Hibernating
CUST-02649,69,3,1744.71,2,1,1,Lost / Hibernating
CUST-02650,155,5,3800.29,1,3,3,Loyal Customer
CUST-02651,2,5,5331.04,5,3,4,Loyal Customer
CUST-02652,71,6,3364.16,2,4,2,At Risk
CUST-02653,13,11,9205.42,5,5,5,Champion
CUST-02654,107,2,1670.66,2,1,1,Lost / Hibernating
CUST-02655,2,5,2453.23,5,3,2,Lost / Hibernating
CUST-02656,40,6,3203.1099999999997,3,4,2,Lost / Hibernating
CUST-02657,63,5,8126.66,3,3,5,Loyal Customer
CUST-02658,67,4,1831.24,2,2,1,Lost / Hibernating
CUST-02659,1,7,8212.01,5,4,5,Champion
CUST-02660,99,3,3042.62,2,1,2,Lost / Hibernating
CUST-02662,9,4,5636.91,5,2,4,New Potential
CUST-02663,34,2,2777.69,4,1,2,New Potential
CUST-02664,34,5,3129.98,4,3,2,Lost / Hibernating
CUST-02665,11,5,6574.41,5,3,5,Loyal Customer
CUST-02666,3,6,2923.84,5,4,2,Champion
CUST-02667,50,8,11121.77,3,5,5,Loyal Customer
CUST-02668,64,4,1253.5700000000002,3,2,1,Lost / Hibernating
CUST-02669,304,1,1082.42,1,1,1,Lost / Hibernating
CUST-02670,78,3,1828.38,2,1,1,Lost / Hibernating
CUST-02671,70,5,5280.0599999999995,2,3,4,Loyal Customer
CUST-02672,249,4,3835.76,1,2,3,Lost / Hibernating
CUST-02673,27,5,5231.0199999999995,4,3,4,Loyal Customer
CUST-02674,65,4,4078.4,3,2,3,Lost / Hibernating
CUST-02675,88,3,1595.26,2,1,1,Lost / Hibernating
CUST-02676,79,5,6450.98,2,3,5,Loyal Customer
CUST-02677,149,2,1475.04,1,1,1,Lost / Hibernating
CUST-02678,5,5,3473.9,5,3,3,Loyal Customer
CUST-02679,22,2,2580.52,4,1,2,New Potential
CUST-02680,75,5,6257.43,2,3,5,Loyal Customer
CUST-02681,41,3,4560.82,3,1,3,Lost / Hibernating
CUST-02682,16,6,2345.08,5,4,2,Champion
CUST-02683,198,4,2865.27,1,2,2,Lost / Hibernating
CUST-02684,38,8,4134.57,3,5,3,Loyal Customer
CUST-02685,47,4,2847.7,3,2,2,Lost / Hibernating
CUST-02686,47,4,2763.76,3,2,2,Lost / Hibernating
CUST-02687,6,6,4689.37,5,4,4,Champion
CUST-02688,64,4,3804.08,3,2,3,Lost / Hibernating
CUST-02689,13,11,7514.33,5,5,5,Champion
CUST-02690,8,8,7843.4400000000005,5,5,5,Champion
CUST-02691,18,4,2773.74,4,2,2,New Potential
CUST-02692,272,2,1847.33,1,1,1,Lost / Hibernating
CUST-02693,19,2,777.99,4,1,1,New Potential
CUST-02694,184,4,2643.48,1,2,2,Lost / Hibernating
CUST-02695,83,4,2577.54,2,2,2,Lost / Hibernating
CUST-02696,12,3,3178.02,5,1,2,New Potential
CUST-02697,63,3,2780.12,3,1,2,Lost / Hibernating
CUST-02698,105,5,3586.0899999999997,2,3,3,Loyal Customer
CUST-02699,29,8,6380.96,4,5,5,Champion
CUST-02700,60,5,3213.4300000000003,3,3,2,Lost / Hibernating
CUST-02701,30,5,2081.0699999999997,4,3,1,Lost / Hibernating
CUST-02702,33,4,1943.48,4,2,1,New Potential
CUST-02703,8,5,6309.14,5,3,5,Loyal Customer
CUST-02704,83,7,6827.14,2,4,5,Loyal Customer
CUST-02705,113,2,1578.44,2,1,1,Lost / Hibernating
CUST-02706,55,3,3567.17,3,1,3,Lost / Hibernating
CUST-02707,3,6,3824.89,5,4,3,Champion
CUST-02708,79,5,4902.95,2,3,4,Loyal Customer
CUST-02709,139,4,4356.35,1,2,3,Lost / Hibernating
CUST-02710,6,5,5225.77,5,3,4,Loyal Customer
CUST-02711,1,4,4210.01,5,2,3,New Potential
CUST-02712,107,5,6227.57,2,3,5,Loyal Customer
CUST-02713,118,7,5610.4,1,4,4,Loyal Customer
CUST-02715,57,5,3086.45,3,3,2,Lost / Hibernating
CUST-02716,102,6,7675.16,2,4,5,Loyal Customer
CUST-02717,206,6,6673.69,1,4,5,Loyal Customer
CUST-02718,12,5,6960.76,5,3,5,Loyal Customer
CUST-02719,236,3,3043.38,1,1,2,Lost / Hibernating
CUST-02720,14,7,6182.45,5,4,5,Champion
CUST-02721,185,2,2047.76,1,1,1,Lost / Hibernating
CUST-02722,114,4,4251.18,2,2,3,Lost / Hibernating
CUST-02723,12,6,5218.51,5,4,4,Champion
CUST-02724,123,3,1850.93,1,1,1,Lost / Hibernating
CUST-02725,7,6,5443.0,5,4,4,Champion
CUST-02726,5,8,8476.75,5,5,5,Champion
CUST-02727,138,6,5533.14,1,4,4,Loyal Customer
CUST-02728,11,8,7734.13,5,5,5,Champion
CUST-02729,70,5,4317.389999999999,2,3,3,Loyal Customer
CUST-02730,73,8,6566.64,2,5,5,Loyal Customer
CUST-02731,4,6,5421.89,5,4,4,Champion
CUST-02732,20,11,8211.8,4,5,5,Champion
CUST-02733,21,11,6240.95,4,5,5,Champion
CUST-02734,71,3,5106.66,2,1,4,Lost / Hibernating
CUST-02735,36,6,5359.29,4,4,4,Champion
CUST-02736,22,5,2589.77,4,3,2,Lost / Hibernating
CUST-02737,232,3,3261.83,1,1,2,Lost / Hibernating
CUST-02738,4,2,1720.72,5,1,1,New Potential
CUST-02739,46,7,4371.18,3,4,3,Loyal Customer
CUST-02740,69,5,4876.57,2,3,4,Loyal Customer
CUST-02741,11,4,3015.86,5,2,2,New Potential
CUST-02742,4,6,4285.52,5,4,3,Champion
CUST-02743,126,3,3300.9300000000003,1,1,2,Lost / Hibernating
CUST-02744,80,6,4841.41,2,4,4,Loyal Customer
CUST-02745,44,3,1799.9999999999998,3,1,1,Lost / Hibernating
CUST-02746,121,3,2182.1,1,1,1,Lost / Hibernating
CUST-02747,48,2,2986.08,3,1,2,Lost / Hibernating
CUST-02748,11,4,4145.1900000000005,5,2,3,New Potential
CUST-02749,12,11,7161.98,5,5,5,Champion
CUST-02750,13,7,7668.83,5,4,5,Champion
CUST-02751,208,5,4508.79,1,3,3,Loyal Customer
CUST-02752,140,4,4505.53,1,2,3,Lost / Hibernating
CUST-02753,86,7,4928.530000000001,2,4,4,Loyal Customer
CUST-02754,28,6,3619.34,4,4,3,Champion
CUST-02755,50,8,7531.63,3,5,5,Loyal Customer
CUST-02756,17,4,1855.3400000000001,4,2,1,New Potential
CUST-02757,304,1,1064.19,1,1,1,Lost / Hibernating
CUST-02758,189,2,2763.8199999999997,1,1,2,Lost / Hibernating
CUST-02759,167,3,1533.1499999999999,1,1,1,Lost / Hibernating
CUST-02760,78,5,5622.28,2,3,4,Loyal Customer
CUST-02761,89,5,2125.63,2,3,1,At Risk
CUST-02762,162,5,3930.9700000000003,1,3,3,Loyal Customer
CUST-02763,7,7,5186.58,5,4,4,Champion
CUST-02764,59,4,3890.8599999999997,3,2,3,Lost / Hibernating
CUST-02765,59,7,5922.39,3,4,4,Loyal Customer
CUST-02766,23,6,7904.59,4,4,5,Champion
CUST-02767,13,9,6274.8099999999995,5,5,5,Champion
CUST-02768,171,4,2355.0299999999997,1,2,2,Lost / Hibernating
CUST-02769,119,8,7294.320000000001,1,5,5,Loyal Customer
CUST-02770,131,3,2252.48,1,1,1,Lost / Hibernating
CUST-02771,77,6,2388.11,2,4,2,At Risk
CUST-02772,27,8,7321.799999999999,4,5,5,Champion
CUST-02773,71,1,1620.0,2,1,1,Lost / Hibernating
CUST-02774,97,5,4563.26,2,3,3,Loyal Customer
CUST-02775,12,7,3923.37,5,4,3,Champion
CUST-02776,24,5,3291.78,4,3,2,Lost / Hibernating
CUST-02777,232,5,3355.4100000000003,1,3,2,At Risk
CUST-02778,347,1,1728.48,1,1,1,Lost / Hibernating
CUST-02779,52,2,775.03,3,1,1,Lost / Hibernating
CUST-02780,15,10,11242.14,5,5,5,Champion
CUST-02781,88,5,2964.05,2,3,2,At Risk
CUST-02782,7,10,8385.72,5,5,5,Champion
CUST-02783,147,6,4787.13,1,4,4,Loyal Customer
CUST-02784,31,4,2610.0,4,2,2,New Potential
CUST-02785,36,5,3765.29,4,3,3,Loyal Customer
CUST-02786,64,10,7229.69,3,5,5,Loyal Customer
CUST-02787,19,4,3994.46,4,2,3,New Potential
CUST-02788,38,5,6674.67,3,3,5,Loyal Customer
CUST-02789,35,4,2932.62,4,2,2,New Potential
CUST-02790,69,7,7561.89,2,4,5,Loyal Customer
CUST-02791,56,7,4455.23,3,4,3,Loyal Customer
CUST-02792,27,7,5220.74,4,4,4,Champion
CUST-02793,183,3,2476.67,1,1,2,Lost / Hibernating
CUST-02794,15,4,5881.12,5,2,4,New Potential
CUST-02795,76,3,1364.2,2,1,1,Lost / Hibernating
CUST-02796,89,4,2632.37,2,2,2,Lost / Hibernating
CUST-02797,95,5,7536.3,2,3,5,Loyal Customer
CUST-02798,20,5,4702.14,4,3,4,Loyal Customer
CUST-02799,49,1,1753.22,3,1,1,Lost / Hibernating
CUST-02800,63,5,6565.03,3,3,5,Loyal Customer
CUST-02801,44,4,1545.26,3,2,1,Lost / Hibernating
CUST-02802,118,3,1026.17,1,1,1,Lost / Hibernating
CUST-02803,9,8,5328.4400000000005,5,5,4,Champion
CUST-02804,17,8,4134.68,4,5,3,Champion
CUST-02805,7,7,6164.04,5,4,5,Champion
CUST-02806,4,9,8004.48,5,5,5,Champion
CUST-02807,9,4,6030.389999999999,5,2,4,New Potential
CUST-02808,55,8,5479.93,3,5,4,Loyal Customer
CUST-02809,168,3,2275.44,1,1,2,Lost / Hibernating
CUST-02810,39,5,3866.6,3,3,3,Loyal Customer
CUST-02811,87,4,4767.36,2,2,4,Lost / Hibernating
CUST-02812,142,1,627.39,1,1,1,Lost / Hibernating
CUST-02813,125,3,3406.58,1,1,3,Lost / Hibernating
CUST-02814,21,6,7566.08,4,4,5,Champion
CUST-02815,51,4,1906.98,3,2,1,Lost / Hibernating
CUST-02816,27,6,3971.29,4,4,3,Champion
CUST-02817,111,5,3314.5,2,3,2,At Risk
CUST-02818,48,6,3314.95,3,4,2,Lost / Hibernating
CUST-02819,26,6,3768.44,4,4,3,Champion
CUST-02820,74,3,1711.78,2,1,1,Lost / Hibernating
CUST-02821,30,6,5117.76,4,4,4,Champion
CUST-02822,47,2,1052.3999999999999,3,1,1,Lost / Hibernating
CUST-02823,15,5,3398.96,5,3,2,Lost / Hibernating
CUST-02824,149,5,3186.79,1,3,2,At Risk
CUST-02825,48,3,1664.94,3,1,1,Lost / Hibernating
CUST-02826,1,14,11519.34,5,5,5,Champion
CUST-02827,27,6,4723.29,4,4,4,Champion
CUST-02828,67,4,4212.02,2,2,3,Lost / Hibernating
CUST-02829,52,10,10382.09,3,5,5,Loyal Customer
CUST-02830,59,10,7498.93,3,5,5,Loyal Customer
CUST-02831,55,1,2527.27,3,1,2,Lost / Hibernating
CUST-02832,98,6,5570.7300000000005,2,4,4,Loyal Customer
CUST-02833,71,4,4241.43,2,2,3,Lost / Hibernating
CUST-02834,3,4,2765.9399999999996,5,2,2,New Potential
CUST-02835,3,4,2587.19,5,2,2,New Potential
CUST-02836,2,3,2844.7200000000003,5,1,2,New Potential
CUST-02837,219,1,1747.42,1,1,1,Lost / Hibernating
CUST-02838,58,5,4368.92,3,3,3,Loyal Customer
CUST-02839,61,5,4583.87,3,3,4,Loyal Customer
CUST-02840,212,3,2879.06,1,1,2,Lost / Hibernating
CUST-02842,86,4,3395.16,2,2,2,Lost / Hibernating
CUST-02843,8,4,2615.94,5,2,2,New Potential
CUST-02844,45,6,4275.48,3,4,3,Loyal Customer
CUST-02845,41,8,6472.22,3,5,5,Loyal Customer
CUST-02846,6,7,4446.66,5,4,3,Champion
CUST-02847,19,4,2117.5600000000004,4,2,1,New Potential
CUST-02848,29,3,2680.44,4,1,2,New Potential
CUST-02849,85,5,4100.96,2,3,3,Loyal Customer
CUST-02850,83,11,11284.83,2,5,5,Loyal Customer
CUST-02851,240,3,987.97,1,1,1,Lost / Hibernating
CUST-02852,128,4,3258.4500000000003,1,2,2,Lost / Hibernating
CUST-02853,30,6,5505.92,4,4,4,Champion
CUST-02854,61,7,6252.98,3,4,5,Loyal Customer
CUST-02855,172,6,4790.01,1,4,4,Loyal Customer
CUST-02856,59,4,2246.76,3,2,1,Lost / Hibernating
CUST-02857,4,8,6443.52,5,5,5,Champion
CUST-02858,36,3,1701.57,4,1,1,New Potential
CUST-02859,57,7,5988.23,3,4,4,Loyal Customer
CUST-02860,8,4,2139.69,5,2,1,New Potential
CUST-02861,9,3,5398.860000000001,5,1,4,New Potential
CUST-02862,33,8,10328.07,4,5,5,Champion
CUST-02863,170,3,2465.25,1,1,2,Lost / Hibernating
CUST-02864,41,6,3056.18,3,4,2,Lost / Hibernating
CUST-02865,82,4,6249.35,2,2,5,Lost / Hibernating
CUST-02866,1,7,8507.71,5,4,5,Champion
CUST-02867,17,5,3279.33,4,3,2,Lost / Hibernating
CUST-02868,20,12,10618.33,4,5,5,Champion
CUST-02869,24,8,5057.4400000000005,4,5,4,Champion
CUST-02870,145,6,4242.84,1,4,3,Loyal Customer
CUST-02871,100,3,4016.6,2,1,3,Lost / Hibernating
CUST-02872,27,5,2749.01,4,3,2,Lost / Hibernating
CUST-02873,258,1,2041.52,1,1,1,Lost / Hibernating
CUST-02874,83,3,1726.95,2,1,1,Lost / Hibernating
CUST-02875,78,7,4708.79,2,4,4,Loyal Customer
CUST-02876,11,5,2713.78,5,3,2,Lost / Hibernating
CUST-02877,11,2,1261.3600000000001,5,1,1,New Potential
CUST-02878,83,7,6567.3099999999995,2,4,5,Loyal Customer
CUST-02879,15,3,4259.29,5,1,3,New Potential
CUST-02880,163,3,2970.1400000000003,1,1,2,Lost / Hibernating
CUST-02881,16,7,5389.57,5,4,4,Champion
CUST-02882,4,6,6690.9,5,4,5,Champion
CUST-02883,41,5,5115.53,3,3,4,Loyal Customer
CUST-02884,87,5,4050.41,2,3,3,Loyal Customer
CUST-02885,129,3,2200.36,1,1,1,Lost / Hibernating
CUST-02886,35,5,4640.07,4,3,4,Loyal Customer
CUST-02887,3,11,6489.12,5,5,5,Champion
CUST-02888,116,4,2792.9700000000003,2,2,2,Lost / Hibernating
CUST-02889,66,3,1733.75,3,1,1,Lost / Hibernating
CUST-02890,20,5,3561.67,4,3,3,Loyal Customer
CUST-02891,232,1,693.22,1,1,1,Lost / Hibernating
CUST-02892,21,8,6765.81,4,5,5,Champion
CUST-02893,17,1,832.52,4,1,1,New Potential
CUST-02894,27,1,1227.07,4,1,1,New Potential
CUST-02895,38,6,4136.82,3,4,3,Loyal Customer
CUST-02896,33,8,5768.62,4,5,4,Champion
CUST-02897,150,6,4006.65,1,4,3,Loyal Customer
CUST-02898,36,6,4428.59,4,4,3,Champion
CUST-02899,21,3,2071.9,4,1,1,New Potential
CUST-02900,19,3,3900.5,4,1,3,New Potential
CUST-02901,13,13,7876.62,5,5,5,Champion
CUST-02902,27,5,5398.47,4,3,4,Loyal Customer
CUST-02903,38,4,2959.31,3,2,2,Lost / Hibernating
CUST-02904,43,5,3762.8,3,3,3,Loyal Customer
CUST-02905,174,3,2650.38,1,1,2,Lost / Hibernating
CUST-02906,183,3,1769.9,1,1,1,Lost / Hibernating
CUST-02907,34,4,2227.1400000000003,4,2,1,New Potential
CUST-02908,34,7,6161.23,4,4,5,Champion
CUST-02909,8,5,5564.0,5,3,4,Loyal Customer
CUST-02910,173,6,3766.09,1,4,3,Loyal Customer
CUST-02911,28,7,2920.16,4,4,2,Champion
CUST-02912,19,4,3365.96,4,2,2,New Potential
CUST-02913,22,5,3849.31,4,3,3,Loyal Customer
CUST-02914,15,7,6911.14,5,4,5,Champion
CUST-02915,18,4,2709.0299999999997,4,2,2,New Potential
CUST-02916,83,5,3924.53,2,3,3,Loyal Customer
CUST-02917,73,9,7816.53,2,5,5,Loyal Customer
CUST-02918,66,5,3906.9100000000003,3,3,3,Loyal Customer
CUST-02919,10,4,3039.2,5,2,2,New Potential
CUST-02920,34,9,7398.56,4,5,5,Champion
CUST-02921,17,7,4199.73,4,4,3,Champion
CUST-02922,81,5,3068.89,2,3,2,At Risk
CUST-02923,23,5,4340.33,4,3,3,Loyal Customer
CUST-02924,124,5,3523.15,1,3,3,Loyal Customer
CUST-02925,119,5,3097.09,1,3,2,At Risk
CUST-02926,43,5,2843.17,3,3,2,Lost / Hibernating
CUST-02927,60,3,2633.54,3,1,2,Lost / Hibernating
CUST-02928,3,4,4174.49,5,2,3,New Potential
CUST-02929,40,3,2740.21,3,1,2,Lost / Hibernating
CUST-02930,17,4,3360.69,4,2,2,New Potential
CUST-02931,154,4,5493.96,1,2,4,Lost / Hibernating
CUST-02932,30,7,7602.4,4,4,5,Champion
CUST-02933,20,8,6213.48,4,5,5,Champion
CUST-02934,3,9,7933.42,5,5,5,Champion
CUST-02935,16,7,5781.49,5,4,4,Champion
CUST-02936,93,3,2068.58,2,1,1,Lost / Hibernating
CUST-02937,11,5,5104.62,5,3,4,Loyal Customer
CUST-02938,26,3,2439.12,4,1,2,New Potential
CUST-02939,62,7,6313.37,3,4,5,Loyal Customer
CUST-02940,4,8,8601.72,5,5,5,Champion
CUST-02941,117,3,1494.67,2,1,1,Lost / Hibernating
CUST-02942,39,3,2308.34,3,1,2,Lost / Hibernating
CUST-02943,62,3,2007.7,3,1,1,Lost / Hibernating
CUST-02944,21,6,5670.530000000001,4,4,4,Champion
CUST-02945,53,7,6271.09,3,4,5,Loyal Customer
CUST-02946,8,3,3515.67,5,1,3,New Potential
CUST-02947,39,6,6812.68,3,4,5,Loyal Customer
CUST-02948,2,5,4435.09,5,3,3,Loyal Customer
CUST-02949,5,7,3881.02,5,4,3,Champion
CUST-02950,147,4,1939.0,1,2,1,Lost / Hibernating
CUST-02951,65,7,5526.51,3,4,4,Loyal Customer
CUST-02952,55,4,3208.92,3,2,2,Lost / Hibernating
CUST-02953,80,4,2817.15,2,2,2,Lost / Hibernating
CUST-02954,39,6,5569.63,3,4,4,Loyal Customer
CUST-02955,32,8,5451.51,4,5,4,Champion
CUST-02956,8,7,9225.789999999999,5,4,5,Champion
CUST-02957,29,9,10079.2,4,5,5,Champion
CUST-02958,22,5,2475.38,4,3,2,Lost / Hibernating
CUST-02959,21,4,5519.18,4,2,4,New Potential
CUST-02960,7,10,8667.45,5,5,5,Champion
CUST-02961,2,5,4291.82,5,3,3,Loyal Customer
CUST-02962,21,6,4930.49,4,4,4,Champion
CUST-02963,95,2,1382.28,2,1,1,Lost / Hibernating
CUST-02964,110,5,3508.31,2,3,3,Loyal Customer
CUST-02965,16,3,3317.14,5,1,2,New Potential
CUST-02966,93,9,6221.8099999999995,2,5,5,Loyal Customer
CUST-02967,161,3,2416.7799999999997,1,1,2,Lost / Hibernating
CUST-02968,40,7,6908.91,3,4,5,Loyal Customer
CUST-02969,67,8,9026.25,2,5,5,Loyal Customer
CUST-02970,40,3,1982.65,3,1,1,Lost / Hibernating
CUST-02971,35,8,8882.57,4,5,5,Champion
CUST-02972,116,3,960.65,2,1,1,Lost / Hibernating
CUST-02973,59,5,4457.15,3,3,3,Loyal Customer
CUST-02974,153,6,3094.7000000000003,1,4,2,At Risk
CUST-02975,80,4,4732.65,2,2,4,Lost / Hibernating
CUST-02976,34,5,3891.27,4,3,3,Loyal Customer
CUST-02977,107,4,6431.8,2,2,5,Lost / Hibernating
CUST-02978,129,4,1624.3,1,2,1,Lost / Hibernating
CUST-02979,11,6,4059.83,5,4,3,Champion
CUST-02980,163,3,2409.3,1,1,2,Lost / Hibernating
CUST-02981,63,5,3965.91,3,3,3,Loyal Customer
CUST-02982,64,2,1270.2,3,1,1,Lost / Hibernating
CUST-02983,56,7,5380.79,3,4,4,Loyal Customer
CUST-02984,68,3,2393.64,2,1,2,Lost / Hibernating
CUST-02985,91,5,3839.02,2,3,3,Loyal Customer
CUST-02986,15,5,5196.09,5,3,4,Loyal Customer
CUST-02987,1,6,3292.63,5,4,2,Champion
CUST-02988,12,3,2850.35,5,1,2,New Potential
CUST-02989,79,4,4583.51,2,2,4,Lost / Hibernating
CUST-02990,15,9,10103.9,5,5,5,Champion
CUST-02991,57,6,6887.22,3,4,5,Loyal Customer
CUST-02992,23,8,5219.06,4,5,4,Champion
CUST-02993,130,3,2666.68,1,1,2,Lost / Hibernating
CUST-02994,60,9,12258.25,3,5,5,Loyal Customer
CUST-02995,1,6,6299.03,5,4,5,Champion
CUST-02996,278,2,520.25,1,1,1,Lost / Hibernating
CUST-02997,252,2,680.9000000000001,1,1,1,Lost / Hibernating
CUST-02998,101,4,3351.97,2,2,2,Lost / Hibernating
CUST-02999,83,6,3525.2200000000003,2,4,3,Loyal Customer
CUST-03000,3,6,6021.070000000001,5,4,4,Champion
CUST-03001,79,5,2687.5299999999997,2,3,2,At Risk
CUST-03002,1,6,8663.34,5,4,5,Champion
CUST-03003,140,7,5127.34,1,4,4,Loyal Customer
CUST-03004,15,4,5746.74,5,2,4,New Potential
CUST-03005,161,4,2646.94,1,2,2,Lost / Hibernating
CUST-03006,100,7,7186.19,2,4,5,Loyal Customer
CUST-03007,42,10,6439.5199999999995,3,5,5,Loyal Customer
CUST-03008,122,6,5291.67,1,4,4,Loyal Customer
CUST-03009,33,3,4952.51,4,1,4,New Potential
CUST-03010,47,3,1973.3200000000002,3,1,1,Lost / Hibernating
CUST-03011,56,8,5984.92,3,5,4,Loyal Customer
CUST-03012,21,8,8159.18,4,5,5,Champion
CUST-03013,144,3,4045.98,1,1,3,Lost / Hibernating
CUST-03014,100,2,533.61,2,1,1,Lost / Hibernating
CUST-03015,15,6,2873.93,5,4,2,Champion
CUST-03016,38,8,4643.92,3,5,4,Loyal Customer
CUST-03017,30,5,4408.88,4,3,3,Loyal Customer
CUST-03018,6,6,6846.49,5,4,5,Champion
CUST-03019,214,2,1187.6799999999998,1,1,1,Lost / Hibernating
CUST-03020,43,1,330.48,3,1,1,Lost / Hibernating
CUST-03021,17,8,8186.57,4,5,5,Champion
CUST-03022,41,5,4602.299999999999,3,3,4,Loyal Customer
CUST-03023,246,4,1553.4,1,2,1,Lost / Hibernating
CUST-03024,14,9,10527.84,5,5,5,Champion
CUST-03025,308,2,1343.79,1,1,1,Lost / Hibernating
CUST-03026,46,3,2762.38,3,1,2,Lost / Hibernating
CUST-03027,20,13,10115.35,4,5,5,Champion
CUST-03028,364,1,243.13,1,1,1,Lost / Hibernating
CUST-03029,19,6,4298.4,4,4,3,Champion
CUST-03030,64,4,2546.16,3,2,2,Lost / Hibernating
CUST-03031,9,7,6266.95,5,4,5,Champion
CUST-03032,13,4,3146.49,5,2,2,New Potential
CUST-03033,118,2,3428.46,1,1,3,Lost / Hibernating
CUST-03034,295,2,1383.6999999999998,1,1,1,Lost / Hibernating
CUST-03035,64,6,2511.15,3,4,2,Lost / Hibernating
CUST-03036,36,3,3518.05,4,1,3,New Potential
CUST-03037,104,6,5406.04,2,4,4,Loyal Customer
CUST-03038,149,4,3650.84,1,2,3,Lost / Hibernating
CUST-03039,60,2,1097.78,3,1,1,Lost / Hibernating
CUST-03040,37,4,2029.55,4,2,1,New Potential
CUST-03041,79,4,3591.97,2,2,3,Lost / Hibernating
CUST-03042,20,7,6202.16,4,4,5,Champion
CUST-03043,8,4,1661.29,5,2,1,New Potential
CUST-03044,11,6,5547.82,5,4,4,Champion
CUST-03045,23,5,5270.62,4,3,4,Loyal Customer
CUST-03046,160,2,1396.9699999999998,1,1,1,Lost / Hibernating
CUST-03047,53,9,7919.150000000001,3,5,5,Loyal Customer
CUST-03048,70,7,2755.5,2,4,2,At Risk
CUST-03049,16,3,2791.21,5,1,2,New Potential
CUST-03050,45,5,3881.7700000000004,3,3,3,Loyal Customer
CUST-03051,34,8,9574.33,4,5,5,Champion
CUST-03052,41,10,5869.88,3,5,4,Loyal Customer
CUST-03053,164,1,1257.4,1,1,1,Lost / Hibernating
CUST-03054,30,6,4455.0199999999995,4,4,3,Champion
CUST-03055,76,3,1568.75,2,1,1,Lost / Hibernating
CUST-03056,108,5,3317.8900000000003,2,3,2,At Risk
CUST-03057,6,7,5914.88,5,4,4,Champion
CUST-03059,181,3,2459.63,1,1,2,Lost / Hibernating
CUST-03060,100,4,3471.57,2,2,3,Lost / Hibernating
CUST-03061,198,6,6363.67,1,4,5,Loyal Customer
CUST-03062,40,4,3717.45,3,2,3,Lost / Hibernating
CUST-03063,37,11,8143.72,4,5,5,Champion
CUST-03064,24,8,5827.51,4,5,4,Champion
CUST-03065,21,7,5026.66,4,4,4,Champion
CUST-03066,124,7,7038.12,1,4,5,Loyal Customer
CUST-03067,158,6,4021.84,1,4,3,Loyal Customer
CUST-03068,91,2,1464.0500000000002,2,1,1,Lost / Hibernating
CUST-03069,12,6,3142.79,5,4,2,Champion
CUST-03070,164,6,5635.91,1,4,4,Loyal Customer
CUST-03071,5,11,8299.36,5,5,5,Champion
CUST-03072,18,7,5054.3,4,4,4,Champion
CUST-03073,68,4,5996.97,2,2,4,Lost / Hibernating
CUST-03074,36,4,4859.53,4,2,4,New Potential
CUST-03075,70,8,5575.07,2,5,4,Loyal Customer
CUST-03076,24,2,2711.67,4,1,2,New Potential
CUST-03077,3,3,2733.01,5,1,2,New Potential
CUST-03078,10,8,5356.08,5,5,4,Champion
CUST-03079,40,7,4476.6,3,4,3,Loyal Customer
CUST-03080,142,2,1955.95,1,1,1,Lost / Hibernating
CUST-03081,1,8,7927.59,5,5,5,Champion
CUST-03082,94,6,5655.12,2,4,4,Loyal Customer
CUST-03083,39,5,4312.78,3,3,3,Loyal Customer
CUST-03084,1,4,4116.19,5,2,3,New Potential
CUST-03085,25,7,3856.79,4,4,3,Champion
CUST-03086,34,7,6076.2699999999995,4,4,4,Champion
CUST-03087,28,5,4783.91,4,3,4,Loyal Customer
CUST-03088,259,1,547.14,1,1,1,Lost / Hibernating
CUST-03089,22,8,6456.76,4,5,5,Champion
CUST-03090,154,2,546.48,1,1,1,Lost / Hibernating
CUST-03091,136,4,4254.04,1,2,3,Lost / Hibernating
CUST-03092,144,2,2062.34,1,1,1,Lost / Hibernating
CUST-03093,185,4,3379.03,1,2,2,Lost / Hibernating
CUST-03094,58,4,3486.3500000000004,3,2,3,Lost / Hibernating
CUST-03095,98,8,5531.01,2,5,4,Loyal Customer
CUST-03096,29,5,3661.7400000000002,4,3,3,Loyal Customer
CUST-03097,43,8,4746.490000000001,3,5,4,Loyal Customer
CUST-03098,32,11,8114.27,4,5,5,Champion
CUST-03099,94,8,9278.1,2,5,5,Loyal Customer
CUST-03100,80,2,737.88,2,1,1,Lost / Hibernating
CUST-03101,10,4,2388.4300000000003,5,2,2,New Potential
CUST-03102,177,3,1019.6800000000001,1,1,1,Lost / Hibernating
CUST-03103,18,3,1705.76,4,1,1,New Potential
CUST-03104,173,3,1913.96,1,1,1,Lost / Hibernating
CUST-03105,79,5,5206.27,2,3,4,Loyal Customer
CUST-03106,15,2,1471.46,5,1,1,New Potential
CUST-03107,100,8,5313.97,2,5,4,Loyal Customer
CUST-03108,83,4,4306.82,2,2,3,Lost / Hibernating
CUST-03109,149,3,3054.8100000000004,1,1,2,Lost / Hibernating
CUST-03110,31,9,12895.6,4,5,5,Champion
CUST-03111,40,5,4097.74,3,3,3,Loyal Customer
CUST-03112,24,4,4483.34,4,2,3,New Potential
CUST-03113,36,7,4079.91,4,4,3,Champion
CUST-03114,25,3,1785.1399999999999,4,1,1,New Potential
CUST-03115,62,4,4758.639999999999,3,2,4,Lost / Hibernating
CUST-03116,220,2,2076.58,1,1,1,Lost / Hibernating
CUST-03117,139,6,7594.650000000001,1,4,5,Loyal Customer
CUST-03118,91,7,5586.38,2,4,4,Loyal Customer
CUST-03119,11,6,3784.76,5,4,3,Champion
CUST-03120,57,8,5840.9800000000005,3,5,4,Loyal Customer
CUST-03121,105,7,8396.64,2,4,5,Loyal Customer
CUST-03122,265,1,551.18,1,1,1,Lost / Hibernating
CUST-03123,44,3,1560.6799999999998,3,1,1,Lost / Hibernating
CUST-03124,60,5,7063.36,3,3,5,Loyal Customer
CUST-03125,26,7,4284.67,4,4,3,Champion
CUST-03126,11,5,3741.0899999999997,5,3,3,Loyal Customer
CUST-03127,7,1,317.29,5,1,1,New Potential
CUST-03128,216,1,769.26,1,1,1,Lost / Hibernating
CUST-03129,227,4,1999.2800000000002,1,2,1,Lost / Hibernating
CUST-03130,76,3,3462.6400000000003,2,1,3,Lost / Hibernating
CUST-03131,75,3,2231.49,2,1,1,Lost / Hibernating
CUST-03132,44,6,4870.9,3,4,4,Loyal Customer
CUST-03133,60,4,2283.85,3,2,2,Lost / Hibernating
CUST-03134,71,3,2607.86,2,1,2,Lost / Hibernating
CUST-03135,90,2,2411.3,2,1,2,Lost / Hibernating
CUST-03136,72,4,3652.61,2,2,3,Lost / Hibernating
CUST-03137,33,4,3115.32,4,2,2,New Potential
CUST-03138,47,2,2852.81,3,1,2,Lost / Hibernating
CUST-03139,68,7,7204.23,2,4,5,Loyal Customer
CUST-03140,73,4,3883.41,2,2,3,Lost / Hibernating
CUST-03141,52,5,4626.8,3,3,4,Loyal Customer
CUST-03142,53,6,7926.78,3,4,5,Loyal Customer
CUST-03143,20,6,5797.39,4,4,4,Champion
CUST-03144,93,7,6413.74,2,4,5,Loyal Customer
CUST-03145,312,1,1119.4,1,1,1,Lost / Hibernating
CUST-03146,2,10,6583.44,5,5,5,Champion
CUST-03147,5,7,7810.92,5,4,5,Champion
CUST-03148,95,4,2357.71,2,2,2,Lost / Hibernating
CUST-03149,65,4,2427.8,3,2,2,Lost / Hibernating
CUST-03150,129,10,6430.389999999999,1,5,5,Loyal Customer
CUST-03151,13,5,3618.45,5,3,3,Loyal Customer
CUST-03152,191,2,816.3,1,1,1,Lost / Hibernating
CUST-03153,36,4,1265.92,4,2,1,New Potential
CUST-03154,9,6,3727.96,5,4,3,Champion
CUST-03155,64,2,1577.52,3,1,1,Lost / Hibernating
CUST-03156,34,7,5968.639999999999,4,4,4,Champion
CUST-03157,135,5,2886.5699999999997,1,3,2,At Risk
CUST-03158,22,9,8941.76,4,5,5,Champion
CUST-03159,105,9,6906.85,2,5,5,Loyal Customer
CUST-03160,73,8,5628.66,2,5,4,Loyal Customer
CUST-03161,53,9,10015.66,3,5,5,Loyal Customer
CUST-03162,4,7,8297.9,5,4,5,Champion
CUST-03163,25,7,6464.37,4,4,5,Champion
CUST-03164,1,6,8310.13,5,4,5,Champion
CUST-03165,125,1,821.57,1,1,1,Lost / Hibernating
CUST-03166,23,7,5710.14,4,4,4,Champion
CUST-03167,61,6,3138.32,3,4,2,Lost / Hibernating
CUST-03168,97,2,751.09,2,1,1,Lost / Hibernating
CUST-03169,160,6,4452.37,1,4,3,Loyal Customer
CUST-03170,33,3,4460.36,4,1,3,New Potential
CUST-03171,88,5,6013.82,2,3,4,Loyal Customer
CUST-03172,5,5,3440.44,5,3,3,Loyal Customer
CUST-03173,238,2,675.52,1,1,1,Lost / Hibernating
CUST-03174,87,4,1891.96,2,2,1,Lost / Hibernating
CUST-03175,122,4,5031.75,1,2,4,Lost / Hibernating
CUST-03176,136,4,3376.79,1,2,2,Lost / Hibernating
CUST-03177,106,3,1944.53,2,1,1,Lost / Hibernating
CUST-03178,152,3,3100.15,1,1,2,Lost / Hibernating
CUST-03179,129,5,3975.85,1,3,3,Loyal Customer
CUST-03180,55,7,4069.6000000000004,3,4,3,Loyal Customer
CUST-03181,66,4,3906.9700000000003,3,2,3,Lost / Hibernating
CUST-03182,21,9,9626.92,4,5,5,Champion
CUST-03183,69,7,6783.82,2,4,5,Loyal Customer
CUST-03184,46,2,2109.86,3,1,1,Lost / Hibernating
CUST-03185,86,7,5610.7,2,4,4,Loyal Customer
CUST-03186,15,2,1075.6,5,1,1,New Potential
CUST-03187,153,6,5446.91,1,4,4,Loyal Customer
CUST-03188,3,4,3261.3,5,2,2,New Potential
CUST-03189,166,4,5806.0,1,2,4,Lost / Hibernating
CUST-03190,27,3,3743.2200000000003,4,1,3,New Potential
CUST-03191,145,10,7714.47,1,5,5,Loyal Customer
CUST-03192,48,6,3955.5499999999997,3,4,3,Loyal Customer
CUST-03193,214,4,4291.639999999999,1,2,3,Lost / Hibernating
CUST-03194,56,2,2195.85,3,1,1,Lost / Hibernating
CUST-03195,67,3,3654.41,2,1,3,Lost / Hibernating
CUST-03196,279,1,178.71,1,1,1,Lost / Hibernating
CUST-03197,8,10,7811.34,5,5,5,Champion
CUST-03198,3,3,3248.02,5,1,2,New Potential
CUST-03199,17,3,3414.4700000000003,4,1,3,New Potential
CUST-03200,117,4,3115.77,2,2,2,Lost / Hibernating
CUST-03201,100,6,4363.17,2,4,3,Loyal Customer
CUST-03202,5,5,3324.92,5,3,2,Lost / Hibernating
CUST-03203,25,7,5660.26,4,4,4,Champion
CUST-03204,238,1,1666.55,1,1,1,Lost / Hibernating
CUST-03205,91,5,5645.28,2,3,4,Loyal Customer
CUST-03206,8,6,5108.8,5,4,4,Champion
CUST-03207,103,4,2877.25,2,2,2,Lost / Hibernating
CUST-03208,84,9,9393.779999999999,2,5,5,Loyal Customer
CUST-03209,6,3,3223.53,5,1,2,New Potential
CUST-03210,39,8,8756.42,3,5,5,Loyal Customer
CUST-03211,34,7,5370.63,4,4,4,Champion
CUST-03212,90,8,4285.55,2,5,3,Loyal Customer
CUST-03213,29,7,6250.49,4,4,5,Champion
CUST-03214,90,6,4717.41,2,4,4,Loyal Customer
CUST-03215,13,3,1485.01,5,1,1,New Potential
CUST-03216,15,3,2063.17,5,1,1,New Potential
CUST-03217,35,4,4491.0,4,2,3,New Potential
CUST-03218,18,2,2283.13,4,1,2,New Potential
CUST-03219,53,5,6041.59,3,3,4,Loyal Customer
CUST-03220,2,6,2523.37,5,4,2,Champion
CUST-03221,68,4,4394.86,2,2,3,Lost / Hibernating
CUST-03222,2,7,6190.79,5,4,5,Champion
CUST-03223,97,5,5948.9400000000005,2,3,4,Loyal Customer
CUST-03224,18,7,3914.91,4,4,3,Champion
CUST-03225,7,7,4660.12,5,4,4,Champion
CUST-03227,68,6,3936.43,2,4,3,Loyal Customer
CUST-03228,27,8,5969.8,4,5,4,Champion
CUST-03229,7,9,5721.58,5,5,4,Champion
CUST-03230,66,4,3466.8,3,2,3,Lost / Hibernating
CUST-03231,5,4,2104.54,5,2,1,New Potential
CUST-03232,94,7,5953.29,2,4,4,Loyal Customer
CUST-03233,54,7,6344.110000000001,3,4,5,Loyal Customer
CUST-03234,33,5,2980.56,4,3,2,Lost / Hibernating
CUST-03235,73,5,5808.4,2,3,4,Loyal Customer
CUST-03236,2,5,4053.84,5,3,3,Loyal Customer
CUST-03237,7,7,7641.5,5,4,5,Champion
CUST-03238,112,5,2405.2200000000003,2,3,2,At Risk
CUST-03239,18,4,2316.9,4,2,2,New Potential
CUST-03240,17,6,6094.38,4,4,4,Champion
CUST-03241,116,1,464.32,2,1,1,Lost / Hibernating
CUST-03242,2,8,7526.96,5,5,5,Champion
CUST-03243,268,6,5346.14,1,4,4,Loyal Customer
CUST-03244,101,4,1331.82,2,2,1,Lost / Hibernating
CUST-03245,69,3,3050.4700000000003,2,1,2,Lost / Hibernating
CUST-03246,303,2,466.92,1,1,1,Lost / Hibernating
CUST-03247,25,5,5251.41,4,3,4,Loyal Customer
CUST-03248,25,5,5735.22,4,3,4,Loyal Customer
CUST-03249,38,6,4880.18,3,4,4,Loyal Customer
CUST-03250,38,6,4273.219999999999,3,4,3,Loyal Customer
CUST-03251,158,4,2455.35,1,2,2,Lost / Hibernating
CUST-03252,60,10,6214.780000000001,3,5,5,Loyal Customer
CUST-03253,38,9,5886.38,3,5,4,Loyal Customer
CUST-03254,11,7,5017.03,5,4,4,Champion
CUST-03255,74,8,4882.13,2,5,4,Loyal Customer
CUST-03256,36,6,3897.58,4,4,3,Champion
CUST-03257,56,1,2106.56,3,1,1,Lost / Hibernating
CUST-03258,17,5,4014.62,4,3,3,Loyal Customer
CUST-03259,45,1,436.85,3,1,1,Lost / Hibernating
CUST-03260,87,5,3157.98,2,3,2,At Risk
CUST-03261,14,4,4310.75,5,2,3,New Potential
CUST-03262,34,9,11942.27,4,5,5,Champion
CUST-03263,16,6,5600.62,5,4,4,Champion
CUST-03264,10,6,5169.22,5,4,4,Champion
CUST-03265,157,3,2781.55,1,1,2,Lost / Hibernating
CUST-03266,108,2,860.47,2,1,1,Lost / Hibernating
CUST-03267,87,2,565.56,2,1,1,Lost / Hibernating
CUST-03268,39,5,2092.57,3,3,1,Lost / Hibernating
CUST-03269,26,7,6349.97,4,4,5,Champion
CUST-03270,181,3,3300.5099999999998,1,1,2,Lost / Hibernating
CUST-03271,23,5,6538.389999999999,4,3,5,Loyal Customer
CUST-03272,12,8,8907.6,5,5,5,Champion
CUST-03273,31,5,2526.55,4,3,2,Lost / Hibernating
CUST-03274,187,4,2755.6,1,2,2,Lost / Hibernating
CUST-03275,107,2,1823.19,2,1,1,Lost / Hibernating
CUST-03276,32,3,3837.17,4,1,3,New Potential
CUST-03277,66,6,4874.32,3,4,4,Loyal Customer
CUST-03278,49,8,7609.86,3,5,5,Loyal Customer
CUST-03279,59,2,2251.6099999999997,3,1,1,Lost / Hibernating
CUST-03280,37,6,5732.67,4,4,4,Champion
CUST-03281,62,3,3015.2200000000003,3,1,2,Lost / Hibernating
CUST-03282,72,3,1906.57,2,1,1,Lost / Hibernating
CUST-03283,14,5,3957.08,5,3,3,Loyal Customer
CUST-03284,14,8,8465.279999999999,5,5,5,Champion
CUST-03285,53,3,2247.83,3,1,1,Lost / Hibernating
CUST-03286,14,5,3737.9700000000003,5,3,3,Loyal Customer
CUST-03287,63,5,6970.7,3,3,5,Loyal Customer
CUST-03288,25,3,1758.85,4,1,1,New Potential
CUST-03289,98,5,7963.099999999999,2,3,5,Loyal Customer
CUST-03290,53,7,4125.65,3,4,3,Loyal Customer
CUST-03291,15,3,1127.94,5,1,1,New Potential
CUST-03292,20,6,3288.7,4,4,2,Champion
CUST-03293,206,3,2868.46,1,1,2,Lost / Hibernating
CUST-03294,1,8,6860.56,5,5,5,Champion
CUST-03295,183,3,2637.55,1,1,2,Lost / Hibernating
CUST-03296,183,3,1586.48,1,1,1,Lost / Hibernating
CUST-03297,79,8,7769.89,2,5,5,Loyal Customer
CUST-03298,85,2,639.66,2,1,1,Lost / Hibernating
CUST-03299,3,3,2890.8,5,1,2,New Potential
CUST-03300,42,4,6496.71,3,2,5,Lost / Hibernating
CUST-03301,23,6,3711.3199999999997,4,4,3,Champion
CUST-03302,29,6,4709.09,4,4,4,Champion
CUST-03303,45,5,2388.64,3,3,2,Lost / Hibernating
CUST-03304,122,7,7733.29,1,4,5,Loyal Customer
CUST-03305,5,6,4763.35,5,4,4,Champion
CUST-03306,161,4,4220.79,1,2,3,Lost / Hibernating
CUST-03307,58,5,4153.33,3,3,3,Loyal Customer
CUST-03308,11,7,3883.99,5,4,3,Champion
CUST-03309,6,6,3969.04,5,4,3,Champion
CUST-03310,56,4,5709.85,3,2,4,Lost / Hibernating
CUST-03311,33,5,5164.69,4,3,4,Loyal Customer
CUST-03312,37,10,7092.26,4,5,5,Champion
CUST-03313,69,4,2002.57,2,2,1,Lost / Hibernating
CUST-03314,13,7,5245.53,5,4,4,Champion
CUST-03315,154,2,1969.9699999999998,1,1,1,Lost / Hibernating
CUST-03316,31,5,3936.5,4,3,3,Loyal Customer
CUST-03317,20,3,3985.52,4,1,3,New Potential
CUST-03318,72,5,3026.35,2,3,2,At Risk
CUST-03319,4,8,7821.43,5,5,5,Champion
CUST-03320,133,8,6574.78,1,5,5,Loyal Customer
CUST-03321,210,4,4073.42,1,2,3,Lost / Hibernating
CUST-03322,38,4,2361.97,3,2,2,Lost / Hibernating
CUST-03323,69,6,6666.98,2,4,5,Loyal Customer
CUST-03324,10,9,5032.52,5,5,4,Champion
CUST-03325,3,5,5428.610000000001,5,3,4,Loyal Customer
CUST-03326,52,7,7934.530000000001,3,4,5,Loyal Customer
CUST-03327,35,6,3539.73,4,4,3,Champion
CUST-03328,92,4,3704.1400000000003,2,2,3,Lost / Hibernating
CUST-03329,26,7,5117.8,4,4,4,Champion
CUST-03330,209,5,5258.04,1,3,4,Loyal Customer
CUST-03331,31,3,2441.56,4,1,2,New Potential
CUST-03332,53,3,1848.46,3,1,1,Lost / Hibernating
CUST-03333,353,1,660.74,1,1,1,Lost / Hibernating
CUST-03334,1,2,1875.94,5,1,1,New Potential
CUST-03335,35,5,4314.41,4,3,3,Loyal Customer
CUST-03336,116,3,4078.13,2,1,3,Lost / Hibernating
CUST-03337,3,8,6484.16,5,5,5,Champion
CUST-03338,46,6,7667.959999999999,3,4,5,Loyal Customer
CUST-03339,53,4,3998.1800000000003,3,2,3,Lost / Hibernating
CUST-03340,150,6,6455.78,1,4,5,Loyal Customer
CUST-03341,30,5,3539.5,4,3,3,Loyal Customer
CUST-03342,114,5,7251.39,2,3,5,Loyal Customer
CUST-03343,50,5,5753.63,3,3,4,Loyal Customer
CUST-03344,97,3,713.29,2,1,1,Lost / Hibernating
CUST-03345,74,5,3582.3199999999997,2,3,3,Loyal Customer
CUST-03346,60,6,1884.9299999999998,3,4,1,Lost / Hibernating
CUST-03347,222,3,2810.61,1,1,2,Lost / Hibernating
CUST-03348,162,5,6816.43,1,3,5,Loyal Customer
CUST-03349,44,6,5902.78,3,4,4,Loyal Customer
CUST-03350,89,6,5498.86,2,4,4,Loyal Customer
CUST-03351,49,5,3125.72,3,3,2,Lost / Hibernating
CUST-03352,20,5,3551.77,4,3,3,Loyal Customer
CUST-03353,3,6,6373.64,5,4,5,Champion
CUST-03354,62,4,1265.85,3,2,1,Lost / Hibernating
CUST-03355,32,5,7488.48,4,3,5,Loyal Customer
CUST-03356,103,4,3920.45,2,2,3,Lost / Hibernating
CUST-03357,17,10,8450.6,4,5,5,Champion
CUST-03358,28,5,4864.429999999999,4,3,4,Loyal Customer
CUST-03359,96,5,3836.45,2,3,3,Loyal Customer
CUST-03360,4,11,11173.18,5,5,5,Champion
CUST-03361,28,6,5898.43,4,4,4,Champion
CUST-03362,131,3,5708.030000000001,1,1,4,Lost / Hibernating
CUST-03363,116,3,2892.3199999999997,2,1,2,Lost / Hibernating
CUST-03364,31,8,6813.79,4,5,5,Champion
CUST-03365,17,6,6621.860000000001,4,4,5,Champion
CUST-03366,147,4,2884.1400000000003,1,2,2,Lost / Hibernating
CUST-03367,142,4,5817.57,1,2,4,Lost / Hibernating
CUST-03368,121,5,2549.33,1,3,2,At Risk
CUST-03369,232,2,1042.75,1,1,1,Lost / Hibernating
CUST-03370,11,4,2509.87,5,2,2,New Potential
CUST-03371,162,1,1431.28,1,1,1,Lost / Hibernating
CUST-03372,117,5,5210.15,2,3,4,Loyal Customer
CUST-03373,114,3,1472.16,2,1,1,Lost / Hibernating
CUST-03374,164,2,1097.88,1,1,1,Lost / Hibernating
CUST-03375,74,5,6867.2,2,3,5,Loyal Customer
CUST-03376,16,6,4866.48,5,4,4,Champion
CUST-03377,82,1,962.48,2,1,1,Lost / Hibernating
CUST-03378,52,6,4752.07,3,4,4,Loyal Customer
CUST-03379,61,12,8603.880000000001,3,5,5,Loyal Customer
CUST-03380,140,5,5646.33,1,3,4,Loyal Customer
CUST-03381,14,3,2652.62,5,1,2,New Potential
CUST-03382,82,5,4423.65,2,3,3,Loyal Customer
CUST-03383,8,9,5859.14,5,5,4,Champion
CUST-03384,46,3,3701.9900000000002,3,1,3,Lost / Hibernating
CUST-03385,136,5,2869.92,1,3,2,At Risk
CUST-03386,71,8,8237.13,2,5,5,Loyal Customer
CUST-03387,352,1,1259.24,1,1,1,Lost / Hibernating
CUST-03388,35,7,6516.1,4,4,5,Champion
CUST-03389,244,1,1044.75,1,1,1,Lost / Hibernating
CUST-03390,109,9,8524.61,2,5,5,Loyal Customer
CUST-03391,23,4,1994.23,4,2,1,New Potential
CUST-03392,10,3,1876.97,5,1,1,New Potential
CUST-03393,47,3,3561.79,3,1,3,Lost / Hibernating
CUST-03394,104,7,6342.18,2,4,5,Loyal Customer
CUST-03395,109,2,2113.88,2,1,1,Lost / Hibernating
CUST-03396,41,4,2686.74,3,2,2,Lost / Hibernating
CUST-03397,97,6,5020.06,2,4,4,Loyal Customer
CUST-03398,65,6,5653.1900000000005,3,4,4,Loyal Customer
CUST-03399,3,4,3533.85,5,2,3,New Potential
CUST-03400,30,4,3463.84,4,2,3,New Potential
CUST-03401,29,3,5333.41,4,1,4,New Potential
CUST-03402,69,5,5816.639999999999,2,3,4,Loyal Customer
CUST-03404,216,2,2832.9700000000003,1,1,2,Lost / Hibernating
CUST-03405,84,4,2537.37,2,2,2,Lost / Hibernating
CUST-03406,41,6,4302.71,3,4,3,Loyal Customer
CUST-03407,129,5,6563.49,1,3,5,Loyal Customer
CUST-03408,3,7,3012.63,5,4,2,Champion
CUST-03409,43,8,7214.82,3,5,5,Loyal Customer
CUST-03410,76,8,8739.42,2,5,5,Loyal Customer
CUST-03411,19,8,5943.49,4,5,4,Champion
CUST-03412,44,7,10046.23,3,4,5,Loyal Customer
CUST-03413,92,2,3395.9300000000003,2,1,2,Lost / Hibernating
CUST-03414,70,6,5473.89,2,4,4,Loyal Customer
CUST-03415,9,6,3657.96,5,4,3,Champion
CUST-03416,95,6,4388.34,2,4,3,Loyal Customer
CUST-03417,69,4,5416.06,2,2,4,Lost / Hibernating
CUST-03418,116,1,399.13,2,1,1,Lost / Hibernating
CUST-03419,65,7,8043.79,3,4,5,Loyal Customer
CUST-03420,45,6,6295.0599999999995,3,4,5,Loyal Customer
CUST-03421,23,3,3854.0999999999995,4,1,3,New Potential
CUST-03422,85,2,1747.55,2,1,1,Lost / Hibernating
CUST-03423,58,7,6279.28,3,4,5,Loyal Customer
CUST-03424,150,2,1100.12,1,1,1,Lost / Hibernating
CUST-03425,77,6,3973.24,2,4,3,Loyal Customer
CUST-03426,30,5,4436.46,4,3,3,Loyal Customer
CUST-03427,82,3,2430.7200000000003,2,1,2,Lost / Hibernating
CUST-03428,9,6,4091.09,5,4,3,Champion
CUST-03429,34,6,4963.65,4,4,4,Champion
CUST-03430,47,7,5234.0,3,4,4,Loyal Customer
CUST-03431,198,2,1630.8,1,1,1,Lost / Hibernating
CUST-03432,25,9,6183.33,4,5,5,Champion
CUST-03433,253,4,2862.9399999999996,1,2,2,Lost / Hibernating
CUST-03434,159,2,1494.37,1,1,1,Lost / Hibernating
CUST-03435,120,4,6411.53,1,2,5,Lost / Hibernating
CUST-03436,48,3,2404.02,3,1,2,Lost / Hibernating
CUST-03437,157,4,3118.54,1,2,2,Lost / Hibernating
CUST-03438,14,5,5529.2,5,3,4,Loyal Customer
CUST-03439,126,6,6493.98,1,4,5,Loyal Customer
CUST-03440,27,10,7495.27,4,5,5,Champion
CUST-03441,74,5,2248.33,2,3,1,At Risk
CUST-03442,118,6,4974.2,1,4,4,Loyal Customer
CUST-03443,43,7,5402.8099999999995,3,4,4,Loyal Customer
CUST-03444,43,2,2232.92,3,1,1,Lost / Hibernating
CUST-03445,97,2,984.74,2,1,1,Lost / Hibernating
CUST-03446,42,4,3908.3,3,2,3,Lost / Hibernating
CUST-03447,34,5,3835.44,4,3,3,Loyal Customer
CUST-03448,56,4,2132.88,3,2,1,Lost / Hibernating
CUST-03449,5,4,3523.0,5,2,3,New Potential
CUST-03450,131,4,4165.780000000001,1,2,3,Lost / Hibernating
CUST-03451,240,5,4052.33,1,3,3,Loyal Customer
CUST-03452,26,6,3015.63,4,4,2,Champion
CUST-03453,61,3,2114.19,3,1,1,Lost / Hibernating
CUST-03454,43,4,3257.24,3,2,2,Lost / Hibernating
CUST-03455,32,7,5593.71,4,4,4,Champion
CUST-03456,2,6,8445.39,5,4,5,Champion
CUST-03457,95,6,5575.860000000001,2,4,4,Loyal Customer
CUST-03458,118,5,4661.71,1,3,4,Loyal Customer
CUST-03459,117,6,4926.42,2,4,4,Loyal Customer
CUST-03460,53,5,4103.28,3,3,3,Loyal Customer
CUST-03461,81,2,1819.72,2,1,1,Lost / Hibernating
CUST-03462,3,3,2792.15,5,1,2,New Potential
CUST-03463,327,1,230.42,1,1,1,Lost / Hibernating
CUST-03464,21,7,6319.68,4,4,5,Champion
CUST-03465,53,5,4779.1,3,3,4,Loyal Customer
CUST-03466,32,3,2089.19,4,1,1,New Potential
CUST-03467,54,7,3694.84,3,4,3,Loyal Customer
CUST-03468,19,6,4883.13,4,4,4,Champion
CUST-03469,2,7,4616.25,5,4,4,Champion
CUST-03470,9,6,3190.8,5,4,2,Champion
CUST-03471,20,7,5915.34,4,4,4,Champion
CUST-03472,6,8,5546.94,5,5,4,Champion
CUST-03473,1,8,7502.58,5,5,5,Champion
CUST-03474,25,8,8057.8,4,5,5,Champion
CUST-03475,118,4,2740.45,1,2,2,Lost / Hibernating
CUST-03476,6,5,4010.19,5,3,3,Loyal Customer
CUST-03477,66,2,2866.74,3,1,2,Lost / Hibernating
CUST-03478,20,2,2220.62,4,1,1,New Potential
CUST-03479,36,5,4100.04,4,3,3,Loyal Customer
CUST-03480,6,9,7357.12,5,5,5,Champion
CUST-03481,14,4,2791.0,5,2,2,New Potential
CUST-03482,147,4,2620.64,1,2,2,Lost / Hibernating
CUST-03483,126,3,3282.34,1,1,2,Lost / Hibernating
CUST-03484,217,1,2014.52,1,1,1,Lost / Hibernating
CUST-03485,16,3,3135.35,5,1,2,New Potential
CUST-03486,13,7,8863.04,5,4,5,Champion
CUST-03487,125,5,4004.6800000000003,1,3,3,Loyal Customer
CUST-03488,271,3,3426.3599999999997,1,1,3,Lost / Hibernating
CUST-03489,67,5,3697.0299999999997,2,3,3,Loyal Customer
CUST-03490,141,3,1428.33,1,1,1,Lost / Hibernating
CUST-03491,18,5,4053.5,4,3,3,Loyal Customer
CUST-03492,54,8,6557.0,3,5,5,Loyal Customer
CUST-03493,300,1,1005.46,1,1,1,Lost / Hibernating
CUST-03494,20,7,5903.46,4,4,4,Champion
CUST-03495,107,6,4682.7,2,4,4,Loyal Customer
CUST-03496,96,2,2282.8199999999997,2,1,2,Lost / Hibernating
CUST-03497,45,5,7787.77,3,3,5,Loyal Customer
CUST-03498,126,6,4720.21,1,4,4,Loyal Customer
CUST-03499,58,4,6392.9400000000005,3,2,5,Lost / Hibernating
CUST-03500,32,6,7825.82,4,4,5,Champion
CUST-03501,52,5,4383.17,3,3,3,Loyal Customer
CUST-03502,4,9,6606.63,5,5,5,Champion
CUST-03503,127,6,2103.0699999999997,1,4,1,At Risk
CUST-03504,35,6,5210.2300000000005,4,4,4,Champion
CUST-03505,347,1,1178.12,1,1,1,Lost / Hibernating
CUST-03506,20,2,2125.34,4,1,1,New Potential
CUST-03507,26,13,13039.24,4,5,5,Champion
CUST-03508,1,9,6419.37,5,5,5,Champion
CUST-03509,9,7,5859.8,5,4,4,Champion
CUST-03510,10,7,6527.4,5,4,5,Champion
CUST-03511,47,5,4295.92,3,3,3,Loyal Customer
CUST-03512,139,2,2438.65,1,1,2,Lost / Hibernating
CUST-03513,108,2,1270.4299999999998,2,1,1,Lost / Hibernating
CUST-03514,12,8,6061.98,5,5,4,Champion
CUST-03515,59,5,4236.34,3,3,3,Loyal Customer
CUST-03516,287,1,2154.9,1,1,1,Lost / Hibernating
CUST-03517,242,1,612.24,1,1,1,Lost / Hibernating
CUST-03518,36,5,4314.57,4,3,3,Loyal Customer
CUST-03519,19,9,7220.889999999999,4,5,5,Champion
CUST-03520,60,5,2656.76,3,3,2,Lost / Hibernating
CUST-03521,58,4,6194.469999999999,3,2,5,Lost / Hibernating
CUST-03522,81,6,3687.01,2,4,3,Loyal Customer
CUST-03523,60,10,4989.04,3,5,4,Loyal Customer
CUST-03524,46,3,3437.61,3,1,3,Lost / Hibernating
CUST-03525,119,5,4965.79,1,3,4,Loyal Customer
CUST-03526,13,8,7074.4400000000005,5,5,5,Champion
CUST-03527,11,7,3377.87,5,4,2,Champion
CUST-03528,18,7,5453.83,4,4,4,Champion
CUST-03529,2,8,7438.72,5,5,5,Champion
CUST-03530,137,2,1108.0,1,1,1,Lost / Hibernating
CUST-03531,79,3,2851.44,2,1,2,Lost / Hibernating
CUST-03532,199,5,3251.4,1,3,2,At Risk
CUST-03533,56,4,3473.26,3,2,3,Lost / Hibernating
CUST-03534,28,6,6428.5199999999995,4,4,5,Champion
CUST-03535,16,8,10096.67,5,5,5,Champion
CUST-03536,39,7,6993.61,3,4,5,Loyal Customer
CUST-03537,99,3,1204.7,2,1,1,Lost / Hibernating
CUST-03538,320,1,377.04,1,1,1,Lost / Hibernating
CUST-03539,61,7,4418.55,3,4,3,Loyal Customer
CUST-03540,67,2,862.08,2,1,1,Lost / Hibernating
CUST-03541,86,5,4850.23,2,3,4,Loyal Customer
CUST-03542,347,1,752.74,1,1,1,Lost / Hibernating
CUST-03543,178,4,1442.22,1,2,1,Lost / Hibernating
CUST-03544,45,3,1749.04,3,1,1,Lost / Hibernating
CUST-03545,8,11,14364.2,5,5,5,Champion
CUST-03546,47,7,4849.11,3,4,4,Loyal Customer
CUST-03547,18,6,5226.7,4,4,4,Champion
CUST-03548,55,3,1453.45,3,1,1,Lost / Hibernating
CUST-03549,72,2,1182.44,2,1,1,Lost / Hibernating
CUST-03550,1,5,4520.8099999999995,5,3,3,Loyal Customer
CUST-03551,17,5,3052.5,4,3,2,Lost / Hibernating
CUST-03552,6,6,5679.34,5,4,4,Champion
CUST-03553,60,5,3499.48,3,3,3,Loyal Customer
CUST-03554,42,5,8197.22,3,3,5,Loyal Customer
CUST-03555,15,6,4055.81,5,4,3,Champion
CUST-03556,178,3,1877.5,1,1,1,Lost / Hibernating
CUST-03557,11,8,6972.77,5,5,5,Champion
CUST-03558,26,6,7168.29,4,4,5,Champion
CUST-03559,84,4,3711.19,2,2,3,Lost / Hibernating
CUST-03560,50,5,2499.07,3,3,2,Lost / Hibernating
CUST-03561,2,9,8502.650000000001,5,5,5,Champion
CUST-03562,89,1,1079.08,2,1,1,Lost / Hibernating
CUST-03563,48,6,5479.92,3,4,4,Loyal Customer
CUST-03564,103,4,3263.32,2,2,2,Lost / Hibernating
CUST-03565,39,6,3270.7700000000004,3,4,2,Lost / Hibernating
CUST-03566,88,6,7449.62,2,4,5,Loyal Customer
CUST-03567,25,4,1768.55,4,2,1,New Potential
CUST-03568,49,7,8052.85,3,4,5,Loyal Customer
CUST-03569,139,4,3382.96,1,2,2,Lost / Hibernating
CUST-03570,12,2,3222.4799999999996,5,1,2,New Potential
CUST-03571,40,5,4705.02,3,3,4,Loyal Customer
CUST-03572,45,3,934.73,3,1,1,Lost / Hibernating
CUST-03573,204,6,4884.67,1,4,4,Loyal Customer
CUST-03574,345,1,287.83,1,1,1,Lost / Hibernating
CUST-03575,53,4,3790.1499999999996,3,2,3,Lost / Hibernating
CUST-03576,18,4,3173.2599999999998,4,2,2,New Potential
CUST-03577,1,4,2476.71,5,2,2,New Potential
CUST-03578,25,5,7133.78,4,3,5,Loyal Customer
CUST-03579,122,4,2421.99,1,2,2,Lost / Hibernating
CUST-03580,17,2,1329.5700000000002,4,1,1,New Potential
CUST-03581,81,3,2091.64,2,1,1,Lost / Hibernating
CUST-03582,71,5,2610.75,2,3,2,At Risk
CUST-03583,17,5,2869.8199999999997,4,3,2,Lost / Hibernating
CUST-03584,59,4,4476.2300000000005,3,2,3,Lost / Hibernating
CUST-03585,62,10,13189.3,3,5,5,Loyal Customer
CUST-03586,100,4,5498.0599999999995,2,2,4,Lost / Hibernating
CUST-03587,118,3,1767.82,1,1,1,Lost / Hibernating
CUST-03588,170,1,460.84,1,1,1,Lost / Hibernating
CUST-03589,45,5,3153.17,3,3,2,Lost / Hibernating
CUST-03590,90,6,5090.5,2,4,4,Loyal Customer
CUST-03591,32,5,2823.63,4,3,2,Lost / Hibernating
CUST-03592,132,5,2910.52,1,3,2,At Risk
CUST-03593,11,4,3989.1000000000004,5,2,3,New Potential
CUST-03594,60,4,3541.51,3,2,3,Lost / Hibernating
CUST-03595,17,9,7519.47,4,5,5,Champion
CUST-03596,86,6,5475.34,2,4,4,Loyal Customer
CUST-03597,13,6,5843.9,5,4,4,Champion
CUST-03598,33,8,7118.5,4,5,5,Champion
CUST-03599,11,4,4236.97,5,2,3,New Potential
CUST-03600,7,6,4644.06,5,4,4,Champion
CUST-03601,153,5,6066.41,1,3,4,Loyal Customer
CUST-03602,38,5,4305.45,3,3,3,Loyal Customer
CUST-03603,7,7,5831.66,5,4,4,Champion
CUST-03604,5,2,1242.6399999999999,5,1,1,New Potential
CUST-03605,83,7,5699.66,2,4,4,Loyal Customer
CUST-03606,59,6,4847.5599999999995,3,4,4,Loyal Customer
CUST-03607,24,4,1618.74,4,2,1,New Potential
CUST-03608,41,5,5260.89,3,3,4,Loyal Customer
CUST-03609,17,6,6823.68,4,4,5,Champion
CUST-03610,48,10,6111.29,3,5,5,Loyal Customer
CUST-03611,14,12,9499.12,5,5,5,Champion
CUST-03612,68,2,2850.04,2,1,2,Lost / Hibernating
CUST-03613,142,4,1830.38,1,2,1,Lost / Hibernating
CUST-03614,94,4,2354.0099999999998,2,2,2,Lost / Hibernating
CUST-03615,25,8,9636.970000000001,4,5,5,Champion
CUST-03616,4,3,1080.11,5,1,1,New Potential
CUST-03617,1,8,5188.18,5,5,4,Champion
CUST-03618,60,3,2534.58,3,1,2,Lost / Hibernating
CUST-03619,27,7,6338.84,4,4,5,Champion
CUST-03620,61,8,2290.48,3,5,2,Lost / Hibernating
CUST-03621,13,6,4159.54,5,4,3,Champion
CUST-03622,144,6,4069.8,1,4,3,Loyal Customer
CUST-03623,27,7,4352.0599999999995,4,4,3,Champion
CUST-03624,92,2,1052.49,2,1,1,Lost / Hibernating
CUST-03625,324,2,3403.5099999999998,1,1,2,Lost / Hibernating
CUST-03626,37,7,6652.58,4,4,5,Champion
CUST-03627,25,2,1414.2,4,1,1,New Potential
CUST-03628,83,8,5453.61,2,5,4,Loyal Customer
CUST-03629,19,5,3350.07,4,3,2,Lost / Hibernating
CUST-03630,11,10,11385.68,5,5,5,Champion
CUST-03631,22,3,2316.09,4,1,2,New Potential
CUST-03632,241,2,941.6100000000001,1,1,1,Lost / Hibernating
CUST-03633,16,4,2706.65,5,2,2,New Potential
CUST-03634,36,6,4353.96,4,4,3,Champion
CUST-03635,29,6,4449.4800000000005,4,4,3,Champion
CUST-03636,43,5,3078.09,3,3,2,Lost / Hibernating
CUST-03637,140,5,1675.5,1,3,1,At Risk
CUST-03638,50,3,1313.97,3,1,1,Lost / Hibernating
CUST-03639,218,3,2008.7800000000002,1,1,1,Lost / Hibernating
CUST-03640,96,6,5479.93,2,4,4,Loyal Customer
CUST-03641,202,2,2356.95,1,1,2,Lost / Hibernating
CUST-03642,22,3,1762.09,4,1,1,New Potential
CUST-03643,37,7,7556.22,4,4,5,Champion
CUST-03644,34,7,7880.18,4,4,5,Champion
CUST-03645,15,3,2307.99,5,1,2,New Potential
CUST-03646,62,8,4136.63,3,5,3,Loyal Customer
CUST-03647,93,5,2207.6,2,3,1,At Risk
CUST-03648,17,8,6409.05,4,5,5,Champion
CUST-03649,110,4,4102.05,2,2,3,Lost / Hibernating
CUST-03650,18,5,6339.61,4,3,5,Loyal Customer
CUST-03651,13,5,4529.62,5,3,3,Loyal Customer
CUST-03652,109,4,2762.5,2,2,2,Lost / Hibernating
CUST-03653,34,9,7956.669999999999,4,5,5,Champion
CUST-03654,149,2,1541.23,1,1,1,Lost / Hibernating
CUST-03655,6,6,2950.83,5,4,2,Champion
CUST-03656,78,4,3340.85,2,2,2,Lost / Hibernating
CUST-03657,71,6,4406.64,2,4,3,Loyal Customer
CUST-03658,254,1,2345.26,1,1,2,Lost / Hibernating
CUST-03659,7,4,4096.09,5,2,3,New Potential
CUST-03660,217,5,4100.86,1,3,3,Loyal Customer
CUST-03661,72,4,3390.75,2,2,2,Lost / Hibernating
CUST-03662,76,4,2462.73,2,2,2,Lost / Hibernating
CUST-03663,170,3,2352.36,1,1,2,Lost / Hibernating
CUST-03664,115,4,3412.04,2,2,3,Lost / Hibernating
CUST-03665,51,5,3805.37,3,3,3,Loyal Customer
CUST-03666,49,1,106.48,3,1,1,Lost / Hibernating
CUST-03667,141,3,1892.44,1,1,1,Lost / Hibernating
CUST-03668,15,4,4294.610000000001,5,2,3,New Potential
CUST-03669,112,6,7294.22,2,4,5,Loyal Customer
CUST-03670,62,4,4010.77,3,2,3,Lost / Hibernating
CUST-03671,33,5,3361.7799999999997,4,3,2,Lost / Hibernating
CUST-03672,149,5,2319.11,1,3,2,At Risk
CUST-03674,142,4,2609.7,1,2,2,Lost / Hibernating
CUST-03675,19,7,5920.38,4,4,4,Champion
CUST-03676,20,10,9920.28,4,5,5,Champion
CUST-03677,72,7,5752.280000000001,2,4,4,Loyal Customer
CUST-03678,141,1,1154.29,1,1,1,Lost / Hibernating
CUST-03679,4,10,10638.26,5,5,5,Champion
CUST-03680,33,8,5406.7,4,5,4,Champion
CUST-03681,78,3,4044.87,2,1,3,Lost / Hibernating
CUST-03682,10,6,6006.259999999999,5,4,4,Champion
CUST-03683,1,10,10826.37,5,5,5,Champion
CUST-03684,11,9,7549.97,5,5,5,Champion
CUST-03685,69,5,4929.41,2,3,4,Loyal Customer
CUST-03686,46,3,2831.05,3,1,2,Lost / Hibernating
CUST-03687,118,6,6066.07,1,4,4,Loyal Customer
CUST-03688,70,6,7606.32,2,4,5,Loyal Customer
CUST-03689,62,2,310.96,3,1,1,Lost / Hibernating
CUST-03690,2,4,2228.19,5,2,1,New Potential
CUST-03691,184,3,4492.41,1,1,3,Lost / Hibernating
CUST-03692,13,6,5647.63,5,4,4,Champion
CUST-03693,149,4,2322.7400000000002,1,2,2,Lost / Hibernating
CUST-03694,56,6,3459.44,3,4,3,Loyal Customer
CUST-03695,60,6,2639.3500000000004,3,4,2,Lost / Hibernating
CUST-03696,124,3,1795.9499999999998,1,1,1,Lost / Hibernating
CUST-03697,18,6,5130.94,4,4,4,Champion
CUST-03698,18,7,5988.43,4,4,4,Champion
CUST-03699,73,6,3699.41,2,4,3,Loyal Customer
CUST-03700,201,3,1637.21,1,1,1,Lost / Hibernating
CUST-03701,144,4,5396.3099999999995,1,2,4,Lost / Hibernating
CUST-03702,10,4,2888.4,5,2,2,New Potential
CUST-03703,11,7,7005.51,5,4,5,Champion
CUST-03704,115,5,3956.2200000000003,2,3,3,Loyal Customer
CUST-03705,74,4,3935.54,2,2,3,Lost / Hibernating
CUST-03706,190,3,4048.2200000000003,1,1,3,Lost / Hibernating
CUST-03707,91,7,6591.76,2,4,5,Loyal Customer
CUST-03708,3,9,5838.17,5,5,4,Champion
CUST-03709,42,3,4122.17,3,1,3,Lost / Hibernating
CUST-03710,75,7,3728.62,2,4,3,Loyal Customer
CUST-03711,184,4,3701.53,1,2,3,Lost / Hibernating
CUST-03712,160,8,7817.75,1,5,5,Loyal Customer
CUST-03713,99,7,5879.21,2,4,4,Loyal Customer
CUST-03714,70,5,2995.4700000000003,2,3,2,At Risk
CUST-03715,166,6,6235.2,1,4,5,Loyal Customer
CUST-03716,25,6,5468.52,4,4,4,Champion
CUST-03717,135,5,4221.16,1,3,3,Loyal Customer
CUST-03719,85,6,2644.19,2,4,2,At Risk
CUST-03720,208,5,5438.42,1,3,4,Loyal Customer
CUST-03721,256,2,2021.52,1,1,1,Lost / Hibernating
CUST-03722,165,5,8122.72,1,3,5,Loyal Customer
CUST-03723,10,7,8305.77,5,4,5,Champion
CUST-03724,84,5,4829.0,2,3,4,Loyal Customer
CUST-03725,10,4,5201.78,5,2,4,New Potential
CUST-03726,27,5,3041.94,4,3,2,Lost / Hibernating
CUST-03727,16,4,5114.87,5,2,4,New Potential
CUST-03728,83,5,7092.24,2,3,5,Loyal Customer
CUST-03729,71,5,7026.36,2,3,5,Loyal Customer
CUST-03730,44,6,3774.8900000000003,3,4,3,Loyal Customer
CUST-03731,47,3,2574.84,3,1,2,Lost / Hibernating
CUST-03732,76,2,1058.22,2,1,1,Lost / Hibernating
CUST-03733,222,2,1341.42,1,1,1,Lost / Hibernating
CUST-03734,67,5,3189.53,2,3,2,At Risk
CUST-03735,17,9,6807.25,4,5,5,Champion
CUST-03736,147,2,887.22,1,1,1,Lost / Hibernating
CUST-03737,90,6,4784.58,2,4,4,Loyal Customer
CUST-03738,3,5,4811.62,5,3,4,Loyal Customer
CUST-03739,92,5,3294.7,2,3,2,At Risk
CUST-03740,8,5,8078.83,5,3,5,Loyal Customer
CUST-03741,8,4,2795.42,5,2,2,New Potential
CUST-03742,8,8,5543.95,5,5,4,Champion
CUST-03743,33,5,3450.9700000000003,4,3,3,Loyal Customer
CUST-03744,26,10,10091.800000000001,4,5,5,Champion
CUST-03745,47,4,2362.9,3,2,2,Lost / Hibernating
CUST-03746,80,7,4862.780000000001,2,4,4,Loyal Customer
CUST-03747,119,4,2667.12,1,2,2,Lost / Hibernating
CUST-03748,6,9,9340.29,5,5,5,Champion
CUST-03749,142,5,1905.44,1,3,1,At Risk
CUST-03750,71,6,4455.51,2,4,3,Loyal Customer
CUST-03751,75,3,3320.98,2,1,2,Lost / Hibernating
CUST-03752,37,7,7123.43,4,4,5,Champion
CUST-03753,187,4,4301.1900000000005,1,2,3,Lost / Hibernating
CUST-03754,184,5,3058.0,1,3,2,At Risk
CUST-03755,95,4,3849.69,2,2,3,Lost / Hibernating
CUST-03756,76,8,6093.92,2,5,4,Loyal Customer
CUST-03757,6,7,7665.98,5,4,5,Champion
CUST-03758,44,6,3785.36,3,4,3,Loyal Customer
CUST-03759,15,12,8793.08,5,5,5,Champion
CUST-03760,84,5,1863.54,2,3,1,At Risk
CUST-03761,61,4,2072.97,3,2,1,Lost / Hibernating
CUST-03762,21,3,3743.83,4,1,3,New Potential
CUST-03763,43,5,3437.74,3,3,3,Loyal Customer
CUST-03764,73,4,4790.5,2,2,4,Lost / Hibernating
CUST-03765,83,5,4918.5599999999995,2,3,4,Loyal Customer
CUST-03766,151,4,2575.6,1,2,2,Lost / Hibernating
CUST-03767,90,3,3212.26,2,1,2,Lost / Hibernating
CUST-03769,13,5,2499.81,5,3,2,Lost / Hibernating
CUST-03770,20,4,4012.74,4,2,3,New Potential
CUST-03771,132,3,2990.7200000000003,1,1,2,Lost / Hibernating
CUST-03772,33,6,7483.29,4,4,5,Champion
CUST-03773,76,6,4374.530000000001,2,4,3,Loyal Customer
CUST-03774,38,5,2635.89,3,3,2,Lost / Hibernating
CUST-03775,168,3,2120.53,1,1,1,Lost / Hibernating
CUST-03776,11,7,7423.93,5,4,5,Champion
CUST-03777,1,11,8225.68,5,5,5,Champion
CUST-03778,2,9,6503.41,5,5,5,Champion
CUST-03779,155,5,3419.93,1,3,3,Loyal Customer
CUST-03780,13,8,8503.1,5,5,5,Champion
CUST-03781,58,3,2250.84,3,1,1,Lost / Hibernating
CUST-03782,6,3,3512.88,5,1,3,New Potential
CUST-03783,149,4,2303.66,1,2,2,Lost / Hibernating
CUST-03784,24,5,3582.4700000000003,4,3,3,Loyal Customer
CUST-03785,4,5,4680.34,5,3,4,Loyal Customer
CUST-03786,102,3,1837.23,2,1,1,Lost / Hibernating
CUST-03787,181,3,3158.82,1,1,2,Lost / Hibernating
CUST-03788,32,6,6220.82,4,4,5,Champion
CUST-03789,95,3,1894.67,2,1,1,Lost / Hibernating
CUST-03790,4,5,7272.84,5,3,5,Loyal Customer
CUST-03791,180,3,1666.75,1,1,1,Lost / Hibernating
CUST-03792,78,4,2348.8,2,2,2,Lost / Hibernating
CUST-03793,45,6,4807.22,3,4,4,Loyal Customer
CUST-03794,51,6,4331.5599999999995,3,4,3,Loyal Customer
CUST-03795,23,3,1560.3999999999999,4,1,1,New Potential
CUST-03796,15,3,2995.7799999999997,5,1,2,New Potential
CUST-03797,30,7,4259.19,4,4,3,Champion
CUST-03798,54,5,4033.77,3,3,3,Loyal Customer
CUST-03799,37,7,8134.2,4,4,5,Champion
CUST-03800,95,5,3219.73,2,3,2,At Risk
CUST-03801,39,3,4164.68,3,1,3,Lost / Hibernating
CUST-03802,55,8,5942.67,3,5,4,Loyal Customer
CUST-03803,40,5,4210.849999999999,3,3,3,Loyal Customer
CUST-03804,15,5,5609.01,5,3,4,Loyal Customer
CUST-03805,14,8,8400.36,5,5,5,Champion
CUST-03806,1,7,3653.37,5,4,3,Champion
CUST-03807,6,4,3281.7,5,2,2,New Potential
CUST-03808,164,2,1504.76,1,1,1,Lost / Hibernating
CUST-03809,11,9,7614.17,5,5,5,Champion
CUST-03810,116,4,2326.84,2,2,2,Lost / Hibernating
CUST-03811,27,5,4531.81,4,3,3,Loyal Customer
CUST-03812,87,3,2473.95,2,1,2,Lost / Hibernating
CUST-03813,11,10,10913.08,5,5,5,Champion
CUST-03814,34,7,3973.35,4,4,3,Champion
CUST-03815,90,8,7254.910000000001,2,5,5,Loyal Customer
CUST-03816,73,3,1392.6100000000001,2,1,1,Lost / Hibernating
CUST-03817,335,1,698.84,1,1,1,Lost / Hibernating
CUST-03818,6,7,7184.91,5,4,5,Champion
CUST-03819,45,6,4610.63,3,4,4,Loyal Customer
CUST-03820,87,4,4988.72,2,2,4,Lost / Hibernating
CUST-03821,60,4,2183.01,3,2,1,Lost / Hibernating
CUST-03822,32,6,4053.96,4,4,3,Champion
CUST-03823,104,4,2468.57,2,2,2,Lost / Hibernating
CUST-03824,7,6,5770.74,5,4,4,Champion
CUST-03825,96,9,9353.67,2,5,5,Loyal Customer
CUST-03826,26,6,3633.28,4,4,3,Champion
CUST-03827,126,6,4817.06,1,4,4,Loyal Customer
CUST-03828,3,6,4801.37,5,4,4,Champion
CUST-03829,89,8,4065.45,2,5,3,Loyal Customer
CUST-03830,152,4,2305.44,1,2,2,Lost / Hibernating
CUST-03831,74,5,5199.18,2,3,4,Loyal Customer
CUST-03832,18,3,2342.0,4,1,2,New Potential
CUST-03833,18,5,3420.3900000000003,4,3,3,Loyal Customer
CUST-03834,14,5,3592.97,5,3,3,Loyal Customer
CUST-03835,39,3,1969.47,3,1,1,Lost / Hibernating
CUST-03836,113,6,5736.06,2,4,4,Loyal Customer
CUST-03837,61,9,8305.07,3,5,5,Loyal Customer
CUST-03838,64,5,3771.57,3,3,3,Loyal Customer
CUST-03839,23,6,2468.91,4,4,2,Champion
CUST-03840,103,5,5088.32,2,3,4,Loyal Customer
CUST-03841,212,2,1306.05,1,1,1,Lost / Hibernating
CUST-03842,70,4,2145.5699999999997,2,2,1,Lost / Hibernating
CUST-03843,122,7,7155.65,1,4,5,Loyal Customer
CUST-03844,142,3,2260.26,1,1,1,Lost / Hibernating
CUST-03845,189,6,3787.5299999999997,1,4,3,Loyal Customer
CUST-03846,174,3,1715.46,1,1,1,Lost / Hibernating
CUST-03847,63,3,1294.55,3,1,1,Lost / Hibernating
CUST-03848,23,4,4858.63,4,2,4,New Potential
CUST-03849,51,6,3558.17,3,4,3,Loyal Customer
CUST-03850,25,4,2997.01,4,2,2,New Potential
CUST-03851,63,4,4497.02,3,2,3,Lost / Hibernating
CUST-03852,36,7,5870.46,4,4,4,Champion
CUST-03853,92,6,3485.77,2,4,3,Loyal Customer
CUST-03854,30,6,4494.46,4,4,3,Champion
CUST-03855,33,5,5732.5599999999995,4,3,4,Loyal Customer
CUST-03856,29,7,5555.79,4,4,4,Champion
CUST-03857,58,3,1481.4699999999998,3,1,1,Lost / Hibernating
CUST-03858,22,3,4704.54,4,1,4,New Potential
CUST-03859,7,10,11033.77,5,5,5,Champion
CUST-03860,40,6,3219.7599999999998,3,4,2,Lost / Hibernating
CUST-03861,2,5,4136.24,5,3,3,Loyal Customer
CUST-03862,9,5,7287.47,5,3,5,Loyal Customer
CUST-03863,160,3,3958.18,1,1,3,Lost / Hibernating
CUST-03864,10,6,5014.88,5,4,4,Champion
CUST-03865,105,7,6632.33,2,4,5,Loyal Customer
CUST-03866,24,5,2570.69,4,3,2,Lost / Hibernating
CUST-03867,54,4,2366.96,3,2,2,Lost / Hibernating
CUST-03868,45,8,7550.530000000001,3,5,5,Loyal Customer
CUST-03869,101,9,6598.76,2,5,5,Loyal Customer
CUST-03870,5,9,5724.54,5,5,4,Champion
CUST-03871,180,2,4103.49,1,1,3,Lost / Hibernating
CUST-03872,28,5,3273.7,4,3,2,Lost / Hibernating
CUST-03873,157,5,4248.98,1,3,3,Loyal Customer
CUST-03874,34,9,7161.6900000000005,4,5,5,Champion
CUST-03875,72,4,3239.39,2,2,2,Lost / Hibernating
CUST-03876,6,9,5630.05,5,5,4,Champion
CUST-03877,16,3,2244.27,5,1,1,New Potential
CUST-03878,119,5,3977.59,1,3,3,Loyal Customer
CUST-03879,43,5,5956.01,3,3,4,Loyal Customer
CUST-03880,137,4,3019.6099999999997,1,2,2,Lost / Hibernating
CUST-03881,83,2,3574.9199999999996,2,1,3,Lost / Hibernating
CUST-03882,97,4,4701.0599999999995,2,2,4,Lost / Hibernating
CUST-03883,16,3,2499.38,5,1,2,New Potential
CUST-03884,175,3,832.56,1,1,1,Lost / Hibernating
CUST-03885,117,5,2933.56,2,3,2,At Risk
CUST-03886,88,9,5265.79,2,5,4,Loyal Customer
CUST-03887,83,6,8041.3,2,4,5,Loyal Customer
CUST-03888,284,2,1487.02,1,1,1,Lost / Hibernating
CUST-03889,2,7,7919.62,5,4,5,Champion
CUST-03890,8,4,3891.05,5,2,3,New Potential
CUST-03891,121,1,558.37,1,1,1,Lost / Hibernating
CUST-03892,148,5,2766.81,1,3,2,At Risk
CUST-03893,134,5,2434.69,1,3,2,At Risk
CUST-03894,39,9,8258.7,3,5,5,Loyal Customer
CUST-03895,89,4,5121.47,2,2,4,Lost / Hibernating
CUST-03896,87,6,4460.89,2,4,3,Loyal Customer
CUST-03897,3,4,5254.59,5,2,4,New Potential
CUST-03898,136,4,5515.62,1,2,4,Lost / Hibernating
CUST-03899,126,1,214.49,1,1,1,Lost / Hibernating
CUST-03900,38,3,2610.1800000000003,3,1,2,Lost / Hibernating
CUST-03901,245,1,972.8,1,1,1,Lost / Hibernating
CUST-03902,63,3,2260.64,3,1,1,Lost / Hibernating
CUST-03903,249,1,637.12,1,1,1,Lost / Hibernating
CUST-03904,84,5,2403.99,2,3,2,At Risk
CUST-03905,17,5,4527.69,4,3,3,Loyal Customer
CUST-03906,26,10,10105.11,4,5,5,Champion
CUST-03907,11,4,3902.08,5,2,3,New Potential
CUST-03908,76,10,6673.87,2,5,5,Loyal Customer
CUST-03909,106,7,3889.97,2,4,3,Loyal Customer
CUST-03910,21,5,2488.7599999999998,4,3,2,Lost / Hibernating
CUST-03911,37,6,3164.2000000000003,4,4,2,Champion
CUST-03912,94,8,5974.02,2,5,4,Loyal Customer
CUST-03913,58,4,3317.45,3,2,2,Lost / Hibernating
CUST-03914,12,7,6700.75,5,4,5,Champion
CUST-03915,29,6,6374.82,4,4,5,Champion
CUST-03916,4,6,5527.83,5,4,4,Champion
CUST-03917,13,4,4670.68,5,2,4,New Potential
CUST-03918,22,8,5920.32,4,5,4,Champion
CUST-03919,9,9,8472.15,5,5,5,Champion
CUST-03920,59,4,3728.2299999999996,3,2,3,Lost / Hibernating
CUST-03921,15,2,1383.0600000000002,5,1,1,New Potential
CUST-03922,141,6,4782.78,1,4,4,Loyal Customer
CUST-03923,132,2,1269.47,1,1,1,Lost / Hibernating
CUST-03924,31,5,3223.6400000000003,4,3,2,Lost / Hibernating
CUST-03925,1,11,9699.96,5,5,5,Champion
CUST-03926,135,2,1056.42,1,1,1,Lost / Hibernating
CUST-03927,141,8,7081.83,1,5,5,Loyal Customer
CUST-03928,131,3,2063.78,1,1,1,Lost / Hibernating
CUST-03929,74,3,1571.75,2,1,1,Lost / Hibernating
CUST-03930,2,3,2464.46,5,1,2,New Potential
CUST-03931,8,11,5128.41,5,5,4,Champion
CUST-03932,31,3,2368.4,4,1,2,New Potential
CUST-03933,12,4,5309.51,5,2,4,New Potential
CUST-03934,240,3,2767.82,1,1,2,Lost / Hibernating
CUST-03935,152,1,619.64,1,1,1,Lost / Hibernating
CUST-03936,138,4,2012.36,1,2,1,Lost / Hibernating
CUST-03937,98,6,3802.94,2,4,3,Loyal Customer
CUST-03938,14,8,4797.16,5,5,4,Champion
CUST-03939,87,2,1173.96,2,1,1,Lost / Hibernating
CUST-03940,126,5,2879.32,1,3,2,At Risk
CUST-03941,51,4,4677.5,3,2,4,Lost / Hibernating
CUST-03942,183,5,3705.6,1,3,3,Loyal Customer
CUST-03943,92,4,3304.8199999999997,2,2,2,Lost / Hibernating
CUST-03944,36,9,8859.35,4,5,5,Champion
CUST-03945,5,6,4237.95,5,4,3,Champion
CUST-03946,12,7,6666.15,5,4,5,Champion
CUST-03947,104,5,3699.8,2,3,3,Loyal Customer
CUST-03948,46,5,2896.37,3,3,2,Lost / Hibernating
CUST-03949,79,5,3889.76,2,3,3,Loyal Customer
CUST-03950,136,6,6076.400000000001,1,4,4,Loyal Customer
CUST-03951,49,1,393.16,3,1,1,Lost / Hibernating
CUST-03952,68,4,3803.3,2,2,3,Lost / Hibernating
CUST-03953,99,4,3871.91,2,2,3,Lost / Hibernating
CUST-03954,127,3,2682.19,1,1,2,Lost / Hibernating
CUST-03955,8,4,2388.7200000000003,5,2,2,New Potential
CUST-03956,104,2,2613.98,2,1,2,Lost / Hibernating
CUST-03957,48,3,970.92,3,1,1,Lost / Hibernating
CUST-03958,55,3,2362.4700000000003,3,1,2,Lost / Hibernating
CUST-03959,45,4,3860.92,3,2,3,Lost / Hibernating
CUST-03960,61,9,7943.74,3,5,5,Loyal Customer
CUST-03961,171,4,2727.73,1,2,2,Lost / Hibernating
CUST-03962,64,4,2438.04,3,2,2,Lost / Hibernating
CUST-03963,35,11,7908.18,4,5,5,Champion
CUST-03964,35,5,1871.55,4,3,1,Lost / Hibernating
CUST-03965,3,5,5775.13,5,3,4,Loyal Customer
CUST-03966,97,2,2720.6,2,1,2,Lost / Hibernating
CUST-03967,9,6,4533.1900000000005,5,4,3,Champion
CUST-03968,72,5,3288.84,2,3,2,At Risk
CUST-03969,99,3,1947.81,2,1,1,Lost / Hibernating
CUST-03970,19,2,1537.78,4,1,1,New Potential
CUST-03971,19,8,6087.64,4,5,4,Champion
CUST-03972,13,6,7811.79,5,4,5,Champion
CUST-03973,113,5,3721.45,2,3,3,Loyal Customer
CUST-03974,242,2,541.0600000000001,1,1,1,Lost / Hibernating
CUST-03975,19,2,1618.08,4,1,1,New Potential
CUST-03976,63,3,924.1099999999999,3,1,1,Lost / Hibernating
CUST-03977,79,6,6224.150000000001,2,4,5,Loyal Customer
CUST-03978,123,3,2788.54,1,1,2,Lost / Hibernating
CUST-03979,11,7,5972.79,5,4,4,Champion
CUST-03980,1,4,3394.8,5,2,2,New Potential
CUST-03981,65,6,5025.68,3,4,4,Loyal Customer
CUST-03982,149,5,3127.6899999999996,1,3,2,At Risk
CUST-03983,60,5,5315.24,3,3,4,Loyal Customer
CUST-03984,16,2,1490.24,5,1,1,New Potential
CUST-03985,70,2,931.31,2,1,1,Lost / Hibernating
CUST-03986,142,4,5033.4,1,2,4,Lost / Hibernating
CUST-03987,38,7,6632.88,3,4,5,Loyal Customer
CUST-03988,152,4,2070.5,1,2,1,Lost / Hibernating
CUST-03989,47,5,2466.08,3,3,2,Lost / Hibernating
CUST-03990,26,9,6499.79,4,5,5,Champion
CUST-03991,81,5,3910.65,2,3,3,Loyal Customer
CUST-03992,13,3,2056.22,5,1,1,New Potential
CUST-03993,11,8,4240.82,5,5,3,Champion
CUST-03994,111,8,8866.19,2,5,5,Loyal Customer
CUST-03995,57,7,6313.13,3,4,5,Loyal Customer
CUST-03996,97,3,1099.1,2,1,1,Lost / Hibernating
CUST-03997,35,4,2451.21,4,2,2,New Potential
CUST-03998,80,6,3392.5,2,4,2,At Risk
CUST-03999,105,8,6655.27,2,5,5,Loyal Customer
CUST-04000,60,6,4170.74,3,4,3,Loyal Customer
CUST-04001,37,4,2700.54,4,2,2,New Potential
CUST-04002,4,9,9175.98,5,5,5,Champion
CUST-04003,175,2,1385.62,1,1,1,Lost / Hibernating
CUST-04004,15,7,6655.95,5,5,5,Champion
CUST-04005,45,5,3847.27,3,3,3,Loyal Customer
CUST-04006,101,5,3235.03,2,3,2,At Risk
CUST-04007,20,5,2606.26,4,3,2,Lost / Hibernating
CUST-04008,55,4,2858.66,3,2,2,Lost / Hibernating
CUST-04009,2,8,6055.93,5,5,4,Champion
CUST-04010,70,2,1886.68,2,1,1,Lost / Hibernating
CUST-04011,3,4,3928.3,5,2,3,New Potential
CUST-04012,113,1,939.34,2,1,1,Lost / Hibernating
CUST-04013,217,3,4287.51,1,1,3,Lost / Hibernating
CUST-04014,14,5,3877.48,5,3,3,Loyal Customer
CUST-04015,10,2,1664.17,5,1,1,New Potential
CUST-04016,67,13,10176.45,2,5,5,Loyal Customer
CUST-04017,221,1,629.33,1,1,1,Lost / Hibernating
CUST-04018,10,6,4356.110000000001,5,4,3,Champion
CUST-04019,105,3,1923.26,2,1,1,Lost / Hibernating
CUST-04020,69,6,3943.33,2,4,3,Loyal Customer
CUST-04021,6,4,5229.5,5,2,4,New Potential
CUST-04022,9,11,8243.57,5,5,5,Champion
CUST-04023,3,7,5111.2300000000005,5,5,4,Champion
CUST-04024,179,6,4823.77,1,4,4,Loyal Customer
CUST-04025,70,7,5233.13,2,5,4,Loyal Customer
CUST-04026,5,5,3643.08,5,3,3,Loyal Customer
CUST-04027,121,7,6050.4800000000005,1,5,4,Loyal Customer
CUST-04028,39,4,2365.01,3,2,2,Lost / Hibernating
CUST-04029,75,3,2119.24,2,1,1,Lost / Hibernating
CUST-04030,54,7,6775.93,3,5,5,Loyal Customer
CUST-04031,36,5,2942.75,4,3,2,Lost / Hibernating
CUST-04032,23,4,4204.13,4,2,3,New Potential
CUST-04033,47,9,8194.72,3,5,5,Loyal Customer
CUST-04034,160,4,5194.71,1,2,4,Lost / Hibernating
CUST-04035,87,8,9935.66,2,5,5,Loyal Customer
CUST-04036,130,7,5960.74,1,5,4,Loyal Customer
CUST-04037,53,7,8656.98,3,5,5,Loyal Customer
CUST-04038,77,3,2591.49,2,1,2,Lost / Hibernating
CUST-04039,145,2,1736.78,1,1,1,Lost / Hibernating
CUST-04040,62,7,3267.5099999999998,3,5,2,Lost / Hibernating
CUST-04041,40,4,1781.2,3,2,1,Lost / Hibernating
CUST-04042,13,4,2683.4,5,2,2,New Potential
CUST-04043,51,5,4089.55,3,3,3,Loyal Customer
CUST-04044,34,6,4717.62,4,4,4,Champion
CUST-04045,17,8,7180.86,4,5,5,Champion
CUST-04046,146,7,7136.77,1,5,5,Loyal Customer
CUST-04047,103,4,1644.82,2,2,1,Lost / Hibernating
CUST-04048,17,3,1096.78,4,1,1,New Potential
CUST-04049,56,2,2054.4,3,1,1,Lost / Hibernating
CUST-04050,182,4,3542.44,1,2,3,Lost / Hibernating
CUST-04051,28,7,5770.679999999999,4,5,4,Champion
CUST-04052,13,6,5407.47,5,4,4,Champion
CUST-04053,60,8,6008.55,3,5,4,Loyal Customer
CUST-04054,152,7,6890.219999999999,1,5,5,Loyal Customer
CUST-04055,7,2,733.3,5,1,1,New Potential
CUST-04056,237,5,3940.1899999999996,1,3,3,Loyal Customer
CUST-04057,4,5,3523.74,5,3,3,Loyal Customer
CUST-04058,18,2,2712.9900000000002,4,1,2,New Potential
CUST-04059,90,6,4774.41,2,4,4,Loyal Customer
CUST-04060,247,3,3203.0,1,1,2,Lost / Hibernating
CUST-04061,43,8,6485.36,3,5,5,Loyal Customer
CUST-04062,132,5,4640.84,1,3,4,Loyal Customer
CUST-04063,4,7,4520.41,5,5,3,Champion
CUST-04064,99,4,3706.74,2,2,3,Lost / Hibernating
CUST-04065,32,10,5822.639999999999,4,5,4,Champion
CUST-04066,12,5,2979.94,5,3,2,Lost / Hibernating
CUST-04067,39,4,2331.1,3,2,2,Lost / Hibernating
CUST-04068,95,9,6936.05,2,5,5,Loyal Customer
CUST-04069,23,8,5618.53,4,5,4,Champion
CUST-04070,34,3,2727.4,4,1,2,New Potential
CUST-04071,16,7,10276.279999999999,5,5,5,Champion
CUST-04072,292,4,2862.84,1,2,2,Lost / Hibernating
CUST-04073,78,6,4485.11,2,4,3,Loyal Customer
CUST-04074,25,8,6747.16,4,5,5,Champion
CUST-04075,15,6,4467.2,5,4,3,Champion
CUST-04076,40,3,2331.32,3,1,2,Lost / Hibernating
CUST-04077,174,3,2057.91,1,1,1,Lost / Hibernating
CUST-04078,285,2,1146.8400000000001,1,1,1,Lost / Hibernating
CUST-04079,5,5,3996.91,5,3,3,Loyal Customer
CUST-04080,92,4,2386.15,2,2,2,Lost / Hibernating
CUST-04082,35,6,3309.76,4,4,2,Champion
CUST-04083,17,6,4224.41,4,4,3,Champion
CUST-04084,30,6,4236.07,4,4,3,Champion
CUST-04085,53,7,5341.0,3,5,4,Loyal Customer
CUST-04086,8,8,7532.64,5,5,5,Champion
CUST-04087,137,6,7184.41,1,4,5,Loyal Customer
CUST-04088,13,6,5089.91,5,4,4,Champion
CUST-04089,137,5,6023.01,1,3,4,Loyal Customer
CUST-04090,32,7,5927.47,4,5,4,Champion
CUST-04091,112,5,5690.18,2,3,4,Loyal Customer
CUST-04092,74,5,3598.6499999999996,2,3,3,Loyal Customer
CUST-04093,210,2,1788.1299999999999,1,1,1,Lost / Hibernating
CUST-04094,94,3,1591.86,2,1,1,Lost / Hibernating
CUST-04095,139,4,3641.77,1,2,3,Lost / Hibernating
CUST-04096,82,5,4217.24,2,3,3,Loyal Customer
CUST-04097,98,3,1453.17,2,1,1,Lost / Hibernating
CUST-04098,79,5,3780.3,2,3,3,Loyal Customer
CUST-04099,14,11,7168.0599999999995,5,5,5,Champion
CUST-04100,109,3,913.32,2,1,1,Lost / Hibernating
CUST-04101,49,4,2042.0900000000001,3,2,1,Lost / Hibernating
CUST-04102,16,7,5804.47,5,5,4,Champion
CUST-04103,35,4,3459.5,4,2,3,New Potential
CUST-04104,58,7,8253.72,3,5,5,Loyal Customer
CUST-04105,104,5,2940.64,2,3,2,At Risk
CUST-04106,167,3,2814.87,1,1,2,Lost / Hibernating
CUST-04107,155,4,4963.530000000001,1,2,4,Lost / Hibernating
CUST-04108,95,2,1660.96,2,1,1,Lost / Hibernating
CUST-04109,13,6,5799.139999999999,5,4,4,Champion
CUST-04110,101,4,2287.87,2,2,2,Lost / Hibernating
CUST-04111,1,7,8954.4,5,5,5,Champion
CUST-04112,2,4,3158.73,5,2,2,New Potential
CUST-04113,20,8,6757.68,4,5,5,Champion
CUST-04114,84,2,1565.04,2,1,1,Lost / Hibernating
CUST-04115,126,7,6947.11,1,5,5,Loyal Customer
CUST-04116,82,1,386.28,2,1,1,Lost / Hibernating
CUST-04117,118,2,1681.4099999999999,1,1,1,Lost / Hibernating
CUST-04118,30,4,3832.66,4,2,3,New Potential
CUST-04119,154,4,1706.24,1,2,1,Lost / Hibernating
CUST-04120,33,7,6124.45,4,5,5,Champion
CUST-04121,107,3,2540.67,2,1,2,Lost / Hibernating
CUST-04122,80,10,6257.83,2,5,5,Loyal Customer
CUST-04123,43,3,1578.81,3,1,1,Lost / Hibernating
CUST-04124,11,7,6409.23,5,5,5,Champion
CUST-04125,47,8,7014.19,3,5,5,Loyal Customer
CUST-04126,253,2,1126.32,1,1,1,Lost / Hibernating
CUST-04127,27,3,2921.25,4,1,2,New Potential
CUST-04128,73,3,5023.75,2,1,4,Lost / Hibernating
CUST-04129,104,4,5037.9,2,2,4,Lost / Hibernating
CUST-04130,38,10,6428.56,3,5,5,Loyal Customer
CUST-04131,68,5,3857.34,2,3,3,Loyal Customer
CUST-04132,14,1,841.72,5,1,1,New Potential
CUST-04133,31,2,1471.5,4,1,1,New Potential
CUST-04134,48,5,3146.57,3,3,2,Lost / Hibernating
CUST-04135,123,4,1344.96,1,2,1,Lost / Hibernating
CUST-04136,306,1,399.13,1,1,1,Lost / Hibernating
CUST-04137,145,2,920.1800000000001,1,1,1,Lost / Hibernating
CUST-04138,109,8,7404.48,2,5,5,Loyal Customer
CUST-04139,55,7,6242.76,3,5,5,Loyal Customer
CUST-04140,121,2,2668.22,1,1,2,Lost / Hibernating
CUST-04141,98,6,5699.63,2,4,4,Loyal Customer
CUST-04142,62,5,3291.57,3,3,2,Lost / Hibernating
CUST-04143,45,4,3830.94,3,2,3,Lost / Hibernating
CUST-04144,10,7,7174.93,5,5,5,Champion
CUST-04145,96,4,3390.02,2,2,2,Lost / Hibernating
CUST-04146,55,5,3884.76,3,3,3,Loyal Customer
CUST-04147,21,7,7317.12,4,5,5,Champion
CUST-04148,151,5,4704.860000000001,1,3,4,Loyal Customer
CUST-04149,16,5,4233.15,5,3,3,Loyal Customer
CUST-04150,50,2,1661.9,3,1,1,Lost / Hibernating
CUST-04151,70,7,3836.29,2,5,3,Loyal Customer
CUST-04152,89,5,5000.3099999999995,2,3,4,Loyal Customer
CUST-04153,59,4,2126.29,3,2,1,Lost / Hibernating
CUST-04154,13,6,6388.23,5,4,5,Champion
CUST-04155,7,4,2615.7200000000003,5,2,2,New Potential
CUST-04156,33,6,1333.3700000000001,4,4,1,Champion
CUST-04157,116,6,6378.79,2,4,5,Loyal Customer
CUST-04158,25,5,3422.2,4,3,3,Loyal Customer
CUST-04159,32,9,9128.32,4,5,5,Champion
CUST-04160,53,9,6480.47,3,5,5,Loyal Customer
CUST-04161,25,2,3074.75,4,1,2,New Potential
CUST-04162,205,2,1386.28,1,1,1,Lost / Hibernating
CUST-04163,229,2,2190.02,1,1,1,Lost / Hibernating
CUST-04164,15,3,3463.31,5,1,3,New Potential
CUST-04165,3,5,5098.5599999999995,5,3,4,Loyal Customer
CUST-04166,48,6,4864.6900000000005,3,4,4,Loyal Customer
CUST-04167,25,5,4846.259999999999,4,3,4,Loyal Customer
CUST-04168,4,6,5251.25,5,4,4,Champion
CUST-04169,50,8,5297.98,3,5,4,Loyal Customer
CUST-04170,75,5,4641.79,2,3,4,Loyal Customer
CUST-04171,20,4,5173.24,4,2,4,New Potential
CUST-04172,77,2,1913.51,2,1,1,Lost / Hibernating
CUST-04173,29,7,4403.71,4,5,3,Champion
CUST-04174,34,7,6408.73,4,5,5,Champion
CUST-04175,76,7,8008.780000000001,2,5,5,Loyal Customer
CUST-04176,156,6,8475.28,1,4,5,Loyal Customer
CUST-04177,83,10,6919.47,2,5,5,Loyal Customer
CUST-04178,13,4,4098.71,5,2,3,New Potential
CUST-04179,4,6,4443.97,5,4,3,Champion
CUST-04180,77,3,2377.86,2,1,2,Lost / Hibernating
CUST-04181,83,6,6339.360000000001,2,4,5,Loyal Customer
CUST-04182,18,8,6109.549999999999,4,5,5,Champion
CUST-04183,41,8,8842.779999999999,3,5,5,Loyal Customer
CUST-04184,10,6,5707.48,5,4,4,Champion
CUST-04185,55,5,5790.6,3,3,4,Loyal Customer
CUST-04186,166,3,3612.52,1,1,3,Lost / Hibernating
CUST-04187,69,3,2010.29,2,1,1,Lost / Hibernating
CUST-04188,81,6,3587.03,2,4,3,Loyal Customer
CUST-04189,56,3,3394.52,3,1,2,Lost / Hibernating
CUST-04190,26,5,6398.469999999999,4,3,5,Loyal Customer
CUST-04191,11,2,874.48,5,1,1,New Potential
CUST-04192,274,2,825.97,1,1,1,Lost / Hibernating
CUST-04193,4,3,4363.639999999999,5,1,3,New Potential
CUST-04194,26,5,5051.7,4,3,4,Loyal Customer
CUST-04195,213,2,1592.13,1,1,1,Lost / Hibernating
CUST-04196,5,6,4344.43,5,4,3,Champion
CUST-04197,23,9,4872.88,4,5,4,Champion
CUST-04198,18,7,3578.85,4,5,3,Champion
CUST-04199,51,3,2523.54,3,1,2,Lost / Hibernating
CUST-04200,6,6,5874.959999999999,5,4,4,Champion
CUST-04201,184,7,4358.799999999999,1,5,3,Loyal Customer
CUST-04202,16,4,5673.04,5,2,4,New Potential
CUST-04203,165,3,2409.77,1,1,2,Lost / Hibernating
CUST-04204,81,8,6109.05,2,5,5,Loyal Customer
CUST-04205,144,2,1526.38,1,1,1,Lost / Hibernating
CUST-04206,117,4,1502.91,2,2,1,Lost / Hibernating
CUST-04207,13,7,6306.77,5,5,5,Champion
CUST-04208,29,4,2907.3,4,2,2,New Potential
CUST-04209,28,1,609.88,4,1,1,New Potential
CUST-04210,172,2,3022.13,1,1,2,Lost / Hibernating
CUST-04211,55,3,2597.12,3,1,2,Lost / Hibernating
CUST-04212,65,3,2765.62,3,1,2,Lost / Hibernating
CUST-04213,91,8,7876.66,2,5,5,Loyal Customer
CUST-04214,7,6,5265.2300000000005,5,4,4,Champion
CUST-04215,116,3,1773.6799999999998,2,1,1,Lost / Hibernating
CUST-04216,52,3,972.3299999999999,3,1,1,Lost / Hibernating
CUST-04217,3,5,2271.74,5,3,1,Lost / Hibernating
CUST-04218,8,5,2457.64,5,3,2,Lost / Hibernating
CUST-04219,113,4,3521.08,2,2,3,Lost / Hibernating
CUST-04220,11,3,3460.51,5,1,3,New Potential
CUST-04221,4,5,4143.5599999999995,5,3,3,Loyal Customer
CUST-04222,98,4,3604.1899999999996,2,2,3,Lost / Hibernating
CUST-04223,90,2,3991.74,2,1,3,Lost / Hibernating
CUST-04224,90,5,4898.0,2,3,4,Loyal Customer
CUST-04225,94,5,3359.15,2,3,2,At Risk
CUST-04226,143,7,3148.88,1,5,2,At Risk
CUST-04227,18,6,3381.73,4,4,2,Champion
CUST-04228,32,6,3870.52,4,4,3,Champion
CUST-04229,95,4,3114.9,2,2,2,Lost / Hibernating
CUST-04230,11,4,3242.2799999999997,5,2,2,New Potential
CUST-04231,58,5,3473.7200000000003,3,3,3,Loyal Customer
CUST-04232,153,2,1645.65,1,1,1,Lost / Hibernating
CUST-04233,254,3,3439.3,1,1,3,Lost / Hibernating
CUST-04234,56,6,4583.26,3,4,4,Loyal Customer
CUST-04235,119,4,3239.24,1,2,2,Lost / Hibernating
CUST-04236,55,4,4904.33,3,2,4,Lost / Hibernating
CUST-04237,31,3,3001.61,4,1,2,New Potential
CUST-04238,103,6,4046.56,2,4,3,Loyal Customer
CUST-04239,85,6,5253.9800000000005,2,4,4,Loyal Customer
CUST-04240,11,9,6642.93,5,5,5,Champion
CUST-04241,20,6,7632.530000000001,4,4,5,Champion
CUST-04242,77,4,2815.1800000000003,2,2,2,Lost / Hibernating
CUST-04243,29,6,5906.14,4,4,4,Champion
CUST-04244,59,1,225.75,3,1,1,Lost / Hibernating
CUST-04245,95,4,2502.47,2,2,2,Lost / Hibernating
CUST-04246,36,6,6187.9,4,4,5,Champion
CUST-04247,69,8,4371.2699999999995,2,5,3,Loyal Customer
CUST-04248,110,5,3557.4,2,3,3,Loyal Customer
CUST-04249,90,4,1845.47,2,2,1,Lost / Hibernating
CUST-04250,54,4,3580.7599999999998,3,2,3,Lost / Hibernating
CUST-04251,62,6,3692.44,3,4,3,Loyal Customer
CUST-04252,6,4,2548.2400000000002,5,2,2,New Potential
CUST-04253,342,1,915.58,1,1,1,Lost / Hibernating
CUST-04254,67,5,5314.57,2,3,4,Loyal Customer
CUST-04255,167,4,2259.87,1,2,1,Lost / Hibernating
CUST-04256,111,5,2841.75,2,3,2,At Risk
CUST-04257,42,6,8423.37,3,4,5,Loyal Customer
CUST-04258,178,4,3733.44,1,2,3,Lost / Hibernating
CUST-04259,80,9,4996.08,2,5,4,Loyal Customer
CUST-04260,57,6,3569.92,3,4,3,Loyal Customer
CUST-04261,47,10,4871.37,3,5,4,Loyal Customer
CUST-04262,134,5,2101.09,1,3,1,At Risk
CUST-04263,36,7,6813.78,4,5,5,Champion
CUST-04264,1,3,956.29,5,1,1,New Potential
CUST-04265,1,8,9300.36,5,5,5,Champion
CUST-04266,184,3,5282.7,1,1,4,Lost / Hibernating
CUST-04267,60,6,5216.9,3,4,4,Loyal Customer
CUST-04268,148,4,3751.0199999999995,1,2,3,Lost / Hibernating
CUST-04269,99,3,873.59,2,1,1,Lost / Hibernating
CUST-04270,10,10,7647.4800000000005,5,5,5,Champion
CUST-04271,66,5,4743.03,3,3,4,Loyal Customer
CUST-04272,114,6,6003.62,2,4,4,Loyal Customer
CUST-04273,42,8,5168.57,3,5,4,Loyal Customer
CUST-04274,76,3,5089.38,2,1,4,Lost / Hibernating
CUST-04275,25,3,4513.08,4,1,3,New Potential
CUST-04276,136,3,1199.0,1,1,1,Lost / Hibernating
CUST-04277,45,7,3330.48,3,5,2,Lost / Hibernating
CUST-04278,74,3,4440.98,2,1,3,Lost / Hibernating
CUST-04279,76,3,2081.51,2,1,1,Lost / Hibernating
CUST-04280,105,7,3906.91,2,5,3,Loyal Customer
CUST-04281,29,4,5842.9400000000005,4,2,4,New Potential
CUST-04282,6,4,4327.21,5,2,3,New Potential
CUST-04283,16,6,6003.36,5,4,4,Champion
CUST-04284,319,1,346.41,1,1,1,Lost / Hibernating
CUST-04285,110,3,2216.59,2,1,1,Lost / Hibernating
CUST-04286,15,4,2046.22,5,2,1,New Potential
CUST-04287,329,1,654.75,1,1,1,Lost / Hibernating
CUST-04288,56,4,4457.91,3,2,3,Lost / Hibernating
CUST-04289,4,6,7179.55,5,4,5,Champion
CUST-04290,17,8,9105.23,4,5,5,Champion
CUST-04291,4,4,4424.88,5,2,3,New Potential
CUST-04292,176,5,4735.29,1,3,4,Loyal Customer
CUST-04293,42,5,4447.07,3,3,3,Loyal Customer
CUST-04294,50,6,5274.32,3,4,4,Loyal Customer
CUST-04295,219,2,612.22,1,1,1,Lost / Hibernating
CUST-04296,28,4,4410.79,4,2,3,New Potential
CUST-04297,62,4,5442.92,3,2,4,Lost / Hibernating
CUST-04298,52,6,8566.49,3,4,5,Loyal Customer
CUST-04299,64,6,3755.45,3,4,3,Loyal Customer
CUST-04300,140,3,2083.3,1,1,1,Lost / Hibernating
CUST-04301,137,4,3596.44,1,2,3,Lost / Hibernating
CUST-04302,50,6,5969.54,3,4,4,Loyal Customer
CUST-04303,46,3,1938.85,3,1,1,Lost / Hibernating
CUST-04304,205,4,3033.68,1,2,2,Lost / Hibernating
CUST-04305,90,1,4195.5,2,1,3,Lost / Hibernating
CUST-04306,31,8,11617.3,4,5,5,Champion
CUST-04307,223,1,319.78,1,1,1,Lost / Hibernating
CUST-04308,16,7,7419.46,5,5,5,Champion
CUST-04309,152,2,1016.9300000000001,1,1,1,Lost / Hibernating
CUST-04310,18,4,3326.42,4,2,2,New Potential
CUST-04311,6,5,7254.24,5,3,5,Loyal Customer
CUST-04312,39,9,8649.8,3,5,5,Loyal Customer
CUST-04313,85,4,2854.5,2,2,2,Lost / Hibernating
CUST-04314,43,7,7334.95,3,5,5,Loyal Customer
CUST-04315,30,7,7345.389999999999,4,5,5,Champion
CUST-04316,36,4,3554.79,4,2,3,New Potential
CUST-04317,43,9,6523.88,3,5,5,Loyal Customer
CUST-04318,103,3,5373.16,2,1,4,Lost / Hibernating
CUST-04319,23,5,3566.4,4,3,3,Loyal Customer
CUST-04320,19,5,4949.76,4,3,4,Loyal Customer
CUST-04321,20,7,7446.08,4,5,5,Champion
CUST-04322,110,3,812.05,2,1,1,Lost / Hibernating
CUST-04323,58,5,7016.98,3,3,5,Loyal Customer
CUST-04324,112,7,6570.79,2,5,5,Loyal Customer
CUST-04325,36,10,9225.92,4,5,5,Champion
CUST-04326,9,4,3600.9,5,2,3,New Potential
CUST-04327,31,8,6985.8099999999995,4,5,5,Champion
CUST-04328,89,6,4147.25,2,4,3,Loyal Customer
CUST-04329,85,6,3752.14,2,4,3,Loyal Customer
CUST-04330,87,5,4039.65,2,3,3,Loyal Customer
CUST-04331,29,7,5403.45,4,5,4,Champion
CUST-04332,242,4,2498.23,1,2,2,Lost / Hibernating
CUST-04333,57,7,5027.31,3,5,4,Loyal Customer
CUST-04334,10,5,5235.1900000000005,5,3,4,Loyal Customer
CUST-04335,3,5,3286.95,5,3,2,Lost / Hibernating
CUST-04336,41,2,4184.360000000001,3,1,3,Lost / Hibernating
CUST-04337,50,5,4945.150000000001,3,3,4,Loyal Customer
CUST-04338,47,5,5344.93,3,3,4,Loyal Customer
CUST-04339,49,4,4683.06,3,2,4,Lost / Hibernating
CUST-04340,45,8,4904.04,3,5,4,Loyal Customer
CUST-04341,96,6,4101.32,2,4,3,Loyal Customer
CUST-04342,5,7,8115.960000000001,5,5,5,Champion
CUST-04343,119,2,1228.47,1,1,1,Lost / Hibernating
CUST-04344,33,5,2326.2799999999997,4,3,2,Lost / Hibernating
CUST-04345,58,3,1580.03,3,1,1,Lost / Hibernating
CUST-04346,7,4,5064.5,5,2,4,New Potential
CUST-04347,37,6,7238.12,4,4,5,Champion
CUST-04349,81,5,3143.24,2,3,2,At Risk
CUST-04350,26,3,2663.74,4,1,2,New Potential
CUST-04351,31,6,5040.48,4,4,4,Champion
CUST-04352,85,7,5295.49,2,5,4,Loyal Customer
CUST-04353,45,6,4640.14,3,4,4,Loyal Customer
CUST-04354,78,1,926.32,2,1,1,Lost / Hibernating
CUST-04355,137,4,2678.4300000000003,1,2,2,Lost / Hibernating
CUST-04356,16,7,3694.7799999999997,5,5,3,Champion
CUST-04357,19,4,2947.29,4,2,2,New Potential
CUST-04358,13,10,8835.779999999999,5,5,5,Champion
CUST-04359,89,3,1482.77,2,1,1,Lost / Hibernating
CUST-04360,43,4,3814.98,3,2,3,Lost / Hibernating
CUST-04361,99,6,3616.6800000000003,2,4,3,Loyal Customer
CUST-04362,95,3,1321.63,2,1,1,Lost / Hibernating
CUST-04363,61,5,7017.91,3,3,5,Loyal Customer
CUST-04364,23,6,5317.530000000001,4,4,4,Champion
CUST-04365,179,4,1091.29,1,2,1,Lost / Hibernating
CUST-04366,14,6,9829.050000000001,5,4,5,Champion
CUST-04367,110,8,5248.83,2,5,4,Loyal Customer
CUST-04369,3,1,1274.24,5,1,1,New Potential
CUST-04370,6,6,5095.360000000001,5,4,4,Champion
CUST-04371,64,4,6184.610000000001,3,2,5,Lost / Hibernating
CUST-04372,72,9,7533.86,2,5,5,Loyal Customer
CUST-04373,30,5,4443.33,4,3,3,Loyal Customer
CUST-04374,10,8,4430.29,5,5,3,Champion
CUST-04375,257,1,752.95,1,1,1,Lost / Hibernating
CUST-04376,126,2,1690.79,1,1,1,Lost / Hibernating
CUST-04377,65,6,3962.41,3,4,3,Loyal Customer
CUST-04378,7,5,5436.98,5,3,4,Loyal Customer
CUST-04379,231,1,658.79,1,1,1,Lost / Hibernating
CUST-04380,13,6,2532.17,5,4,2,Champion
CUST-04381,12,5,2988.13,5,3,2,Lost / Hibernating
CUST-04382,28,5,2714.85,4,3,2,Lost / Hibernating
CUST-04383,56,5,2276.68,3,3,2,Lost / Hibernating
CUST-04385,206,4,4964.54,1,2,4,Lost / Hibernating
CUST-04386,29,3,2842.02,4,1,2,New Potential
CUST-04387,22,6,3844.78,4,4,3,Champion
CUST-04388,20,9,9465.47,4,5,5,Champion
CUST-04389,159,4,5249.12,1,2,4,Lost / Hibernating
CUST-04390,32,6,4056.4700000000003,4,4,3,Champion
CUST-04391,1,8,7042.78,5,5,5,Champion
CUST-04392,29,10,8258.779999999999,4,5,5,Champion
CUST-04393,35,4,2613.97,4,2,2,New Potential
CUST-04394,54,5,4263.42,3,3,3,Loyal Customer
CUST-04395,81,3,2901.95,2,1,2,Lost / Hibernating
CUST-04396,99,11,9114.66,2,5,5,Loyal Customer
CUST-04397,332,2,2001.5700000000002,1,1,1,Lost / Hibernating
CUST-04398,12,6,3966.02,5,4,3,Champion
CUST-04399,122,4,4208.54,1,2,3,Lost / Hibernating
CUST-04400,53,7,8021.09,3,5,5,Loyal Customer
CUST-04401,34,5,5082.95,4,3,4,Loyal Customer
CUST-04402,96,3,2946.9300000000003,2,1,2,Lost / Hibernating
CUST-04403,27,6,9063.26,4,4,5,Champion
CUST-04404,27,8,7456.01,4,5,5,Champion
CUST-04405,28,4,3366.6800000000003,4,2,2,New Potential
CUST-04406,19,4,3848.19,4,2,3,New Potential
CUST-04407,9,9,10817.529999999999,5,5,5,Champion
CUST-04408,75,8,5302.08,2,5,4,Loyal Customer
CUST-04409,30,5,3834.7799999999997,4,3,3,Loyal Customer
CUST-04410,50,4,3355.74,3,2,2,Lost / Hibernating
CUST-04411,12,7,6109.0599999999995,5,5,5,Champion
CUST-04412,96,2,3433.98,2,1,3,Lost / Hibernating
CUST-04413,9,3,2355.33,5,1,2,New Potential
CUST-04414,11,1,626.76,5,1,1,New Potential
CUST-04415,20,8,10005.380000000001,4,5,5,Champion
CUST-04416,118,5,4715.43,1,3,4,Loyal Customer
CUST-04417,54,7,8005.36,3,5,5,Loyal Customer
CUST-04418,56,4,3675.8,3,2,3,Lost / Hibernating
CUST-04419,22,4,3927.72,4,2,3,New Potential
CUST-04420,124,6,8583.29,1,4,5,Loyal Customer
CUST-04421,42,8,5476.08,3,5,4,Loyal Customer
CUST-04422,236,2,1615.48,1,1,1,Lost / Hibernating
CUST-04423,38,8,6434.17,3,5,5,Loyal Customer
CUST-04424,118,2,1348.46,1,1,1,Lost / Hibernating
CUST-04425,70,6,4179.43,2,4,3,Loyal Customer
CUST-04426,107,4,3848.02,2,2,3,Lost / Hibernating
CUST-04427,273,3,2706.44,1,1,2,Lost / Hibernating
CUST-04428,262,3,2993.19,1,1,2,Lost / Hibernating
CUST-04429,268,1,928.45,1,1,1,Lost / Hibernating
CUST-04430,205,3,2748.39,1,1,2,Lost / Hibernating
CUST-04431,115,6,2684.51,2,4,2,At Risk
CUST-04432,19,1,973.7,4,1,1,New Potential
CUST-04433,82,6,3729.73,2,4,3,Loyal Customer
CUST-04434,4,5,4791.87,5,3,4,Loyal Customer
CUST-04435,95,4,1983.37,2,2,1,Lost / Hibernating
CUST-04436,26,5,3748.3999999999996,4,3,3,Loyal Customer
CUST-04437,67,5,5294.74,2,3,4,Loyal Customer
CUST-04438,116,3,2072.77,2,1,1,Lost / Hibernating
CUST-04439,51,5,3397.52,3,3,2,Lost / Hibernating
CUST-04440,260,2,967.73,1,1,1,Lost / Hibernating
CUST-04441,71,4,3261.6,2,2,2,Lost / Hibernating
CUST-04442,51,5,3084.4300000000003,3,3,2,Lost / Hibernating
CUST-04443,66,3,6620.19,3,1,5,Lost / Hibernating
CUST-04444,46,3,1841.8600000000001,3,1,1,Lost / Hibernating
CUST-04445,30,8,4032.0299999999997,4,5,3,Champion
CUST-04446,79,8,8449.779999999999,2,5,5,Loyal Customer
CUST-04447,52,3,4002.6099999999997,3,1,3,Lost / Hibernating
CUST-04448,48,3,3664.26,3,1,3,Lost / Hibernating
CUST-04449,2,8,6480.92,5,5,5,Champion
CUST-04450,11,4,2735.14,5,2,2,New Potential
CUST-04451,172,3,3592.51,1,1,3,Lost / Hibernating
CUST-04452,25,5,5222.85,4,3,4,Loyal Customer
CUST-04453,81,4,2883.55,2,2,2,Lost / Hibernating
CUST-04454,74,6,5858.87,2,4,4,Loyal Customer
CUST-04455,20,3,1875.36,4,1,1,New Potential
CUST-04456,161,4,2546.7599999999998,1,2,2,Lost / Hibernating
CUST-04457,81,4,2892.68,2,2,2,Lost / Hibernating
CUST-04458,256,1,288.15,1,1,1,Lost / Hibernating
CUST-04459,32,5,5698.95,4,3,4,Loyal Customer
CUST-04460,72,4,3780.07,2,2,3,Lost / Hibernating
CUST-04461,107,5,5132.07,2,3,4,Loyal Customer
CUST-04462,98,4,3339.33,2,2,2,Lost / Hibernating
CUST-04463,125,7,2720.92,1,5,2,At Risk
CUST-04464,50,6,5452.02,3,4,4,Loyal Customer
CUST-04465,153,3,3138.05,1,1,2,Lost / Hibernating
CUST-04466,50,5,4810.67,3,3,4,Loyal Customer
CUST-04467,158,4,1634.19,1,2,1,Lost / Hibernating
CUST-04468,39,7,5251.77,3,5,4,Loyal Customer
CUST-04469,39,3,2475.15,3,1,2,Lost / Hibernating
CUST-04470,112,2,1017.29,2,1,1,Lost / Hibernating
CUST-04471,90,6,5355.2,2,4,4,Loyal Customer
CUST-04472,3,7,6115.8,5,5,5,Champion
CUST-04473,40,9,6737.78,3,5,5,Loyal Customer
CUST-04474,142,7,6617.21,1,5,5,Loyal Customer
CUST-04475,10,11,9572.039999999999,5,5,5,Champion
CUST-04476,3,4,2261.94,5,2,1,New Potential
CUST-04477,39,9,7049.42,3,5,5,Loyal Customer
CUST-04478,113,4,5350.1900000000005,2,2,4,Lost / Hibernating
CUST-04479,171,3,3177.5699999999997,1,1,2,Lost / Hibernating
CUST-04480,35,5,2457.4300000000003,4,3,2,Lost / Hibernating
CUST-04481,81,7,4212.37,2,5,3,Loyal Customer
CUST-04482,25,6,6754.9800000000005,4,4,5,Champion
CUST-04483,18,6,5986.69,4,4,4,Champion
CUST-04484,109,3,3453.58,2,1,3,Lost / Hibernating
CUST-04485,14,9,9001.6,5,5,5,Champion
CUST-04486,70,4,2930.2400000000002,2,2,2,Lost / Hibernating
CUST-04487,42,7,4730.25,3,5,4,Loyal Customer
CUST-04488,3,3,3166.49,5,1,2,New Potential
CUST-04489,83,5,3127.84,2,3,2,At Risk
CUST-04490,96,5,3212.86,2,3,2,At Risk
CUST-04491,18,2,2157.57,4,1,1,New Potential
CUST-04492,55,5,2553.96,3,3,2,Lost / Hibernating
CUST-04493,220,2,979.61,1,1,1,Lost / Hibernating
CUST-04494,61,5,3505.25,3,3,3,Loyal Customer
CUST-04495,69,7,3954.61,2,5,3,Loyal Customer
CUST-04496,34,4,3924.04,4,2,3,New Potential
CUST-04497,116,6,4304.3,2,4,3,Loyal Customer
CUST-04498,52,7,6690.29,3,5,5,Loyal Customer
CUST-04499,76,4,2948.09,2,2,2,Lost / Hibernating
CUST-04500,96,4,3376.2400000000002,2,2,2,Lost / Hibernating
CUST-04501,15,6,5059.62,5,4,4,Champion
CUST-04502,8,5,3792.66,5,3,3,Loyal Customer
CUST-04503,87,3,3860.29,2,1,3,Lost / Hibernating
CUST-04504,103,3,1131.66,2,1,1,Lost / Hibernating
CUST-04505,114,7,4944.139999999999,2,5,4,Loyal Customer
CUST-04506,80,2,4965.27,2,1,4,Lost / Hibernating
CUST-04507,33,6,5242.57,4,4,4,Champion
CUST-04508,148,4,3232.4700000000003,1,2,2,Lost / Hibernating
CUST-04509,64,6,6398.36,3,4,5,Loyal Customer
CUST-04510,20,9,5670.900000000001,4,5,4,Champion
CUST-04511,9,9,7706.02,5,5,5,Champion
CUST-04512,89,1,872.13,2,1,1,Lost / Hibernating
CUST-04513,11,3,1677.1100000000001,5,1,1,New Potential
CUST-04514,116,4,4459.76,2,2,3,Lost / Hibernating
CUST-04515,85,7,7161.75,2,5,5,Loyal Customer
CUST-04516,73,6,8907.56,2,4,5,Loyal Customer
CUST-04517,229,3,1910.01,1,1,1,Lost / Hibernating
CUST-04518,99,2,1051.34,2,1,1,Lost / Hibernating
CUST-04519,19,5,4616.68,4,3,4,Loyal Customer
CUST-04520,52,6,4322.99,3,4,3,Loyal Customer
CUST-04521,1,4,3578.3199999999997,5,2,3,New Potential
CUST-04522,7,8,7165.18,5,5,5,Champion
CUST-04523,324,1,2323.04,1,1,2,Lost / Hibernating
CUST-04524,12,4,2730.3,5,2,2,New Potential
CUST-04525,155,5,3304.21,1,3,2,At Risk
CUST-04526,45,4,1818.0900000000001,3,2,1,Lost / Hibernating
CUST-04527,12,7,4614.43,5,5,4,Champion
CUST-04528,62,9,6439.87,3,5,5,Loyal Customer
CUST-04529,149,2,621.46,1,1,1,Lost / Hibernating
CUST-04531,5,7,5660.139999999999,5,5,4,Champion
CUST-04532,35,6,5286.84,4,4,4,Champion
CUST-04533,68,9,7750.4,2,5,5,Loyal Customer
CUST-04534,249,2,1626.58,1,1,1,Lost / Hibernating
CUST-04535,69,2,1975.07,2,1,1,Lost / Hibernating
CUST-04536,13,7,9114.82,5,5,5,Champion
CUST-04537,148,6,6675.53,1,4,5,Loyal Customer
CUST-04538,22,4,3613.85,4,2,3,New Potential
CUST-04539,26,2,3826.04,4,1,3,New Potential
CUST-04540,136,3,3477.99,1,1,3,Lost / Hibernating
CUST-04541,194,3,2976.17,1,1,2,Lost / Hibernating
CUST-04542,6,6,5084.2,5,4,4,Champion
CUST-04543,96,4,2153.68,2,2,1,Lost / Hibernating
CUST-04544,161,2,985.4,1,1,1,Lost / Hibernating
CUST-04546,10,3,2288.4,5,1,2,New Potential
CUST-04547,12,7,7491.07,5,5,5,Champion
CUST-04548,45,3,5951.3,3,1,4,Lost / Hibernating
CUST-04549,36,3,2281.9700000000003,4,1,2,New Potential
CUST-04550,15,2,2294.44,5,1,2,New Potential
CUST-04551,21,8,6137.47,4,5,5,Champion
CUST-04552,13,6,3977.14,5,4,3,Champion
CUST-04553,69,3,1883.9099999999999,2,1,1,Lost / Hibernating
CUST-04554,8,10,6976.22,5,5,5,Champion
CUST-04555,63,5,3841.09,3,3,3,Loyal Customer
CUST-04556,125,4,4352.75,1,2,3,Lost / Hibernating
CUST-04557,6,5,2090.52,5,3,1,Lost / Hibernating
CUST-04558,99,7,6114.5199999999995,2,5,5,Loyal Customer
CUST-04559,57,1,1063.26,3,1,1,Lost / Hibernating
CUST-04560,233,3,3006.62,1,1,2,Lost / Hibernating
CUST-04561,355,1,859.16,1,1,1,Lost / Hibernating
CUST-04562,83,2,2706.06,2,1,2,Lost / Hibernating
CUST-04563,13,4,2515.38,5,2,2,New Potential
CUST-04564,15,6,3467.88,5,4,3,Champion
CUST-04565,25,7,4267.87,4,5,3,Champion
CUST-04566,24,4,1498.0900000000001,4,2,1,New Potential
CUST-04567,43,6,4731.15,3,4,4,Loyal Customer
CUST-04568,151,5,4843.4400000000005,1,3,4,Loyal Customer
CUST-04569,13,3,2527.83,5,1,2,New Potential
CUST-04570,115,4,1811.48,2,2,1,Lost / Hibernating
CUST-04571,185,5,4690.099999999999,1,3,4,Loyal Customer
CUST-04572,51,5,6567.42,3,3,5,Loyal Customer
CUST-04573,143,2,2435.02,1,1,2,Lost / Hibernating
CUST-04574,97,3,1362.9499999999998,2,1,1,Lost / Hibernating
CUST-04575,8,3,3216.64,5,1,2,New Potential
CUST-04576,23,3,2238.23,4,1,1,New Potential
CUST-04577,10,11,9556.960000000001,5,5,5,Champion
CUST-04578,28,5,4086.0299999999997,4,3,3,Loyal Customer
CUST-04579,37,6,4601.83,4,4,4,Champion
CUST-04580,188,2,1313.62,1,1,1,Lost / Hibernating
CUST-04581,17,3,2056.59,4,1,1,New Potential
CUST-04582,13,4,1348.84,5,2,1,New Potential
CUST-04583,114,2,1209.64,2,1,1,Lost / Hibernating
CUST-04584,2,7,7838.25,5,5,5,Champion
CUST-04585,24,6,4931.59,4,4,4,Champion
CUST-04586,13,5,4947.86,5,3,4,Loyal Customer
CUST-04587,62,2,901.91,3,1,1,Lost / Hibernating
CUST-04588,134,5,3424.56,1,3,3,Loyal Customer
CUST-04589,95,4,3074.3,2,2,2,Lost / Hibernating
CUST-04590,27,5,3339.4,4,3,2,Lost / Hibernating
CUST-04591,78,5,4659.98,2,3,4,Loyal Customer
CUST-04592,28,4,4026.2000000000003,4,2,3,New Potential
CUST-04593,25,4,4727.03,4,2,4,New Potential
CUST-04594,184,3,2321.02,1,1,2,Lost / Hibernating
CUST-04595,16,4,1751.57,5,2,1,New Potential
CUST-04596,97,5,2909.92,2,3,2,At Risk
CUST-04597,49,4,4572.8,3,2,3,Lost / Hibernating
CUST-04599,18,8,8196.34,4,5,5,Champion
CUST-04600,45,6,4948.75,3,4,4,Loyal Customer
CUST-04601,76,4,3143.85,2,2,2,Lost / Hibernating
CUST-04602,39,4,2126.7,3,2,1,Lost / Hibernating
CUST-04603,44,4,2810.58,3,2,2,Lost / Hibernating
CUST-04604,35,6,4689.14,4,4,4,Champion
CUST-04605,2,3,1697.42,5,1,1,New Potential
CUST-04606,90,7,6039.31,2,5,4,Loyal Customer
CUST-04607,33,4,5295.01,4,2,4,New Potential
CUST-04608,39,7,6567.89,3,5,5,Loyal Customer
CUST-04609,50,8,4579.74,3,5,3,Loyal Customer
CUST-04610,78,3,1352.79,2,1,1,Lost / Hibernating
CUST-04611,146,4,3969.76,1,2,3,Lost / Hibernating
CUST-04612,47,3,2816.66,3,1,2,Lost / Hibernating
CUST-04613,16,2,602.88,5,1,1,New Potential
CUST-04614,148,2,1303.76,1,1,1,Lost / Hibernating
CUST-04615,85,3,2855.96,2,1,2,Lost / Hibernating
CUST-04616,86,5,2698.01,2,3,2,At Risk
CUST-04617,26,5,5040.57,4,3,4,Loyal Customer
CUST-04618,5,5,2672.09,5,3,2,Lost / Hibernating
CUST-04619,57,4,4659.55,3,2,4,Lost / Hibernating
CUST-04620,3,4,2957.35,5,2,2,New Potential
CUST-04621,141,3,1883.64,1,1,1,Lost / Hibernating
CUST-04622,7,3,2050.19,5,1,1,New Potential
CUST-04623,46,3,2402.3599999999997,3,1,2,Lost / Hibernating
CUST-04624,118,2,616.46,1,1,1,Lost / Hibernating
CUST-04625,73,4,2153.82,2,2,1,Lost / Hibernating
CUST-04626,6,7,9503.16,5,5,5,Champion
CUST-04627,21,4,2842.71,4,2,2,New Potential
CUST-04628,79,4,3092.15,2,2,2,Lost / Hibernating
CUST-04629,4,4,1542.87,5,2,1,New Potential
CUST-04630,41,7,7627.29,3,5,5,Loyal Customer
CUST-04631,127,4,3339.3,1,2,2,Lost / Hibernating
CUST-04632,92,5,3414.2,2,3,3,Loyal Customer
CUST-04633,254,6,4582.61,1,4,4,Loyal Customer
CUST-04634,28,4,2242.0099999999998,4,2,1,New Potential
CUST-04635,113,3,1064.6,2,1,1,Lost / Hibernating
CUST-04636,70,3,2735.49,2,1,2,Lost / Hibernating
CUST-04637,62,6,4241.52,3,4,3,Loyal Customer
CUST-04638,25,7,5010.41,4,5,4,Champion
CUST-04639,184,3,2736.5,1,1,2,Lost / Hibernating
CUST-04640,86,7,6898.79,2,5,5,Loyal Customer
CUST-04641,57,9,8895.58,3,5,5,Loyal Customer
CUST-04642,12,13,7631.63,5,5,5,Champion
CUST-04643,8,7,4353.0,5,5,3,Champion
CUST-04644,62,6,4587.85,3,4,4,Loyal Customer
CUST-04645,16,6,6155.68,5,4,5,Champion
CUST-04646,209,3,2297.84,1,1,2,Lost / Hibernating
CUST-04647,82,5,6088.91,2,3,4,Loyal Customer
CUST-04648,12,10,9307.68,5,5,5,Champion
CUST-04649,103,4,5004.08,2,2,4,Lost / Hibernating
CUST-04650,16,8,10296.25,5,5,5,Champion
CUST-04651,46,4,1904.81,3,2,1,Lost / Hibernating
CUST-04652,5,4,3647.98,5,2,3,New Potential
CUST-04653,157,2,1257.72,1,1,1,Lost / Hibernating
CUST-04654,80,2,888.14,2,1,1,Lost / Hibernating
CUST-04655,5,6,4003.81,5,4,3,Champion
CUST-04656,126,5,2672.22,1,3,2,At Risk
CUST-04657,1,4,3863.84,5,2,3,New Potential
CUST-04658,30,6,3339.08,4,4,2,Champion
CUST-04659,56,6,3725.9399999999996,3,4,3,Loyal Customer
CUST-04660,164,3,2692.46,1,1,2,Lost / Hibernating
CUST-04661,46,5,3288.71,3,3,2,Lost / Hibernating
CUST-04662,25,4,1640.41,4,2,1,New Potential
CUST-04663,124,3,4272.11,1,1,3,Lost / Hibernating
CUST-04664,2,7,7095.77,5,5,5,Champion
CUST-04665,72,4,3101.35,2,2,2,Lost / Hibernating
CUST-04666,58,3,2265.26,3,1,1,Lost / Hibernating
CUST-04667,79,9,6880.59,2,5,5,Loyal Customer
CUST-04668,37,10,4589.33,4,5,4,Champion
CUST-04669,29,4,3358.37,4,2,2,New Potential
CUST-04670,134,3,3030.69,1,1,2,Lost / Hibernating
CUST-04671,34,6,3883.77,4,4,3,Champion
CUST-04672,113,2,1746.72,2,1,1,Lost / Hibernating
CUST-04673,8,8,7931.04,5,5,5,Champion
CUST-04674,46,7,5497.969999999999,3,5,4,Loyal Customer
CUST-04675,75,6,2658.7799999999997,2,4,2,At Risk
CUST-04676,206,5,4370.65,1,3,3,Loyal Customer
CUST-04677,48,8,6531.23,3,5,5,Loyal Customer
CUST-04678,125,4,5192.08,1,2,4,Lost / Hibernating
CUST-04679,11,10,6731.4,5,5,5,Champion
CUST-04680,199,7,6820.05,1,5,5,Loyal Customer
CUST-04681,3,7,6265.45,5,5,5,Champion
CUST-04682,77,3,1566.29,2,1,1,Lost / Hibernating
CUST-04683,194,2,1091.1,1,1,1,Lost / Hibernating
CUST-04684,52,4,2824.73,3,2,2,Lost / Hibernating
CUST-04685,13,4,4211.99,5,2,3,New Potential
CUST-04686,102,2,2169.71,2,1,1,Lost / Hibernating
CUST-04687,48,10,9529.08,3,5,5,Loyal Customer
CUST-04688,185,4,3121.81,1,2,2,Lost / Hibernating
CUST-04689,94,4,2529.18,2,2,2,Lost / Hibernating
CUST-04690,3,4,6917.03,5,2,5,New Potential
CUST-04691,24,10,7496.030000000001,4,5,5,Champion
CUST-04692,2,3,1233.65,5,1,1,New Potential
CUST-04693,78,4,2238.74,2,2,1,Lost / Hibernating
CUST-04694,136,5,4672.83,1,3,4,Loyal Customer
CUST-04695,29,3,2209.7,4,1,1,New Potential
CUST-04696,62,5,5764.82,3,3,4,Loyal Customer
CUST-04697,47,6,6890.04,3,4,5,Loyal Customer
CUST-04698,39,2,1829.71,3,1,1,Lost / Hibernating
CUST-04699,3,10,6958.1900000000005,5,5,5,Champion
CUST-04700,285,2,1032.9299999999998,1,1,1,Lost / Hibernating
CUST-04701,47,9,6017.6900000000005,3,5,4,Loyal Customer
CUST-04702,63,8,5650.23,3,5,4,Loyal Customer
CUST-04703,43,2,1807.46,3,1,1,Lost / Hibernating
CUST-04704,32,8,8420.0,4,5,5,Champion
CUST-04705,1,10,8658.18,5,5,5,Champion
CUST-04706,96,2,1449.98,2,1,1,Lost / Hibernating
CUST-04707,41,4,3810.37,3,2,3,Lost / Hibernating
CUST-04708,3,6,2669.58,5,4,2,Champion
CUST-04709,32,9,7237.89,4,5,5,Champion
CUST-04710,20,5,2950.7400000000002,4,3,2,Lost / Hibernating
CUST-04711,105,5,4881.9400000000005,2,3,4,Loyal Customer
CUST-04712,7,5,4145.61,5,3,3,Loyal Customer
CUST-04713,15,5,5135.49,5,3,4,Loyal Customer
CUST-04714,83,3,1797.1799999999998,2,1,1,Lost / Hibernating
CUST-04715,147,2,940.27,1,1,1,Lost / Hibernating
CUST-04716,84,4,2053.5699999999997,2,2,1,Lost / Hibernating
CUST-04717,75,4,2512.94,2,2,2,Lost / Hibernating
CUST-04718,38,3,2905.4,3,1,2,Lost / Hibernating
CUST-04719,9,5,7352.02,5,3,5,Loyal Customer
CUST-04720,51,9,6985.57,3,5,5,Loyal Customer
CUST-04721,107,5,4287.65,2,3,3,Loyal Customer
CUST-04722,37,7,6028.74,4,5,4,Champion
CUST-04723,25,7,6441.53,4,5,5,Champion
CUST-04724,1,4,2517.73,5,2,2,New Potential
CUST-04725,22,3,2843.17,4,1,2,New Potential
CUST-04726,55,6,4299.87,3,4,3,Loyal Customer
CUST-04727,78,5,2443.61,2,3,2,At Risk
CUST-04728,28,7,5442.57,4,5,4,Champion
CUST-04729,78,7,4092.87,2,5,3,Loyal Customer
CUST-04730,80,4,1903.6399999999999,2,2,1,Lost / Hibernating
CUST-04731,15,7,10042.63,5,5,5,Champion
CUST-04732,97,6,3175.92,2,4,2,At Risk
CUST-04733,6,3,2017.34,5,1,1,New Potential
CUST-04734,72,8,9016.15,2,5,5,Loyal Customer
CUST-04735,36,4,5555.86,4,2,4,New Potential
CUST-04736,24,5,5438.43,4,3,4,Loyal Customer
CUST-04737,68,3,3062.59,2,1,2,Lost / Hibernating
CUST-04738,40,5,3987.49,3,3,3,Loyal Customer
CUST-04739,5,5,5592.860000000001,5,3,4,Loyal Customer
CUST-04740,57,5,6361.26,3,3,5,Loyal Customer
CUST-04741,47,6,6262.4400000000005,3,4,5,Loyal Customer
CUST-04742,65,4,2213.27,3,2,1,Lost / Hibernating
CUST-04743,10,7,4266.13,5,5,3,Champion
CUST-04744,9,5,4267.29,5,3,3,Loyal Customer
CUST-04745,41,4,5077.24,3,2,4,Lost / Hibernating
CUST-04746,8,3,3171.04,5,1,2,New Potential
CUST-04747,6,6,5852.59,5,4,4,Champion
CUST-04748,1,6,7380.13,5,4,5,Champion
CUST-04749,27,10,8315.68,4,5,5,Champion
CUST-04750,66,3,2654.42,3,1,2,Lost / Hibernating
CUST-04751,59,2,1681.47,3,1,1,Lost / Hibernating
CUST-04752,86,3,2730.63,2,1,2,Lost / Hibernating
CUST-04753,34,4,3321.34,4,2,2,New Potential
CUST-04754,92,6,10579.24,2,4,5,Loyal Customer
CUST-04755,18,7,5421.23,4,5,4,Champion
CUST-04756,61,9,7143.11,3,5,5,Loyal Customer
CUST-04757,147,6,5158.28,1,4,4,Loyal Customer
CUST-04758,209,2,657.41,1,1,1,Lost / Hibernating
CUST-04759,19,2,2167.03,4,1,1,New Potential
CUST-04760,122,2,1817.8799999999999,1,1,1,Lost / Hibernating
CUST-04761,90,5,4680.12,2,3,4,Loyal Customer
CUST-04762,10,5,3663.47,5,3,3,Loyal Customer
CUST-04763,10,8,5795.24,5,5,4,Champion
CUST-04764,50,4,6269.07,3,2,5,Lost / Hibernating
CUST-04765,6,9,8382.35,5,5,5,Champion
CUST-04766,84,5,5569.6,2,3,4,Loyal Customer
CUST-04767,155,5,3500.2799999999997,1,3,3,Loyal Customer
CUST-04768,17,9,4981.28,4,5,4,Champion
CUST-04769,57,9,7253.15,3,5,5,Loyal Customer
CUST-04770,55,11,11811.09,3,5,5,Loyal Customer
CUST-04771,4,7,6954.0599999999995,5,5,5,Champion
CUST-04772,2,1,767.12,5,1,1,New Potential
CUST-04773,116,6,3290.3,2,4,2,At Risk
CUST-04774,71,5,5377.679999999999,2,3,4,Loyal Customer
CUST-04775,15,9,7670.83,5,5,5,Champion
CUST-04776,165,2,1106.8700000000001,1,1,1,Lost / Hibernating
CUST-04777,72,9,7672.72,2,5,5,Loyal Customer
CUST-04778,21,6,6104.030000000001,4,4,5,Champion
CUST-04779,54,2,1769.1,3,1,1,Lost / Hibernating
CUST-04780,52,6,2921.25,3,4,2,Lost / Hibernating
CUST-04781,142,4,3487.0600000000004,1,2,3,Lost / Hibernating
CUST-04782,124,2,905.5999999999999,1,1,1,Lost / Hibernating
CUST-04783,19,7,5863.84,4,5,4,Champion
CUST-04784,1,7,4188.849999999999,5,5,3,Champion
CUST-04785,56,4,1291.8000000000002,3,2,1,Lost / Hibernating
CUST-04786,12,7,3748.41,5,5,3,Champion
CUST-04787,123,5,5751.0,1,3,4,Loyal Customer
CUST-04788,98,3,2053.99,2,1,1,Lost / Hibernating
CUST-04789,44,6,4961.36,3,4,4,Loyal Customer
CUST-04790,128,5,2443.6800000000003,1,3,2,At Risk
CUST-04791,168,1,176.54,1,1,1,Lost / Hibernating
CUST-04792,51,8,7469.59,3,5,5,Loyal Customer
CUST-04793,69,4,4123.469999999999,2,2,3,Lost / Hibernating
CUST-04794,205,5,6384.43,1,3,5,Loyal Customer
CUST-04795,74,1,1212.54,2,1,1,Lost / Hibernating
CUST-04796,111,5,8537.4,2,3,5,Loyal Customer
CUST-04798,14,4,4532.24,5,2,3,New Potential
CUST-04799,249,1,380.22,1,1,1,Lost / Hibernating
CUST-04800,29,3,1628.57,4,1,1,New Potential
CUST-04801,35,7,6361.3099999999995,4,5,5,Champion
CUST-04802,245,2,1297.8899999999999,1,1,1,Lost / Hibernating
CUST-04803,31,7,7155.28,4,5,5,Champion
CUST-04804,19,11,7672.900000000001,4,5,5,Champion
CUST-04805,60,6,4217.2,3,4,3,Loyal Customer
CUST-04806,32,5,5720.41,4,3,4,Loyal Customer
CUST-04807,88,4,2521.96,2,2,2,Lost / Hibernating
CUST-04808,23,5,3074.3599999999997,4,3,2,Lost / Hibernating
CUST-04809,58,6,3621.1000000000004,3,4,3,Loyal Customer
CUST-04810,79,4,2552.5299999999997,2,2,2,Lost / Hibernating
CUST-04811,43,11,9481.47,3,5,5,Loyal Customer
CUST-04812,17,4,3446.02,4,2,3,New Potential
CUST-04813,23,4,3061.79,4,2,2,New Potential
CUST-04814,35,6,4923.32,4,4,4,Champion
CUST-04815,48,8,9049.66,3,5,5,Loyal Customer
CUST-04816,9,2,1129.8600000000001,5,1,1,New Potential
CUST-04817,122,2,2348.07,1,1,2,Lost / Hibernating
CUST-04818,13,10,7682.2,5,5,5,Champion
CUST-04819,36,1,627.39,4,1,1,New Potential
CUST-04820,16,5,2607.44,5,3,2,Lost / Hibernating
CUST-04821,95,5,3359.02,2,3,2,At Risk
CUST-04822,51,9,4011.86,3,5,3,Loyal Customer
CUST-04823,25,3,4686.13,4,1,4,New Potential
CUST-04824,15,9,9508.26,5,5,5,Champion
CUST-04825,20,4,3794.68,4,2,3,New Potential
CUST-04826,41,6,3470.2200000000003,3,4,3,Loyal Customer
CUST-04827,28,6,7344.48,4,4,5,Champion
CUST-04828,60,9,5172.26,3,5,4,Loyal Customer
CUST-04829,53,3,4840.62,3,1,4,Lost / Hibernating
CUST-04830,91,5,2617.95,2,3,2,At Risk
CUST-04831,25,5,2878.87,4,3,2,Lost / Hibernating
CUST-04832,149,2,3343.46,1,1,2,Lost / Hibernating
CUST-04833,36,6,4575.860000000001,4,4,3,Champion
CUST-04834,59,6,4182.23,3,4,3,Loyal Customer
CUST-04835,21,3,1933.6,4,1,1,New Potential
CUST-04836,66,7,5182.2300000000005,3,5,4,Loyal Customer
CUST-04837,60,3,5010.9,3,1,4,Lost / Hibernating
CUST-04838,96,2,1895.76,2,1,1,Lost / Hibernating
CUST-04839,32,6,4792.16,4,4,4,Champion
CUST-04840,53,6,3521.6299999999997,3,4,3,Loyal Customer
CUST-04841,57,2,3195.9500000000003,3,1,2,Lost / Hibernating
CUST-04842,212,3,1637.26,1,1,1,Lost / Hibernating
CUST-04843,102,4,2205.74,2,2,1,Lost / Hibernating
CUST-04844,163,6,5403.54,1,4,4,Loyal Customer
CUST-04845,68,5,4268.82,2,3,3,Loyal Customer
CUST-04846,201,4,2888.88,1,2,2,Lost / Hibernating
CUST-04847,174,1,423.66,1,1,1,Lost / Hibernating
CUST-04848,33,9,9608.08,4,5,5,Champion
CUST-04849,4,7,7460.13,5,5,5,Champion
CUST-04850,46,6,3755.5099999999998,3,4,3,Loyal Customer
CUST-04851,80,5,3672.48,2,3,3,Loyal Customer
CUST-04852,59,8,7557.26,3,5,5,Loyal Customer
CUST-04853,61,5,4524.45,3,3,3,Loyal Customer
CUST-04854,62,6,3080.8,3,4,2,Lost / Hibernating
CUST-04855,14,4,2726.39,5,2,2,New Potential
CUST-04856,33,5,3546.54,4,3,3,Loyal Customer
CUST-04857,190,3,1997.03,1,1,1,Lost / Hibernating
CUST-04858,5,5,6890.09,5,3,5,Loyal Customer
CUST-04859,26,9,9523.65,4,5,5,Champion
CUST-04860,122,4,4354.8099999999995,1,2,3,Lost / Hibernating
CUST-04861,14,4,1244.49,5,2,1,New Potential
CUST-04862,47,8,8593.23,3,5,5,Loyal Customer
CUST-04863,278,3,1472.85,1,1,1,Lost / Hibernating
CUST-04864,19,3,1358.94,4,1,1,New Potential
CUST-04865,283,2,3228.7,1,1,2,Lost / Hibernating
CUST-04866,39,3,3322.31,3,1,2,Lost / Hibernating
CUST-04867,148,9,5424.01,1,5,4,Loyal Customer
CUST-04868,16,8,10617.23,5,5,5,Champion
CUST-04869,15,3,1889.81,5,1,1,New Potential
CUST-04870,171,4,2485.57,1,2,2,Lost / Hibernating
CUST-04871,181,6,5916.23,1,4,4,Loyal Customer
CUST-04872,7,7,7420.45,5,5,5,Champion
CUST-04873,122,2,2168.52,1,1,1,Lost / Hibernating
CUST-04874,17,7,4381.73,4,5,3,Champion
CUST-04875,9,4,4366.1,5,2,3,New Potential
CUST-04876,35,6,4973.48,4,4,4,Champion
CUST-04877,32,8,5277.139999999999,4,5,4,Champion
CUST-04878,8,3,2421.69,5,1,2,New Potential
CUST-04879,81,5,2891.35,2,3,2,At Risk
CUST-04880,5,2,532.1700000000001,5,1,1,New Potential
CUST-04881,75,4,5906.36,2,2,4,Lost / Hibernating
CUST-04882,4,6,3854.91,5,4,3,Champion
CUST-04883,20,4,3649.24,4,2,3,New Potential
CUST-04884,87,5,3824.69,2,3,3,Loyal Customer
CUST-04885,6,5,4532.32,5,3,3,Loyal Customer
CUST-04886,53,6,2390.04,3,4,2,Lost / Hibernating
CUST-04887,51,3,3491.3999999999996,3,1,3,Lost / Hibernating
CUST-04888,71,8,7178.68,2,5,5,Loyal Customer
CUST-04889,49,7,4339.67,3,5,3,Loyal Customer
CUST-04890,110,3,2144.86,2,1,1,Lost / Hibernating
CUST-04891,120,6,6564.84,1,4,5,Loyal Customer
CUST-04892,25,4,2964.9,4,2,2,New Potential
CUST-04893,7,4,3614.14,5,2,3,New Potential
CUST-04894,3,4,4638.110000000001,5,2,4,New Potential
CUST-04895,2,7,7049.14,5,5,5,Champion
CUST-04896,56,5,5220.28,3,3,4,Loyal Customer
CUST-04897,19,7,4581.46,4,5,4,Champion
CUST-04898,34,7,5595.29,4,5,4,Champion
CUST-04899,36,1,190.46,4,1,1,New Potential
CUST-04900,55,7,5698.09,3,5,4,Loyal Customer
CUST-04901,28,4,2622.72,4,2,2,New Potential
CUST-04902,22,6,6849.9,4,4,5,Champion
CUST-04903,91,4,3794.79,2,2,3,Lost / Hibernating
CUST-04904,267,2,2370.26,1,1,2,Lost / Hibernating
CUST-04905,20,8,6627.200000000001,4,5,5,Champion
CUST-04906,63,7,7182.48,3,5,5,Loyal Customer
CUST-04907,56,3,3018.47,3,1,2,Lost / Hibernating
CUST-04908,87,8,9452.29,2,5,5,Loyal Customer
CUST-04909,49,5,4158.03,3,3,3,Loyal Customer
CUST-04910,177,6,6323.139999999999,1,4,5,Loyal Customer
CUST-04911,57,5,5307.360000000001,3,3,4,Loyal Customer
CUST-04912,91,2,1572.9099999999999,2,1,1,Lost / Hibernating
CUST-04913,13,4,3031.75,5,2,2,New Potential
CUST-04914,3,6,5226.7,5,4,4,Champion
CUST-04915,90,4,2519.35,2,2,2,Lost / Hibernating
CUST-04916,230,3,1033.59,1,1,1,Lost / Hibernating
CUST-04917,84,6,4286.93,2,4,3,Loyal Customer
CUST-04918,61,10,7667.389999999999,3,5,5,Loyal Customer
CUST-04919,36,4,3568.5,4,2,3,New Potential
CUST-04920,26,4,4390.42,4,2,3,New Potential
CUST-04921,26,4,2866.07,4,2,2,New Potential
CUST-04922,29,7,6169.49,4,5,5,Champion
CUST-04923,94,2,2358.38,2,1,2,Lost / Hibernating
CUST-04924,18,9,6477.48,4,5,5,Champion
CUST-04925,26,9,7321.34,4,5,5,Champion
CUST-04926,304,3,1858.58,1,1,1,Lost / Hibernating
CUST-04927,84,6,4782.13,2,4,4,Loyal Customer
CUST-04928,9,10,8834.65,5,5,5,Champion
CUST-04929,227,3,1756.1,1,1,1,Lost / Hibernating
CUST-04930,33,3,4664.99,4,1,4,New Potential
CUST-04931,66,8,5357.52,3,5,4,Loyal Customer
CUST-04932,226,3,2466.8500000000004,1,1,2,Lost / Hibernating
CUST-04933,268,1,417.18,1,1,1,Lost / Hibernating
CUST-04934,27,10,8586.82,4,5,5,Champion
CUST-04935,34,5,4835.21,4,3,4,Loyal Customer
CUST-04936,16,4,2861.5099999999998,5,2,2,New Potential
CUST-04937,49,6,3812.8100000000004,3,4,3,Loyal Customer
CUST-04938,56,5,6978.66,3,3,5,Loyal Customer
CUST-04939,73,8,6946.759999999999,2,5,5,Loyal Customer
CUST-04940,13,8,6370.16,5,5,5,Champion
CUST-04941,71,7,5602.99,2,5,4,Loyal Customer
CUST-04942,8,3,1195.8400000000001,5,1,1,New Potential
CUST-04943,104,6,2883.15,2,4,2,At Risk
CUST-04944,5,10,9940.37,5,5,5,Champion
CUST-04945,70,8,7539.41,2,5,5,Loyal Customer
CUST-04946,226,2,2100.36,1,1,1,Lost / Hibernating
CUST-04947,35,6,4601.4400000000005,4,4,4,Champion
CUST-04948,75,3,4085.66,2,1,3,Lost / Hibernating
CUST-04949,37,5,3088.48,4,3,2,Lost / Hibernating
CUST-04950,91,7,5738.49,2,5,4,Loyal Customer
CUST-04951,97,5,4878.32,2,3,4,Loyal Customer
CUST-04952,42,7,4947.01,3,5,4,Loyal Customer
CUST-04953,96,4,3002.31,2,2,2,Lost / Hibernating
CUST-04954,158,4,2964.52,1,2,2,Lost / Hibernating
CUST-04955,5,4,4800.18,5,2,4,New Potential
CUST-04956,62,6,5372.76,3,4,4,Loyal Customer
CUST-04957,55,8,4866.25,3,5,4,Loyal Customer
CUST-04958,18,8,5274.6,4,5,4,Champion
CUST-04959,20,7,7355.67,4,5,5,Champion
CUST-04960,152,2,802.74,1,1,1,Lost / Hibernating
CUST-04961,176,4,3329.87,1,2,2,Lost / Hibernating
CUST-04962,57,1,2579.86,3,1,2,Lost / Hibernating
CUST-04963,71,6,5056.780000000001,2,4,4,Loyal Customer
CUST-04964,6,10,12302.75,5,5,5,Champion
CUST-04965,11,4,3041.33,5,2,2,New Potential
CUST-04966,6,7,5962.16,5,5,4,Champion
CUST-04967,4,8,13794.060000000001,5,5,5,Champion
CUST-04968,83,4,2625.04,2,2,2,Lost / Hibernating
CUST-04969,158,1,254.06,1,1,1,Lost / Hibernating
CUST-04970,202,3,1968.84,1,1,1,Lost / Hibernating
CUST-04971,38,3,2743.1499999999996,3,1,2,Lost / Hibernating
CUST-04972,80,6,4164.48,2,4,3,Loyal Customer
CUST-04973,59,2,1160.15,3,1,1,Lost / Hibernating
CUST-04974,1,3,3026.12,5,1,2,New Potential
CUST-04975,45,5,5416.15,3,3,4,Loyal Customer
CUST-04976,93,4,3775.2599999999998,2,2,3,Lost / Hibernating
CUST-04977,105,7,5683.889999999999,2,5,4,Loyal Customer
CUST-04978,73,5,3958.1400000000003,2,3,3,Loyal Customer
CUST-04979,2,6,5607.15,5,4,4,Champion
CUST-04980,98,2,2211.16,2,1,1,Lost / Hibernating
CUST-04981,151,6,4508.5599999999995,1,4,3,Loyal Customer
CUST-04982,6,5,5478.04,5,3,4,Loyal Customer
CUST-04983,48,8,6473.12,3,5,5,Loyal Customer
CUST-04984,1,9,5142.799999999999,5,5,4,Champion
CUST-04985,51,7,4276.25,3,5,3,Loyal Customer
CUST-04986,223,1,1865.81,1,1,1,Lost / Hibernating
CUST-04987,137,3,1869.62,1,1,1,Lost / Hibernating
CUST-04988,105,6,3877.61,2,4,3,Loyal Customer
CUST-04989,28,7,8123.98,4,5,5,Champion
CUST-04991,57,7,4393.650000000001,3,5,3,Loyal Customer
CUST-04992,41,6,5031.76,3,4,4,Loyal Customer
CUST-04993,54,5,3987.0699999999997,3,3,3,Loyal Customer
CUST-04994,302,2,1677.5900000000001,1,1,1,Lost / Hibernating
CUST-04995,63,7,6351.24,3,5,5,Loyal Customer
CUST-04996,43,7,4735.7,3,5,4,Loyal Customer
CUST-04997,39,4,2843.9700000000003,3,2,2,Lost / Hibernating
CUST-04998,150,5,4343.24,1,3,3,Loyal Customer
CUST-04999,29,6,5739.27,4,4,4,Champion
CUST-05000,204,2,578.8399999999999,1,1,1,Lost / Hibernating
CUST-05001,28,3,1604.57,4,1,1,New Potential
CUST-05002,12,5,4833.52,5,3,4,Loyal Customer
CUST-05003,3,8,6978.67,5,5,5,Champion
CUST-05004,5,7,4717.15,5,5,4,Champion
CUST-05005,49,3,1275.15,3,1,1,Lost / Hibernating
CUST-05006,68,5,4349.46,2,3,3,Loyal Customer
CUST-05007,1,10,9396.79,5,5,5,Champion
CUST-05008,20,7,8015.3,4,5,5,Champion
CUST-05009,44,9,6602.38,3,5,5,Loyal Customer
CUST-05010,24,6,4353.36,4,4,3,Champion
CUST-05011,48,6,5265.74,3,4,4,Loyal Customer
CUST-05012,16,7,5079.94,5,5,4,Champion
CUST-05013,10,7,5351.54,5,5,4,Champion
CUST-05014,88,7,6173.08,2,5,5,Loyal Customer
CUST-05015,60,3,3344.69,3,1,2,Lost / Hibernating
CUST-05016,59,6,7203.21,3,4,5,Loyal Customer
CUST-05017,127,4,2206.4,1,2,1,Lost / Hibernating
CUST-05018,28,6,3556.81,4,4,3,Champion
CUST-05019,84,6,6316.43,2,4,5,Loyal Customer
CUST-05020,46,8,5413.05,3,5,4,Loyal Customer
CUST-05021,124,2,2679.49,1,1,2,Lost / Hibernating
CUST-05022,33,6,7101.96,4,4,5,Champion
CUST-05023,44,4,4845.1,3,2,4,Lost / Hibernating
CUST-05024,14,12,9958.81,5,5,5,Champion
CUST-05025,32,7,4274.02,4,5,3,Champion
CUST-05026,106,1,2276.24,2,1,2,Lost / Hibernating
CUST-05027,203,5,3924.13,1,3,3,Loyal Customer
CUST-05028,47,4,4054.0,3,2,3,Lost / Hibernating
CUST-05029,22,3,2128.92,4,1,1,New Potential
CUST-05030,10,4,3227.4300000000003,5,2,2,New Potential
CUST-05031,288,1,1473.15,1,1,1,Lost / Hibernating
CUST-05032,145,4,4100.030000000001,1,2,3,Lost / Hibernating
CUST-05033,37,7,3562.55,4,5,3,Champion
CUST-05034,10,5,3314.4,5,3,2,Lost / Hibernating
CUST-05035,8,5,4058.0,5,3,3,Loyal Customer
CUST-05036,1,6,3676.86,5,4,3,Champion
CUST-05037,57,3,862.38,3,1,1,Lost / Hibernating
CUST-05038,72,6,4289.17,2,4,3,Loyal Customer
CUST-05039,62,10,8314.529999999999,3,5,5,Loyal Customer
CUST-05040,11,9,8936.69,5,5,5,Champion
CUST-05041,227,4,4203.24,1,2,3,Lost / Hibernating
CUST-05042,150,5,5214.17,1,3,4,Loyal Customer
CUST-05043,1,7,7398.179999999999,5,5,5,Champion
CUST-05044,80,11,9333.38,2,5,5,Loyal Customer
CUST-05045,7,6,5974.82,5,4,4,Champion
CUST-05046,184,1,1950.07,1,1,1,Lost / Hibernating
CUST-05047,35,8,8000.26,4,5,5,Champion
CUST-05048,155,4,2131.6800000000003,1,2,1,Lost / Hibernating
CUST-05049,4,5,5967.42,5,3,4,Loyal Customer
CUST-05050,61,5,5317.65,3,3,4,Loyal Customer
CUST-05051,24,7,4005.56,4,5,3,Champion
CUST-05052,91,6,4709.47,2,4,4,Loyal Customer
CUST-05053,77,5,3198.25,2,3,2,At Risk
CUST-05054,100,5,4202.34,2,3,3,Loyal Customer
CUST-05055,212,2,2135.64,1,1,1,Lost / Hibernating
CUST-05056,19,2,1673.54,4,1,1,New Potential
CUST-05057,120,4,2531.66,1,2,2,Lost / Hibernating
CUST-05058,303,2,941.76,1,1,1,Lost / Hibernating
CUST-05059,16,7,6694.34,5,5,5,Champion
CUST-05060,133,5,2017.16,1,3,1,At Risk
CUST-05061,57,2,783.63,3,1,1,Lost / Hibernating
CUST-05062,71,7,6828.33,2,5,5,Loyal Customer
CUST-05063,102,3,2436.14,2,1,2,Lost / Hibernating
CUST-05064,26,6,7667.48,4,4,5,Champion
CUST-05065,12,5,2950.16,5,3,2,Lost / Hibernating
CUST-05066,23,6,5862.59,4,4,4,Champion
CUST-05067,29,8,5720.97,4,5,4,Champion
CUST-05068,243,2,1423.8200000000002,1,1,1,Lost / Hibernating
CUST-05069,114,5,3945.86,2,3,3,Loyal Customer
CUST-05070,50,3,2552.07,3,1,2,Lost / Hibernating
CUST-05071,72,2,1040.08,2,1,1,Lost / Hibernating
CUST-05072,45,5,4897.32,3,3,4,Loyal Customer
CUST-05073,193,4,3180.85,1,2,2,Lost / Hibernating
CUST-05074,65,7,5422.12,3,5,4,Loyal Customer
CUST-05075,66,3,2314.37,3,1,2,Lost / Hibernating
CUST-05076,48,5,2182.59,3,3,1,Lost / Hibernating
CUST-05077,102,4,3356.58,2,2,2,Lost / Hibernating
CUST-05078,117,6,5236.87,2,4,4,Loyal Customer
CUST-05079,18,6,6357.22,4,4,5,Champion
CUST-05080,16,4,4186.16,5,2,3,New Potential
CUST-05081,24,9,3814.5199999999995,4,5,3,Champion
CUST-05082,156,5,3784.27,1,3,3,Loyal Customer
CUST-05083,9,3,2883.86,5,1,2,New Potential
CUST-05084,199,6,9197.34,1,4,5,Loyal Customer
CUST-05085,82,2,1109.07,2,1,1,Lost / Hibernating
CUST-05087,23,3,2118.86,4,1,1,New Potential
CUST-05088,4,8,5102.280000000001,5,5,4,Champion
CUST-05089,8,6,3371.42,5,4,2,Champion
CUST-05090,68,9,6340.79,2,5,5,Loyal Customer
CUST-05091,41,3,2259.2799999999997,3,1,1,Lost / Hibernating
CUST-05092,112,6,3572.8199999999997,2,4,3,Loyal Customer
CUST-05093,5,6,3623.08,5,4,3,Champion
CUST-05094,114,3,1730.04,2,1,1,Lost / Hibernating
CUST-05095,121,3,1623.73,1,1,1,Lost / Hibernating
CUST-05096,67,6,3344.3599999999997,2,4,2,At Risk
CUST-05097,132,5,4209.74,1,3,3,Loyal Customer
CUST-05098,107,3,1534.3799999999999,2,1,1,Lost / Hibernating
CUST-05099,101,9,6271.82,2,5,5,Loyal Customer
CUST-05100,71,6,5466.97,2,4,4,Loyal Customer
CUST-05101,116,6,4597.4800000000005,2,4,4,Loyal Customer
CUST-05102,7,5,7212.92,5,3,5,Loyal Customer
CUST-05103,66,4,2314.72,3,2,2,Lost / Hibernating
CUST-05104,2,4,2394.79,5,2,2,New Potential
CUST-05105,99,4,3163.1099999999997,2,2,2,Lost / Hibernating
CUST-05106,104,4,2479.2799999999997,2,2,2,Lost / Hibernating
CUST-05107,20,3,2768.63,4,1,2,New Potential
CUST-05108,151,3,4146.139999999999,1,1,3,Lost / Hibernating
CUST-05109,41,1,365.72,3,1,1,Lost / Hibernating
CUST-05110,25,8,9209.23,4,5,5,Champion
CUST-05111,39,3,1811.82,3,1,1,Lost / Hibernating
CUST-05112,4,7,6778.110000000001,5,5,5,Champion
CUST-05113,12,5,3701.94,5,3,3,Loyal Customer
CUST-05114,207,4,1380.8600000000001,1,2,1,Lost / Hibernating
CUST-05115,168,5,7919.65,1,3,5,Loyal Customer
CUST-05116,24,7,3871.2200000000003,4,5,3,Champion
CUST-05117,29,8,4528.55,4,5,3,Champion
CUST-05118,40,5,4047.61,3,3,3,Loyal Customer
CUST-05119,2,5,4972.88,5,3,4,Loyal Customer
CUST-05120,33,6,4352.57,4,4,3,Champion
CUST-05121,99,5,5499.79,2,3,4,Loyal Customer
CUST-05122,126,3,2863.2799999999997,1,1,2,Lost / Hibernating
CUST-05123,46,10,8090.05,3,5,5,Loyal Customer
CUST-05124,105,4,1703.32,2,2,1,Lost / Hibernating
CUST-05125,208,3,1856.54,1,1,1,Lost / Hibernating
CUST-05126,43,6,3139.43,3,4,2,Lost / Hibernating
CUST-05127,118,4,2772.21,1,2,2,Lost / Hibernating
CUST-05128,63,3,2457.32,3,1,2,Lost / Hibernating
CUST-05129,184,3,2482.3,1,1,2,Lost / Hibernating
CUST-05130,108,5,2770.72,2,3,2,At Risk
CUST-05131,72,4,3231.7599999999998,2,2,2,Lost / Hibernating
CUST-05132,50,5,5605.87,3,3,4,Loyal Customer
CUST-05133,132,2,749.4100000000001,1,1,1,Lost / Hibernating
CUST-05134,18,5,4831.65,4,3,4,Loyal Customer
CUST-05135,293,1,1058.02,1,1,1,Lost / Hibernating
CUST-05136,64,3,1522.6599999999999,3,1,1,Lost / Hibernating
CUST-05137,103,4,2790.91,2,2,2,Lost / Hibernating
CUST-05138,119,3,3365.96,1,1,2,Lost / Hibernating
CUST-05139,113,4,1848.3600000000001,2,2,1,Lost / Hibernating
CUST-05140,25,13,9812.39,4,5,5,Champion
CUST-05141,59,9,8553.67,3,5,5,Loyal Customer
CUST-05142,65,7,6421.9400000000005,3,5,5,Loyal Customer
CUST-05143,11,7,7559.2,5,5,5,Champion
CUST-05144,24,3,2128.26,4,1,1,New Potential
CUST-05145,28,5,5017.78,4,3,4,Loyal Customer
CUST-05146,8,5,5377.110000000001,5,3,4,Loyal Customer
CUST-05147,44,3,2556.1099999999997,3,1,2,Lost / Hibernating
CUST-05148,139,7,8009.51,1,5,5,Loyal Customer
CUST-05149,69,4,2753.4,2,2,2,Lost / Hibernating
CUST-05150,18,5,2980.3,4,3,2,Lost / Hibernating
CUST-05151,31,3,2188.9399999999996,4,1,1,New Potential
CUST-05152,23,4,2607.7200000000003,4,2,2,New Potential
CUST-05153,92,8,9071.2,2,5,5,Loyal Customer
CUST-05154,14,2,1968.52,5,1,1,New Potential
CUST-05155,7,6,3390.13,5,4,2,Champion
CUST-05156,245,5,3290.66,1,3,2,At Risk
CUST-05157,42,10,9870.76,3,5,5,Loyal Customer
CUST-05158,4,1,393.52,5,1,1,New Potential
CUST-05159,299,2,975.5,1,1,1,Lost / Hibernating
CUST-05160,134,4,4814.47,1,2,4,Lost / Hibernating
CUST-05161,20,6,5409.360000000001,4,4,4,Champion
CUST-05162,57,8,8718.36,3,5,5,Loyal Customer
CUST-05163,65,6,6007.0,3,4,4,Loyal Customer
CUST-05164,106,3,1894.02,2,1,1,Lost / Hibernating
CUST-05165,60,4,4089.48,3,2,3,Lost / Hibernating
CUST-05167,14,5,3446.7,5,3,3,Loyal Customer
CUST-05168,66,7,7881.55,3,5,5,Loyal Customer
CUST-05169,23,6,4726.21,4,4,4,Champion
CUST-05171,58,6,6939.38,3,4,5,Loyal Customer
CUST-05172,41,3,2283.84,3,1,2,Lost / Hibernating
CUST-05173,69,5,4489.23,2,3,3,Loyal Customer
CUST-05174,10,5,4428.3,5,3,3,Loyal Customer
CUST-05175,102,4,3321.8199999999997,2,2,2,Lost / Hibernating
CUST-05176,23,9,9629.41,4,5,5,Champion
CUST-05177,2,3,2527.3,5,1,2,New Potential
CUST-05178,89,5,7619.93,2,3,5,Loyal Customer
CUST-05179,8,7,4979.83,5,5,4,Champion
CUST-05180,88,2,1058.9299999999998,2,1,1,Lost / Hibernating
CUST-05181,15,5,2265.4700000000003,5,3,1,Lost / Hibernating
CUST-05182,40,5,2542.22,3,3,2,Lost / Hibernating
CUST-05183,212,2,1556.81,1,1,1,Lost / Hibernating
CUST-05184,55,6,5200.21,3,4,4,Loyal Customer
CUST-05185,47,6,6532.96,3,4,5,Loyal Customer
CUST-05186,34,7,7968.42,4,5,5,Champion
CUST-05187,55,5,3413.63,3,3,3,Loyal Customer
CUST-05188,19,9,9313.88,4,5,5,Champion
CUST-05189,50,6,7375.08,3,4,5,Loyal Customer
CUST-05190,55,4,3674.5,3,2,3,Lost / Hibernating
CUST-05191,12,7,6359.54,5,5,5,Champion
CUST-05192,129,4,3373.27,1,2,2,Lost / Hibernating
CUST-05193,10,9,5898.96,5,5,4,Champion
CUST-05194,239,4,3178.5,1,2,2,Lost / Hibernating
CUST-05195,103,3,2726.9700000000003,2,1,2,Lost / Hibernating
CUST-05196,71,2,1506.32,2,1,1,Lost / Hibernating
CUST-05197,160,5,3260.51,1,3,2,At Risk
CUST-05198,106,7,6143.57,2,5,5,Loyal Customer
CUST-05199,224,2,813.81,1,1,1,Lost / Hibernating
CUST-05200,186,2,772.03,1,1,1,Lost / Hibernating
CUST-05201,5,5,3120.76,5,3,2,Lost / Hibernating
CUST-05202,82,7,6366.12,2,5,5,Loyal Customer
CUST-05203,5,5,4411.09,5,3,3,Loyal Customer
CUST-05204,31,3,3064.11,4,1,2,New Potential
CUST-05205,32,2,4004.6099999999997,4,1,3,New Potential
CUST-05206,43,6,3576.11,3,4,3,Loyal Customer
CUST-05207,252,4,4406.74,1,2,3,Lost / Hibernating
CUST-05208,91,7,4486.83,2,5,3,Loyal Customer
CUST-05209,5,5,7326.04,5,3,5,Loyal Customer
CUST-05210,3,7,7091.71,5,5,5,Champion
CUST-05211,27,3,1432.87,4,1,1,New Potential
CUST-05212,77,2,778.24,2,1,1,Lost / Hibernating
CUST-05213,14,3,3745.1200000000003,5,1,3,New Potential
CUST-05214,202,4,3481.26,1,2,3,Lost / Hibernating
CUST-05215,31,8,9271.94,4,5,5,Champion
CUST-05216,88,8,6126.68,2,5,5,Loyal Customer
CUST-05217,23,9,6948.55,4,5,5,Champion
CUST-05218,5,5,5657.7,5,3,4,Loyal Customer
CUST-05219,24,6,6377.61,4,4,5,Champion
CUST-05220,14,6,7238.25,5,4,5,Champion
CUST-05221,35,3,2757.42,4,1,2,New Potential
CUST-05222,45,6,2954.57,3,4,2,Lost / Hibernating
CUST-05223,40,3,2951.6499999999996,3,1,2,Lost / Hibernating
CUST-05224,2,5,4789.09,5,3,4,Loyal Customer
CUST-05225,22,6,3999.74,4,4,3,Champion
CUST-05226,107,3,4177.09,2,1,3,Lost / Hibernating
CUST-05227,90,4,5172.46,2,2,4,Lost / Hibernating
CUST-05228,64,4,4050.55,3,2,3,Lost / Hibernating
CUST-05229,118,2,827.37,1,1,1,Lost / Hibernating
CUST-05230,196,4,1793.8000000000002,1,2,1,Lost / Hibernating
CUST-05231,206,3,3130.09,1,1,2,Lost / Hibernating
CUST-05232,182,4,3290.75,1,2,2,Lost / Hibernating
CUST-05233,23,7,3269.12,4,5,2,Champion
CUST-05234,31,5,3819.2999999999997,4,3,3,Loyal Customer
CUST-05235,28,5,3381.54,4,3,2,Lost / Hibernating
CUST-05236,160,4,3806.79,1,2,3,Lost / Hibernating
CUST-05237,5,3,3235.04,5,1,2,New Potential
CUST-05238,23,8,4335.530000000001,4,5,3,Champion
CUST-05239,29,5,4342.12,4,3,3,Loyal Customer
CUST-05240,62,4,2055.17,3,2,1,Lost / Hibernating
CUST-05241,11,3,2274.71,5,1,2,New Potential
CUST-05242,37,6,3220.71,4,4,2,Champion
CUST-05243,18,4,3261.7200000000003,4,2,2,New Potential
CUST-05244,73,3,3874.79,2,1,3,Lost / Hibernating
CUST-05245,158,5,2315.91,1,3,2,At Risk
CUST-05246,29,3,3092.5,4,1,2,New Potential
CUST-05247,161,4,2074.42,1,2,1,Lost / Hibernating
CUST-05248,92,6,3831.43,2,4,3,Loyal Customer
CUST-05249,180,4,2346.81,1,2,2,Lost / Hibernating
CUST-05250,29,6,3216.72,4,4,2,Champion
CUST-05251,287,1,970.72,1,1,1,Lost / Hibernating
CUST-05252,11,5,2209.73,5,3,1,Lost / Hibernating
CUST-05253,16,8,5934.42,5,5,4,Champion
CUST-05254,94,4,3295.42,2,2,2,Lost / Hibernating
CUST-05255,3,13,8802.630000000001,5,5,5,Champion
CUST-05256,86,3,2611.33,2,1,2,Lost / Hibernating
CUST-05257,33,3,2948.55,4,1,2,New Potential
CUST-05258,18,3,2215.2,4,1,1,New Potential
CUST-05259,1,4,2532.1800000000003,5,2,2,New Potential
CUST-05260,88,6,7124.380000000001,2,4,5,Loyal Customer
CUST-05261,97,5,2328.82,2,3,2,At Risk
CUST-05262,32,6,3767.38,4,4,3,Champion
CUST-05263,59,5,4523.03,3,3,3,Loyal Customer
CUST-05264,7,8,10769.55,5,5,5,Champion
CUST-05265,55,8,6900.92,3,5,5,Loyal Customer
CUST-05266,106,5,8524.880000000001,2,3,5,Loyal Customer
CUST-05267,18,6,5147.67,4,4,4,Champion
CUST-05268,117,7,5166.75,2,5,4,Loyal Customer
CUST-05269,98,5,5324.2,2,3,4,Loyal Customer
CUST-05270,134,2,2712.59,1,1,2,Lost / Hibernating
CUST-05271,13,6,3784.25,5,4,3,Champion
CUST-05272,82,4,1557.81,2,2,1,Lost / Hibernating
CUST-05273,172,2,991.6600000000001,1,1,1,Lost / Hibernating
CUST-05274,21,5,1999.8999999999999,4,3,1,Lost / Hibernating
CUST-05275,115,4,3153.62,2,2,2,Lost / Hibernating
CUST-05276,32,4,4519.75,4,2,3,New Potential
CUST-05277,46,7,3484.96,3,5,3,Loyal Customer
CUST-05278,84,2,2240.52,2,1,1,Lost / Hibernating
CUST-05279,244,3,2707.8,1,1,2,Lost / Hibernating
CUST-05280,20,4,2418.31,4,2,2,New Potential
CUST-05281,14,7,5368.860000000001,5,5,4,Champion
CUST-05282,35,6,3092.38,4,4,2,Champion
CUST-05283,120,1,314.2,1,1,1,Lost / Hibernating
CUST-05284,131,2,1474.74,1,1,1,Lost / Hibernating
CUST-05285,46,7,8698.24,3,5,5,Loyal Customer
CUST-05286,133,7,4426.16,1,5,3,Loyal Customer
CUST-05287,1,5,3404.47,5,3,2,Lost / Hibernating
CUST-05288,85,6,3955.07,2,4,3,Loyal Customer
CUST-05289,57,4,3238.62,3,2,2,Lost / Hibernating
CUST-05290,10,7,8987.51,5,5,5,Champion
CUST-05291,58,4,4067.34,3,2,3,Lost / Hibernating
CUST-05292,30,2,1909.65,4,1,1,New Potential
CUST-05293,7,6,3898.4900000000002,5,4,3,Champion
CUST-05294,20,9,5705.29,4,5,4,Champion
CUST-05295,2,9,7413.8099999999995,5,5,5,Champion
CUST-05296,131,2,702.5,1,1,1,Lost / Hibernating
CUST-05297,18,3,3438.5699999999997,4,1,3,New Potential
CUST-05298,56,5,3936.4,3,3,3,Loyal Customer
CUST-05299,56,9,6788.13,3,5,5,Loyal Customer
CUST-05300,315,2,1688.04,1,1,1,Lost / Hibernating
CUST-05301,9,5,2688.96,5,3,2,Lost / Hibernating
CUST-05302,241,2,1860.45,1,1,1,Lost / Hibernating
CUST-05303,55,9,7098.639999999999,3,5,5,Loyal Customer
CUST-05304,25,4,5071.2,4,2,4,New Potential
CUST-05305,4,7,4347.29,5,5,3,Champion
CUST-05306,45,4,1859.12,3,2,1,Lost / Hibernating
CUST-05307,37,3,3174.67,4,1,2,New Potential
CUST-05308,54,3,3503.36,3,1,3,Lost / Hibernating
CUST-05309,39,4,3474.14,3,2,3,Lost / Hibernating
CUST-05310,19,11,9872.29,4,5,5,Champion
CUST-05312,129,1,346.41,1,1,1,Lost / Hibernating
CUST-05313,85,5,4056.24,2,3,3,Loyal Customer
CUST-05314,20,9,8021.16,4,5,5,Champion
CUST-05315,58,2,939.42,3,1,1,Lost / Hibernating
CUST-05316,12,4,3101.04,5,2,2,New Potential
CUST-05317,92,7,6286.0,2,5,5,Loyal Customer
CUST-05318,19,2,1036.6100000000001,4,1,1,New Potential
CUST-05319,27,5,5865.72,4,3,4,Loyal Customer
CUST-05320,168,3,3113.54,1,1,2,Lost / Hibernating
CUST-05321,7,5,4416.969999999999,5,3,3,Loyal Customer
CUST-05322,170,3,2167.21,1,1,1,Lost / Hibernating
CUST-05323,57,6,4923.05,3,4,4,Loyal Customer
CUST-05324,71,5,3809.64,2,3,3,Loyal Customer
CUST-05325,80,4,3980.7799999999997,2,2,3,Lost / Hibernating
CUST-05326,13,3,1655.94,5,1,1,New Potential
CUST-05327,1,9,6646.78,5,5,5,Champion
CUST-05328,45,7,5039.7,3,5,4,Loyal Customer
CUST-05329,29,7,5301.83,4,5,4,Champion
CUST-05330,160,2,1108.07,1,1,1,Lost / Hibernating
CUST-05331,85,4,1661.49,2,2,1,Lost / Hibernating
CUST-05332,113,3,1897.66,2,1,1,Lost / Hibernating
CUST-05333,72,6,2420.64,2,4,2,At Risk
CUST-05334,118,1,178.82,1,1,1,Lost / Hibernating
CUST-05335,13,4,2917.5,5,2,2,New Potential
CUST-05336,9,7,5825.49,5,5,4,Champion
CUST-05337,76,13,8324.9,2,5,5,Loyal Customer
CUST-05338,60,5,4240.04,3,3,3,Loyal Customer
CUST-05339,129,1,1178.7,1,1,1,Lost / Hibernating
CUST-05340,26,5,4717.67,4,3,4,Loyal Customer
CUST-05341,21,6,5267.8099999999995,4,4,4,Champion
CUST-05342,59,5,3461.26,3,3,3,Loyal Customer
CUST-05343,140,3,1188.01,1,1,1,Lost / Hibernating
CUST-05344,98,5,3204.72,2,3,2,At Risk
CUST-05345,71,4,4215.17,2,2,3,Lost / Hibernating
CUST-05346,16,5,4114.52,5,3,3,Loyal Customer
CUST-05347,130,3,1271.77,1,1,1,Lost / Hibernating
CUST-05348,18,5,3867.77,4,3,3,Loyal Customer
CUST-05349,7,4,4960.8,5,2,4,New Potential
CUST-05350,129,3,1638.68,1,1,1,Lost / Hibernating
CUST-05351,190,1,900.56,1,1,1,Lost / Hibernating
CUST-05352,22,4,1992.9,4,2,1,New Potential
CUST-05353,16,6,6199.49,5,4,5,Champion
CUST-05354,86,7,4800.41,2,5,4,Loyal Customer
CUST-05355,49,3,3757.2,3,1,3,Lost / Hibernating
CUST-05356,14,4,1962.29,5,2,1,New Potential
CUST-05357,29,4,3537.1900000000005,4,2,3,New Potential
CUST-05358,145,2,2352.36,1,1,2,Lost / Hibernating
CUST-05359,92,5,5087.02,2,3,4,Loyal Customer
CUST-05360,48,6,3569.69,3,4,3,Loyal Customer
CUST-05361,168,1,876.26,1,1,1,Lost / Hibernating
CUST-05362,86,4,2852.68,2,2,2,Lost / Hibernating
CUST-05363,5,4,2628.53,5,2,2,New Potential
CUST-05364,43,6,4928.9800000000005,3,4,4,Loyal Customer
CUST-05365,35,9,7671.429999999999,4,5,5,Champion
CUST-05366,27,4,3392.63,4,2,2,New Potential
CUST-05367,67,3,3302.2,2,1,2,Lost / Hibernating
CUST-05368,95,3,3939.4,2,1,3,Lost / Hibernating
CUST-05369,13,6,2592.77,5,4,2,Champion
CUST-05370,40,5,4320.23,3,3,3,Loyal Customer
CUST-05371,10,4,3077.54,5,2,2,New Potential
CUST-05372,72,2,2951.73,2,1,2,Lost / Hibernating
CUST-05373,120,4,3974.3900000000003,1,2,3,Lost / Hibernating
CUST-05374,52,4,3632.34,3,2,3,Lost / Hibernating
CUST-05375,44,9,8316.18,3,5,5,Loyal Customer
CUST-05376,361,1,627.39,1,1,1,Lost / Hibernating
CUST-05377,77,7,5689.15,2,5,4,Loyal Customer
CUST-05378,17,4,1986.78,4,2,1,New Potential
CUST-05379,10,3,1113.18,5,1,1,New Potential
CUST-05380,307,2,1704.39,1,1,1,Lost / Hibernating
CUST-05381,54,6,5933.56,3,4,4,Loyal Customer
CUST-05382,33,5,3888.66,4,3,3,Loyal Customer
CUST-05383,34,5,5340.5199999999995,4,3,4,Loyal Customer
CUST-05384,68,4,6511.8,2,2,5,Lost / Hibernating
CUST-05385,55,2,3431.66,3,1,3,Lost / Hibernating
CUST-05386,50,6,4577.5,3,4,3,Loyal Customer
CUST-05387,80,5,2157.25,2,3,1,At Risk
CUST-05388,40,2,1960.8000000000002,3,1,1,Lost / Hibernating
CUST-05389,131,11,10082.25,1,5,5,Loyal Customer
CUST-05390,58,6,3850.63,3,4,3,Loyal Customer
CUST-05391,83,4,2216.8,2,2,1,Lost / Hibernating
CUST-05392,69,7,8461.84,2,5,5,Loyal Customer
CUST-05393,77,5,4570.46,2,3,3,Loyal Customer
CUST-05394,53,4,1946.38,3,2,1,Lost / Hibernating
CUST-05395,24,6,4644.62,4,4,4,Champion
CUST-05396,6,10,8213.37,5,5,5,Champion
CUST-05397,23,6,7179.89,4,4,5,Champion
CUST-05398,207,3,1685.02,1,1,1,Lost / Hibernating
CUST-05399,6,4,2385.69,5,2,2,New Potential
CUST-05400,81,7,8672.6,2,5,5,Loyal Customer
CUST-05401,23,7,4950.34,4,5,4,Champion
CUST-05402,32,4,3615.73,4,2,3,New Potential
CUST-05403,55,6,7151.37,3,4,5,Loyal Customer
CUST-05404,186,5,5834.95,1,3,4,Loyal Customer
CUST-05405,67,4,1940.2,2,2,1,Lost / Hibernating
CUST-05406,74,3,1618.14,2,1,1,Lost / Hibernating
CUST-05407,65,6,3739.62,3,4,3,Loyal Customer
CUST-05408,5,5,3202.21,5,3,2,Lost / Hibernating
CUST-05409,13,5,5039.3,5,3,4,Loyal Customer
CUST-05410,29,5,3740.4700000000003,4,3,3,Loyal Customer
CUST-05411,129,4,2709.7599999999998,1,2,2,Lost / Hibernating
CUST-05412,37,3,2555.8,4,1,2,New Potential
CUST-05413,7,2,736.84,5,1,1,New Potential
CUST-05414,3,9,9098.15,5,5,5,Champion
CUST-05415,198,5,2989.0299999999997,1,3,2,At Risk
CUST-05416,204,2,690.95,1,1,1,Lost / Hibernating
CUST-05417,18,6,3302.6400000000003,4,4,2,Champion
CUST-05418,92,6,6306.53,2,4,5,Loyal Customer
CUST-05419,19,4,1402.25,4,2,1,New Potential
CUST-05420,29,6,6147.379999999999,4,4,5,Champion
CUST-05421,136,6,6885.64,1,4,5,Loyal Customer
CUST-05422,301,2,2529.6,1,1,2,Lost / Hibernating
CUST-05423,2,8,7951.8,5,5,5,Champion
CUST-05424,110,5,4459.18,2,3,3,Loyal Customer
CUST-05425,18,5,6376.049999999999,4,3,5,Loyal Customer
CUST-05426,14,11,7602.110000000001,5,5,5,Champion
CUST-05427,173,4,2399.04,1,2,2,Lost / Hibernating
CUST-05428,37,5,6421.9,4,3,5,Loyal Customer
CUST-05429,52,7,5644.64,3,5,4,Loyal Customer
CUST-05430,113,10,8835.06,2,5,5,Loyal Customer
CUST-05431,32,5,3183.4700000000003,4,3,2,Lost / Hibernating
CUST-05432,194,3,2724.2200000000003,1,1,2,Lost / Hibernating
CUST-05433,11,6,5323.51,5,4,4,Champion
CUST-05434,60,2,933.9000000000001,3,1,1,Lost / Hibernating
CUST-05435,92,6,5832.68,2,4,4,Loyal Customer
CUST-05436,138,3,4585.360000000001,1,1,4,Lost / Hibernating
CUST-05437,13,4,3165.2799999999997,5,2,2,New Potential
CUST-05438,33,9,7559.969999999999,4,5,5,Champion
CUST-05439,114,4,5788.63,2,2,4,Lost / Hibernating
CUST-05440,38,4,2515.8,3,2,2,Lost / Hibernating
CUST-05441,13,4,3265.74,5,2,2,New Potential
CUST-05442,109,5,2143.23,2,3,1,At Risk
CUST-05443,32,8,7393.849999999999,4,5,5,Champion
CUST-05444,121,4,3513.6800000000003,1,2,3,Lost / Hibernating
CUST-05445,138,8,2966.6,1,5,2,At Risk
CUST-05446,158,5,5843.92,1,3,4,Loyal Customer
CUST-05447,27,4,2133.41,4,2,1,New Potential
CUST-05448,67,4,4540.88,2,2,3,Lost / Hibernating
CUST-05449,87,1,375.23,2,1,1,Lost / Hibernating
CUST-05450,66,6,6242.41,3,4,5,Loyal Customer
CUST-05451,110,1,139.39,2,1,1,Lost / Hibernating
CUST-05452,6,8,8312.81,5,5,5,Champion
CUST-05453,32,7,3975.8999999999996,4,5,3,Champion
CUST-05454,8,9,7620.1,5,5,5,Champion
CUST-05455,7,6,4642.36,5,4,4,Champion
CUST-05456,25,8,5917.66,4,5,4,Champion
CUST-05457,100,4,3176.7799999999997,2,2,2,Lost / Hibernating
CUST-05458,42,6,3810.97,3,4,3,Loyal Customer
CUST-05459,65,2,896.84,3,1,1,Lost / Hibernating
CUST-05460,12,3,1349.3,5,1,1,New Potential
CUST-05461,54,7,6644.95,3,5,5,Loyal Customer
CUST-05462,136,4,7756.05,1,2,5,Lost / Hibernating
CUST-05463,52,8,4480.86,3,5,3,Loyal Customer
CUST-05464,52,3,2914.13,3,1,2,Lost / Hibernating
CUST-05465,3,8,10569.26,5,5,5,Champion
CUST-05466,30,7,4172.6,4,5,3,Champion
CUST-05467,44,2,2019.5500000000002,3,1,1,Lost / Hibernating
CUST-05468,145,2,2350.2000000000003,1,1,2,Lost / Hibernating
CUST-05469,79,5,5183.41,2,3,4,Loyal Customer
CUST-05470,13,4,3749.0600000000004,5,2,3,New Potential
CUST-05471,24,9,7916.68,4,5,5,Champion
CUST-05472,2,4,4401.48,5,2,3,New Potential
CUST-05473,8,8,6404.05,5,5,5,Champion
CUST-05474,53,6,8011.98,3,4,5,Loyal Customer
CUST-05475,129,5,4785.13,1,3,4,Loyal Customer
CUST-05476,5,7,7771.08,5,5,5,Champion
CUST-05477,86,5,5025.76,2,3,4,Loyal Customer
CUST-05478,91,6,4466.27,2,4,3,Loyal Customer
CUST-05479,163,3,1095.41,1,1,1,Lost / Hibernating
CUST-05481,34,5,2511.56,4,3,2,Lost / Hibernating
CUST-05482,46,5,3051.0,3,3,2,Lost / Hibernating
CUST-05483,65,4,4214.03,3,2,3,Lost / Hibernating
CUST-05484,70,7,5134.66,2,5,4,Loyal Customer
CUST-05485,104,6,6731.45,2,4,5,Loyal Customer
CUST-05486,14,6,7476.94,5,4,5,Champion
CUST-05487,10,9,8575.85,5,5,5,Champion
CUST-05488,19,11,10164.66,4,5,5,Champion
CUST-05489,12,4,4485.01,5,2,3,New Potential
CUST-05490,88,1,526.18,2,1,1,Lost / Hibernating
CUST-05491,267,1,2304.25,1,1,2,Lost / Hibernating
CUST-05492,129,1,329.56,1,1,1,Lost / Hibernating
CUST-05493,50,5,3302.13,3,3,2,Lost / Hibernating
CUST-05494,139,5,2959.3,1,3,2,At Risk
CUST-05495,113,3,4348.57,2,1,3,Lost / Hibernating
CUST-05496,63,7,5426.93,3,5,4,Loyal Customer
CUST-05497,128,7,9139.48,1,5,5,Loyal Customer
CUST-05498,96,4,2358.9700000000003,2,2,2,Lost / Hibernating
CUST-05499,41,5,3421.56,3,3,3,Loyal Customer
CUST-05500,158,2,2702.12,1,1,2,Lost / Hibernating
CUST-05501,2,7,4723.54,5,5,4,Champion
CUST-05502,61,3,1362.88,3,1,1,Lost / Hibernating
CUST-05503,137,4,4032.22,1,2,3,Lost / Hibernating
CUST-05504,28,2,1379.5700000000002,4,1,1,New Potential
CUST-05505,54,4,2250.7000000000003,3,2,1,Lost / Hibernating
CUST-05506,2,8,4442.0599999999995,5,5,3,Champion
CUST-05507,61,3,1960.05,3,1,1,Lost / Hibernating
CUST-05508,200,2,1504.3899999999999,1,1,1,Lost / Hibernating
CUST-05509,73,5,3399.08,2,3,2,At Risk
CUST-05510,52,5,4456.0,3,3,3,Loyal Customer
CUST-05511,29,5,2714.9700000000003,4,3,2,Lost / Hibernating
CUST-05512,99,4,3259.29,2,2,2,Lost / Hibernating
CUST-05513,174,3,2194.58,1,1,1,Lost / Hibernating
CUST-05514,209,7,8334.44,1,5,5,Loyal Customer
CUST-05515,63,10,8029.72,3,5,5,Loyal Customer
CUST-05516,28,4,2488.9700000000003,4,2,2,New Potential
CUST-05517,42,2,1814.85,3,1,1,Lost / Hibernating
CUST-05518,18,3,3608.82,4,1,3,New Potential
CUST-05519,53,4,2511.24,3,2,2,Lost / Hibernating
CUST-05520,47,6,4369.58,3,4,3,Loyal Customer
CUST-05521,127,3,2381.84,1,1,2,Lost / Hibernating
CUST-05522,7,3,5159.77,5,1,4,New Potential
CUST-05523,77,6,6853.98,2,4,5,Loyal Customer
CUST-05524,148,3,856.82,1,1,1,Lost / Hibernating
CUST-05525,87,4,2462.52,2,2,2,Lost / Hibernating
CUST-05526,365,1,390.96,1,1,1,Lost / Hibernating
CUST-05527,66,5,5366.6,3,3,4,Loyal Customer
CUST-05528,60,5,2712.09,3,3,2,Lost / Hibernating
CUST-05529,187,2,1866.2,1,1,1,Lost / Hibernating
CUST-05530,6,6,8985.59,5,4,5,Champion
CUST-05531,70,6,5465.35,2,4,4,Loyal Customer
CUST-05532,101,7,5335.74,2,5,4,Loyal Customer
CUST-05533,184,5,2993.3199999999997,1,3,2,At Risk
CUST-05534,11,5,5011.9400000000005,5,3,4,Loyal Customer
CUST-05535,331,2,965.23,1,1,1,Lost / Hibernating
CUST-05536,46,4,1948.38,3,2,1,Lost / Hibernating
CUST-05537,296,2,1076.33,1,1,1,Lost / Hibernating
CUST-05538,14,5,4386.18,5,3,3,Loyal Customer
CUST-05539,33,1,2431.8,4,1,2,New Potential
CUST-05540,7,5,2435.4700000000003,5,3,2,Lost / Hibernating
CUST-05541,114,3,4003.98,2,1,3,Lost / Hibernating
CUST-05542,73,7,5285.59,2,5,4,Loyal Customer
CUST-05543,77,3,4581.97,2,1,4,Lost / Hibernating
CUST-05544,31,4,3646.0200000000004,4,2,3,New Potential
CUST-05545,20,5,4662.26,4,3,4,Loyal Customer
CUST-05546,110,7,8007.889999999999,2,5,5,Loyal Customer
CUST-05547,52,6,4700.38,3,4,4,Loyal Customer
CUST-05548,30,2,1970.1200000000001,4,1,1,New Potential
CUST-05549,60,5,4561.889999999999,3,3,3,Loyal Customer
CUST-05550,33,12,10579.25,4,5,5,Champion
CUST-05551,7,7,5191.27,5,5,4,Champion
CUST-05552,240,4,3802.76,1,2,3,Lost / Hibernating
CUST-05553,122,5,4219.469999999999,1,3,3,Loyal Customer
CUST-05554,189,2,2418.2200000000003,1,1,2,Lost / Hibernating
CUST-05555,32,9,8888.91,4,5,5,Champion
CUST-05556,153,5,5976.13,1,3,4,Loyal Customer
CUST-05557,292,1,480.42,1,1,1,Lost / Hibernating
CUST-05558,67,2,876.51,2,1,1,Lost / Hibernating
CUST-05559,16,8,7686.57,5,5,5,Champion
CUST-05560,88,2,780.35,2,1,1,Lost / Hibernating
CUST-05561,212,6,3110.4900000000002,1,4,2,At Risk
CUST-05562,11,3,1695.2800000000002,5,1,1,New Potential
CUST-05563,2,9,9398.55,5,5,5,Champion
CUST-05564,57,6,6611.91,3,4,5,Loyal Customer
CUST-05565,46,6,4565.77,3,4,3,Loyal Customer
CUST-05566,43,9,8253.36,3,5,5,Loyal Customer
CUST-05567,129,2,1665.33,1,1,1,Lost / Hibernating
CUST-05568,40,2,1398.06,3,1,1,Lost / Hibernating
CUST-05569,35,4,6420.8099999999995,4,2,5,New Potential
CUST-05570,35,5,2851.58,4,3,2,Lost / Hibernating
CUST-05571,134,5,3972.0,1,3,3,Loyal Customer
CUST-05572,1,2,2594.53,5,1,2,New Potential
CUST-05573,26,8,8275.49,4,5,5,Champion
CUST-05574,14,4,3155.37,5,2,2,New Potential
CUST-05575,49,9,7764.77,3,5,5,Loyal Customer
CUST-05576,164,3,1453.54,1,1,1,Lost / Hibernating
CUST-05577,47,5,3886.87,3,3,3,Loyal Customer
CUST-05578,11,5,5844.79,5,3,4,Loyal Customer
CUST-05579,27,3,1881.14,4,1,1,New Potential
CUST-05580,45,5,4489.139999999999,3,3,3,Loyal Customer
CUST-05581,43,10,11264.26,3,5,5,Loyal Customer
CUST-05582,20,6,4596.6,4,4,4,Champion
CUST-05583,76,4,2185.71,2,2,1,Lost / Hibernating
CUST-05584,17,7,5189.4800000000005,4,5,4,Champion
CUST-05585,82,5,2521.42,2,3,2,At Risk
CUST-05586,12,8,4561.92,5,5,3,Champion
CUST-05587,10,6,5651.43,5,4,4,Champion
CUST-05588,150,2,1821.6100000000001,1,1,1,Lost / Hibernating
CUST-05589,172,4,2188.29,1,2,1,Lost / Hibernating
CUST-05590,66,4,3179.26,3,2,2,Lost / Hibernating
CUST-05591,97,5,4941.2,2,3,4,Loyal Customer
CUST-05592,12,7,8949.789999999999,5,5,5,Champion
CUST-05593,24,3,2892.0,4,1,2,New Potential
CUST-05594,109,6,4405.8,2,4,3,Loyal Customer
CUST-05595,151,4,1772.97,1,2,1,Lost / Hibernating
CUST-05596,261,2,1219.72,1,1,1,Lost / Hibernating
CUST-05597,234,2,1899.3400000000001,1,1,1,Lost / Hibernating
CUST-05598,51,5,4297.12,3,3,3,Loyal Customer
CUST-05599,78,8,9124.29,2,5,5,Loyal Customer
CUST-05600,146,3,2233.16,1,1,1,Lost / Hibernating
CUST-05601,60,7,11262.8,3,5,5,Loyal Customer
CUST-05602,102,7,3114.19,2,5,2,At Risk
CUST-05603,23,8,8137.09,4,5,5,Champion
CUST-05604,251,3,3923.8599999999997,1,1,3,Lost / Hibernating
CUST-05605,6,5,4085.1800000000003,5,3,3,Loyal Customer
CUST-05606,202,4,5221.03,1,2,4,Lost / Hibernating
CUST-05607,49,5,4893.21,3,3,4,Loyal Customer
CUST-05608,292,1,605.83,1,1,1,Lost / Hibernating
CUST-05609,91,9,4846.97,2,5,4,Loyal Customer
CUST-05610,104,4,2915.55,2,2,2,Lost / Hibernating
CUST-05611,5,5,2187.16,5,3,1,Lost / Hibernating
CUST-05612,198,1,1433.6,1,1,1,Lost / Hibernating
CUST-05613,59,7,7908.5,3,5,5,Loyal Customer
CUST-05614,2,3,2099.1800000000003,5,1,1,New Potential
CUST-05615,36,3,1102.92,4,1,1,New Potential
CUST-05616,151,1,1297.18,1,1,1,Lost / Hibernating
CUST-05617,58,6,5998.860000000001,3,4,4,Loyal Customer
CUST-05618,154,2,1560.04,1,1,1,Lost / Hibernating
CUST-05619,3,4,6344.38,5,2,5,New Potential
CUST-05620,20,5,4331.07,4,3,3,Loyal Customer
CUST-05621,34,6,3336.1099999999997,4,4,2,Champion
CUST-05622,96,5,3604.97,2,3,3,Loyal Customer
CUST-05623,32,7,7178.48,4,5,5,Champion
CUST-05624,309,1,3653.3,1,1,3,Lost / Hibernating
CUST-05625,228,2,749.14,1,1,1,Lost / Hibernating
CUST-05626,39,2,1676.04,3,1,1,Lost / Hibernating
CUST-05627,52,4,3801.3599999999997,3,2,3,Lost / Hibernating
CUST-05628,1,10,12233.15,5,5,5,Champion
CUST-05629,57,6,6349.33,3,4,5,Loyal Customer
CUST-05630,82,8,8174.68,2,5,5,Loyal Customer
CUST-05631,43,6,3547.2,3,4,3,Loyal Customer
CUST-05632,13,7,8577.880000000001,5,5,5,Champion
CUST-05633,11,6,8288.3,5,4,5,Champion
CUST-05634,48,5,3495.65,3,3,3,Loyal Customer
CUST-05635,136,5,3737.7400000000002,1,3,3,Loyal Customer
CUST-05636,10,3,4667.68,5,2,4,New Potential
CUST-05637,27,10,10468.810000000001,4,5,5,Champion
CUST-05638,51,5,4313.6,3,3,3,Loyal Customer
CUST-05639,16,8,6246.82,5,5,5,Champion
CUST-05640,64,5,2427.71,3,3,2,Lost / Hibernating
CUST-05641,98,5,3747.9,2,3,3,Loyal Customer
CUST-05642,8,6,5605.540000000001,5,4,4,Champion
CUST-05643,138,3,3972.54,1,2,3,Lost / Hibernating
CUST-05644,90,7,5257.6,2,5,4,Loyal Customer
CUST-05645,53,6,3586.04,3,4,3,Loyal Customer
CUST-05646,25,5,4812.52,4,3,4,Loyal Customer
CUST-05647,324,2,1714.95,1,1,1,Lost / Hibernating
CUST-05648,32,3,2057.6,4,2,1,New Potential
CUST-05649,151,4,2763.54,1,2,2,Lost / Hibernating
CUST-05650,46,3,2448.1,3,2,2,Lost / Hibernating
CUST-05651,19,5,3242.41,4,3,2,Lost / Hibernating
CUST-05652,7,2,815.97,5,1,1,New Potential
CUST-05653,4,2,913.28,5,1,1,New Potential
CUST-05654,83,4,2305.71,2,2,2,Lost / Hibernating
CUST-05655,7,4,4788.200000000001,5,2,4,New Potential
CUST-05656,36,4,3076.4300000000003,4,2,2,New Potential
CUST-05657,193,5,3417.67,1,3,3,Loyal Customer
CUST-05658,101,5,3472.19,2,3,3,Loyal Customer
CUST-05659,7,5,5427.24,5,3,4,Loyal Customer
CUST-05660,33,6,3133.46,4,4,2,Champion
CUST-05661,22,7,6335.09,4,5,5,Champion
CUST-05662,59,5,3005.69,3,3,2,Lost / Hibernating
CUST-05663,14,7,7931.650000000001,5,5,5,Champion
CUST-05664,116,9,6741.59,2,5,5,Loyal Customer
CUST-05665,128,3,2342.09,1,2,2,Lost / Hibernating
CUST-05666,4,4,2092.65,5,2,1,New Potential
CUST-05667,34,4,4067.9,4,2,3,New Potential
CUST-05668,22,8,6834.95,4,5,5,Champion
CUST-05669,18,11,8740.05,4,5,5,Champion
CUST-05670,11,6,2869.31,5,4,2,Champion
CUST-05671,10,9,6882.52,5,5,5,Champion
CUST-05672,250,2,1909.63,1,1,1,Lost / Hibernating
CUST-05673,78,5,3233.67,2,3,2,At Risk
CUST-05674,32,5,2908.3,4,3,2,Lost / Hibernating
CUST-05675,25,5,3180.43,4,3,2,Lost / Hibernating
CUST-05676,119,1,1238.84,1,1,1,Lost / Hibernating
CUST-05677,75,4,4797.55,2,2,4,Lost / Hibernating
CUST-05678,3,7,5286.64,5,5,4,Champion
CUST-05679,26,4,1484.8,4,2,1,New Potential
CUST-05680,197,3,1801.51,1,2,1,Lost / Hibernating
CUST-05681,12,3,3904.15,5,2,3,New Potential
CUST-05682,28,5,3815.3900000000003,4,3,3,Loyal Customer
CUST-05683,80,3,2475.44,2,2,2,Lost / Hibernating
CUST-05684,15,3,5036.09,5,2,4,New Potential
CUST-05685,17,9,6820.66,4,5,5,Champion
CUST-05686,105,4,1726.82,2,2,1,Lost / Hibernating
CUST-05687,157,1,1221.96,1,1,1,Lost / Hibernating
CUST-05688,209,2,575.71,1,1,1,Lost / Hibernating
CUST-05689,68,5,5267.8,2,3,4,Loyal Customer
CUST-05690,72,2,2440.16,2,1,2,Lost / Hibernating
CUST-05691,37,7,7660.79,4,5,5,Champion
CUST-05692,89,4,2794.27,2,2,2,Lost / Hibernating
CUST-05693,8,7,4773.27,5,5,4,Champion
CUST-05694,75,5,6023.450000000001,2,3,4,Loyal Customer
CUST-05695,242,2,2475.46,1,1,2,Lost / Hibernating
CUST-05696,22,6,10414.56,4,4,5,Champion
CUST-05697,227,4,4459.92,1,2,3,Lost / Hibernating
CUST-05698,20,6,5286.04,4,4,4,Champion
CUST-05699,125,7,4141.37,1,5,3,Loyal Customer
CUST-05700,93,7,6534.4800000000005,2,5,5,Loyal Customer
CUST-05701,23,6,6329.280000000001,4,4,5,Champion
CUST-05702,36,4,2437.51,4,2,2,New Potential
CUST-05703,193,2,1242.98,1,1,1,Lost / Hibernating
CUST-05704,96,5,2522.67,2,3,2,At Risk
CUST-05705,30,7,5897.99,4,5,4,Champion
CUST-05706,138,2,1209.6100000000001,1,1,1,Lost / Hibernating
CUST-05707,117,5,3607.17,2,3,3,Loyal Customer
CUST-05709,12,1,341.81,5,1,1,New Potential
CUST-05710,54,5,5764.360000000001,3,3,4,Loyal Customer
CUST-05711,10,7,5021.45,5,5,4,Champion
CUST-05712,109,4,4245.47,2,2,3,Lost / Hibernating
CUST-05713,57,3,2267.77,3,2,1,Lost / Hibernating
CUST-05714,122,6,5595.95,1,4,4,Loyal Customer
CUST-05715,4,7,5151.86,5,5,4,Champion
CUST-05716,81,2,1691.76,2,1,1,Lost / Hibernating
CUST-05717,72,8,9028.21,2,5,5,Loyal Customer
CUST-05718,139,4,4366.49,1,2,3,Lost / Hibernating
CUST-05719,7,6,3000.9700000000003,5,4,2,Champion
CUST-05720,166,1,946.9,1,1,1,Lost / Hibernating
CUST-05721,69,1,938.8,2,1,1,Lost / Hibernating
CUST-05722,51,9,8766.93,3,5,5,Loyal Customer
CUST-05723,43,5,4296.82,3,3,3,Loyal Customer
CUST-05724,45,3,2398.56,3,2,2,Lost / Hibernating
CUST-05725,11,8,7549.93,5,5,5,Champion
CUST-05726,122,3,3146.1000000000004,1,2,2,Lost / Hibernating
CUST-05727,91,4,3324.44,2,2,2,Lost / Hibernating
CUST-05728,15,3,1696.6799999999998,5,2,1,New Potential
CUST-05729,200,3,2190.71,1,2,1,Lost / Hibernating
CUST-05730,61,3,1885.13,3,2,1,Lost / Hibernating
CUST-05731,50,7,6331.86,3,5,5,Loyal Customer
CUST-05732,81,3,1812.85,2,2,1,Lost / Hibernating
CUST-05733,32,7,5595.030000000001,4,5,4,Champion
CUST-05734,216,3,4046.1499999999996,1,2,3,Lost / Hibernating
CUST-05735,63,3,4466.15,3,2,3,Lost / Hibernating
CUST-05736,5,6,4371.62,5,4,3,Champion
CUST-05737,22,6,4377.3,4,4,3,Champion
CUST-05738,71,3,2097.1,2,2,1,Lost / Hibernating
CUST-05739,17,9,3798.58,4,5,3,Champion
CUST-05740,94,2,853.8399999999999,2,1,1,Lost / Hibernating
CUST-05741,13,6,4657.07,5,4,4,Champion
CUST-05742,114,3,3594.47,2,2,3,Lost / Hibernating
CUST-05743,90,4,2736.3199999999997,2,2,2,Lost / Hibernating
CUST-05744,24,7,8387.51,4,5,5,Champion
CUST-05745,57,6,7336.249999999999,3,4,5,Loyal Customer
CUST-05746,75,4,4053.94,2,2,3,Lost / Hibernating
CUST-05747,94,2,1771.96,2,1,1,Lost / Hibernating
CUST-05748,11,3,2028.2199999999998,5,2,1,New Potential
CUST-05749,60,3,2181.44,3,2,1,Lost / Hibernating
CUST-05750,8,7,7943.18,5,5,5,Champion
CUST-05751,180,2,1099.09,1,1,1,Lost / Hibernating
CUST-05752,6,5,2053.9500000000003,5,3,1,Lost / Hibernating
CUST-05753,49,9,7157.9400000000005,3,5,5,Loyal Customer
CUST-05754,12,8,7185.21,5,5,5,Champion
CUST-05755,67,6,5001.67,2,4,4,Loyal Customer
CUST-05756,63,2,1040.42,3,1,1,Lost / Hibernating
CUST-05757,6,6,6815.22,5,4,5,Champion
CUST-05758,4,7,4399.37,5,5,3,Champion
CUST-05759,81,3,861.97,2,2,1,Lost / Hibernating
CUST-05760,115,6,4224.52,2,4,3,Loyal Customer
CUST-05761,112,4,2373.59,2,2,2,Lost / Hibernating
CUST-05762,30,3,1570.47,4,2,1,New Potential
CUST-05763,246,2,2181.69,1,1,1,Lost / Hibernating
CUST-05764,53,5,3269.05,3,3,2,Lost / Hibernating
CUST-05765,81,3,2181.3,2,2,1,Lost / Hibernating
CUST-05766,135,5,6852.65,1,3,5,Loyal Customer
CUST-05767,20,5,5330.1900000000005,4,3,4,Loyal Customer
CUST-05768,70,4,3744.94,2,2,3,Lost / Hibernating
CUST-05769,357,1,930.04,1,1,1,Lost / Hibernating
CUST-05770,72,5,4293.93,2,3,3,Loyal Customer
CUST-05771,48,8,6622.24,3,5,5,Loyal Customer
CUST-05773,20,10,6026.37,4,5,4,Champion
CUST-05774,68,4,2422.0699999999997,2,2,2,Lost / Hibernating
CUST-05775,44,3,1687.54,3,2,1,Lost / Hibernating
CUST-05776,7,11,11340.119999999999,5,5,5,Champion
CUST-05777,37,3,3926.77,4,2,3,New Potential
CUST-05778,42,6,6775.73,3,4,5,Loyal Customer
CUST-05779,26,2,1185.69,4,1,1,New Potential
CUST-05780,13,5,2901.19,5,3,2,Lost / Hibernating
CUST-05781,237,2,1724.78,1,1,1,Lost / Hibernating
CUST-05782,212,2,855.37,1,1,1,Lost / Hibernating
CUST-05783,4,5,2561.91,5,3,2,Lost / Hibernating
CUST-05784,84,6,4813.15,2,4,4,Loyal Customer
CUST-05785,30,6,4588.86,4,4,4,Champion
CUST-05786,11,10,10477.94,5,5,5,Champion
CUST-05787,158,5,4394.81,1,3,3,Loyal Customer
CUST-05788,25,4,3926.6600000000003,4,2,3,New Potential
CUST-05789,251,1,283.43,1,1,1,Lost / Hibernating
CUST-05790,11,4,2762.59,5,2,2,New Potential
CUST-05791,70,5,4291.88,2,3,3,Loyal Customer
CUST-05792,199,5,4168.79,1,3,3,Loyal Customer
CUST-05793,37,5,2200.25,4,3,1,Lost / Hibernating
CUST-05794,17,8,8197.05,4,5,5,Champion
CUST-05795,30,7,3778.21,4,5,3,Champion
CUST-05796,31,10,10835.89,4,5,5,Champion
CUST-05797,116,4,1698.4,2,2,1,Lost / Hibernating
CUST-05798,170,3,2095.82,1,2,1,Lost / Hibernating
CUST-05799,36,4,3200.04,4,2,2,New Potential
CUST-05800,31,5,3185.24,4,3,2,Lost / Hibernating
CUST-05801,32,1,624.67,4,1,1,New Potential
CUST-05802,109,8,6111.53,2,5,5,Loyal Customer
CUST-05803,96,5,4499.47,2,3,3,Loyal Customer
CUST-05804,155,5,4427.48,1,3,3,Loyal Customer
CUST-05805,41,5,3621.94,3,3,3,Loyal Customer
CUST-05806,41,5,4625.49,3,3,4,Loyal Customer
CUST-05807,157,4,2364.7,1,2,2,Lost / Hibernating
CUST-05808,43,5,6808.76,3,3,5,Loyal Customer
CUST-05809,13,3,3015.1,5,2,2,New Potential
CUST-05810,94,4,3115.38,2,2,2,Lost / Hibernating
CUST-05811,166,4,5374.34,1,2,4,Lost / Hibernating
CUST-05812,114,5,2400.55,2,3,2,At Risk
CUST-05813,236,2,3799.51,1,1,3,Lost / Hibernating
CUST-05814,30,8,8275.94,4,5,5,Champion
CUST-05815,231,2,1166.14,1,1,1,Lost / Hibernating
CUST-05816,20,8,9045.9,4,5,5,Champion
CUST-05817,1,7,5838.33,5,5,4,Champion
CUST-05818,31,5,3879.36,4,3,3,Loyal Customer
CUST-05819,73,2,1461.3600000000001,2,1,1,Lost / Hibernating
CUST-05820,50,10,9339.36,3,5,5,Loyal Customer
CUST-05821,61,6,4108.450000000001,3,4,3,Loyal Customer
CUST-05822,53,5,4742.97,3,3,4,Loyal Customer
CUST-05823,88,5,5983.63,2,3,4,Loyal Customer
CUST-05824,29,6,4461.8099999999995,4,4,3,Champion
CUST-05825,1,9,11137.88,5,5,5,Champion
CUST-05826,25,8,4788.09,4,5,4,Champion
CUST-05827,78,7,6858.0,2,5,5,Loyal Customer
CUST-05828,162,4,4790.700000000001,1,2,4,Lost / Hibernating
CUST-05829,25,7,5453.66,4,5,4,Champion
CUST-05830,11,5,3638.76,5,3,3,Loyal Customer
CUST-05831,101,5,2621.29,2,3,2,At Risk
CUST-05832,53,4,3946.75,3,2,3,Lost / Hibernating
CUST-05833,46,2,1046.01,3,1,1,Lost / Hibernating
CUST-05834,32,4,3228.66,4,2,2,New Potential
CUST-05835,2,3,1636.38,5,2,1,New Potential
CUST-05836,20,6,4625.84,4,4,4,Champion
CUST-05837,2,10,9267.54,5,5,5,Champion
CUST-05838,26,8,5022.73,4,5,4,Champion
CUST-05839,53,7,8240.619999999999,3,5,5,Loyal Customer
CUST-05840,36,6,4989.77,4,4,4,Champion
CUST-05841,7,6,4884.83,5,4,4,Champion
CUST-05842,66,2,2051.3,3,1,1,Lost / Hibernating
CUST-05843,120,6,3425.0,1,4,3,Loyal Customer
CUST-05844,34,2,2801.6899999999996,4,1,2,New Potential
CUST-05845,81,4,4310.65,2,2,3,Lost / Hibernating
CUST-05846,41,8,4954.34,3,5,4,Loyal Customer
CUST-05847,36,4,2314.55,4,2,2,New Potential
CUST-05848,14,7,5130.5599999999995,5,5,4,Champion
CUST-05849,84,2,3744.67,2,1,3,Lost / Hibernating
CUST-05850,40,4,1482.87,3,2,1,Lost / Hibernating
CUST-05851,290,1,513.33,1,1,1,Lost / Hibernating
CUST-05852,18,1,1125.8,4,1,1,New Potential
CUST-05853,65,2,2332.88,3,1,2,Lost / Hibernating
CUST-05854,32,2,739.9599999999999,4,1,1,New Potential
CUST-05855,15,5,4930.87,5,3,4,Loyal Customer
CUST-05856,26,8,6957.97,4,5,5,Champion
CUST-05857,66,11,10323.439999999999,3,5,5,Loyal Customer
CUST-05858,7,6,5970.48,5,4,4,Champion
CUST-05859,61,10,6874.57,3,5,5,Loyal Customer
CUST-05860,22,4,4395.98,4,2,3,New Potential
CUST-05861,149,4,6828.57,1,2,5,Lost / Hibernating
CUST-05862,18,10,9524.98,4,5,5,Champion
CUST-05863,38,4,2712.12,3,2,2,Lost / Hibernating
CUST-05864,44,5,4660.51,3,3,4,Loyal Customer
CUST-05865,147,5,3484.37,1,3,3,Loyal Customer
CUST-05866,196,3,2415.8,1,2,2,Lost / Hibernating
CUST-05867,110,6,5056.99,2,4,4,Loyal Customer
CUST-05868,22,6,6424.29,4,4,5,Champion
CUST-05869,176,3,3115.99,1,2,2,Lost / Hibernating
CUST-05870,102,6,4901.08,2,4,4,Loyal Customer
CUST-05871,4,7,4876.82,5,5,4,Champion
CUST-05872,152,5,5113.780000000001,1,3,4,Loyal Customer
CUST-05873,69,8,6502.92,2,5,5,Loyal Customer
CUST-05874,5,4,3065.58,5,2,2,New Potential
CUST-05875,22,5,5058.52,4,3,4,Loyal Customer
CUST-05876,144,5,4684.71,1,3,4,Loyal Customer
CUST-05877,135,6,3578.91,1,4,3,Loyal Customer
CUST-05878,43,4,3187.27,3,2,2,Lost / Hibernating
CUST-05879,32,6,4621.65,4,4,4,Champion
CUST-05880,93,3,914.5899999999999,2,2,1,Lost / Hibernating
CUST-05881,26,5,4030.74,4,3,3,Loyal Customer
CUST-05882,65,6,3946.71,3,4,3,Loyal Customer
CUST-05883,17,9,10295.289999999999,4,5,5,Champion
CUST-05884,20,5,2337.56,4,3,2,Lost / Hibernating
CUST-05885,144,5,5488.0599999999995,1,3,4,Loyal Customer
CUST-05886,21,5,3328.9,4,3,2,Lost / Hibernating
CUST-05887,6,8,6694.8,5,5,5,Champion
CUST-05888,39,4,4067.15,3,2,3,Lost / Hibernating
CUST-05889,227,4,3311.99,1,2,2,Lost / Hibernating
CUST-05890,48,6,2989.5,3,4,2,Lost / Hibernating
CUST-05891,11,4,4253.25,5,2,3,New Potential
CUST-05892,162,4,4514.76,1,2,3,Lost / Hibernating
CUST-05893,12,6,5595.650000000001,5,4,4,Champion
CUST-05894,112,5,3883.8100000000004,2,3,3,Loyal Customer
CUST-05895,97,4,3582.52,2,2,3,Lost / Hibernating
CUST-05896,48,3,2227.77,3,2,1,Lost / Hibernating
CUST-05897,37,5,5259.95,4,3,4,Loyal Customer
CUST-05898,25,3,2446.6,4,2,2,New Potential
CUST-05899,18,5,1922.74,4,3,1,Lost / Hibernating
CUST-05900,15,5,3713.96,5,3,3,Loyal Customer
CUST-05901,9,3,3220.67,5,2,2,New Potential
CUST-05902,53,5,4955.53,3,3,4,Loyal Customer
CUST-05903,70,1,658.79,2,1,1,Lost / Hibernating
CUST-05904,45,5,5335.98,3,3,4,Loyal Customer
CUST-05905,64,7,7814.97,3,5,5,Loyal Customer
CUST-05906,8,8,4955.29,5,5,4,Champion
CUST-05908,12,7,8058.33,5,5,5,Champion
CUST-05909,29,5,3032.69,4,3,2,Lost / Hibernating
CUST-05910,215,5,4784.88,1,3,4,Loyal Customer
CUST-05911,7,7,5622.98,5,5,4,Champion
CUST-05912,63,8,6742.73,3,5,5,Loyal Customer
CUST-05913,7,4,1901.6,5,2,1,New Potential
CUST-05914,24,6,4124.12,4,4,3,Champion
CUST-05915,10,8,8597.09,5,5,5,Champion
CUST-05916,56,6,6893.1,3,4,5,Loyal Customer
CUST-05917,17,8,6285.96,4,5,5,Champion
CUST-05918,45,3,1467.99,3,2,1,Lost / Hibernating
CUST-05919,113,10,9382.02,2,5,5,Loyal Customer
CUST-05920,77,7,6389.5599999999995,2,5,5,Loyal Customer
CUST-05921,23,5,2156.85,4,3,1,Lost / Hibernating
CUST-05922,124,2,1915.0,1,1,1,Lost / Hibernating
CUST-05923,27,8,11353.67,4,5,5,Champion
CUST-05924,82,6,6056.11,2,4,4,Loyal Customer
CUST-05925,10,7,6775.42,5,5,5,Champion
CUST-05926,45,8,8084.08,3,5,5,Loyal Customer
CUST-05927,36,4,2928.52,4,2,2,New Potential
CUST-05928,1,4,2909.11,5,2,2,New Potential
CUST-05929,53,6,5582.4400000000005,3,4,4,Loyal Customer
CUST-05930,172,4,3068.58,1,2,2,Lost / Hibernating
CUST-05931,71,9,5303.1,2,5,4,Loyal Customer
CUST-05932,56,4,3355.08,3,2,2,Lost / Hibernating
CUST-05933,37,4,6257.139999999999,4,2,5,New Potential
CUST-05934,15,6,3559.38,5,4,3,Champion
CUST-05935,64,4,3682.1600000000003,3,2,3,Lost / Hibernating
CUST-05936,122,3,1351.58,1,2,1,Lost / Hibernating
CUST-05937,168,4,4132.48,1,2,3,Lost / Hibernating
CUST-05938,28,7,4276.85,4,5,3,Champion
CUST-05939,40,5,4228.469999999999,3,3,3,Loyal Customer
CUST-05940,31,6,6024.03,4,4,4,Champion
CUST-05941,72,8,8778.42,2,5,5,Loyal Customer
CUST-05942,90,3,2971.9700000000003,2,2,2,Lost / Hibernating
CUST-05943,4,5,7216.52,5,3,5,Loyal Customer
CUST-05944,118,1,1156.58,1,1,1,Lost / Hibernating
CUST-05945,71,4,3176.3599999999997,2,2,2,Lost / Hibernating
CUST-05946,51,12,10023.42,3,5,5,Loyal Customer
CUST-05947,319,3,3485.46,1,2,3,Lost / Hibernating
CUST-05948,6,6,4092.73,5,4,3,Champion
CUST-05949,41,10,6905.52,3,5,5,Loyal Customer
CUST-05950,202,5,5257.59,1,3,4,Loyal Customer
CUST-05951,96,5,5511.15,2,3,4,Loyal Customer
CUST-05952,10,5,3685.23,5,3,3,Loyal Customer
CUST-05953,100,4,4482.92,2,2,3,Lost / Hibernating
CUST-05954,5,7,5176.77,5,5,4,Champion
CUST-05955,139,4,2906.99,1,2,2,Lost / Hibernating
CUST-05956,64,4,5083.16,3,2,4,Lost / Hibernating
CUST-05957,157,2,672.09,1,1,1,Lost / Hibernating
CUST-05958,27,5,4975.88,4,3,4,Loyal Customer
CUST-05959,81,5,4458.4400000000005,2,3,3,Loyal Customer
CUST-05960,34,8,6128.28,4,5,5,Champion
CUST-05961,34,7,6572.99,4,5,5,Champion
CUST-05962,64,4,3338.7200000000003,3,2,2,Lost / Hibernating
CUST-05963,33,6,5739.8099999999995,4,4,4,Champion
CUST-05964,26,2,1705.37,4,1,1,New Potential
CUST-05965,16,6,6192.74,5,4,5,Champion
CUST-05966,222,3,2224.79,1,2,1,Lost / Hibernating
CUST-05967,4,3,2562.63,5,2,2,New Potential
CUST-05968,1,7,6566.13,5,5,5,Champion
CUST-05969,34,3,2618.12,4,2,2,New Potential
CUST-05970,23,5,2004.08,4,3,1,Lost / Hibernating
CUST-05971,27,8,6473.610000000001,4,5,5,Champion
CUST-05972,31,4,3987.46,4,2,3,New Potential
CUST-05973,32,3,2880.23,4,2,2,New Potential
CUST-05974,41,6,6223.0,3,4,5,Loyal Customer
CUST-05975,153,3,3641.35,1,2,3,Lost / Hibernating
CUST-05976,55,6,5071.18,3,4,4,Loyal Customer
CUST-05977,215,5,1862.81,1,3,1,At Risk
CUST-05978,24,10,8982.35,4,5,5,Champion
CUST-05979,111,5,5626.0,2,3,4,Loyal Customer
CUST-05980,22,3,2778.93,4,2,2,New Potential
CUST-05981,9,5,5110.48,5,3,4,Loyal Customer
CUST-05982,57,5,5805.48,3,3,4,Loyal Customer
CUST-05983,67,4,4086.4900000000002,2,2,3,Lost / Hibernating
CUST-05984,19,7,5971.96,4,5,4,Champion
CUST-05985,10,4,2970.73,5,2,2,New Potential
CUST-05986,144,4,2511.73,1,2,2,Lost / Hibernating
CUST-05987,175,2,2106.18,1,1,1,Lost / Hibernating
CUST-05988,56,6,5776.18,3,4,4,Loyal Customer
CUST-05989,13,4,4861.139999999999,5,2,4,New Potential
CUST-05990,187,4,1834.73,1,2,1,Lost / Hibernating
CUST-05991,27,6,8221.26,4,4,5,Champion
CUST-05992,20,6,5024.83,4,4,4,Champion
CUST-05993,29,6,3484.39,4,4,3,Champion
CUST-05994,22,7,4219.47,4,5,3,Champion
CUST-05995,69,2,1129.88,2,1,1,Lost / Hibernating
CUST-05997,31,5,5319.25,4,3,4,Loyal Customer
CUST-05998,6,9,8469.96,5,5,5,Champion
CUST-05999,47,8,3868.78,3,5,3,Loyal Customer
CUST-06000,47,4,1928.56,3,2,1,Lost / Hibernating
CUST-06001,47,3,3873.31,3,2,3,Lost / Hibernating
CUST-06002,44,9,9594.41,3,5,5,Loyal Customer
CUST-06003,22,3,1737.15,4,2,1,New Potential
CUST-06004,69,3,2844.49,2,2,2,Lost / Hibernating
CUST-06005,10,5,4158.72,5,3,3,Loyal Customer
CUST-06006,73,3,2811.67,2,2,2,Lost / Hibernating
CUST-06007,128,4,2101.04,1,2,1,Lost / Hibernating
CUST-06008,13,4,4826.84,5,2,4,New Potential
CUST-06009,79,6,4595.69,2,4,4,Loyal Customer
CUST-06010,246,3,2054.9,1,2,1,Lost / Hibernating
CUST-06011,13,4,1865.8000000000002,5,2,1,New Potential
CUST-06012,7,8,7082.0199999999995,5,5,5,Champion
CUST-06013,39,9,9197.77,3,5,5,Loyal Customer
CUST-06014,23,8,8053.2300000000005,4,5,5,Champion
CUST-06015,84,6,4709.92,2,4,4,Loyal Customer
CUST-06016,212,2,3211.74,1,1,2,Lost / Hibernating
CUST-06017,9,7,4321.65,5,5,3,Champion
CUST-06018,13,10,9687.539999999999,5,5,5,Champion
CUST-06019,21,8,7287.02,4,5,5,Champion
CUST-06020,114,4,4556.92,2,2,3,Lost / Hibernating
CUST-06021,185,4,5304.53,1,2,4,Lost / Hibernating
CUST-06022,80,5,5258.64,2,3,4,Loyal Customer
CUST-06023,11,4,3722.59,5,2,3,New Potential
CUST-06024,10,4,2522.7400000000002,5,2,2,New Potential
CUST-06025,15,8,7408.85,5,5,5,Champion
CUST-06026,4,4,4698.57,5,2,4,New Potential
CUST-06027,29,4,2707.3,4,2,2,New Potential
CUST-06028,1,6,3778.36,5,4,3,Champion
CUST-06029,188,3,2349.9900000000002,1,2,2,Lost / Hibernating
CUST-06030,91,5,4393.25,2,3,3,Loyal Customer
CUST-06031,45,6,5490.02,3,4,4,Loyal Customer
CUST-06032,288,4,1822.5500000000002,1,2,1,Lost / Hibernating
CUST-06033,10,8,4534.09,5,5,3,Champion
CUST-06034,16,7,4372.54,5,5,3,Champion
CUST-06035,68,9,7781.360000000001,2,5,5,Loyal Customer
CUST-06036,20,4,3755.49,4,2,3,New Potential
CUST-06037,75,5,6299.85,2,3,5,Loyal Customer
CUST-06038,156,7,9006.39,1,5,5,Loyal Customer
CUST-06039,56,5,3611.45,3,3,3,Loyal Customer
CUST-06040,91,8,6885.99,2,5,5,Loyal Customer
CUST-06041,42,8,3129.26,3,5,2,Lost / Hibernating
CUST-06042,52,6,4523.07,3,4,3,Loyal Customer
CUST-06043,103,5,4311.1900000000005,2,3,3,Loyal Customer
CUST-06044,3,3,2759.39,5,2,2,New Potential
CUST-06045,33,4,2448.45,4,2,2,New Potential
CUST-06046,36,6,6363.870000000001,4,4,5,Champion
CUST-06047,8,7,4855.57,5,5,4,Champion
CUST-06048,104,7,9285.92,2,5,5,Loyal Customer
CUST-06049,138,4,3558.9399999999996,1,2,3,Lost / Hibernating
CUST-06050,81,3,1698.06,2,2,1,Lost / Hibernating
CUST-06051,143,4,4169.48,1,2,3,Lost / Hibernating
CUST-06052,122,2,2816.37,1,1,2,Lost / Hibernating
CUST-06053,124,3,2936.63,1,2,2,Lost / Hibernating
CUST-06054,89,4,1732.1299999999999,2,2,1,Lost / Hibernating
CUST-06055,112,4,4573.7,2,2,3,Lost / Hibernating
CUST-06056,14,4,4649.48,5,2,4,New Potential
CUST-06057,39,4,4012.71,3,2,3,Lost / Hibernating
CUST-06058,28,6,5587.59,4,4,4,Champion
CUST-06059,35,6,4888.75,4,4,4,Champion
CUST-06060,109,5,4756.28,2,3,4,Loyal Customer
CUST-06061,18,5,2894.29,4,3,2,Lost / Hibernating
CUST-06062,13,4,1665.79,5,2,1,New Potential
CUST-06063,135,5,7214.33,1,3,5,Loyal Customer
CUST-06064,64,8,5967.11,3,5,4,Loyal Customer
CUST-06065,89,3,3321.75,2,2,2,Lost / Hibernating
CUST-06066,105,3,3830.6600000000003,2,2,3,Lost / Hibernating
CUST-06067,26,5,4221.4,4,3,3,Loyal Customer
CUST-06068,183,2,1237.9299999999998,1,1,1,Lost / Hibernating
CUST-06069,180,2,470.57000000000005,1,1,1,Lost / Hibernating
CUST-06070,1,8,6184.41,5,5,5,Champion
CUST-06071,8,8,8890.869999999999,5,5,5,Champion
CUST-06072,126,7,6341.35,1,5,5,Loyal Customer
CUST-06073,116,7,6633.98,2,5,5,Loyal Customer
CUST-06074,9,5,5135.06,5,3,4,Loyal Customer
CUST-06075,81,8,5018.469999999999,2,5,4,Loyal Customer
CUST-06076,8,6,6858.54,5,4,5,Champion
CUST-06077,59,4,3339.76,3,2,2,Lost / Hibernating
CUST-06078,223,2,3063.3199999999997,1,1,2,Lost / Hibernating
CUST-06079,52,3,2066.26,3,2,1,Lost / Hibernating
CUST-06080,196,4,3132.8599999999997,1,2,2,Lost / Hibernating
CUST-06081,256,4,4556.030000000001,1,2,3,Lost / Hibernating
CUST-06082,37,4,2925.91,4,2,2,New Potential
CUST-06083,27,5,5415.25,4,3,4,Loyal Customer
CUST-06084,191,3,2862.64,1,2,2,Lost / Hibernating
CUST-06085,71,7,8509.61,2,5,5,Loyal Customer
CUST-06086,2,7,6748.84,5,5,5,Champion
CUST-06087,195,5,4769.49,1,3,4,Loyal Customer
CUST-06088,14,7,6925.38,5,5,5,Champion
CUST-06089,3,5,3069.99,5,3,2,Lost / Hibernating
CUST-06090,4,7,6725.77,5,5,5,Champion
CUST-06091,9,3,2637.73,5,2,2,New Potential
CUST-06092,58,4,4093.4700000000003,3,2,3,Lost / Hibernating
CUST-06093,28,3,2868.16,4,2,2,New Potential
CUST-06094,33,3,1203.08,4,2,1,New Potential
CUST-06095,11,8,6972.89,5,5,5,Champion
CUST-06096,147,6,4566.75,1,4,3,Loyal Customer
CUST-06097,148,5,5237.02,1,3,4,Loyal Customer
CUST-06098,30,8,7041.4800000000005,4,5,5,Champion
CUST-06099,18,6,3213.12,4,4,2,Champion
CUST-06100,20,6,3457.21,4,4,3,Champion
CUST-06101,31,1,1671.13,4,1,1,New Potential
CUST-06102,344,1,538.04,1,1,1,Lost / Hibernating
CUST-06103,154,3,1225.99,1,2,1,Lost / Hibernating
CUST-06104,50,6,3855.31,3,4,3,Loyal Customer
CUST-06105,10,5,3746.2000000000003,5,3,3,Loyal Customer
CUST-06106,71,3,2966.87,2,2,2,Lost / Hibernating
CUST-06107,120,3,1505.77,1,2,1,Lost / Hibernating
CUST-06108,192,2,977.19,1,1,1,Lost / Hibernating
CUST-06109,23,6,7204.360000000001,4,4,5,Champion
CUST-06110,12,5,4391.71,5,3,3,Loyal Customer
CUST-06111,24,5,4988.5599999999995,4,3,4,Loyal Customer
CUST-06112,45,6,4190.61,3,4,3,Loyal Customer
CUST-06113,359,2,545.3399999999999,1,1,1,Lost / Hibernating
CUST-06114,51,4,2997.17,3,2,2,Lost / Hibernating
CUST-06115,43,6,8563.02,3,4,5,Loyal Customer
CUST-06116,13,6,4732.83,5,4,4,Champion
CUST-06117,57,3,2271.08,3,2,1,Lost / Hibernating
CUST-06118,248,2,1869.3899999999999,1,1,1,Lost / Hibernating
CUST-06119,33,9,8870.9,4,5,5,Champion
CUST-06120,95,1,902.85,2,1,1,Lost / Hibernating
CUST-06121,72,6,5250.42,2,4,4,Loyal Customer
CUST-06122,66,5,5224.47,3,3,4,Loyal Customer
CUST-06123,55,6,5096.31,3,4,4,Loyal Customer
CUST-06124,4,7,5209.7300000000005,5,5,4,Champion
CUST-06125,51,9,6258.54,3,5,5,Loyal Customer
CUST-06126,55,9,5267.59,3,5,4,Loyal Customer
CUST-06127,38,6,5441.58,3,4,4,Loyal Customer
CUST-06128,72,6,3418.67,2,4,3,Loyal Customer
CUST-06129,36,4,4268.46,4,2,3,New Potential
CUST-06130,57,5,3682.3599999999997,3,3,3,Loyal Customer
CUST-06131,4,8,7620.78,5,5,5,Champion
CUST-06132,53,5,4551.22,3,3,3,Loyal Customer
CUST-06133,31,6,5387.57,4,4,4,Champion
CUST-06134,110,5,3138.1,2,3,2,At Risk
CUST-06135,16,6,5317.150000000001,5,4,4,Champion
CUST-06136,9,3,4919.88,5,2,4,New Potential
CUST-06137,265,1,675.84,1,1,1,Lost / Hibernating
CUST-06138,132,4,1683.24,1,2,1,Lost / Hibernating
CUST-06139,42,4,2921.17,3,2,2,Lost / Hibernating
CUST-06140,151,3,1572.82,1,2,1,Lost / Hibernating
CUST-06141,25,3,3966.43,4,2,3,New Potential
CUST-06142,40,4,3347.43,3,2,2,Lost / Hibernating
CUST-06143,132,3,6563.28,1,2,5,Lost / Hibernating
CUST-06144,136,5,5580.219999999999,1,3,4,Loyal Customer
CUST-06145,52,2,1059.05,3,1,1,Lost / Hibernating
CUST-06146,224,3,2217.4,1,2,1,Lost / Hibernating
CUST-06147,32,8,7017.86,4,5,5,Champion
CUST-06148,6,6,6561.9400000000005,5,4,5,Champion
CUST-06149,73,4,4805.26,2,2,4,Lost / Hibernating
CUST-06150,74,6,6080.89,2,4,4,Loyal Customer
CUST-06151,14,4,3109.3199999999997,5,2,2,New Potential
CUST-06152,112,3,2926.51,2,2,2,Lost / Hibernating
CUST-06153,127,4,3955.8900000000003,1,2,3,Lost / Hibernating
CUST-06154,2,3,3015.52,5,2,2,New Potential
CUST-06155,17,6,5698.83,4,4,4,Champion
CUST-06156,5,15,17393.0,5,5,5,Champion
CUST-06157,68,5,4671.56,2,3,4,Loyal Customer
CUST-06158,39,2,1254.45,3,1,1,Lost / Hibernating
CUST-06159,44,2,1285.48,3,1,1,Lost / Hibernating
CUST-06160,262,2,1754.56,1,1,1,Lost / Hibernating
CUST-06161,21,4,3986.2,4,2,3,New Potential
CUST-06162,31,6,5366.94,4,4,4,Champion
CUST-06163,71,7,4819.58,2,5,4,Loyal Customer
CUST-06164,134,3,1940.96,1,2,1,Lost / Hibernating
CUST-06165,121,4,5399.84,1,2,4,Lost / Hibernating
CUST-06166,3,10,7161.31,5,5,5,Champion
CUST-06167,4,4,3111.56,5,2,2,New Potential
CUST-06168,21,8,5321.0599999999995,4,5,4,Champion
CUST-06169,40,6,4173.85,3,4,3,Loyal Customer
CUST-06170,104,3,2450.08,2,2,2,Lost / Hibernating
CUST-06171,153,3,3292.2000000000003,1,2,2,Lost / Hibernating
CUST-06172,4,5,2507.49,5,3,2,Lost / Hibernating
CUST-06173,32,4,3634.4500000000003,4,2,3,New Potential
CUST-06174,34,2,1689.5,4,1,1,New Potential
CUST-06175,11,5,5538.41,5,3,4,Loyal Customer
CUST-06176,114,4,6557.05,2,2,5,Lost / Hibernating
CUST-06177,60,3,1399.78,3,2,1,Lost / Hibernating
CUST-06178,14,5,4526.57,5,3,3,Loyal Customer
CUST-06179,13,6,5955.45,5,4,4,Champion
CUST-06180,116,4,4873.1,2,2,4,Lost / Hibernating
CUST-06181,20,4,3724.06,4,2,3,New Potential
CUST-06182,21,7,5815.34,4,5,4,Champion
CUST-06183,8,9,9429.79,5,5,5,Champion
CUST-06184,9,5,5079.54,5,3,4,Loyal Customer
CUST-06185,33,7,4046.69,4,5,3,Champion
CUST-06186,51,5,2460.46,3,3,2,Lost / Hibernating
CUST-06187,113,4,5195.5199999999995,2,2,4,Lost / Hibernating
CUST-06188,19,3,4379.59,4,2,3,New Potential
CUST-06189,111,4,2629.53,2,2,2,Lost / Hibernating
CUST-06190,3,6,8950.84,5,4,5,Champion
CUST-06191,96,3,2629.32,2,2,2,Lost / Hibernating
CUST-06192,12,7,5763.38,5,5,4,Champion
CUST-06193,46,4,4003.87,3,2,3,Lost / Hibernating
CUST-06194,4,3,1463.47,5,2,1,New Potential
CUST-06195,117,5,2815.73,2,3,2,At Risk
CUST-06196,64,6,5294.63,3,4,4,Loyal Customer
CUST-06197,81,8,6570.88,2,5,5,Loyal Customer
CUST-06198,24,6,4703.72,4,4,4,Champion
CUST-06199,128,7,2362.09,1,5,2,At Risk
CUST-06200,12,7,10483.619999999999,5,5,5,Champion
CUST-06201,1,5,3752.62,5,3,3,Loyal Customer
CUST-06202,8,5,6626.25,5,3,5,Loyal Customer
CUST-06203,14,6,6179.09,5,4,5,Champion
CUST-06204,32,3,4680.469999999999,4,2,4,New Potential
CUST-06205,123,4,2456.0,1,2,2,Lost / Hibernating
CUST-06206,52,3,1469.69,3,2,1,Lost / Hibernating
CUST-06207,20,4,2835.93,4,2,2,New Potential
CUST-06208,94,2,2452.8199999999997,2,1,2,Lost / Hibernating
CUST-06209,91,4,1530.82,2,2,1,Lost / Hibernating
CUST-06210,193,6,5862.25,1,4,4,Loyal Customer
CUST-06211,5,7,9032.41,5,5,5,Champion
CUST-06212,4,2,1171.8200000000002,5,1,1,New Potential
CUST-06213,24,6,3287.15,4,4,2,Champion
CUST-06214,24,5,4450.85,4,3,3,Loyal Customer
CUST-06215,113,8,4962.29,2,5,4,Loyal Customer
CUST-06216,45,3,3584.6499999999996,3,2,3,Lost / Hibernating
CUST-06217,326,2,1063.8200000000002,1,1,1,Lost / Hibernating
CUST-06218,50,5,6773.69,3,3,5,Loyal Customer
CUST-06219,1,4,2286.61,5,2,2,New Potential
CUST-06220,34,7,6236.16,4,5,5,Champion
CUST-06221,20,6,2782.96,4,4,2,Champion
CUST-06222,20,3,2817.74,4,2,2,New Potential
CUST-06223,18,6,5711.59,4,4,4,Champion
CUST-06224,35,3,2109.16,4,2,1,New Potential
CUST-06225,8,6,4094.52,5,4,3,Champion
CUST-06226,43,11,10835.52,3,5,5,Loyal Customer
CUST-06227,71,4,1272.01,2,2,1,Lost / Hibernating
CUST-06228,75,1,972.7,2,1,1,Lost / Hibernating
CUST-06229,6,3,2828.7999999999997,5,2,2,New Potential
CUST-06230,60,6,5562.17,3,4,4,Loyal Customer
CUST-06231,126,2,1144.39,1,1,1,Lost / Hibernating
CUST-06232,14,5,6022.83,5,3,4,Loyal Customer
CUST-06233,27,7,5567.32,4,5,4,Champion
CUST-06234,75,6,6073.51,2,4,4,Loyal Customer
CUST-06235,28,6,5307.07,4,4,4,Champion
CUST-06236,65,4,3441.63,3,2,3,Lost / Hibernating
CUST-06237,74,5,4667.92,2,3,4,Loyal Customer
CUST-06238,2,3,3086.7799999999997,5,2,2,New Potential
CUST-06239,151,5,6417.6,1,3,5,Loyal Customer
CUST-06240,45,3,3978.0099999999993,3,2,3,Lost / Hibernating
CUST-06241,26,4,2768.02,4,2,2,New Potential
CUST-06242,94,3,3394.63,2,2,2,Lost / Hibernating
CUST-06243,3,7,4250.61,5,5,3,Champion
CUST-06244,29,7,4389.01,4,5,3,Champion
CUST-06245,26,9,6730.01,4,5,5,Champion
CUST-06246,35,6,6356.7699999999995,4,4,5,Champion
CUST-06247,125,2,1042.42,1,1,1,Lost / Hibernating
CUST-06248,37,8,8296.75,4,5,5,Champion
CUST-06249,161,3,3713.9100000000003,1,2,3,Lost / Hibernating
CUST-06250,221,2,2963.35,1,1,2,Lost / Hibernating
CUST-06251,128,5,5622.65,1,3,4,Loyal Customer
CUST-06252,99,4,2569.71,2,2,2,Lost / Hibernating
CUST-06253,7,6,6067.54,5,4,4,Champion
CUST-06254,12,7,4745.02,5,5,4,Champion
CUST-06255,2,9,3775.13,5,5,3,Champion
CUST-06256,178,2,1465.94,1,1,1,Lost / Hibernating
CUST-06257,44,7,4291.18,3,5,3,Loyal Customer
CUST-06258,86,4,2028.93,2,2,1,Lost / Hibernating
CUST-06259,95,4,1946.69,2,2,1,Lost / Hibernating
CUST-06260,19,8,6051.98,4,5,4,Champion
CUST-06261,65,7,4441.13,3,5,3,Loyal Customer
CUST-06262,43,5,3173.8900000000003,3,3,2,Lost / Hibernating
CUST-06263,39,4,1967.1200000000001,3,2,1,Lost / Hibernating
CUST-06264,330,1,1234.38,1,1,1,Lost / Hibernating
CUST-06265,147,8,6915.110000000001,1,5,5,Loyal Customer
CUST-06266,163,4,4992.9400000000005,1,2,4,Lost / Hibernating
CUST-06267,127,2,336.65999999999997,1,1,1,Lost / Hibernating
CUST-06268,10,7,3718.96,5,5,3,Champion
CUST-06269,109,7,4564.51,2,5,3,Loyal Customer
CUST-06270,2,6,7865.82,5,4,5,Champion
CUST-06271,7,9,8028.950000000001,5,5,5,Champion
CUST-06272,10,6,5368.45,5,4,4,Champion
CUST-06273,71,8,7700.62,2,5,5,Loyal Customer
CUST-06274,27,3,2955.24,4,2,2,New Potential
CUST-06275,23,7,7091.23,4,5,5,Champion
CUST-06276,12,8,5897.969999999999,5,5,4,Champion
CUST-06277,203,3,2538.34,1,2,2,Lost / Hibernating
CUST-06278,279,2,2156.45,1,1,1,Lost / Hibernating
CUST-06279,90,8,5756.280000000001,2,5,4,Loyal Customer
CUST-06280,42,2,1704.31,3,1,1,Lost / Hibernating
CUST-06281,59,2,2899.7200000000003,3,1,2,Lost / Hibernating
CUST-06282,81,10,5534.76,2,5,4,Loyal Customer
CUST-06283,57,7,3482.88,3,5,3,Loyal Customer
CUST-06284,9,5,4172.87,5,3,3,Loyal Customer
CUST-06285,102,6,4962.12,2,4,4,Loyal Customer
CUST-06286,50,7,4645.1900000000005,3,5,4,Loyal Customer
CUST-06287,8,5,2879.28,5,3,2,Lost / Hibernating
CUST-06288,9,10,8394.19,5,5,5,Champion
CUST-06289,2,3,3612.31,5,2,3,New Potential
CUST-06290,119,5,5660.03,1,3,4,Loyal Customer
CUST-06291,14,3,3377.81,5,2,2,New Potential
CUST-06292,19,8,7634.83,4,5,5,Champion
CUST-06293,12,6,4780.38,5,4,4,Champion
CUST-06294,234,1,428.0,1,1,1,Lost / Hibernating
CUST-06295,33,5,2189.64,4,3,1,Lost / Hibernating
CUST-06296,29,9,9388.68,4,5,5,Champion
CUST-06297,85,9,6396.9800000000005,2,5,5,Loyal Customer
CUST-06298,121,4,4446.3099999999995,1,2,3,Lost / Hibernating
CUST-06299,31,9,9329.67,4,5,5,Champion
CUST-06300,78,6,5033.45,2,4,4,Loyal Customer
CUST-06301,22,6,6607.56,4,4,5,Champion
CUST-06302,111,3,1911.19,2,2,1,Lost / Hibernating
CUST-06303,165,2,792.22,1,1,1,Lost / Hibernating
CUST-06304,109,9,5945.43,2,5,4,Loyal Customer
CUST-06305,60,7,6317.79,3,5,5,Loyal Customer
CUST-06306,65,6,5314.08,3,4,4,Loyal Customer
CUST-06307,34,5,3283.6,4,3,2,Lost / Hibernating
CUST-06308,9,5,4639.58,5,3,4,Loyal Customer
CUST-06309,128,2,948.35,1,1,1,Lost / Hibernating
CUST-06311,57,3,3322.26,3,2,2,Lost / Hibernating
CUST-06312,28,5,4486.69,4,3,3,Loyal Customer
CUST-06313,16,9,5415.6,5,5,4,Champion
CUST-06314,36,5,4868.33,4,3,4,Loyal Customer
CUST-06315,17,3,1576.57,4,2,1,New Potential
CUST-06316,212,4,2599.39,1,2,2,Lost / Hibernating
CUST-06317,316,3,1257.97,1,2,1,Lost / Hibernating
CUST-06318,13,7,8141.14,5,5,5,Champion
CUST-06319,130,4,4407.71,1,2,3,Lost / Hibernating
CUST-06320,34,4,3210.9,4,2,2,New Potential
CUST-06321,11,6,4693.860000000001,5,4,4,Champion
CUST-06322,65,4,3598.37,3,2,3,Lost / Hibernating
CUST-06323,31,3,3757.91,4,2,3,New Potential
CUST-06324,9,7,5053.1900000000005,5,5,4,Champion
CUST-06325,36,6,7284.27,4,4,5,Champion
CUST-06326,79,4,6160.3,2,2,5,Lost / Hibernating
CUST-06327,8,6,4583.62,5,4,4,Champion
CUST-06328,35,5,1977.56,4,3,1,Lost / Hibernating
CUST-06329,45,2,1434.4,3,1,1,Lost / Hibernating
CUST-06330,25,9,6952.6,4,5,5,Champion
CUST-06331,2,6,4949.59,5,4,4,Champion
CUST-06332,41,3,3493.4,3,2,3,Lost / Hibernating
CUST-06333,350,1,411.82,1,1,1,Lost / Hibernating
CUST-06334,121,4,1690.0,1,2,1,Lost / Hibernating
CUST-06335,54,7,6135.44,3,5,5,Loyal Customer
CUST-06336,6,4,3254.48,5,2,2,New Potential
CUST-06337,37,6,5334.96,4,4,4,Champion
CUST-06338,23,3,2037.17,4,2,1,New Potential
CUST-06339,26,7,6745.55,4,5,5,Champion
CUST-06340,84,6,4762.610000000001,2,4,4,Loyal Customer
CUST-06341,85,5,3872.94,2,3,3,Loyal Customer
CUST-06342,263,4,2489.55,1,2,2,Lost / Hibernating
CUST-06343,6,7,6061.51,5,5,4,Champion
CUST-06344,37,4,2923.12,4,2,2,New Potential
CUST-06345,102,7,5508.26,2,5,4,Loyal Customer
CUST-06346,181,3,2360.69,1,2,2,Lost / Hibernating
CUST-06347,42,8,5043.25,3,5,4,Loyal Customer
CUST-06348,50,4,3957.31,3,2,3,Lost / Hibernating
CUST-06349,1,6,2736.34,5,4,2,Champion
CUST-06350,40,3,2739.67,3,2,2,Lost / Hibernating
CUST-06351,35,6,5918.9800000000005,4,4,4,Champion
CUST-06352,84,3,5957.08,2,2,4,Lost / Hibernating
CUST-06353,37,6,3697.5699999999997,4,4,3,Champion
CUST-06354,64,4,2817.77,3,2,2,Lost / Hibernating
CUST-06355,175,2,1638.96,1,1,1,Lost / Hibernating
CUST-06356,181,3,3341.7,1,2,2,Lost / Hibernating
CUST-06357,180,5,2834.61,1,3,2,At Risk
CUST-06358,93,6,5081.15,2,4,4,Loyal Customer
CUST-06359,22,8,7083.84,4,5,5,Champion
CUST-06360,10,5,5296.67,5,3,4,Loyal Customer
CUST-06361,48,6,3352.22,3,4,2,Lost / Hibernating
CUST-06362,13,4,3371.22,5,2,2,New Potential
CUST-06363,46,6,5908.87,3,4,4,Loyal Customer
CUST-06364,13,8,8118.63,5,5,5,Champion
CUST-06365,31,7,4315.12,4,5,3,Champion
CUST-06366,147,7,6803.530000000001,1,5,5,Loyal Customer
CUST-06367,23,8,8426.42,4,5,5,Champion
CUST-06368,96,2,533.73,2,1,1,Lost / Hibernating
CUST-06369,51,3,2453.8599999999997,3,2,2,Lost / Hibernating
CUST-06370,230,4,3894.96,1,2,3,Lost / Hibernating
CUST-06371,23,6,6135.11,4,4,5,Champion
CUST-06372,13,7,5932.59,5,5,4,Champion
CUST-06373,363,1,1737.68,1,1,1,Lost / Hibernating
CUST-06374,30,3,2817.31,4,2,2,New Potential
CUST-06375,10,2,2044.33,5,1,1,New Potential
CUST-06376,5,7,5091.42,5,5,4,Champion
CUST-06377,32,5,3720.88,4,3,3,Loyal Customer
CUST-06378,32,8,8471.69,4,5,5,Champion
CUST-06379,54,5,2453.52,3,3,2,Lost / Hibernating
CUST-06380,17,5,4380.16,4,3,3,Loyal Customer
CUST-06381,17,4,1045.3600000000001,4,2,1,New Potential
CUST-06382,122,6,4762.07,1,4,4,Loyal Customer
CUST-06383,26,11,8887.21,4,5,5,Champion
CUST-06384,1,5,2954.52,5,3,2,Lost / Hibernating
CUST-06385,29,3,2177.26,4,2,1,New Potential
CUST-06386,93,3,1037.5,2,2,1,Lost / Hibernating
CUST-06387,6,6,5254.62,5,4,4,Champion
CUST-06388,27,6,5057.110000000001,4,4,4,Champion
CUST-06389,16,6,4000.98,5,4,3,Champion
CUST-06390,39,8,7552.01,3,5,5,Loyal Customer
CUST-06391,125,3,3308.35,1,2,2,Lost / Hibernating
CUST-06392,114,7,8470.24,2,5,5,Loyal Customer
CUST-06393,203,1,859.96,1,1,1,Lost / Hibernating
CUST-06394,17,3,4604.1,4,2,4,New Potential
CUST-06395,219,2,850.46,1,1,1,Lost / Hibernating
CUST-06396,49,5,4222.78,3,3,3,Loyal Customer
CUST-06397,54,3,2077.45,3,2,1,Lost / Hibernating
CUST-06398,29,6,6625.33,4,4,5,Champion
CUST-06399,66,4,2409.85,3,2,2,Lost / Hibernating
CUST-06400,6,2,1089.0,5,1,1,New Potential
CUST-06401,127,8,5261.49,1,5,4,Loyal Customer
CUST-06402,6,11,7729.52,5,5,5,Champion
CUST-06403,25,4,2164.37,4,2,1,New Potential
CUST-06404,245,2,514.35,1,1,1,Lost / Hibernating
CUST-06405,165,1,379.91,1,1,1,Lost / Hibernating
CUST-06406,226,3,3260.94,1,2,2,Lost / Hibernating
CUST-06407,119,5,6151.94,1,3,5,Loyal Customer
CUST-06408,192,2,810.65,1,1,1,Lost / Hibernating
CUST-06409,51,4,1554.97,3,2,1,Lost / Hibernating
CUST-06410,48,7,6630.830000000001,3,5,5,Loyal Customer
CUST-06411,102,3,2506.11,2,2,2,Lost / Hibernating
CUST-06413,129,5,2462.04,1,3,2,At Risk
CUST-06414,107,4,3390.11,2,2,2,Lost / Hibernating
CUST-06415,336,2,1886.7800000000002,1,1,1,Lost / Hibernating
CUST-06416,86,3,2720.62,2,2,2,Lost / Hibernating
CUST-06417,58,6,4753.65,3,4,4,Loyal Customer
CUST-06418,118,4,3044.46,1,2,2,Lost / Hibernating
CUST-06419,28,5,5114.09,4,3,4,Loyal Customer
CUST-06420,19,3,3488.21,4,2,3,New Potential
CUST-06421,5,5,2766.06,5,3,2,Lost / Hibernating
CUST-06422,70,6,5248.75,2,4,4,Loyal Customer
CUST-06423,62,4,1772.77,3,2,1,Lost / Hibernating
CUST-06424,23,5,2866.51,4,3,2,Lost / Hibernating
CUST-06425,2,7,8512.0,5,5,5,Champion
CUST-06426,8,9,6994.860000000001,5,5,5,Champion
CUST-06427,177,2,1539.2,1,1,1,Lost / Hibernating
CUST-06428,77,4,2866.3,2,2,2,Lost / Hibernating
CUST-06429,64,3,3399.45,3,2,2,Lost / Hibernating
CUST-06430,16,6,3210.98,5,4,2,Champion
CUST-06431,31,9,6938.93,4,5,5,Champion
CUST-06432,175,4,2361.83,1,2,2,Lost / Hibernating
CUST-06433,50,10,8926.25,3,5,5,Loyal Customer
CUST-06434,90,6,6376.860000000001,2,4,5,Loyal Customer
CUST-06435,163,7,5318.96,1,5,4,Loyal Customer
CUST-06436,22,4,4878.54,4,2,4,New Potential
CUST-06437,1,3,2007.01,5,2,1,New Potential
CUST-06438,52,2,1936.24,3,1,1,Lost / Hibernating
CUST-06439,50,4,1792.09,3,2,1,Lost / Hibernating
CUST-06440,8,5,3764.01,5,3,3,Loyal Customer
CUST-06441,211,3,3647.54,1,2,3,Lost / Hibernating
CUST-06442,69,6,3498.54,2,4,3,Loyal Customer
CUST-06443,41,2,2938.8199999999997,3,1,2,Lost / Hibernating
CUST-06444,14,3,2760.7,5,2,2,New Potential
CUST-06445,41,4,5699.05,3,2,4,Lost / Hibernating
CUST-06446,31,5,3555.2799999999997,4,3,3,Loyal Customer
CUST-06447,208,2,770.84,1,1,1,Lost / Hibernating
CUST-06448,224,2,2062.61,1,1,1,Lost / Hibernating
CUST-06449,4,6,3913.3900000000003,5,4,3,Champion
CUST-06450,130,4,3661.38,1,2,3,Lost / Hibernating
CUST-06451,96,3,1434.05,2,2,1,Lost / Hibernating
CUST-06452,13,7,3909.64,5,5,3,Champion
CUST-06453,27,5,6788.3099999999995,4,3,5,Loyal Customer
CUST-06454,91,4,2479.36,2,2,2,Lost / Hibernating
CUST-06455,23,1,573.98,4,1,1,New Potential
CUST-06456,2,4,2431.26,5,2,2,New Potential
CUST-06457,41,7,6482.630000000001,3,5,5,Loyal Customer
CUST-06458,43,8,6154.87,3,5,5,Loyal Customer
CUST-06459,20,2,1260.48,4,1,1,New Potential
CUST-06460,18,3,3087.51,4,2,2,New Potential
CUST-06461,37,5,3587.27,4,3,3,Loyal Customer
CUST-06462,12,4,1811.6100000000001,5,2,1,New Potential
CUST-06463,51,5,4146.68,3,3,3,Loyal Customer
CUST-06464,86,5,2537.06,2,3,2,At Risk
CUST-06465,95,4,1087.86,2,2,1,Lost / Hibernating
CUST-06466,174,1,460.73,1,1,1,Lost / Hibernating
CUST-06467,119,8,11036.44,1,5,5,Loyal Customer
CUST-06468,30,4,1976.74,4,2,1,New Potential
CUST-06469,39,3,5356.92,3,2,4,Lost / Hibernating
CUST-06470,46,6,4579.62,3,4,3,Loyal Customer
CUST-06471,81,2,2299.61,2,1,2,Lost / Hibernating
CUST-06472,41,4,3171.12,3,2,2,Lost / Hibernating
CUST-06473,3,8,8602.97,5,5,5,Champion
CUST-06474,203,2,1075.3,1,1,1,Lost / Hibernating
CUST-06475,338,1,1274.58,1,1,1,Lost / Hibernating
CUST-06476,25,8,7122.44,4,5,5,Champion
CUST-06477,91,3,2449.3900000000003,2,2,2,Lost / Hibernating
CUST-06478,61,6,5852.8,3,4,4,Loyal Customer
CUST-06479,130,5,3341.13,1,3,2,At Risk
CUST-06480,48,7,4476.5199999999995,3,5,3,Loyal Customer
CUST-06481,2,3,1464.04,5,2,1,New Potential
CUST-06482,6,10,7467.01,5,5,5,Champion
CUST-06483,79,3,2594.26,2,2,2,Lost / Hibernating
CUST-06484,58,6,6257.139999999999,3,4,5,Loyal Customer
CUST-06485,25,5,6827.650000000001,4,3,5,Loyal Customer
CUST-06486,58,4,2366.07,3,2,2,Lost / Hibernating
CUST-06487,12,6,2787.24,5,4,2,Champion
CUST-06488,98,3,4049.33,2,2,3,Lost / Hibernating
CUST-06489,1,4,2878.05,5,2,2,New Potential
CUST-06490,13,7,5436.2,5,5,4,Champion
CUST-06491,133,3,3931.49,1,2,3,Lost / Hibernating
CUST-06492,159,5,5445.52,1,3,4,Loyal Customer
CUST-06493,79,8,6908.32,2,5,5,Loyal Customer
CUST-06494,24,6,6428.5599999999995,4,4,5,Champion
CUST-06495,9,11,9713.12,5,5,5,Champion
CUST-06496,311,2,944.8399999999999,1,1,1,Lost / Hibernating
CUST-06497,65,2,3074.2200000000003,3,1,2,Lost / Hibernating
CUST-06498,2,8,6036.26,5,5,4,Champion
CUST-06499,158,2,904.76,1,1,1,Lost / Hibernating
CUST-06500,17,8,7903.110000000001,4,5,5,Champion
CUST-06501,32,9,11375.619999999999,4,5,5,Champion
CUST-06502,4,7,3525.33,5,5,3,Champion
CUST-06503,20,5,3381.6499999999996,4,3,2,Lost / Hibernating
CUST-06504,63,6,3154.54,3,4,2,Lost / Hibernating
CUST-06505,22,9,6059.429999999999,4,5,4,Champion
CUST-06506,181,4,1838.12,1,2,1,Lost / Hibernating
CUST-06507,7,6,5400.75,5,4,4,Champion
CUST-06508,29,7,6322.51,4,5,5,Champion
CUST-06509,27,9,6885.24,4,5,5,Champion
CUST-06510,27,5,4525.76,4,3,3,Loyal Customer
CUST-06511,100,7,8072.53,2,5,5,Loyal Customer
CUST-06512,207,1,178.24,1,1,1,Lost / Hibernating
CUST-06513,46,8,6340.7,3,5,5,Loyal Customer
CUST-06514,10,3,1872.2,5,2,1,New Potential
CUST-06515,159,6,5881.42,1,4,4,Loyal Customer
CUST-06516,181,5,2760.7799999999997,1,3,2,At Risk
CUST-06517,11,6,4706.1900000000005,5,4,4,Champion
CUST-06518,12,5,2691.46,5,3,2,Lost / Hibernating
CUST-06519,164,2,1564.4,1,1,1,Lost / Hibernating
CUST-06520,66,6,3997.97,3,4,3,Loyal Customer
CUST-06521,2,6,3691.55,5,4,3,Champion
CUST-06522,52,5,3710.4,3,3,3,Loyal Customer
CUST-06523,220,4,2213.7400000000002,1,2,1,Lost / Hibernating
CUST-06524,116,6,6100.42,2,4,5,Loyal Customer
CUST-06525,314,1,299.88,1,1,1,Lost / Hibernating
CUST-06526,40,4,4302.84,3,2,3,Lost / Hibernating
CUST-06527,26,14,13783.11,4,5,5,Champion
CUST-06528,22,7,5349.02,4,5,4,Champion
CUST-06529,55,3,1886.76,3,2,1,Lost / Hibernating
CUST-06530,29,5,3257.3399999999997,4,3,2,Lost / Hibernating
CUST-06531,53,6,6119.33,3,4,5,Loyal Customer
CUST-06532,139,2,1712.54,1,1,1,Lost / Hibernating
CUST-06533,15,4,3430.13,5,2,3,New Potential
CUST-06534,189,2,2757.67,1,1,2,Lost / Hibernating
CUST-06535,16,5,2610.75,5,3,2,Lost / Hibernating
CUST-06536,73,5,4135.86,2,3,3,Loyal Customer
CUST-06537,3,1,573.32,5,1,1,New Potential
CUST-06538,14,6,4238.5,5,4,3,Champion
CUST-06539,23,8,8382.09,4,5,5,Champion
CUST-06540,221,2,647.39,1,1,1,Lost / Hibernating
CUST-06541,17,4,2644.55,4,2,2,New Potential
CUST-06542,30,1,184.13,4,1,1,New Potential
CUST-06543,307,2,3254.8900000000003,1,1,2,Lost / Hibernating
CUST-06544,87,4,2928.89,2,2,2,Lost / Hibernating
CUST-06545,51,5,4065.83,3,3,3,Loyal Customer
CUST-06546,96,6,4821.87,2,4,4,Loyal Customer
CUST-06547,36,8,5686.8,4,5,4,Champion
CUST-06548,11,5,4474.76,5,3,3,Loyal Customer
CUST-06549,9,4,3315.0,5,2,2,New Potential
CUST-06550,118,5,4048.9,1,3,3,Loyal Customer
CUST-06551,60,5,5343.32,3,3,4,Loyal Customer
CUST-06552,38,9,6291.68,3,5,5,Loyal Customer
CUST-06553,105,1,549.98,2,1,1,Lost / Hibernating
CUST-06554,20,4,3705.06,4,2,3,New Potential
CUST-06555,109,10,7512.349999999999,2,5,5,Loyal Customer
CUST-06556,105,4,3018.2,2,2,2,Lost / Hibernating
CUST-06557,82,5,3841.13,2,3,3,Loyal Customer
CUST-06558,37,8,6881.69,4,5,5,Champion
CUST-06559,4,9,8829.19,5,5,5,Champion
CUST-06560,55,4,3209.91,3,2,2,Lost / Hibernating
CUST-06561,25,5,2684.06,4,3,2,Lost / Hibernating
CUST-06562,13,6,4087.32,5,4,3,Champion
CUST-06563,81,5,2062.54,2,3,1,At Risk
CUST-06564,51,6,9459.14,3,4,5,Loyal Customer
CUST-06565,8,6,7713.95,5,4,5,Champion
CUST-06566,4,8,4995.36,5,5,4,Champion
CUST-06567,10,4,4829.64,5,2,4,New Potential
CUST-06568,101,5,4223.65,2,3,3,Loyal Customer
CUST-06569,49,5,6487.99,3,3,5,Loyal Customer
CUST-06570,21,12,11332.63,4,5,5,Champion
CUST-06571,1,7,5056.51,5,5,4,Champion
CUST-06572,37,8,7433.65,4,5,5,Champion
CUST-06573,22,9,5238.66,4,5,4,Champion
CUST-06574,18,5,4525.92,4,3,3,Loyal Customer
CUST-06575,12,5,6178.089999999999,5,3,5,Loyal Customer
CUST-06576,142,6,3956.88,1,4,3,Loyal Customer
CUST-06577,103,4,2860.68,2,2,2,Lost / Hibernating
CUST-06578,130,2,1067.22,1,1,1,Lost / Hibernating
CUST-06579,172,2,2472.15,1,1,2,Lost / Hibernating
CUST-06580,11,7,7519.74,5,5,5,Champion
CUST-06581,49,12,8778.720000000001,3,5,5,Loyal Customer
CUST-06582,39,6,6059.16,3,4,4,Loyal Customer
CUST-06583,136,7,5444.05,1,5,4,Loyal Customer
CUST-06584,86,3,1235.23,2,2,1,Lost / Hibernating
CUST-06585,6,4,1788.6,5,2,1,New Potential
CUST-06586,91,9,8977.789999999999,2,5,5,Loyal Customer
CUST-06587,114,7,4282.21,2,5,3,Loyal Customer
CUST-06588,62,6,5819.0,3,4,4,Loyal Customer
CUST-06589,53,7,5909.43,3,5,4,Loyal Customer
CUST-06590,6,6,4896.2300000000005,5,4,4,Champion
CUST-06591,9,3,2169.6099999999997,5,2,1,New Potential
CUST-06592,12,5,6051.63,5,3,4,Loyal Customer
CUST-06593,74,5,3112.93,2,3,2,At Risk
CUST-06594,123,1,805.11,1,1,1,Lost / Hibernating
CUST-06595,61,7,5708.59,3,5,4,Loyal Customer
CUST-06596,22,5,2496.99,4,3,2,Lost / Hibernating
CUST-06597,31,2,1057.26,4,1,1,New Potential
CUST-06598,15,8,6170.2,5,5,5,Champion
CUST-06599,47,4,4103.66,3,2,3,Lost / Hibernating
CUST-06600,1,4,1846.52,5,2,1,New Potential
CUST-06601,65,1,386.24,3,1,1,Lost / Hibernating
CUST-06602,23,3,4630.31,4,2,4,New Potential
CUST-06603,64,6,4659.030000000001,3,4,4,Loyal Customer
CUST-06604,53,5,3943.31,3,3,3,Loyal Customer
CUST-06605,143,5,5816.6,1,3,4,Loyal Customer
CUST-06606,123,4,5428.79,1,2,4,Lost / Hibernating
CUST-06607,283,1,970.72,1,1,1,Lost / Hibernating
CUST-06608,108,4,3639.54,2,2,3,Lost / Hibernating
CUST-06609,188,2,1987.96,1,1,1,Lost / Hibernating
CUST-06610,116,6,4224.639999999999,2,4,3,Loyal Customer
CUST-06611,9,6,4951.93,5,4,4,Champion
CUST-06612,107,4,5366.19,2,2,4,Lost / Hibernating
CUST-06613,44,4,1929.12,3,2,1,Lost / Hibernating
CUST-06614,4,14,14313.75,5,5,5,Champion
CUST-06615,54,5,4287.98,3,3,3,Loyal Customer
CUST-06616,41,2,1330.55,3,1,1,Lost / Hibernating
CUST-06617,24,4,5111.3099999999995,4,2,4,New Potential
CUST-06618,101,5,5299.01,2,3,4,Loyal Customer
CUST-06619,28,8,7943.9,4,5,5,Champion
CUST-06620,49,5,2782.07,3,3,2,Lost / Hibernating
CUST-06621,21,7,6330.360000000001,4,5,5,Champion
CUST-06622,42,3,1266.08,3,2,1,Lost / Hibernating
CUST-06623,146,3,2922.1600000000003,1,2,2,Lost / Hibernating
CUST-06624,178,8,8496.35,1,5,5,Loyal Customer
CUST-06625,18,6,3336.8,4,4,2,Champion
CUST-06626,151,1,969.98,1,1,1,Lost / Hibernating
CUST-06627,164,2,2554.46,1,1,2,Lost / Hibernating
CUST-06628,39,5,5151.74,3,3,4,Loyal Customer
CUST-06629,154,4,3095.36,1,2,2,Lost / Hibernating
CUST-06630,49,6,5351.32,3,4,4,Loyal Customer
CUST-06631,201,2,1274.45,1,1,1,Lost / Hibernating
CUST-06632,135,4,2397.67,1,2,2,Lost / Hibernating
CUST-06633,28,2,3166.0,4,1,2,New Potential
CUST-06634,14,5,4118.24,5,3,3,Loyal Customer
CUST-06635,69,10,9109.53,2,5,5,Loyal Customer
CUST-06636,19,5,4026.1800000000003,4,3,3,Loyal Customer
CUST-06637,7,6,4998.44,5,4,4,Champion
CUST-06638,37,5,4224.07,4,3,3,Loyal Customer
CUST-06639,139,3,3773.82,1,2,3,Lost / Hibernating
CUST-06640,1,3,1260.66,5,2,1,New Potential
CUST-06641,34,6,4875.16,4,4,4,Champion
CUST-06642,20,4,4659.5,4,2,4,New Potential
CUST-06643,7,6,5946.82,5,4,4,Champion
CUST-06644,10,3,4407.46,5,2,3,New Potential
CUST-06645,30,10,12247.56,4,5,5,Champion
CUST-06646,12,10,5946.59,5,5,4,Champion
CUST-06647,17,4,3918.77,4,2,3,New Potential
CUST-06648,188,3,3764.4,1,2,3,Lost / Hibernating
CUST-06649,61,4,6030.5599999999995,3,2,4,Lost / Hibernating
CUST-06650,33,5,3830.79,4,3,3,Loyal Customer
CUST-06651,346,2,1017.36,1,1,1,Lost / Hibernating
CUST-06652,47,4,4273.26,3,2,3,Lost / Hibernating
CUST-06653,26,6,7083.06,4,4,5,Champion
CUST-06654,109,4,2707.08,2,2,2,Lost / Hibernating
CUST-06655,75,8,6223.08,2,5,5,Loyal Customer
CUST-06656,24,6,4947.21,4,4,4,Champion
CUST-06658,86,6,5561.39,2,4,4,Loyal Customer
CUST-06659,48,3,3256.89,3,2,2,Lost / Hibernating
CUST-06660,11,6,4755.17,5,4,4,Champion
CUST-06661,127,3,3114.6000000000004,1,2,2,Lost / Hibernating
CUST-06662,14,7,6260.91,5,5,5,Champion
CUST-06663,115,3,2125.74,2,2,1,Lost / Hibernating
CUST-06664,19,3,2283.17,4,2,2,New Potential
CUST-06665,30,6,4484.43,4,4,3,Champion
CUST-06666,43,3,2237.96,3,2,1,Lost / Hibernating
CUST-06667,47,5,4725.44,3,3,4,Loyal Customer
CUST-06668,7,7,6844.780000000001,5,5,5,Champion
CUST-06669,151,3,1520.1,1,2,1,Lost / Hibernating
CUST-06670,110,5,4816.139999999999,2,3,4,Loyal Customer
CUST-06671,44,3,4927.469999999999,3,2,4,Lost / Hibernating
CUST-06672,62,3,2375.98,3,2,2,Lost / Hibernating
CUST-06673,84,5,4181.14,2,3,3,Loyal Customer
CUST-06674,63,3,863.73,3,2,1,Lost / Hibernating
CUST-06675,82,2,2866.52,2,1,2,Lost / Hibernating
CUST-06676,57,8,6831.14,3,5,5,Loyal Customer
CUST-06677,139,4,3776.12,1,2,3,Lost / Hibernating
CUST-06678,13,4,2797.92,5,2,2,New Potential
CUST-06679,64,2,896.89,3,1,1,Lost / Hibernating
CUST-06680,1,3,2017.56,5,2,1,New Potential
CUST-06681,7,3,1730.21,5,2,1,New Potential
CUST-06682,77,7,7650.43,2,5,5,Loyal Customer
CUST-06683,47,9,7424.94,3,5,5,Loyal Customer
CUST-06684,49,6,3957.33,3,4,3,Loyal Customer
CUST-06685,20,9,4902.1,4,5,4,Champion
CUST-06686,107,3,2166.05,2,2,1,Lost / Hibernating
CUST-06687,28,7,4120.59,4,5,3,Champion
CUST-06688,29,5,4044.4300000000003,4,3,3,Loyal Customer
CUST-06689,23,6,4900.78,4,4,4,Champion
CUST-06690,18,3,2383.78,4,2,2,New Potential
CUST-06691,43,9,12188.77,3,5,5,Loyal Customer
CUST-06692,107,4,4645.9400000000005,2,2,4,Lost / Hibernating
CUST-06693,37,5,1865.8600000000001,4,3,1,Lost / Hibernating
CUST-06694,58,5,3221.35,3,3,2,Lost / Hibernating
CUST-06695,123,4,2979.48,1,2,2,Lost / Hibernating
CUST-06696,10,4,1777.3000000000002,5,2,1,New Potential
CUST-06697,39,4,5646.52,3,2,4,Lost / Hibernating
CUST-06698,10,4,4232.04,5,2,3,New Potential
CUST-06699,332,1,323.74,1,1,1,Lost / Hibernating
CUST-06700,119,6,6571.4800000000005,1,4,5,Loyal Customer
CUST-06701,92,4,3571.19,2,2,3,Lost / Hibernating
CUST-06702,119,6,5532.65,1,4,4,Loyal Customer
CUST-06703,105,2,814.1600000000001,2,1,1,Lost / Hibernating
CUST-06704,97,3,3419.8599999999997,2,2,3,Lost / Hibernating
CUST-06705,21,5,3299.74,4,3,2,Lost / Hibernating
CUST-06706,9,8,4176.03,5,5,3,Champion
CUST-06707,31,5,4941.41,4,3,4,Loyal Customer
CUST-06708,37,8,5295.8,4,5,4,Champion
CUST-06709,30,3,1537.7800000000002,4,2,1,New Potential
CUST-06710,91,6,3150.59,2,4,2,At Risk
CUST-06711,145,3,3280.22,1,2,2,Lost / Hibernating
CUST-06712,10,4,4045.9700000000003,5,2,3,New Potential
CUST-06713,19,6,4550.73,4,4,3,Champion
CUST-06714,99,3,2589.8,2,2,2,Lost / Hibernating
CUST-06715,107,4,4517.23,2,2,3,Lost / Hibernating
CUST-06716,13,5,3042.73,5,3,2,Lost / Hibernating
CUST-06717,4,2,2610.36,5,1,2,New Potential
CUST-06718,4,3,4278.39,5,2,3,New Potential
CUST-06719,4,6,2138.29,5,4,1,Champion
CUST-06720,16,9,7838.25,5,5,5,Champion
CUST-06721,25,7,4012.96,4,5,3,Champion
CUST-06722,52,6,5398.64,3,4,4,Loyal Customer
CUST-06723,56,6,2677.18,3,4,2,Lost / Hibernating
CUST-06724,12,8,5881.66,5,5,4,Champion
CUST-06725,147,5,2240.09,1,3,1,At Risk
CUST-06726,117,2,812.58,2,1,1,Lost / Hibernating
CUST-06727,35,5,3672.91,4,3,3,Loyal Customer
CUST-06728,3,6,4717.41,5,4,4,Champion
CUST-06729,271,1,527.32,1,1,1,Lost / Hibernating
CUST-06730,29,5,2310.21,4,3,2,Lost / Hibernating
CUST-06731,39,6,7100.74,3,4,5,Loyal Customer
CUST-06732,220,5,4113.53,1,3,3,Loyal Customer
CUST-06733,121,3,1576.86,1,2,1,Lost / Hibernating
CUST-06734,3,8,5827.72,5,5,4,Champion
CUST-06735,347,1,1474.96,1,1,1,Lost / Hibernating
CUST-06736,10,6,5871.0,5,4,4,Champion
CUST-06737,93,12,7615.56,2,5,5,Loyal Customer
CUST-06738,199,3,1499.69,1,2,1,Lost / Hibernating
CUST-06739,41,8,7872.53,3,5,5,Loyal Customer
CUST-06740,26,4,2891.73,4,2,2,New Potential
CUST-06741,40,8,7834.83,3,5,5,Loyal Customer
CUST-06742,273,2,2435.8,1,1,2,Lost / Hibernating
CUST-06743,11,6,6346.91,5,4,5,Champion
CUST-06744,71,5,4202.0599999999995,2,3,3,Loyal Customer
CUST-06745,7,4,3705.49,5,2,3,New Potential
CUST-06746,22,5,4833.97,4,3,4,Loyal Customer
CUST-06747,45,5,3473.94,3,3,3,Loyal Customer
CUST-06748,80,8,5850.87,2,5,4,Loyal Customer
CUST-06749,49,5,3888.02,3,3,3,Loyal Customer
CUST-06750,18,4,4288.07,4,2,3,New Potential
CUST-06751,11,5,3736.98,5,3,3,Loyal Customer
CUST-06752,114,5,3502.16,2,3,3,Loyal Customer
CUST-06753,105,5,6045.59,2,3,4,Loyal Customer
CUST-06754,83,6,3590.6600000000003,2,4,3,Loyal Customer
CUST-06755,31,8,7347.13,4,5,5,Champion
CUST-06756,134,6,4478.17,1,4,3,Loyal Customer
CUST-06757,5,4,4137.66,5,2,3,New Potential
CUST-06758,33,5,3077.74,4,3,2,Lost / Hibernating
CUST-06759,14,4,4512.75,5,2,3,New Potential
CUST-06760,46,8,8303.52,3,5,5,Loyal Customer
CUST-06761,101,5,3366.35,2,3,2,At Risk
CUST-06762,1,5,4663.03,5,3,4,Loyal Customer
CUST-06763,54,5,4529.39,3,3,3,Loyal Customer
CUST-06764,44,9,8504.08,3,5,5,Loyal Customer
CUST-06765,48,5,6257.65,3,3,5,Loyal Customer
CUST-06766,61,5,2806.75,3,3,2,Lost / Hibernating
CUST-06767,68,8,7054.18,2,5,5,Loyal Customer
CUST-06768,132,5,4131.679999999999,1,3,3,Loyal Customer
CUST-06769,12,8,7548.96,5,5,5,Champion
CUST-06770,13,9,7903.2699999999995,5,5,5,Champion
CUST-06771,148,2,1476.16,1,1,1,Lost / Hibernating
CUST-06772,68,8,3435.44,2,5,3,Loyal Customer
CUST-06773,76,4,2947.06,2,2,2,Lost / Hibernating
CUST-06774,111,4,3719.55,2,2,3,Lost / Hibernating
CUST-06775,24,6,4394.37,4,4,3,Champion
CUST-06776,9,6,5248.6,5,4,4,Champion
CUST-06777,140,1,324.9,1,1,1,Lost / Hibernating
CUST-06778,106,7,5331.32,2,5,4,Loyal Customer
CUST-06779,21,7,7632.219999999999,4,5,5,Champion
CUST-06780,214,4,1998.91,1,2,1,Lost / Hibernating
CUST-06781,133,4,3536.54,1,2,3,Lost / Hibernating
CUST-06782,58,5,2759.67,3,3,2,Lost / Hibernating
CUST-06783,10,9,10548.18,5,5,5,Champion
CUST-06784,58,7,5308.52,3,5,4,Loyal Customer
CUST-06785,180,4,1963.55,1,2,1,Lost / Hibernating
CUST-06786,36,4,3886.55,4,2,3,New Potential
CUST-06787,60,5,3948.47,3,3,3,Loyal Customer
CUST-06788,17,5,4181.47,4,3,3,Loyal Customer
CUST-06789,137,5,3344.71,1,3,2,At Risk
CUST-06790,205,2,3484.0699999999997,1,1,3,Lost / Hibernating
CUST-06791,132,4,1756.59,1,2,1,Lost / Hibernating
CUST-06792,3,5,3986.6900000000005,5,3,3,Loyal Customer
CUST-06793,49,7,5804.6900000000005,3,5,4,Loyal Customer
CUST-06794,12,7,4772.61,5,5,4,Champion
CUST-06795,157,5,3566.73,1,3,3,Loyal Customer
CUST-06796,4,5,4384.4,5,3,3,Loyal Customer
CUST-06797,229,2,1745.7400000000002,1,1,1,Lost / Hibernating
CUST-06798,185,2,960.52,1,1,1,Lost / Hibernating
CUST-06799,142,3,2621.81,1,2,2,Lost / Hibernating
CUST-06800,13,8,8257.0,5,5,5,Champion
CUST-06801,16,5,4374.29,5,3,3,Loyal Customer
CUST-06802,175,5,6443.47,1,3,5,Loyal Customer
CUST-06803,132,2,1121.27,1,1,1,Lost / Hibernating
CUST-06804,54,2,1388.81,3,1,1,Lost / Hibernating
CUST-06805,101,4,2657.02,2,2,2,Lost / Hibernating
CUST-06806,71,8,5144.83,2,5,4,Loyal Customer
CUST-06807,26,7,4380.44,4,5,3,Champion
CUST-06808,67,8,5073.780000000001,2,5,4,Loyal Customer
CUST-06809,96,6,5514.719999999999,2,4,4,Loyal Customer
CUST-06810,173,3,969.78,1,2,1,Lost / Hibernating
CUST-06811,37,7,2757.81,4,5,2,Champion
CUST-06812,13,3,1616.9,5,2,1,New Potential
CUST-06813,21,2,1017.6999999999999,4,1,1,New Potential
CUST-06814,97,4,4635.68,2,2,4,Lost / Hibernating
CUST-06815,13,9,4950.49,5,5,4,Champion
CUST-06816,3,10,7872.09,5,5,5,Champion
CUST-06817,138,2,569.11,1,1,1,Lost / Hibernating
CUST-06818,14,5,4502.389999999999,5,3,3,Loyal Customer
CUST-06819,19,6,5257.68,4,4,4,Champion
CUST-06820,192,5,5862.05,1,3,4,Loyal Customer
CUST-06821,42,1,1588.43,3,1,1,Lost / Hibernating
CUST-06822,246,3,3021.55,1,2,2,Lost / Hibernating
CUST-06823,169,4,3696.6800000000003,1,2,3,Lost / Hibernating
CUST-06824,4,5,4088.62,5,3,3,Loyal Customer
CUST-06825,39,5,3470.03,3,3,3,Loyal Customer
CUST-06826,183,2,1940.3999999999999,1,1,1,Lost / Hibernating
CUST-06827,85,4,3262.46,2,2,2,Lost / Hibernating
CUST-06828,61,7,6336.06,3,5,5,Loyal Customer
CUST-06829,27,5,3203.6000000000004,4,3,2,Lost / Hibernating
CUST-06830,24,4,2242.21,4,2,1,New Potential
CUST-06831,6,5,2321.66,5,3,2,Lost / Hibernating
CUST-06832,132,4,2691.3599999999997,1,2,2,Lost / Hibernating
CUST-06833,228,8,5990.82,1,5,4,Loyal Customer
CUST-06834,48,6,4805.96,3,4,4,Loyal Customer
CUST-06835,72,4,3437.51,2,2,3,Lost / Hibernating
CUST-06836,15,4,3195.23,5,2,2,New Potential
CUST-06837,294,2,2445.41,1,1,2,Lost / Hibernating
CUST-06838,53,10,5716.09,3,5,4,Loyal Customer
CUST-06839,32,2,1909.6200000000001,4,1,1,New Potential
CUST-06840,57,3,2266.92,3,2,1,Lost / Hibernating
CUST-06841,174,3,2252.95,1,2,1,Lost / Hibernating
CUST-06842,222,3,2591.31,1,2,2,Lost / Hibernating
CUST-06843,34,6,3120.6200000000003,4,4,2,Champion
CUST-06844,29,3,2871.27,4,2,2,New Potential
CUST-06845,22,2,826.61,4,1,1,New Potential
CUST-06846,3,6,5086.21,5,4,4,Champion
CUST-06847,128,7,5279.03,1,5,4,Loyal Customer
CUST-06848,14,3,1127.78,5,2,1,New Potential
CUST-06849,14,4,2323.5299999999997,5,2,2,New Potential
CUST-06850,26,5,7812.42,4,3,5,Loyal Customer
CUST-06851,38,4,2889.39,3,2,2,Lost / Hibernating
CUST-06852,5,7,7280.65,5,5,5,Champion
CUST-06853,188,2,3325.3,1,1,2,Lost / Hibernating
CUST-06854,5,4,3540.14,5,2,3,New Potential
CUST-06855,8,7,5092.38,5,5,4,Champion
CUST-06856,108,5,4172.88,2,3,3,Loyal Customer
CUST-06857,76,5,4242.7699999999995,2,3,3,Loyal Customer
CUST-06858,44,4,4578.889999999999,3,2,3,Lost / Hibernating
CUST-06859,138,4,4031.2,1,2,3,Lost / Hibernating
CUST-06860,149,3,3820.8,1,2,3,Lost / Hibernating
CUST-06861,114,4,3557.6,2,2,3,Lost / Hibernating
CUST-06862,21,7,5903.9800000000005,4,5,4,Champion
CUST-06863,146,2,1054.26,1,1,1,Lost / Hibernating
CUST-06864,14,8,7889.74,5,5,5,Champion
CUST-06865,137,3,2641.71,1,2,2,Lost / Hibernating
CUST-06866,87,5,4793.2,2,3,4,Loyal Customer
CUST-06867,132,5,5470.77,1,3,4,Loyal Customer
CUST-06868,49,6,4028.88,3,4,3,Loyal Customer
CUST-06869,97,8,6204.31,2,5,5,Loyal Customer
CUST-06870,231,5,2160.67,1,3,1,At Risk
CUST-06871,9,5,2364.93,5,3,2,Lost / Hibernating
CUST-06872,44,9,6617.610000000001,3,5,5,Loyal Customer
CUST-06873,4,9,8809.68,5,5,5,Champion
CUST-06874,84,2,1296.96,2,1,1,Lost / Hibernating
CUST-06875,23,6,4261.18,4,4,3,Champion
CUST-06876,98,3,5138.5,2,2,4,Lost / Hibernating
CUST-06877,34,3,1936.92,4,2,1,New Potential
CUST-06878,291,2,1915.94,1,1,1,Lost / Hibernating
CUST-06879,8,5,2972.2599999999998,5,3,2,Lost / Hibernating
CUST-06880,147,4,2268.65,1,2,1,Lost / Hibernating
CUST-06881,12,9,9401.49,5,5,5,Champion
CUST-06882,184,4,2779.56,1,2,2,Lost / Hibernating
CUST-06883,30,6,3030.1,4,4,2,Champion
CUST-06884,120,2,1335.5300000000002,1,1,1,Lost / Hibernating
CUST-06885,156,7,7327.790000000001,1,5,5,Loyal Customer
CUST-06886,45,3,3569.4,3,2,3,Lost / Hibernating
CUST-06887,72,9,7710.0599999999995,2,5,5,Loyal Customer
CUST-06888,53,5,4382.93,3,3,3,Loyal Customer
CUST-06889,127,1,785.2,1,1,1,Lost / Hibernating
CUST-06890,4,7,6885.16,5,5,5,Champion
CUST-06891,80,6,6719.48,2,4,5,Loyal Customer
CUST-06892,183,2,1795.1000000000001,1,1,1,Lost / Hibernating
CUST-06893,138,2,3187.29,1,1,2,Lost / Hibernating
CUST-06894,81,2,517.47,2,1,1,Lost / Hibernating
CUST-06895,26,5,7133.900000000001,4,3,5,Loyal Customer
CUST-06896,91,6,5616.45,2,4,4,Loyal Customer
CUST-06897,28,3,2296.13,4,2,2,New Potential
CUST-06898,181,6,5549.75,1,4,4,Loyal Customer
CUST-06899,351,2,987.03,1,1,1,Lost / Hibernating
CUST-06900,161,6,6273.08,1,4,5,Loyal Customer
CUST-06901,44,5,5642.1900000000005,3,3,4,Loyal Customer
CUST-06902,122,4,2416.17,1,2,2,Lost / Hibernating
CUST-06903,53,6,5915.98,3,4,4,Loyal Customer
CUST-06904,8,8,5284.47,5,5,4,Champion
CUST-06905,149,2,414.03999999999996,1,1,1,Lost / Hibernating
CUST-06906,48,8,5058.22,3,5,4,Loyal Customer
CUST-06907,119,5,5361.599999999999,1,3,4,Loyal Customer
CUST-06908,118,3,1283.1299999999999,1,2,1,Lost / Hibernating
CUST-06909,223,2,2228.34,1,1,1,Lost / Hibernating
CUST-06910,238,2,3327.0,1,1,2,Lost / Hibernating
CUST-06911,5,9,9389.529999999999,5,5,5,Champion
CUST-06912,35,3,1800.98,4,2,1,New Potential
CUST-06913,198,3,3671.2200000000003,1,2,3,Lost / Hibernating
CUST-06914,135,6,5857.5,1,4,4,Loyal Customer
CUST-06915,25,8,8893.3,4,5,5,Champion
CUST-06916,10,10,10040.57,5,5,5,Champion
CUST-06917,62,7,4483.03,3,5,3,Loyal Customer
CUST-06918,177,3,2196.4700000000003,1,2,1,Lost / Hibernating
CUST-06919,77,2,1730.02,2,1,1,Lost / Hibernating
CUST-06920,9,7,5645.89,5,5,4,Champion
CUST-06921,186,8,7236.7,1,5,5,Loyal Customer
CUST-06922,205,2,2039.56,1,1,1,Lost / Hibernating
CUST-06923,89,6,3411.7799999999997,2,4,3,Loyal Customer
CUST-06924,32,2,2041.16,4,1,1,New Potential
CUST-06925,133,5,2777.87,1,3,2,At Risk
CUST-06926,118,5,2842.0099999999998,1,3,2,At Risk
CUST-06927,44,7,5649.13,3,5,4,Loyal Customer
CUST-06928,190,3,3628.38,1,2,3,Lost / Hibernating
CUST-06929,39,7,6753.45,3,5,5,Loyal Customer
CUST-06930,9,6,2921.38,5,4,2,Champion
CUST-06931,43,6,7652.0,3,4,5,Loyal Customer
CUST-06932,9,3,1915.54,5,2,1,New Potential
CUST-06933,134,3,2032.13,1,2,1,Lost / Hibernating
CUST-06934,141,5,2108.64,1,3,1,At Risk
CUST-06935,58,6,3278.82,3,4,2,Lost / Hibernating
CUST-06936,11,5,5570.76,5,3,4,Loyal Customer
CUST-06937,33,5,7159.6900000000005,4,3,5,Loyal Customer
CUST-06938,15,4,2295.92,5,2,2,New Potential
CUST-06939,13,4,3014.95,5,2,2,New Potential
CUST-06940,53,3,2034.33,3,2,1,Lost / Hibernating
CUST-06941,84,9,9950.01,2,5,5,Loyal Customer
CUST-06942,34,8,6930.6,4,5,5,Champion
CUST-06943,16,4,1257.53,5,2,1,New Potential
CUST-06944,43,9,6250.75,3,5,5,Loyal Customer
CUST-06945,188,1,805.11,1,1,1,Lost / Hibernating
CUST-06946,26,7,5936.1900000000005,4,5,4,Champion
CUST-06947,7,4,4757.09,5,2,4,New Potential
CUST-06948,69,7,4813.91,2,5,4,Loyal Customer
CUST-06949,92,6,4409.59,2,4,3,Loyal Customer
CUST-06950,27,3,2519.28,4,2,2,New Potential
CUST-06951,83,7,6842.9400000000005,2,5,5,Loyal Customer
CUST-06952,10,8,8253.36,5,5,5,Champion
CUST-06953,4,3,4233.25,5,2,3,New Potential
CUST-06954,33,7,2804.5099999999998,4,5,2,Champion
CUST-06955,125,4,3350.46,1,2,2,Lost / Hibernating
CUST-06956,98,3,3950.5499999999997,2,2,3,Lost / Hibernating
CUST-06957,104,7,7683.93,2,5,5,Loyal Customer
CUST-06958,84,2,1061.73,2,1,1,Lost / Hibernating
CUST-06959,30,6,5841.79,4,4,4,Champion
CUST-06960,38,7,4330.22,3,5,3,Loyal Customer
CUST-06961,90,6,6057.610000000001,2,4,4,Loyal Customer
CUST-06962,142,2,2615.93,1,1,2,Lost / Hibernating
CUST-06963,62,5,5977.4400000000005,3,3,4,Loyal Customer
CUST-06964,109,4,2104.29,2,2,1,Lost / Hibernating
CUST-06965,200,1,483.9,1,1,1,Lost / Hibernating
CUST-06966,7,8,8810.470000000001,5,5,5,Champion
CUST-06967,20,8,4786.31,4,5,4,Champion
CUST-06968,66,7,4780.92,3,5,4,Loyal Customer
CUST-06969,67,6,1807.49,2,4,1,At Risk
CUST-06970,46,5,5331.26,3,3,4,Loyal Customer
CUST-06971,30,4,3571.74,4,2,3,New Potential
CUST-06972,92,4,2259.58,2,2,1,Lost / Hibernating
CUST-06973,35,3,1507.8200000000002,4,2,1,New Potential
CUST-06974,50,3,1965.5,3,2,1,Lost / Hibernating
CUST-06975,46,2,1245.76,3,1,1,Lost / Hibernating
CUST-06976,3,4,2474.9900000000002,5,2,2,New Potential
CUST-06977,186,4,3320.38,1,2,2,Lost / Hibernating
CUST-06978,44,6,8109.73,3,4,5,Loyal Customer
CUST-06979,30,2,1534.12,4,1,1,New Potential
CUST-06980,44,3,2369.45,3,2,2,Lost / Hibernating
CUST-06981,36,4,5543.35,4,2,4,New Potential
CUST-06983,3,9,9133.6,5,5,5,Champion
CUST-06984,35,6,7152.12,4,4,5,Champion
CUST-06985,1,7,6295.5599999999995,5,5,5,Champion
CUST-06986,13,6,6968.49,5,4,5,Champion
CUST-06987,23,3,1196.42,4,2,1,New Potential
CUST-06988,45,3,2764.44,3,2,2,Lost / Hibernating
CUST-06989,52,5,2017.79,3,3,1,Lost / Hibernating
CUST-06990,2,5,5342.37,5,3,4,Loyal Customer
CUST-06991,12,5,5320.4400000000005,5,3,4,Loyal Customer
CUST-06992,58,7,7578.51,3,5,5,Loyal Customer
CUST-06993,30,4,4041.1000000000004,4,2,3,New Potential
CUST-06994,168,5,4303.06,1,3,3,Loyal Customer
CUST-06995,180,2,629.5,1,1,1,Lost / Hibernating
CUST-06996,15,7,4919.67,5,5,4,Champion
CUST-06997,49,3,3353.83,3,2,2,Lost / Hibernating
CUST-06998,49,10,9200.61,3,5,5,Loyal Customer
CUST-06999,124,2,3908.2,1,1,3,Lost / Hibernating
CUST-07000,43,3,2334.82,3,2,2,Lost / Hibernating
CUST-07001,132,1,1899.51,1,1,1,Lost / Hibernating
CUST-07002,58,7,5222.29,3,5,4,Loyal Customer
CUST-07003,173,5,6748.799999999999,1,3,5,Loyal Customer
CUST-07004,347,1,754.14,1,1,1,Lost / Hibernating
CUST-07005,30,1,1395.2,4,1,1,New Potential
CUST-07006,38,4,3701.59,3,2,3,Lost / Hibernating
CUST-07007,30,5,2587.3999999999996,4,3,2,Lost / Hibernating
CUST-07008,85,3,3708.5099999999998,2,2,3,Lost / Hibernating
CUST-07009,9,5,3723.26,5,3,3,Loyal Customer
CUST-07010,2,3,3174.01,5,2,2,New Potential
CUST-07011,92,2,831.3399999999999,2,1,1,Lost / Hibernating
CUST-07012,36,7,6964.08,4,5,5,Champion
CUST-07013,29,9,10813.87,4,5,5,Champion
CUST-07014,23,7,10228.42,4,5,5,Champion
CUST-07015,84,5,4266.58,2,3,3,Loyal Customer
CUST-07016,3,8,5376.18,5,5,4,Champion
CUST-07017,81,3,2304.64,2,2,2,Lost / Hibernating
CUST-07018,15,2,1985.1399999999999,5,1,1,New Potential
CUST-07019,7,3,1424.99,5,2,1,New Potential
CUST-07020,65,7,5579.69,3,5,4,Loyal Customer
CUST-07021,16,6,3823.9700000000003,5,4,3,Champion
CUST-07022,79,7,5829.35,2,5,4,Loyal Customer
CUST-07023,46,5,5685.2,3,3,4,Loyal Customer
CUST-07024,3,8,4455.27,5,5,3,Champion
CUST-07025,250,3,2948.14,1,2,2,Lost / Hibernating
CUST-07026,68,2,1161.94,2,1,1,Lost / Hibernating
CUST-07027,27,12,10061.07,4,5,5,Champion
CUST-07028,76,6,2612.67,2,4,2,At Risk
CUST-07029,53,3,3567.7700000000004,3,2,3,Lost / Hibernating
CUST-07030,22,9,9242.56,4,5,5,Champion
CUST-07031,89,4,3513.79,2,2,3,Lost / Hibernating
CUST-07032,12,6,5274.36,5,4,4,Champion
CUST-07033,15,8,7636.91,5,5,5,Champion
CUST-07034,173,5,6053.09,1,3,4,Loyal Customer
CUST-07035,90,4,5274.99,2,2,4,Lost / Hibernating
CUST-07036,50,7,9093.810000000001,3,5,5,Loyal Customer
CUST-07037,14,9,8342.699999999999,5,5,5,Champion
CUST-07038,25,5,2557.59,4,3,2,Lost / Hibernating
CUST-07039,70,11,10991.39,2,5,5,Loyal Customer
CUST-07040,214,4,2673.3,1,2,2,Lost / Hibernating
CUST-07041,59,4,3014.4900000000002,3,2,2,Lost / Hibernating
CUST-07042,5,9,6015.0599999999995,5,5,4,Champion
CUST-07043,9,4,3411.77,5,2,3,New Potential
CUST-07044,99,3,2159.87,2,2,1,Lost / Hibernating
CUST-07045,257,1,750.46,1,1,1,Lost / Hibernating
CUST-07046,122,5,4266.78,1,3,3,Loyal Customer
CUST-07047,70,5,3714.29,2,3,3,Loyal Customer
CUST-07048,68,10,8378.07,2,5,5,Loyal Customer
CUST-07049,13,7,3458.1800000000003,5,5,3,Champion
CUST-07050,10,6,4042.0299999999997,5,4,3,Champion
CUST-07051,169,3,4554.110000000001,1,2,3,Lost / Hibernating
CUST-07052,22,6,5379.86,4,4,4,Champion
CUST-07053,2,3,3314.2,5,2,2,New Potential
CUST-07054,40,5,5414.54,3,3,4,Loyal Customer
CUST-07055,41,1,967.84,3,1,1,Lost / Hibernating
CUST-07056,48,4,4224.64,3,2,3,Lost / Hibernating
CUST-07057,201,2,2011.0300000000002,1,1,1,Lost / Hibernating
CUST-07058,4,8,8040.63,5,5,5,Champion
CUST-07059,29,4,2855.44,4,2,2,New Potential
CUST-07060,72,5,5359.68,2,3,4,Loyal Customer
CUST-07061,16,8,7862.33,5,5,5,Champion
CUST-07062,41,4,6397.95,3,2,5,Lost / Hibernating
CUST-07063,32,7,6532.53,4,5,5,Champion
CUST-07064,30,3,3117.2799999999997,4,2,2,New Potential
CUST-07065,82,2,1501.56,2,1,1,Lost / Hibernating
CUST-07066,26,5,7362.05,4,3,5,Loyal Customer
CUST-07067,6,5,3978.96,5,3,3,Loyal Customer
CUST-07068,31,7,5822.6900000000005,4,5,4,Champion
CUST-07069,18,7,3836.58,4,5,3,Champion
CUST-07070,212,2,1536.46,1,1,1,Lost / Hibernating
CUST-07071,15,4,2918.85,5,2,2,New Potential
CUST-07072,23,9,6933.849999999999,4,5,5,Champion
CUST-07073,154,3,2452.0299999999997,1,2,2,Lost / Hibernating
CUST-07074,35,5,2985.83,4,3,2,Lost / Hibernating
CUST-07075,21,6,4127.09,4,4,3,Champion
CUST-07076,23,4,3867.93,4,2,3,New Potential
CUST-07077,14,5,2852.01,5,3,2,Lost / Hibernating
CUST-07078,119,3,4258.91,1,2,3,Lost / Hibernating
CUST-07079,35,3,1983.3400000000001,4,2,1,New Potential
CUST-07080,75,3,2549.48,2,2,2,Lost / Hibernating
CUST-07081,156,2,2300.8599999999997,1,1,2,Lost / Hibernating
CUST-07082,38,6,3028.97,3,4,2,Lost / Hibernating
CUST-07083,51,6,3326.54,3,4,2,Lost / Hibernating
CUST-07084,4,10,8101.39,5,5,5,Champion
CUST-07085,2,4,4660.51,5,2,4,New Potential
CUST-07086,16,5,3315.35,5,3,2,Lost / Hibernating
CUST-07087,69,6,3946.85,2,4,3,Loyal Customer
CUST-07088,52,4,3061.21,3,2,2,Lost / Hibernating
CUST-07089,85,3,2712.99,2,2,2,Lost / Hibernating
CUST-07090,22,3,2916.29,4,2,2,New Potential
CUST-07091,173,5,4438.0,1,3,3,Loyal Customer
CUST-07092,102,3,2597.35,2,2,2,Lost / Hibernating
CUST-07093,16,4,3209.11,5,2,2,New Potential
CUST-07094,38,3,5051.99,3,2,4,Lost / Hibernating
CUST-07095,128,3,4388.26,1,2,3,Lost / Hibernating
CUST-07096,58,6,6823.389999999999,3,4,5,Loyal Customer
CUST-07097,96,5,3904.45,2,3,3,Loyal Customer
CUST-07098,141,3,4899.61,1,2,4,Lost / Hibernating
CUST-07099,4,8,4846.7,5,5,4,Champion
CUST-07100,260,2,1472.6,1,1,1,Lost / Hibernating
CUST-07101,91,9,10519.380000000001,2,5,5,Loyal Customer
CUST-07102,31,7,8460.41,4,5,5,Champion
CUST-07103,12,8,8550.54,5,5,5,Champion
CUST-07104,115,4,5172.25,2,2,4,Lost / Hibernating
CUST-07105,174,1,431.44,1,1,1,Lost / Hibernating
CUST-07106,220,4,7113.42,1,2,5,Lost / Hibernating
CUST-07107,126,6,4929.12,1,4,4,Loyal Customer
CUST-07108,166,4,3522.79,1,2,3,Lost / Hibernating
CUST-07109,19,6,4687.88,4,4,4,Champion
CUST-07110,271,1,1253.08,1,1,1,Lost / Hibernating
CUST-07111,168,4,3820.2999999999997,1,2,3,Lost / Hibernating
CUST-07112,36,4,4161.75,4,2,3,New Potential
CUST-07113,5,8,8145.99,5,5,5,Champion
CUST-07114,14,6,3748.4500000000003,5,4,3,Champion
CUST-07115,19,6,7436.3099999999995,4,4,5,Champion
CUST-07116,41,3,3908.28,3,2,3,Lost / Hibernating
CUST-07117,123,7,4317.11,1,5,3,Loyal Customer
CUST-07118,10,6,3335.5,5,4,2,Champion
CUST-07119,65,5,2899.44,3,3,2,Lost / Hibernating
CUST-07120,36,6,5403.35,4,4,4,Champion
CUST-07121,86,5,3954.61,2,3,3,Loyal Customer
CUST-07122,59,7,7316.070000000001,3,5,5,Loyal Customer
CUST-07123,139,3,3993.6600000000003,1,2,3,Lost / Hibernating
CUST-07124,40,10,9316.41,3,5,5,Loyal Customer
CUST-07125,100,8,5617.39,2,5,4,Loyal Customer
CUST-07126,20,6,5197.54,4,4,4,Champion
CUST-07127,47,3,1550.5700000000002,3,2,1,Lost / Hibernating
CUST-07128,28,5,4104.6,4,3,3,Loyal Customer
CUST-07129,91,4,4702.31,2,2,4,Lost / Hibernating
CUST-07130,38,2,1720.53,3,1,1,Lost / Hibernating
CUST-07131,54,5,5047.47,3,3,4,Loyal Customer
CUST-07132,5,10,10400.380000000001,5,5,5,Champion
CUST-07133,2,6,4991.3,5,4,4,Champion
CUST-07134,10,3,2621.72,5,2,2,New Potential
CUST-07135,272,2,1523.92,1,1,1,Lost / Hibernating
CUST-07136,38,5,6100.83,3,3,5,Loyal Customer
CUST-07137,39,5,3267.7599999999998,3,3,2,Lost / Hibernating
CUST-07138,24,4,1976.6200000000001,4,2,1,New Potential
CUST-07139,32,8,5628.23,4,5,4,Champion
CUST-07140,46,6,4277.57,3,4,3,Loyal Customer
CUST-07141,75,5,6040.8099999999995,2,3,4,Loyal Customer
CUST-07142,109,5,5373.41,2,3,4,Loyal Customer
CUST-07143,171,5,6535.45,1,3,5,Loyal Customer
CUST-07144,30,8,6620.48,4,5,5,Champion
CUST-07145,23,3,1775.27,4,2,1,New Potential
CUST-07146,36,8,8908.189999999999,4,5,5,Champion
CUST-07147,27,5,3935.5099999999998,4,3,3,Loyal Customer
CUST-07148,115,2,1968.06,2,1,1,Lost / Hibernating
CUST-07149,34,7,6556.27,4,5,5,Champion
CUST-07150,10,6,3402.05,5,4,2,Champion
CUST-07151,19,6,4918.47,4,4,4,Champion
CUST-07152,15,4,2727.44,5,2,2,New Potential
CUST-07153,25,2,1293.3,4,1,1,New Potential
CUST-07154,10,7,6811.070000000001,5,5,5,Champion
CUST-07155,2,8,5824.33,5,5,4,Champion
CUST-07156,12,6,5405.01,5,4,4,Champion
CUST-07157,32,6,3190.9300000000003,4,4,2,Champion
CUST-07158,33,7,7233.3099999999995,4,5,5,Champion
CUST-07159,50,8,9582.66,3,5,5,Loyal Customer
CUST-07160,18,4,3259.81,4,2,2,New Potential
CUST-07161,10,6,3979.5699999999997,5,4,3,Champion
CUST-07162,36,6,3652.91,4,4,3,Champion
CUST-07163,64,5,2600.75,3,3,2,Lost / Hibernating
CUST-07164,109,4,3751.6499999999996,2,2,3,Lost / Hibernating
CUST-07165,24,4,3730.35,4,2,3,New Potential
CUST-07166,57,5,3971.48,3,3,3,Loyal Customer
CUST-07167,90,2,2683.75,2,1,2,Lost / Hibernating
CUST-07168,350,2,1604.0100000000002,1,1,1,Lost / Hibernating
CUST-07169,98,5,4132.52,2,3,3,Loyal Customer
CUST-07170,3,9,5841.15,5,5,4,Champion
CUST-07171,1,6,4031.8599999999997,5,4,3,Champion
CUST-07172,147,3,3190.6899999999996,1,2,2,Lost / Hibernating
CUST-07173,46,2,777.6,3,1,1,Lost / Hibernating
CUST-07174,40,6,5908.71,3,4,4,Loyal Customer
CUST-07175,80,6,4472.37,2,4,3,Loyal Customer
CUST-07176,173,2,1154.98,1,1,1,Lost / Hibernating
CUST-07177,4,3,4709.3,5,2,4,New Potential
CUST-07178,11,4,3941.74,5,2,3,New Potential
CUST-07179,174,3,5110.459999999999,1,2,4,Lost / Hibernating
CUST-07180,208,4,4171.56,1,2,3,Lost / Hibernating
CUST-07181,63,1,1535.07,3,1,1,Lost / Hibernating
CUST-07182,13,5,4222.0,5,3,3,Loyal Customer
CUST-07183,167,3,1187.1599999999999,1,2,1,Lost / Hibernating
CUST-07184,4,4,3085.82,5,2,2,New Potential
CUST-07185,99,4,1662.88,2,2,1,Lost / Hibernating
CUST-07186,139,3,3570.4700000000003,1,2,3,Lost / Hibernating
CUST-07187,42,7,5621.92,3,5,4,Loyal Customer
CUST-07188,12,9,8785.9,5,5,5,Champion
CUST-07189,12,7,5794.97,5,5,4,Champion
CUST-07190,45,7,5946.78,3,5,4,Loyal Customer
CUST-07191,4,6,6633.9400000000005,5,4,5,Champion
CUST-07192,85,4,2770.12,2,2,2,Lost / Hibernating
CUST-07193,77,5,3039.48,2,3,2,At Risk
CUST-07194,14,9,7019.450000000001,5,5,5,Champion
CUST-07195,279,1,790.38,1,1,1,Lost / Hibernating
CUST-07196,156,2,2719.29,1,1,2,Lost / Hibernating
CUST-07197,38,5,2715.65,3,3,2,Lost / Hibernating
CUST-07198,14,8,7299.030000000001,5,5,5,Champion
CUST-07199,18,4,4202.46,4,2,3,New Potential
CUST-07200,60,4,3275.29,3,2,2,Lost / Hibernating
CUST-07201,83,3,1686.73,2,2,1,Lost / Hibernating
CUST-07202,30,4,2189.79,4,2,1,New Potential
CUST-07203,13,3,3008.31,5,2,2,New Potential
CUST-07204,50,9,13319.78,3,5,5,Loyal Customer
CUST-07205,21,3,3533.6000000000004,4,2,3,New Potential
CUST-07206,126,7,3946.18,1,5,3,Loyal Customer
CUST-07207,6,5,3836.62,5,3,3,Loyal Customer
CUST-07208,48,13,9596.48,3,5,5,Loyal Customer
CUST-07209,23,9,6537.83,4,5,5,Champion
CUST-07210,47,5,5109.59,3,3,4,Loyal Customer
CUST-07211,79,3,1378.56,2,2,1,Lost / Hibernating
CUST-07212,25,8,4427.62,4,5,3,Champion
CUST-07213,61,4,2625.44,3,2,2,Lost / Hibernating
CUST-07214,20,6,2856.36,4,4,2,Champion
CUST-07215,348,1,1279.46,1,1,1,Lost / Hibernating
CUST-07216,34,3,1607.1999999999998,4,2,1,New Potential
CUST-07217,100,5,3649.29,2,3,3,Loyal Customer
CUST-07218,33,6,4374.389999999999,4,4,3,Champion
CUST-07219,30,5,3988.45,4,3,3,Loyal Customer
CUST-07220,60,7,5491.7,3,5,4,Loyal Customer
CUST-07221,97,5,4526.13,2,3,3,Loyal Customer
CUST-07222,1,6,4212.24,5,4,3,Champion
CUST-07223,104,5,3684.4900000000002,2,3,3,Loyal Customer
CUST-07224,29,10,10729.13,4,5,5,Champion
CUST-07225,35,8,6873.52,4,5,5,Champion
CUST-07226,157,2,1919.1,1,1,1,Lost / Hibernating
CUST-07227,169,3,1879.3600000000001,1,2,1,Lost / Hibernating
CUST-07228,6,8,5856.01,5,5,4,Champion
CUST-07229,10,5,4098.32,5,3,3,Loyal Customer
CUST-07230,39,2,2205.19,3,1,1,Lost / Hibernating
CUST-07231,15,7,7766.77,5,5,5,Champion
CUST-07232,257,5,5807.83,1,3,4,Loyal Customer
CUST-07233,73,6,5611.11,2,4,4,Loyal Customer
CUST-07234,36,10,12619.220000000001,4,5,5,Champion
CUST-07235,10,9,8204.74,5,5,5,Champion
CUST-07236,118,2,1834.1299999999999,1,1,1,Lost / Hibernating
CUST-07237,118,4,3775.98,1,2,3,Lost / Hibernating
CUST-07238,19,5,3364.98,4,3,2,Lost / Hibernating
CUST-07239,17,5,3478.85,4,3,3,Loyal Customer
CUST-07240,14,4,2169.7799999999997,5,2,1,New Potential
CUST-07241,97,3,1106.33,2,2,1,Lost / Hibernating
CUST-07242,26,6,6162.02,4,4,5,Champion
CUST-07243,63,6,3739.81,3,4,3,Loyal Customer
CUST-07244,7,10,9359.189999999999,5,5,5,Champion
CUST-07245,80,4,2530.07,2,2,2,Lost / Hibernating
CUST-07246,150,3,1364.47,1,2,1,Lost / Hibernating
CUST-07247,58,6,5587.01,3,4,4,Loyal Customer
CUST-07248,67,5,4130.46,2,3,3,Loyal Customer
CUST-07249,124,2,667.49,1,1,1,Lost / Hibernating
CUST-07250,20,4,2178.27,4,2,1,New Potential
CUST-07251,46,3,2601.08,3,2,2,Lost / Hibernating
CUST-07252,10,9,7087.38,5,5,5,Champion
CUST-07253,17,13,10361.73,4,5,5,Champion
CUST-07254,41,3,2164.05,3,2,1,Lost / Hibernating
CUST-07255,1,7,7578.75,5,5,5,Champion
CUST-07256,1,5,2765.83,5,3,2,Lost / Hibernating
CUST-07257,60,2,2647.6099999999997,3,1,2,Lost / Hibernating
CUST-07258,41,4,4672.71,3,2,4,Lost / Hibernating
CUST-07259,265,1,635.62,1,1,1,Lost / Hibernating
CUST-07260,94,3,3675.06,2,2,3,Lost / Hibernating
CUST-07261,6,4,2259.21,5,2,1,New Potential
CUST-07262,7,8,8057.45,5,5,5,Champion
CUST-07263,23,4,3874.19,4,2,3,New Potential
CUST-07264,36,7,6630.3099999999995,4,5,5,Champion
CUST-07265,13,7,7231.92,5,5,5,Champion
CUST-07266,50,2,3028.06,3,1,2,Lost / Hibernating
CUST-07267,3,6,4077.73,5,4,3,Champion
CUST-07268,165,3,2823.66,1,2,2,Lost / Hibernating
CUST-07269,129,3,1479.1799999999998,1,2,1,Lost / Hibernating
CUST-07270,7,7,6791.3099999999995,5,5,5,Champion
CUST-07271,4,7,5817.52,5,5,4,Champion
CUST-07272,69,5,5546.73,2,3,4,Loyal Customer
CUST-07273,186,2,2480.59,1,1,2,Lost / Hibernating
CUST-07274,206,4,2766.76,1,2,2,Lost / Hibernating
CUST-07275,6,6,3758.9900000000002,5,4,3,Champion
CUST-07276,51,4,4162.56,3,2,3,Lost / Hibernating
CUST-07277,30,8,5719.780000000001,4,5,4,Champion
CUST-07278,28,8,3675.89,4,5,3,Champion
CUST-07279,73,4,2257.13,2,2,1,Lost / Hibernating
CUST-07280,103,5,2158.25,2,3,1,At Risk
CUST-07281,21,8,8005.62,4,5,5,Champion
CUST-07282,243,5,2539.48,1,3,2,At Risk
CUST-07283,187,4,4044.08,1,2,3,Lost / Hibernating
CUST-07284,28,7,7275.48,4,5,5,Champion
CUST-07285,34,6,5343.34,4,4,4,Champion
CUST-07286,279,2,970.9300000000001,1,1,1,Lost / Hibernating
CUST-07287,249,2,2965.23,1,1,2,Lost / Hibernating
CUST-07288,41,3,2796.21,3,2,2,Lost / Hibernating
CUST-07289,30,4,3111.67,4,2,2,New Potential
CUST-07290,161,4,3817.34,1,2,3,Lost / Hibernating
CUST-07291,56,6,7696.43,3,4,5,Loyal Customer
CUST-07292,53,8,7303.889999999999,3,5,5,Loyal Customer
CUST-07293,127,9,6822.78,1,5,5,Loyal Customer
CUST-07294,7,7,9449.33,5,5,5,Champion
CUST-07295,45,4,4814.5199999999995,3,2,4,Lost / Hibernating
CUST-07296,17,5,3718.55,4,3,3,Loyal Customer
CUST-07297,96,4,4288.81,2,2,3,Lost / Hibernating
CUST-07298,24,5,6461.63,4,3,5,Loyal Customer
CUST-07299,165,4,2408.67,1,2,2,Lost / Hibernating
CUST-07300,82,5,6595.95,2,3,5,Loyal Customer
CUST-07301,189,2,3151.69,1,1,2,Lost / Hibernating
CUST-07302,130,3,4704.15,1,2,4,Lost / Hibernating
CUST-07303,5,4,1026.43,5,2,1,New Potential
CUST-07304,98,6,3391.44,2,4,2,At Risk
CUST-07305,1,6,4317.31,5,4,3,Champion
CUST-07306,85,4,2432.01,2,2,2,Lost / Hibernating
CUST-07307,191,2,1542.6399999999999,1,1,1,Lost / Hibernating
CUST-07308,57,6,3375.19,3,4,2,Lost / Hibernating
CUST-07309,45,6,7286.74,3,4,5,Loyal Customer
CUST-07310,41,3,1365.19,3,2,1,Lost / Hibernating
CUST-07311,156,4,2748.72,1,2,2,Lost / Hibernating
CUST-07312,8,6,3193.87,5,4,2,Champion
CUST-07313,171,6,8246.63,1,4,5,Loyal Customer
CUST-07314,101,3,2726.83,2,2,2,Lost / Hibernating
CUST-07315,70,7,8448.699999999999,2,5,5,Loyal Customer
CUST-07316,132,7,6826.1,1,5,5,Loyal Customer
CUST-07317,87,5,4925.65,2,3,4,Loyal Customer
CUST-07318,26,6,4063.06,4,4,3,Champion
CUST-07319,26,2,2001.1399999999999,4,1,1,New Potential
CUST-07320,49,6,5168.48,3,4,4,Loyal Customer
CUST-07321,151,3,2030.76,1,2,1,Lost / Hibernating
CUST-07322,44,5,3479.1,3,3,3,Loyal Customer
CUST-07323,21,5,4617.72,4,3,4,Loyal Customer
CUST-07324,126,3,4690.13,1,2,4,Lost / Hibernating
CUST-07325,67,5,5786.54,2,3,4,Loyal Customer
CUST-07326,41,5,2666.5,3,3,2,Lost / Hibernating
CUST-07327,33,6,6944.18,4,4,5,Champion
CUST-07328,7,7,4888.15,5,5,4,Champion
CUST-07329,33,6,8015.76,4,4,5,Champion
CUST-07330,77,4,3241.55,2,2,2,Lost / Hibernating
CUST-07331,179,2,2766.11,1,1,2,Lost / Hibernating
CUST-07332,14,6,7010.49,5,4,5,Champion
CUST-07333,61,5,4606.96,3,3,4,Loyal Customer
CUST-07334,7,7,8975.8,5,5,5,Champion
CUST-07335,66,8,6852.58,3,5,5,Loyal Customer
CUST-07336,77,3,3026.8599999999997,2,2,2,Lost / Hibernating
CUST-07337,207,5,4453.58,1,3,3,Loyal Customer
CUST-07338,15,9,6390.77,5,5,5,Champion
CUST-07339,100,5,3565.71,2,3,3,Loyal Customer
CUST-07340,17,6,6321.74,4,4,5,Champion
CUST-07341,162,3,4046.0699999999997,1,2,3,Lost / Hibernating
CUST-07342,13,5,2839.42,5,3,2,Lost / Hibernating
CUST-07343,25,6,7136.1,4,4,5,Champion
CUST-07344,47,3,3782.99,3,2,3,Lost / Hibernating
CUST-07345,7,5,3861.36,5,3,3,Loyal Customer
CUST-07346,50,5,3716.69,3,3,3,Loyal Customer
CUST-07347,35,7,7706.57,4,5,5,Champion
CUST-07348,105,8,6194.39,2,5,5,Loyal Customer
CUST-07349,85,5,2433.86,2,3,2,At Risk
CUST-07350,13,9,8965.91,5,5,5,Champion
CUST-07351,222,6,4400.69,1,4,3,Loyal Customer
CUST-07352,37,4,3923.0600000000004,4,2,3,New Potential
CUST-07353,49,4,1982.1200000000001,3,2,1,Lost / Hibernating
CUST-07354,252,2,2526.2799999999997,1,1,2,Lost / Hibernating
CUST-07355,91,3,3669.15,2,2,3,Lost / Hibernating
CUST-07356,28,7,4824.68,4,5,4,Champion
CUST-07357,71,7,5404.08,2,5,4,Loyal Customer
CUST-07358,13,5,6152.22,5,3,5,Loyal Customer
CUST-07359,58,5,3128.13,3,3,2,Lost / Hibernating
CUST-07360,136,2,1241.75,1,1,1,Lost / Hibernating
CUST-07361,33,5,4727.34,4,3,4,Loyal Customer
CUST-07362,18,4,4092.34,4,2,3,New Potential
CUST-07363,57,3,1290.6299999999999,3,2,1,Lost / Hibernating
CUST-07364,295,1,730.94,1,1,1,Lost / Hibernating
CUST-07365,20,5,4719.860000000001,4,3,4,Loyal Customer
CUST-07366,146,4,6235.79,1,2,5,Lost / Hibernating
CUST-07367,6,7,4746.62,5,5,4,Champion
CUST-07368,51,3,2146.17,3,2,1,Lost / Hibernating
CUST-07369,50,11,8019.69,3,5,5,Loyal Customer
CUST-07370,40,9,8603.1,3,5,5,Loyal Customer
CUST-07371,110,4,2844.17,2,2,2,Lost / Hibernating
CUST-07372,43,8,6584.9400000000005,3,5,5,Loyal Customer
CUST-07373,50,9,7151.47,3,5,5,Loyal Customer
CUST-07374,40,10,9608.15,3,5,5,Loyal Customer
CUST-07375,140,5,5514.92,1,3,4,Loyal Customer
CUST-07376,60,5,3144.53,3,3,2,Lost / Hibernating
CUST-07377,44,1,389.12,3,1,1,Lost / Hibernating
CUST-07378,15,4,2302.6099999999997,5,2,2,New Potential
CUST-07379,140,5,3419.71,1,3,3,Loyal Customer
CUST-07380,45,2,873.5899999999999,3,1,1,Lost / Hibernating
CUST-07381,73,2,1191.09,2,1,1,Lost / Hibernating
CUST-07382,198,2,2037.2800000000002,1,1,1,Lost / Hibernating
CUST-07383,42,5,2486.71,3,3,2,Lost / Hibernating
CUST-07385,49,9,9506.39,3,5,5,Loyal Customer
CUST-07386,43,3,1292.5,3,2,1,Lost / Hibernating
CUST-07387,12,8,7719.51,5,5,5,Champion
CUST-07388,18,6,5218.360000000001,4,4,4,Champion
CUST-07389,19,8,5415.01,4,5,4,Champion
CUST-07390,80,5,3327.38,2,3,2,At Risk
CUST-07391,60,4,2553.48,3,2,2,Lost / Hibernating
CUST-07392,75,7,3354.45,2,5,2,At Risk
CUST-07393,5,7,4001.3199999999997,5,5,3,Champion
CUST-07394,209,3,2079.07,1,2,1,Lost / Hibernating
CUST-07395,218,2,1564.19,1,1,1,Lost / Hibernating
CUST-07396,137,7,3183.8199999999997,1,5,2,At Risk
CUST-07397,103,6,5500.6,2,4,4,Loyal Customer
CUST-07398,33,5,5356.3,4,3,4,Loyal Customer
CUST-07399,71,3,3090.2400000000002,2,2,2,Lost / Hibernating
CUST-07400,48,5,2728.67,3,3,2,Lost / Hibernating
CUST-07401,58,2,1919.48,3,1,1,Lost / Hibernating
CUST-07402,130,7,5228.42,1,5,4,Loyal Customer
CUST-07403,16,10,8841.65,5,5,5,Champion
CUST-07404,23,4,1801.29,4,2,1,New Potential
CUST-07405,249,5,4831.84,1,3,4,Loyal Customer
CUST-07406,94,5,5300.030000000001,2,3,4,Loyal Customer
CUST-07407,10,8,6716.04,5,5,5,Champion
CUST-07408,3,5,6323.79,5,3,5,Loyal Customer
CUST-07409,271,1,797.42,1,1,1,Lost / Hibernating
CUST-07410,38,6,4664.27,3,4,4,Loyal Customer
CUST-07411,14,3,1366.22,5,2,1,New Potential
CUST-07412,56,4,3108.54,3,2,2,Lost / Hibernating
CUST-07413,3,4,3039.1000000000004,5,2,2,New Potential
CUST-07414,39,2,3832.8199999999997,3,1,3,Lost / Hibernating
CUST-07415,273,3,3120.7200000000003,1,2,2,Lost / Hibernating
CUST-07416,45,7,6719.389999999999,3,5,5,Loyal Customer
CUST-07417,78,1,1635.07,2,1,1,Lost / Hibernating
CUST-07418,90,3,2582.06,2,2,2,Lost / Hibernating
CUST-07419,73,5,3979.38,2,3,3,Loyal Customer
CUST-07420,54,7,4920.61,3,5,4,Loyal Customer
CUST-07421,26,8,6589.84,4,5,5,Champion
CUST-07422,130,4,1520.8899999999999,1,2,1,Lost / Hibernating
CUST-07423,155,4,2850.8,1,2,2,Lost / Hibernating
CUST-07424,17,6,3858.04,4,4,3,Champion
CUST-07425,72,4,2968.7,2,2,2,Lost / Hibernating
CUST-07426,133,4,2584.13,1,2,2,Lost / Hibernating
CUST-07427,10,3,745.29,5,2,1,New Potential
CUST-07428,38,5,2524.86,3,3,2,Lost / Hibernating
CUST-07429,324,2,571.1800000000001,1,1,1,Lost / Hibernating
CUST-07430,34,5,2981.38,4,3,2,Lost / Hibernating
CUST-07431,103,6,3977.27,2,4,3,Loyal Customer
CUST-07432,57,2,1035.3799999999999,3,1,1,Lost / Hibernating
CUST-07433,3,4,2720.04,5,2,2,New Potential
CUST-07434,3,8,6540.72,5,5,5,Champion
CUST-07435,110,3,4071.4399999999996,2,2,3,Lost / Hibernating
CUST-07436,37,6,5692.11,4,4,4,Champion
CUST-07437,325,2,1951.46,1,1,1,Lost / Hibernating
CUST-07438,205,3,2053.7400000000002,1,2,1,Lost / Hibernating
CUST-07439,20,7,6644.320000000001,4,5,5,Champion
CUST-07440,2,5,4026.34,5,3,3,Loyal Customer
CUST-07441,40,6,6595.49,3,4,5,Loyal Customer
CUST-07442,103,6,5797.72,2,4,4,Loyal Customer
CUST-07443,107,7,6290.41,2,5,5,Loyal Customer
CUST-07444,55,9,4567.74,3,5,3,Loyal Customer
CUST-07445,44,10,6366.389999999999,3,5,5,Loyal Customer
CUST-07446,43,8,8943.98,3,5,5,Loyal Customer
CUST-07448,10,3,2318.8599999999997,5,2,2,New Potential
CUST-07449,39,6,4929.03,3,4,4,Loyal Customer
CUST-07450,58,4,4728.59,3,2,4,Lost / Hibernating
CUST-07451,62,6,3670.73,3,4,3,Loyal Customer
CUST-07452,82,5,4929.66,2,3,4,Loyal Customer
CUST-07453,12,4,2884.04,5,2,2,New Potential
CUST-07454,147,7,3856.26,1,5,3,Loyal Customer
CUST-07455,89,2,806.94,2,1,1,Lost / Hibernating
CUST-07456,63,7,8729.119999999999,3,5,5,Loyal Customer
CUST-07457,44,6,2815.01,3,4,2,Lost / Hibernating
CUST-07458,23,6,8632.13,4,4,5,Champion
CUST-07459,25,3,5050.62,4,2,4,New Potential
CUST-07460,34,10,6918.32,4,5,5,Champion
CUST-07461,102,4,3129.65,2,2,2,Lost / Hibernating
CUST-07462,11,6,3521.81,5,4,3,Champion
CUST-07463,261,2,686.14,1,1,1,Lost / Hibernating
CUST-07464,60,3,1411.1000000000001,3,2,1,Lost / Hibernating
CUST-07465,62,6,4070.6,3,4,3,Loyal Customer
CUST-07466,39,1,1239.16,3,1,1,Lost / Hibernating
CUST-07467,25,4,2338.13,4,2,2,New Potential
CUST-07468,109,6,3352.2000000000003,2,4,2,At Risk
CUST-07469,54,5,6093.06,3,3,4,Loyal Customer
CUST-07470,39,7,4402.52,3,5,3,Loyal Customer
CUST-07471,93,4,2150.5699999999997,2,2,1,Lost / Hibernating
CUST-07472,96,4,2653.14,2,2,2,Lost / Hibernating
CUST-07473,59,3,3435.9,3,2,3,Lost / Hibernating
CUST-07474,245,3,1824.72,1,2,1,Lost / Hibernating
CUST-07475,44,14,11195.09,3,5,5,Loyal Customer
CUST-07476,168,3,1729.9,1,2,1,Lost / Hibernating
CUST-07477,161,4,3577.8799999999997,1,2,3,Lost / Hibernating
CUST-07478,69,5,2910.63,2,3,2,At Risk
CUST-07479,27,2,2482.06,4,1,2,New Potential
CUST-07480,61,7,8341.54,3,5,5,Loyal Customer
CUST-07481,9,8,4800.6900000000005,5,5,4,Champion
CUST-07482,26,4,2118.4,4,2,1,New Potential
CUST-07483,105,3,1673.8200000000002,2,2,1,Lost / Hibernating
CUST-07484,105,4,5593.98,2,2,4,Lost / Hibernating
CUST-07485,113,1,1255.46,2,1,1,Lost / Hibernating
CUST-07486,2,6,4559.29,5,4,3,Champion
CUST-07487,22,5,4450.59,4,3,3,Loyal Customer
CUST-07488,116,3,2659.7,2,2,2,Lost / Hibernating
CUST-07489,10,9,7228.98,5,5,5,Champion
CUST-07490,88,5,4056.2200000000003,2,3,3,Loyal Customer
CUST-07491,51,5,5621.35,3,3,4,Loyal Customer
CUST-07492,62,6,4455.6900000000005,3,4,3,Loyal Customer
CUST-07493,2,7,4493.49,5,5,3,Champion
CUST-07494,36,6,5378.72,4,4,4,Champion
CUST-07495,30,9,9222.93,4,5,5,Champion
CUST-07496,151,3,2214.7,1,2,1,Lost / Hibernating
CUST-07497,12,3,1718.06,5,2,1,New Potential
CUST-07498,38,3,3732.38,3,2,3,Lost / Hibernating
CUST-07499,207,3,1069.57,1,2,1,Lost / Hibernating
CUST-07500,83,6,4120.5,2,4,3,Loyal Customer
CUST-07501,145,5,6489.25,1,3,5,Loyal Customer
CUST-07502,27,4,3139.0,4,2,2,New Potential
CUST-07503,79,6,6452.35,2,4,5,Loyal Customer
CUST-07504,71,6,6978.08,2,4,5,Loyal Customer
CUST-07505,15,10,8767.0,5,5,5,Champion
CUST-07506,46,4,2859.73,3,2,2,Lost / Hibernating
CUST-07507,60,6,4632.26,3,4,4,Loyal Customer
CUST-07508,11,6,5813.2,5,4,4,Champion
CUST-07509,72,2,1490.01,2,1,1,Lost / Hibernating
CUST-07510,16,8,7007.34,5,5,5,Champion
CUST-07511,23,6,3056.2,4,4,2,Champion
CUST-07512,180,4,4074.58,1,2,3,Lost / Hibernating
CUST-07513,39,11,9560.94,3,5,5,Loyal Customer
CUST-07514,58,4,2451.04,3,2,2,Lost / Hibernating
CUST-07515,26,8,10263.93,4,5,5,Champion
CUST-07516,35,11,7468.7,4,5,5,Champion
CUST-07517,36,6,4525.95,4,4,3,Champion
CUST-07518,135,5,4655.8,1,3,4,Loyal Customer
CUST-07520,27,7,8382.98,4,5,5,Champion
CUST-07521,74,5,4539.51,2,3,3,Loyal Customer
CUST-07522,2,5,6390.67,5,3,5,Loyal Customer
CUST-07523,41,7,7513.9,3,5,5,Loyal Customer
CUST-07524,17,7,7290.65,4,5,5,Champion
CUST-07525,30,8,9518.0,4,5,5,Champion
CUST-07526,106,6,4155.77,2,4,3,Loyal Customer
CUST-07527,140,2,2567.44,1,1,2,Lost / Hibernating
CUST-07528,16,4,3157.19,5,2,2,New Potential
CUST-07529,80,4,2516.7,2,2,2,Lost / Hibernating
CUST-07530,112,5,4599.54,2,3,4,Loyal Customer
CUST-07531,12,3,1066.44,5,2,1,New Potential
CUST-07532,116,4,3638.92,2,2,3,Lost / Hibernating
CUST-07533,29,7,4333.0,4,5,3,Champion
CUST-07534,18,4,5477.74,4,2,4,New Potential
CUST-07535,55,4,2132.45,3,2,1,Lost / Hibernating
CUST-07536,33,3,1704.32,4,2,1,New Potential
CUST-07537,116,8,5153.01,2,5,4,Loyal Customer
CUST-07538,61,6,6194.49,3,4,5,Loyal Customer
CUST-07539,27,4,6104.21,4,2,5,New Potential
CUST-07540,35,6,4376.299999999999,4,4,3,Champion
CUST-07541,26,7,6682.82,4,5,5,Champion
CUST-07542,9,8,5114.02,5,5,4,Champion
CUST-07543,150,3,2073.7200000000003,1,2,1,Lost / Hibernating
CUST-07544,56,1,1648.12,3,1,1,Lost / Hibernating
CUST-07545,72,6,3395.18,2,4,2,At Risk
CUST-07546,60,5,4647.98,3,3,4,Loyal Customer
CUST-07547,56,1,1468.8,3,1,1,Lost / Hibernating
CUST-07548,25,9,7569.83,4,5,5,Champion
CUST-07549,16,7,7649.86,5,5,5,Champion
CUST-07550,32,8,6447.9,4,5,5,Champion
CUST-07551,27,4,5170.37,4,2,4,New Potential
CUST-07552,43,6,3795.8199999999997,3,4,3,Loyal Customer
CUST-07553,10,4,3079.7200000000003,5,2,2,New Potential
CUST-07554,191,1,1129.18,1,1,1,Lost / Hibernating
CUST-07555,341,1,751.2,1,1,1,Lost / Hibernating
CUST-07556,12,9,8982.89,5,5,5,Champion
CUST-07557,28,9,3978.49,4,5,3,Champion
CUST-07558,167,3,1073.58,1,2,1,Lost / Hibernating
CUST-07559,135,3,3332.38,1,2,2,Lost / Hibernating
CUST-07560,6,3,3027.9,5,2,2,New Potential
CUST-07561,158,3,2313.4700000000003,1,2,2,Lost / Hibernating
CUST-07562,25,3,2326.7200000000003,4,2,2,New Potential
CUST-07563,59,7,7821.76,3,5,5,Loyal Customer
CUST-07564,63,8,5980.68,3,5,4,Loyal Customer
CUST-07565,22,3,2828.92,4,2,2,New Potential
CUST-07566,16,5,3785.8,5,3,3,Loyal Customer
CUST-07567,201,3,5588.57,1,2,4,Lost / Hibernating
CUST-07568,17,4,4894.39,4,2,4,New Potential
CUST-07569,172,7,4837.860000000001,1,5,4,Loyal Customer
CUST-07570,126,1,467.98,1,1,1,Lost / Hibernating
CUST-07571,120,6,4477.42,1,4,3,Loyal Customer
CUST-07572,9,6,5129.57,5,4,4,Champion
CUST-07573,49,3,1999.18,3,2,1,Lost / Hibernating
CUST-07574,7,5,5192.46,5,3,4,Loyal Customer
CUST-07575,4,8,6797.179999999999,5,5,5,Champion
CUST-07576,50,4,2925.78,3,2,2,Lost / Hibernating
CUST-07577,19,6,2800.94,4,4,2,Champion
CUST-07578,242,3,3434.37,1,2,3,Lost / Hibernating
CUST-07579,104,4,3490.09,2,2,3,Lost / Hibernating
CUST-07580,72,2,1454.06,2,1,1,Lost / Hibernating
CUST-07581,29,6,4269.12,4,4,3,Champion
CUST-07582,22,4,2308.26,4,2,2,New Potential
CUST-07583,11,4,1827.06,5,2,1,New Potential
CUST-07584,71,3,2111.29,2,2,1,Lost / Hibernating
CUST-07585,16,3,4277.47,5,2,3,New Potential
CUST-07587,15,5,4163.28,5,3,3,Loyal Customer
CUST-07588,90,7,5749.27,2,5,4,Loyal Customer
CUST-07589,10,7,5562.96,5,5,4,Champion
CUST-07590,210,2,1743.14,1,1,1,Lost / Hibernating
CUST-07591,2,8,8466.46,5,5,5,Champion
CUST-07592,48,7,4553.4400000000005,3,5,3,Loyal Customer
CUST-07593,177,3,2302.7599999999998,1,2,2,Lost / Hibernating
CUST-07594,23,9,6565.49,4,5,5,Champion
CUST-07595,2,1,718.58,5,1,1,New Potential
CUST-07596,8,10,6330.8099999999995,5,5,5,Champion
CUST-07597,112,3,3219.2200000000003,2,2,2,Lost / Hibernating
CUST-07598,27,5,5369.84,4,3,4,Loyal Customer
CUST-07599,43,5,4130.34,3,3,3,Loyal Customer
CUST-07600,182,2,710.93,1,1,1,Lost / Hibernating
CUST-07601,92,1,355.66,2,1,1,Lost / Hibernating
CUST-07602,42,5,2026.26,3,3,1,Lost / Hibernating
CUST-07603,113,2,645.94,2,1,1,Lost / Hibernating
CUST-07604,14,4,2088.55,5,2,1,New Potential
CUST-07605,23,4,4970.91,4,2,4,New Potential
CUST-07606,25,7,6526.849999999999,4,5,5,Champion
CUST-07607,12,4,5676.08,5,2,4,New Potential
CUST-07608,13,6,5632.88,5,4,4,Champion
CUST-07609,85,6,7358.379999999999,2,4,5,Loyal Customer
CUST-07610,15,7,5180.32,5,5,4,Champion
CUST-07611,4,5,5887.05,5,3,4,Loyal Customer
CUST-07612,296,3,3000.33,1,2,2,Lost / Hibernating
CUST-07613,35,6,3624.38,4,4,3,Champion
CUST-07614,10,4,2715.31,5,2,2,New Potential
CUST-07615,26,4,1492.41,4,2,1,New Potential
CUST-07616,49,4,2318.9700000000003,3,2,2,Lost / Hibernating
CUST-07617,143,4,4020.92,1,2,3,Lost / Hibernating
CUST-07618,62,3,3069.21,3,2,2,Lost / Hibernating
CUST-07619,24,8,9074.539999999999,4,5,5,Champion
CUST-07620,58,8,4977.05,3,5,4,Loyal Customer
CUST-07621,114,6,4242.4,2,4,3,Loyal Customer
CUST-07622,37,4,4897.110000000001,4,2,4,New Potential
CUST-07623,15,12,14313.42,5,5,5,Champion
CUST-07624,76,4,3314.0,2,2,2,Lost / Hibernating
CUST-07625,32,6,4341.41,4,4,3,Champion
CUST-07626,17,5,2521.95,4,3,2,Lost / Hibernating
CUST-07627,44,5,4690.32,3,3,4,Loyal Customer
CUST-07628,78,9,8008.22,2,5,5,Loyal Customer
CUST-07629,108,4,1992.52,2,2,1,Lost / Hibernating
CUST-07630,44,6,3491.9,3,4,3,Loyal Customer
CUST-07631,20,5,1882.63,4,3,1,Lost / Hibernating
CUST-07632,48,7,5980.86,3,5,4,Loyal Customer
CUST-07633,19,6,3167.36,4,4,2,Champion
CUST-07634,115,3,2173.96,2,2,1,Lost / Hibernating
CUST-07635,31,5,6256.57,4,3,5,Loyal Customer
CUST-07636,5,2,1240.35,5,1,1,New Potential
CUST-07637,19,4,3472.21,4,2,3,New Potential
CUST-07638,61,4,4334.31,3,2,3,Lost / Hibernating
CUST-07639,51,4,1769.92,3,2,1,Lost / Hibernating
CUST-07640,124,3,5428.639999999999,1,2,4,Lost / Hibernating
CUST-07641,71,7,7910.42,2,5,5,Loyal Customer
CUST-07642,111,4,1795.8200000000002,2,2,1,Lost / Hibernating
CUST-07643,5,7,5370.5599999999995,5,5,4,Champion
CUST-07644,14,6,6340.03,5,4,5,Champion
CUST-07645,76,7,6109.01,2,5,5,Loyal Customer
CUST-07646,20,5,2608.25,4,3,2,Lost / Hibernating
CUST-07647,10,7,7301.25,5,5,5,Champion
CUST-07648,57,12,11657.01,3,5,5,Loyal Customer
CUST-07649,55,4,2895.85,3,2,2,Lost / Hibernating
CUST-07650,31,3,1563.78,4,2,1,New Potential
CUST-07651,146,6,5926.4400000000005,1,4,4,Loyal Customer
CUST-07652,221,3,2571.41,1,2,2,Lost / Hibernating
CUST-07653,31,4,4533.92,4,2,3,New Potential
CUST-07654,8,4,2658.6200000000003,5,2,2,New Potential
CUST-07655,79,8,7432.34,2,5,5,Loyal Customer
CUST-07656,201,3,2966.94,1,2,2,Lost / Hibernating
CUST-07657,67,6,4299.99,2,4,3,Loyal Customer
CUST-07658,16,6,5097.96,5,4,4,Champion
CUST-07659,67,8,4053.79,2,5,3,Loyal Customer
CUST-07660,56,4,2859.5,3,2,2,Lost / Hibernating
CUST-07661,23,4,2539.41,4,2,2,New Potential
CUST-07662,170,2,1782.95,1,1,1,Lost / Hibernating
CUST-07663,22,3,2436.2,4,2,2,New Potential
CUST-07664,104,3,2355.23,2,2,2,Lost / Hibernating
CUST-07665,5,6,6449.46,5,4,5,Champion
CUST-07666,201,10,10523.42,1,5,5,Loyal Customer
CUST-07667,25,4,3923.3500000000004,4,2,3,New Potential
CUST-07668,6,5,5580.58,5,3,4,Loyal Customer
CUST-07670,116,6,9330.16,2,4,5,Loyal Customer
CUST-07671,122,7,7306.83,1,5,5,Loyal Customer
CUST-07672,88,6,5977.05,2,4,4,Loyal Customer
CUST-07673,55,8,6067.69,3,5,4,Loyal Customer
CUST-07674,6,5,5247.73,5,3,4,Loyal Customer
CUST-07675,16,9,4666.43,5,5,4,Champion
CUST-07676,2,4,3084.0299999999997,5,2,2,New Potential
CUST-07677,10,7,7522.98,5,5,5,Champion
CUST-07678,66,4,1544.0900000000001,3,2,1,Lost / Hibernating
CUST-07679,191,6,4830.610000000001,1,4,4,Loyal Customer
CUST-07680,136,5,3624.64,1,3,3,Loyal Customer
CUST-07681,64,8,5591.37,3,5,4,Loyal Customer
CUST-07682,106,2,1869.6399999999999,2,1,1,Lost / Hibernating
CUST-07683,178,5,4954.83,1,3,4,Loyal Customer
CUST-07684,11,4,3404.61,5,2,2,New Potential
CUST-07685,7,9,7183.57,5,5,5,Champion
CUST-07686,26,7,6134.84,4,5,5,Champion
CUST-07687,63,3,2072.45,3,2,1,Lost / Hibernating
CUST-07688,67,8,6364.35,2,5,5,Loyal Customer
CUST-07689,58,8,10266.42,3,5,5,Loyal Customer
CUST-07690,75,2,2326.55,2,1,2,Lost / Hibernating
CUST-07691,102,5,5132.55,2,3,4,Loyal Customer
CUST-07692,122,2,1035.6599999999999,1,1,1,Lost / Hibernating
CUST-07693,122,4,3976.53,1,2,3,Lost / Hibernating
CUST-07694,50,3,3020.22,3,2,2,Lost / Hibernating
CUST-07695,3,8,6816.76,5,5,5,Champion
CUST-07696,38,6,4345.7,3,4,3,Loyal Customer
CUST-07697,11,3,1107.28,5,2,1,New Potential
CUST-07698,76,3,2430.34,2,2,2,Lost / Hibernating
CUST-07699,57,7,4499.07,3,5,3,Loyal Customer
CUST-07700,31,6,4846.7,4,4,4,Champion
CUST-07701,8,13,9657.17,5,5,5,Champion
CUST-07702,40,6,4659.4800000000005,3,4,4,Loyal Customer
CUST-07703,18,7,5293.51,4,5,4,Champion
CUST-07704,1,8,7135.85,5,5,5,Champion
CUST-07705,261,5,3600.32,1,3,3,Loyal Customer
CUST-07706,52,3,1836.15,3,2,1,Lost / Hibernating
CUST-07707,7,7,2461.94,5,5,2,Champion
CUST-07708,141,5,3727.0199999999995,1,3,3,Loyal Customer
CUST-07709,5,5,5560.849999999999,5,3,4,Loyal Customer
CUST-07710,120,6,2735.7799999999997,1,4,2,At Risk
CUST-07711,106,4,3739.52,2,2,3,Lost / Hibernating
CUST-07712,45,5,4205.0,3,3,3,Loyal Customer
CUST-07713,1,6,4580.32,5,4,4,Champion
CUST-07714,41,7,6745.12,3,5,5,Loyal Customer
CUST-07715,179,3,4976.51,1,2,4,Lost / Hibernating
CUST-07716,15,4,2353.21,5,2,2,New Potential
CUST-07717,136,5,3919.7,1,3,3,Loyal Customer
CUST-07718,133,4,3704.59,1,2,3,Lost / Hibernating
CUST-07719,106,3,1545.54,2,2,1,Lost / Hibernating
CUST-07720,72,6,6338.85,2,4,5,Loyal Customer
CUST-07721,80,4,5273.530000000001,2,2,4,Lost / Hibernating
CUST-07722,158,3,3592.74,1,2,3,Lost / Hibernating
CUST-07723,3,6,3407.0,5,4,3,Champion
CUST-07724,131,3,2541.7599999999998,1,2,2,Lost / Hibernating
CUST-07725,116,4,2792.21,2,2,2,Lost / Hibernating
CUST-07726,26,6,5350.65,4,4,4,Champion
CUST-07727,19,2,382.95,4,1,1,New Potential
CUST-07728,19,3,1720.77,4,2,1,New Potential
CUST-07729,119,4,3879.5800000000004,1,2,3,Lost / Hibernating
CUST-07730,259,2,2535.56,1,1,2,Lost / Hibernating
CUST-07731,87,3,3651.24,2,2,3,Lost / Hibernating
CUST-07732,81,4,3463.58,2,2,3,Lost / Hibernating
CUST-07733,116,7,5954.26,2,5,4,Loyal Customer
CUST-07734,68,5,3450.21,2,3,3,Loyal Customer
CUST-07735,61,3,2315.23,3,2,2,Lost / Hibernating
CUST-07736,63,7,5079.85,3,5,4,Loyal Customer
CUST-07737,177,3,4276.88,1,2,3,Lost / Hibernating
CUST-07738,112,7,5252.7699999999995,2,5,4,Loyal Customer
CUST-07739,100,2,1667.6100000000001,2,1,1,Lost / Hibernating
CUST-07740,224,4,3350.87,1,2,2,Lost / Hibernating
CUST-07741,21,3,2359.73,4,2,2,New Potential
CUST-07742,33,9,7772.78,4,5,5,Champion
CUST-07743,45,12,11881.5,3,5,5,Loyal Customer
CUST-07744,137,6,6842.34,1,4,5,Loyal Customer
CUST-07745,150,5,5137.31,1,3,4,Loyal Customer
CUST-07746,19,3,3188.8,4,2,2,New Potential
CUST-07747,17,6,1833.77,4,4,1,Champion
CUST-07748,27,3,1096.08,4,2,1,New Potential
CUST-07749,5,4,2497.02,5,2,2,New Potential
CUST-07750,178,6,4430.49,1,4,3,Loyal Customer
CUST-07751,327,1,692.53,1,1,1,Lost / Hibernating
CUST-07752,161,8,5172.48,1,5,4,Loyal Customer
CUST-07753,24,5,3851.29,4,3,3,Loyal Customer
CUST-07754,21,6,5722.48,4,4,4,Champion
CUST-07755,16,7,6306.76,5,5,5,Champion
CUST-07756,38,7,5534.5599999999995,3,5,4,Loyal Customer
CUST-07757,93,6,4423.72,2,4,3,Loyal Customer
CUST-07758,51,13,9673.6,3,5,5,Loyal Customer
CUST-07759,73,4,4407.33,2,2,3,Lost / Hibernating
CUST-07760,2,3,3341.98,5,2,2,New Potential
CUST-07761,80,6,6932.7699999999995,2,4,5,Loyal Customer
CUST-07762,2,5,3573.42,5,3,3,Loyal Customer
CUST-07763,116,4,2236.05,2,2,1,Lost / Hibernating
CUST-07764,25,5,4372.3099999999995,4,3,3,Loyal Customer
CUST-07765,72,2,1020.69,2,1,1,Lost / Hibernating
CUST-07766,47,4,3448.91,3,2,3,Lost / Hibernating
CUST-07767,1,9,9394.369999999999,5,5,5,Champion
CUST-07768,10,9,13059.32,5,5,5,Champion
CUST-07769,82,4,3361.65,2,2,2,Lost / Hibernating
CUST-07770,108,2,1775.6100000000001,2,1,1,Lost / Hibernating
CUST-07771,13,4,4298.46,5,2,3,New Potential
CUST-07772,168,1,653.19,1,1,1,Lost / Hibernating
CUST-07773,10,3,2025.28,5,2,1,New Potential
CUST-07774,11,7,3744.75,5,5,3,Champion
CUST-07775,51,4,4878.27,3,2,4,Lost / Hibernating
CUST-07776,58,4,1965.5100000000002,3,2,1,Lost / Hibernating
CUST-07777,29,6,3722.38,4,4,3,Champion
CUST-07778,4,5,6673.32,5,3,5,Loyal Customer
CUST-07779,1,5,4180.030000000001,5,3,3,Loyal Customer
CUST-07780,4,8,7320.17,5,5,5,Champion
CUST-07781,198,2,3714.16,1,1,3,Lost / Hibernating
CUST-07782,94,4,2409.58,2,2,2,Lost / Hibernating
CUST-07783,8,2,1542.77,5,1,1,New Potential
CUST-07784,41,6,3488.55,3,4,3,Loyal Customer
CUST-07785,135,5,4188.09,1,3,3,Loyal Customer
CUST-07786,24,7,5160.4800000000005,4,5,4,Champion
CUST-07787,64,5,5630.7699999999995,3,3,4,Loyal Customer
CUST-07788,6,6,4585.58,5,4,4,Champion
CUST-07789,99,7,6875.4,2,5,5,Loyal Customer
CUST-07790,1,3,2388.38,5,2,2,New Potential
CUST-07791,37,7,3964.15,4,5,3,Champion
CUST-07792,28,4,2246.4,4,2,1,New Potential
CUST-07793,174,4,4586.6900000000005,1,2,4,Lost / Hibernating
CUST-07794,94,5,6348.5,2,3,5,Loyal Customer
CUST-07795,51,5,7235.78,3,3,5,Loyal Customer
CUST-07796,123,1,2399.09,1,1,2,Lost / Hibernating
CUST-07797,24,5,3036.49,4,3,2,Lost / Hibernating
CUST-07798,56,4,2624.52,3,2,2,Lost / Hibernating
CUST-07799,6,7,6460.89,5,5,5,Champion
CUST-07800,235,3,1444.63,1,2,1,Lost / Hibernating
CUST-07801,13,5,5779.87,5,3,4,Loyal Customer
CUST-07802,5,8,5889.32,5,5,4,Champion
CUST-07803,1,6,4430.58,5,4,3,Champion
CUST-07804,139,5,2647.96,1,3,2,At Risk
CUST-07805,35,7,7305.82,4,5,5,Champion
CUST-07806,24,8,7363.87,4,5,5,Champion
CUST-07807,7,5,5034.71,5,3,4,Loyal Customer
CUST-07808,81,6,6172.04,2,4,5,Loyal Customer
CUST-07809,21,5,3868.97,4,3,3,Loyal Customer
CUST-07810,118,5,7396.8,1,3,5,Loyal Customer
CUST-07811,155,4,3277.7200000000003,1,2,2,Lost / Hibernating
CUST-07812,35,3,2483.0,4,2,2,New Potential
CUST-07813,15,5,3590.65,5,3,3,Loyal Customer
CUST-07814,102,2,1189.83,2,1,1,Lost / Hibernating
CUST-07815,9,5,5343.2,5,3,4,Loyal Customer
CUST-07816,30,5,2250.84,4,3,1,Lost / Hibernating
CUST-07817,7,5,3449.37,5,3,3,Loyal Customer
CUST-07818,75,5,1975.89,2,3,1,At Risk
CUST-07819,3,5,2207.3900000000003,5,3,1,Lost / Hibernating
CUST-07820,124,4,2824.27,1,2,2,Lost / Hibernating
CUST-07821,72,5,3129.6099999999997,2,3,2,At Risk
CUST-07822,38,5,4411.3099999999995,3,3,3,Loyal Customer
CUST-07823,70,5,3367.82,2,3,2,At Risk
CUST-07824,22,11,9464.24,4,5,5,Champion
CUST-07825,55,5,5359.2300000000005,3,3,4,Loyal Customer
CUST-07826,45,6,3378.52,3,4,2,Lost / Hibernating
CUST-07827,3,5,2101.15,5,3,1,Lost / Hibernating
CUST-07828,159,2,1292.78,1,1,1,Lost / Hibernating
CUST-07829,59,4,5268.08,3,2,4,Lost / Hibernating
CUST-07830,74,4,3312.7200000000003,2,2,2,Lost / Hibernating
CUST-07831,8,7,7068.070000000001,5,5,5,Champion
CUST-07832,62,3,2484.2200000000003,3,2,2,Lost / Hibernating
CUST-07833,105,6,3243.12,2,4,2,At Risk
CUST-07834,106,4,4274.63,2,2,3,Lost / Hibernating
CUST-07835,47,5,5853.92,3,3,4,Loyal Customer
CUST-07836,22,4,4885.7,4,2,4,New Potential
CUST-07837,13,6,6022.749999999999,5,4,4,Champion
CUST-07838,23,2,2973.67,4,1,2,New Potential
CUST-07839,50,4,5666.54,3,2,4,Lost / Hibernating
CUST-07840,77,4,3122.2000000000003,2,2,2,Lost / Hibernating
CUST-07841,148,4,2581.99,1,2,2,Lost / Hibernating
CUST-07842,96,6,6134.25,2,4,5,Loyal Customer
CUST-07843,15,4,5611.29,5,2,4,New Potential
CUST-07844,78,5,9850.92,2,3,5,Loyal Customer
CUST-07845,188,4,2322.81,1,2,2,Lost / Hibernating
CUST-07846,9,10,6850.18,5,5,5,Champion
CUST-07847,78,4,6572.639999999999,2,2,5,Lost / Hibernating
CUST-07848,92,8,8907.85,2,5,5,Loyal Customer
CUST-07850,54,5,4332.55,3,3,3,Loyal Customer
CUST-07851,85,9,7017.53,2,5,5,Loyal Customer
CUST-07852,62,11,8829.77,3,5,5,Loyal Customer
CUST-07853,27,6,5679.79,4,4,4,Champion
CUST-07854,117,5,4045.4300000000003,2,3,3,Loyal Customer
CUST-07855,98,4,4517.68,2,2,3,Lost / Hibernating
CUST-07856,84,5,4246.93,2,3,3,Loyal Customer
CUST-07857,36,5,3929.08,4,3,3,Loyal Customer
CUST-07858,8,3,1697.82,5,2,1,New Potential
CUST-07859,11,6,6570.469999999999,5,4,5,Champion
CUST-07860,128,5,4126.57,1,3,3,Loyal Customer
CUST-07861,76,6,2126.7,2,4,1,At Risk
CUST-07862,127,4,1293.77,1,2,1,Lost / Hibernating
CUST-07863,140,2,2657.44,1,1,2,Lost / Hibernating
CUST-07864,171,5,2366.04,1,3,2,At Risk
CUST-07865,23,8,6728.0599999999995,4,5,5,Champion
CUST-07866,57,4,3498.71,3,2,3,Lost / Hibernating
CUST-07867,35,4,3838.34,4,2,3,New Potential
CUST-07868,148,5,4582.9,1,3,4,Loyal Customer
CUST-07869,136,5,2556.14,1,3,2,At Risk
CUST-07870,22,4,3036.66,4,2,2,New Potential
CUST-07871,57,8,4496.2699999999995,3,5,3,Loyal Customer
CUST-07872,6,6,3342.63,5,4,2,Champion
CUST-07873,37,5,7211.5,4,3,5,Loyal Customer
CUST-07874,72,4,3580.36,2,2,3,Lost / Hibernating
CUST-07875,22,5,5318.06,4,3,4,Loyal Customer
CUST-07876,34,9,4765.44,4,5,4,Champion
CUST-07877,6,6,6158.74,5,4,5,Champion
CUST-07878,31,7,5920.25,4,5,4,Champion
CUST-07879,21,5,3998.44,4,3,3,Loyal Customer
CUST-07880,102,6,5487.16,2,4,4,Loyal Customer
CUST-07881,17,6,5823.18,4,4,4,Champion
CUST-07882,42,4,3412.61,3,2,3,Lost / Hibernating
CUST-07883,2,6,6903.59,5,4,5,Champion
CUST-07884,3,6,4065.29,5,4,3,Champion
CUST-07885,83,3,3882.24,2,2,3,Lost / Hibernating
CUST-07886,244,5,3487.66,1,3,3,Loyal Customer
CUST-07887,4,6,7436.96,5,4,5,Champion
CUST-07888,77,5,4737.75,2,3,4,Loyal Customer
CUST-07889,28,5,4415.9800000000005,4,3,3,Loyal Customer
CUST-07890,33,3,2395.13,4,2,2,New Potential
CUST-07891,65,4,2406.2200000000003,3,2,2,Lost / Hibernating
CUST-07892,39,6,4285.31,3,4,3,Loyal Customer
CUST-07893,13,4,3080.5599999999995,5,2,2,New Potential
CUST-07894,12,3,3105.1800000000003,5,2,2,New Potential
CUST-07895,55,2,2680.29,3,1,2,Lost / Hibernating
CUST-07896,90,4,895.78,2,2,1,Lost / Hibernating
CUST-07897,93,5,4416.8,2,3,3,Loyal Customer
CUST-07898,173,5,3448.92,1,3,3,Loyal Customer
CUST-07899,65,1,699.34,3,1,1,Lost / Hibernating
CUST-07900,6,7,4839.9800000000005,5,5,4,Champion
CUST-07901,4,4,3180.71,5,2,2,New Potential
CUST-07902,38,7,4956.1,3,5,4,Loyal Customer
CUST-07903,52,2,782.1600000000001,3,1,1,Lost / Hibernating
CUST-07904,55,4,3706.2200000000003,3,2,3,Lost / Hibernating
CUST-07905,35,4,2031.29,4,2,1,New Potential
CUST-07906,256,2,351.53999999999996,1,1,1,Lost / Hibernating
CUST-07907,92,7,5527.09,2,5,4,Loyal Customer
CUST-07908,207,3,2321.08,1,2,2,Lost / Hibernating
CUST-07909,133,4,4937.09,1,2,4,Lost / Hibernating
CUST-07910,174,3,1995.5300000000002,1,2,1,Lost / Hibernating
CUST-07911,15,4,5226.070000000001,5,2,4,New Potential
CUST-07912,6,4,4215.44,5,3,3,Loyal Customer
CUST-07913,1,8,6525.59,5,5,5,Champion
CUST-07914,307,4,3689.9,1,3,3,Loyal Customer
CUST-07916,148,6,2845.8599999999997,1,4,2,At Risk
CUST-07917,111,6,3156.7799999999997,2,4,2,At Risk
CUST-07918,83,6,4778.530000000001,2,4,4,Loyal Customer
CUST-07919,99,4,2001.8100000000002,2,3,1,At Risk
CUST-07920,9,8,4423.23,5,5,3,Champion
CUST-07921,69,7,8593.78,2,5,5,Loyal Customer
CUST-07922,66,6,4186.4,3,4,3,Loyal Customer
CUST-07923,60,10,11374.43,3,5,5,Loyal Customer
CUST-07924,5,6,4128.84,5,4,3,Champion
CUST-07925,9,7,3088.49,5,5,2,Champion
CUST-07926,16,6,4321.3,5,4,3,Champion
CUST-07927,22,5,3654.36,4,3,3,Loyal Customer
CUST-07928,17,12,9882.01,4,5,5,Champion
CUST-07929,27,5,5552.0,4,3,4,Loyal Customer
CUST-07930,292,3,3475.98,1,2,3,Lost / Hibernating
CUST-07931,120,4,3183.37,1,3,2,At Risk
CUST-07932,20,2,2130.48,4,1,1,New Potential
CUST-07933,92,4,2899.4700000000003,2,3,2,At Risk
CUST-07934,316,1,151.53,1,1,1,Lost / Hibernating
CUST-07935,138,6,3854.5099999999998,1,4,3,Loyal Customer
CUST-07936,138,4,2734.87,1,3,2,At Risk
CUST-07937,22,8,4834.95,4,5,4,Champion
CUST-07938,6,5,4939.57,5,3,4,Loyal Customer
CUST-07939,57,6,4134.15,3,4,3,Loyal Customer
CUST-07940,44,6,5919.52,3,4,4,Loyal Customer
CUST-07941,5,7,7955.72,5,5,5,Champion
CUST-07942,37,10,6154.0,4,5,5,Champion
CUST-07943,77,5,3584.35,2,3,3,Loyal Customer
CUST-07944,223,2,2789.7799999999997,1,1,2,Lost / Hibernating
CUST-07945,36,7,3024.2000000000003,4,5,2,Champion
CUST-07946,170,5,5053.51,1,3,4,Loyal Customer
CUST-07947,16,5,3048.58,5,3,2,Lost / Hibernating
CUST-07948,43,6,8191.06,3,4,5,Loyal Customer
CUST-07949,14,7,5184.88,5,5,4,Champion
CUST-07950,35,4,2867.99,4,3,2,Lost / Hibernating
CUST-07951,110,4,3673.68,2,3,3,Loyal Customer
CUST-07952,2,6,3899.8399999999997,5,4,3,Champion
CUST-07953,36,4,1714.94,4,3,1,Lost / Hibernating
CUST-07954,42,5,2640.6000000000004,3,3,2,Lost / Hibernating
CUST-07955,96,5,5263.67,2,3,4,Loyal Customer
CUST-07956,64,5,4439.54,3,3,3,Loyal Customer
CUST-07957,169,2,2538.98,1,1,2,Lost / Hibernating
CUST-07958,94,4,2330.24,2,3,2,At Risk
CUST-07959,40,5,3203.2599999999998,3,3,2,Lost / Hibernating
CUST-07960,25,6,4736.18,4,4,4,Champion
CUST-07961,27,5,5104.69,4,3,4,Loyal Customer
CUST-07962,53,7,8625.220000000001,3,5,5,Loyal Customer
CUST-07963,15,8,8539.01,5,5,5,Champion
CUST-07964,198,7,4975.7300000000005,1,5,4,Loyal Customer
CUST-07965,19,6,4656.860000000001,4,4,4,Champion
CUST-07966,38,4,3065.52,3,3,2,Lost / Hibernating
CUST-07967,2,8,7619.75,5,5,5,Champion
CUST-07968,7,10,7885.92,5,5,5,Champion
CUST-07969,88,7,4341.83,2,5,3,Loyal Customer
CUST-07970,51,6,6719.57,3,4,5,Loyal Customer
CUST-07971,1,4,3995.34,5,3,3,Loyal Customer
CUST-07972,55,8,6415.39,3,5,5,Loyal Customer
CUST-07973,7,7,5534.29,5,5,4,Champion
CUST-07974,100,1,411.84,2,1,1,Lost / Hibernating
CUST-07975,5,6,4566.99,5,4,3,Champion
CUST-07976,123,5,5120.6900000000005,1,3,4,Loyal Customer
CUST-07977,31,5,3192.33,4,3,2,Lost / Hibernating
CUST-07978,32,4,3785.33,4,3,3,Loyal Customer
CUST-07979,13,4,2405.61,5,3,2,Lost / Hibernating
CUST-07980,112,6,5159.79,2,4,4,Loyal Customer
CUST-07981,9,7,4088.4300000000003,5,5,3,Champion
CUST-07982,54,11,7843.32,3,5,5,Loyal Customer
CUST-07983,127,3,4955.8,1,2,4,Lost / Hibernating
CUST-07984,21,6,3478.19,4,4,3,Champion
CUST-07985,33,9,7205.88,4,5,5,Champion
CUST-07986,61,1,1202.84,3,1,1,Lost / Hibernating
CUST-07987,136,5,4841.45,1,3,4,Loyal Customer
CUST-07988,15,7,6506.66,5,5,5,Champion
CUST-07989,68,4,3165.87,2,3,2,At Risk
CUST-07990,3,4,1270.28,5,3,1,Lost / Hibernating
CUST-07991,40,8,6034.42,3,5,4,Loyal Customer
CUST-07992,14,3,3309.8199999999997,5,2,2,New Potential
CUST-07993,13,10,10229.68,5,5,5,Champion
CUST-07994,19,5,3496.37,4,3,3,Loyal Customer
CUST-07995,13,6,4081.05,5,4,3,Champion
CUST-07996,8,3,1988.53,5,2,1,New Potential
CUST-07997,51,4,4751.89,3,3,4,Loyal Customer
CUST-07998,168,2,2477.16,1,1,2,Lost / Hibernating
CUST-07999,201,2,1559.75,1,1,1,Lost / Hibernating
CUST-08000,154,5,4437.42,1,3,3,Loyal Customer
CUST-08001,90,4,3557.4700000000003,2,3,3,Loyal Customer
CUST-08002,21,4,2281.04,4,3,2,Lost / Hibernating
CUST-08003,225,3,4818.55,1,2,4,Lost / Hibernating
CUST-08004,98,7,5956.5199999999995,2,5,4,Loyal Customer
CUST-08005,105,7,6089.78,2,5,4,Loyal Customer
CUST-08006,79,2,657.42,2,1,1,Lost / Hibernating
CUST-08007,2,7,4244.469999999999,5,5,3,Champion
CUST-08008,6,9,4730.53,5,5,4,Champion
CUST-08009,59,9,4818.71,3,5,4,Loyal Customer
CUST-08010,9,6,7577.12,5,4,5,Champion
CUST-08011,43,9,9936.48,3,5,5,Loyal Customer
CUST-08012,56,7,6673.09,3,5,5,Loyal Customer
CUST-08013,74,8,6163.2,2,5,5,Loyal Customer
CUST-08014,83,6,5285.44,2,4,4,Loyal Customer
CUST-08015,61,6,7163.23,3,4,5,Loyal Customer
CUST-08016,83,2,640.1700000000001,2,1,1,Lost / Hibernating
CUST-08017,143,5,1378.9,1,3,1,At Risk
CUST-08018,11,6,4399.55,5,4,3,Champion
CUST-08019,59,4,5039.06,3,3,4,Loyal Customer
CUST-08020,356,2,2387.86,1,1,2,Lost / Hibernating
CUST-08021,52,5,2103.85,3,3,1,Lost / Hibernating
CUST-08022,39,9,5572.01,3,5,4,Loyal Customer
CUST-08023,124,2,1382.04,1,1,1,Lost / Hibernating
CUST-08024,32,5,5190.8,4,3,4,Loyal Customer
CUST-08025,12,6,3849.6,5,4,3,Champion
CUST-08026,51,7,5808.56,3,5,4,Loyal Customer
CUST-08027,55,7,5107.64,3,5,4,Loyal Customer
CUST-08028,317,1,1841.52,1,1,1,Lost / Hibernating
CUST-08029,38,4,3489.71,3,3,3,Loyal Customer
CUST-08030,26,3,2681.14,4,2,2,New Potential
CUST-08031,30,2,2603.54,4,1,2,New Potential
CUST-08032,122,5,2401.9300000000003,1,3,2,At Risk
CUST-08033,2,7,2352.56,5,5,2,Champion
CUST-08034,39,6,4200.87,3,4,3,Loyal Customer
CUST-08035,116,5,6663.17,2,3,5,Loyal Customer
CUST-08036,107,3,4137.2,2,2,3,Lost / Hibernating
CUST-08037,4,9,7444.96,5,5,5,Champion
CUST-08038,85,4,4100.05,2,3,3,Loyal Customer
CUST-08039,48,6,3384.7,3,4,2,Lost / Hibernating
CUST-08040,8,3,1662.94,5,2,1,New Potential
CUST-08041,252,1,1063.26,1,1,1,Lost / Hibernating
CUST-08042,5,2,3071.3199999999997,5,1,2,New Potential
CUST-08043,38,7,6114.87,3,5,5,Loyal Customer
CUST-08044,24,6,5489.650000000001,4,4,4,Champion
CUST-08045,72,4,2253.83,2,3,1,At Risk
CUST-08046,21,7,5394.7699999999995,4,5,4,Champion
CUST-08047,39,6,6282.33,3,4,5,Loyal Customer
CUST-08048,33,5,3684.74,4,3,3,Loyal Customer
CUST-08049,187,4,3592.4700000000003,1,3,3,Loyal Customer
CUST-08050,1,5,4180.12,5,3,3,Loyal Customer
CUST-08051,36,7,7362.06,4,5,5,Champion
CUST-08052,79,3,1651.61,2,2,1,Lost / Hibernating
CUST-08053,9,7,6089.59,5,5,4,Champion
CUST-08054,58,6,5869.22,3,4,4,Loyal Customer
CUST-08055,3,11,6730.19,5,5,5,Champion
CUST-08056,67,4,7755.27,2,3,5,Loyal Customer
CUST-08057,25,8,7925.54,4,5,5,Champion
CUST-08058,9,2,2539.6600000000003,5,1,2,New Potential
CUST-08059,46,6,4979.7,3,4,4,Loyal Customer
CUST-08060,88,10,11329.689999999999,2,5,5,Loyal Customer
CUST-08061,25,4,3609.1000000000004,4,3,3,Loyal Customer
CUST-08062,84,8,6410.51,2,5,5,Loyal Customer
CUST-08063,37,7,8139.89,4,5,5,Champion
CUST-08064,16,5,4586.7,5,3,4,Loyal Customer
CUST-08065,47,3,2415.2,3,2,2,Lost / Hibernating
CUST-08066,30,6,7239.31,4,4,5,Champion
CUST-08067,62,4,2946.16,3,3,2,Lost / Hibernating
CUST-08068,17,1,1453.47,4,1,1,New Potential
CUST-08069,38,4,1815.02,3,3,1,Lost / Hibernating
CUST-08070,168,1,1324.29,1,1,1,Lost / Hibernating
CUST-08071,125,4,2636.9,1,3,2,At Risk
CUST-08072,57,4,2073.55,3,3,1,Lost / Hibernating
CUST-08073,167,4,6831.96,1,3,5,Loyal Customer
CUST-08074,92,4,3206.92,2,3,2,At Risk
CUST-08075,3,2,1395.04,5,1,1,New Potential
CUST-08076,47,3,2707.17,3,2,2,Lost / Hibernating
CUST-08077,67,4,3992.19,2,3,3,Loyal Customer
CUST-08078,74,5,5394.47,2,3,4,Loyal Customer
CUST-08079,44,5,3713.84,3,3,3,Loyal Customer
CUST-08080,38,7,5627.889999999999,3,5,4,Loyal Customer
CUST-08081,78,5,5355.52,2,3,4,Loyal Customer
CUST-08082,10,3,2838.26,5,2,2,New Potential
CUST-08083,112,5,7832.61,2,3,5,Loyal Customer
CUST-08084,134,2,2270.38,1,1,1,Lost / Hibernating
CUST-08085,19,5,1786.16,4,3,1,Lost / Hibernating
CUST-08086,81,6,3582.55,2,4,3,Loyal Customer
CUST-08087,11,5,5467.74,5,3,4,Loyal Customer
CUST-08088,95,7,6372.2,2,5,5,Loyal Customer
CUST-08089,183,3,1637.9299999999998,1,2,1,Lost / Hibernating
CUST-08090,31,5,6153.9400000000005,4,3,5,Loyal Customer
CUST-08091,9,7,6875.45,5,5,5,Champion
CUST-08092,46,5,3012.84,3,3,2,Lost / Hibernating
CUST-08093,2,8,6270.33,5,5,5,Champion
CUST-08094,69,3,3053.36,2,2,2,Lost / Hibernating
CUST-08095,26,7,7456.5599999999995,4,5,5,Champion
CUST-08096,50,5,4126.78,3,3,3,Loyal Customer
CUST-08097,8,9,7473.67,5,5,5,Champion
CUST-08098,29,5,3161.88,4,3,2,Lost / Hibernating
CUST-08100,152,5,7860.469999999999,1,3,5,Loyal Customer
CUST-08101,71,6,6658.34,2,4,5,Loyal Customer
CUST-08102,280,1,241.81,1,1,1,Lost / Hibernating
CUST-08103,8,6,3165.85,5,4,2,Champion
CUST-08104,5,6,6621.7699999999995,5,4,5,Champion
CUST-08105,57,8,7021.24,3,5,5,Loyal Customer
CUST-08106,173,1,2319.93,1,1,2,Lost / Hibernating
CUST-08107,10,6,4188.17,5,4,3,Champion
CUST-08108,1,8,8834.79,5,5,5,Champion
CUST-08109,46,6,4410.3,3,4,3,Loyal Customer
CUST-08110,89,8,8504.68,2,5,5,Loyal Customer
CUST-08111,112,3,2132.78,2,2,1,Lost / Hibernating
CUST-08112,9,10,11021.88,5,5,5,Champion
CUST-08113,76,5,2031.67,2,3,1,At Risk
CUST-08114,207,3,2209.3,1,2,1,Lost / Hibernating
CUST-08115,86,5,3693.4,2,3,3,Loyal Customer
CUST-08116,17,5,3899.06,4,3,3,Loyal Customer
CUST-08117,84,2,2140.81,2,1,1,Lost / Hibernating
CUST-08118,142,9,8083.110000000001,1,5,5,Loyal Customer
CUST-08119,18,10,6383.01,4,5,5,Champion
CUST-08120,88,4,2417.28,2,3,2,At Risk
CUST-08121,136,6,3548.01,1,4,3,Loyal Customer
CUST-08122,38,4,2081.01,3,3,1,Lost / Hibernating
CUST-08123,6,4,2004.69,5,3,1,Lost / Hibernating
CUST-08124,87,3,1963.99,2,2,1,Lost / Hibernating
CUST-08125,37,2,578.4300000000001,4,1,1,New Potential
CUST-08126,29,4,4183.98,4,3,3,Loyal Customer
CUST-08127,53,5,5216.96,3,3,4,Loyal Customer
CUST-08128,161,3,3414.63,1,2,3,Lost / Hibernating
CUST-08129,31,1,254.98,4,1,1,New Potential
CUST-08130,35,6,7126.700000000001,4,4,5,Champion
CUST-08131,22,5,5100.99,4,3,4,Loyal Customer
CUST-08132,100,6,7747.74,2,4,5,Loyal Customer
CUST-08133,85,6,3160.38,2,4,2,At Risk
CUST-08134,222,2,2109.32,1,1,1,Lost / Hibernating
CUST-08135,3,8,7516.54,5,5,5,Champion
CUST-08136,10,7,5560.72,5,5,4,Champion
CUST-08137,34,3,2677.18,4,2,2,New Potential
CUST-08138,30,3,4359.7,4,2,3,New Potential
CUST-08139,106,2,1533.1399999999999,2,1,1,Lost / Hibernating
CUST-08140,63,7,5762.42,3,5,4,Loyal Customer
CUST-08141,114,2,933.87,2,1,1,Lost / Hibernating
CUST-08142,43,6,4828.37,3,4,4,Loyal Customer
CUST-08143,46,5,2745.66,3,3,2,Lost / Hibernating
CUST-08144,17,6,4349.639999999999,4,4,3,Champion
CUST-08145,95,6,3322.1,2,4,2,At Risk
CUST-08146,162,4,6450.4,1,3,5,Loyal Customer
CUST-08147,41,5,3185.48,3,3,2,Lost / Hibernating
CUST-08148,155,6,5517.58,1,4,4,Loyal Customer
CUST-08149,67,3,1366.9699999999998,2,2,1,Lost / Hibernating
CUST-08150,232,2,771.23,1,1,1,Lost / Hibernating
CUST-08151,14,13,7506.29,5,5,5,Champion
CUST-08152,18,7,6264.35,4,5,5,Champion
CUST-08153,39,6,2711.08,3,4,2,Lost / Hibernating
CUST-08154,87,6,2858.88,2,4,2,At Risk
CUST-08155,32,7,3509.09,4,5,3,Champion
CUST-08156,21,9,7013.07,4,5,5,Champion
CUST-08157,46,7,6355.87,3,5,5,Loyal Customer
CUST-08158,16,8,8135.139999999999,5,5,5,Champion
CUST-08159,79,4,2922.5,2,3,2,At Risk
CUST-08160,46,5,4210.6,3,3,3,Loyal Customer
CUST-08161,39,5,4068.18,3,3,3,Loyal Customer
CUST-08162,132,3,1346.8899999999999,1,2,1,Lost / Hibernating
CUST-08163,42,3,1663.3,3,2,1,Lost / Hibernating
CUST-08164,78,7,5571.110000000001,2,5,4,Loyal Customer
CUST-08165,1,6,5042.719999999999,5,4,4,Champion
CUST-08166,3,4,2047.33,5,3,1,Lost / Hibernating
CUST-08167,121,3,2168.37,1,2,1,Lost / Hibernating
CUST-08169,140,5,3942.8599999999997,1,3,3,Loyal Customer
CUST-08170,42,4,3900.69,3,3,3,Loyal Customer
CUST-08171,21,3,2828.41,4,2,2,New Potential
CUST-08172,99,7,7447.51,2,5,5,Loyal Customer
CUST-08173,252,2,809.1,1,1,1,Lost / Hibernating
CUST-08174,47,4,1533.18,3,3,1,Lost / Hibernating
CUST-08175,43,9,11739.28,3,5,5,Loyal Customer
CUST-08176,144,5,3938.46,1,3,3,Loyal Customer
CUST-08177,122,5,3163.5099999999998,1,3,2,At Risk
CUST-08178,57,4,2794.8599999999997,3,3,2,Lost / Hibernating
CUST-08179,113,3,3895.3,2,2,3,Lost / Hibernating
CUST-08180,71,4,2437.1400000000003,2,3,2,At Risk
CUST-08181,23,4,2432.65,4,3,2,Lost / Hibernating
CUST-08182,141,4,2499.63,1,3,2,At Risk
CUST-08183,149,4,1661.2199999999998,1,3,1,At Risk
CUST-08184,5,4,2884.56,5,3,2,Lost / Hibernating
CUST-08185,45,5,4721.96,3,3,4,Loyal Customer
CUST-08186,62,4,1596.13,3,3,1,Lost / Hibernating
CUST-08187,35,3,1404.1,4,2,1,New Potential
CUST-08188,99,7,4686.370000000001,2,5,4,Loyal Customer
CUST-08189,3,6,6038.32,5,4,4,Champion
CUST-08190,4,8,10018.619999999999,5,5,5,Champion
CUST-08191,77,3,2410.14,2,2,2,Lost / Hibernating
CUST-08192,39,6,3452.39,3,4,3,Loyal Customer
CUST-08193,92,8,6405.67,2,5,5,Loyal Customer
CUST-08194,2,5,2964.6,5,3,2,Lost / Hibernating
CUST-08195,146,7,6439.39,1,5,5,Loyal Customer
CUST-08196,10,7,5363.41,5,5,4,Champion
CUST-08197,109,4,5220.55,2,3,4,Loyal Customer
CUST-08198,11,5,4144.38,5,3,3,Loyal Customer
CUST-08199,29,5,5414.88,4,3,4,Loyal Customer
CUST-08200,189,3,2176.0,1,2,1,Lost / Hibernating
CUST-08201,25,9,7499.9,4,5,5,Champion
CUST-08202,30,4,2431.52,4,3,2,Lost / Hibernating
CUST-08203,161,2,1619.8000000000002,1,1,1,Lost / Hibernating
CUST-08204,55,6,4741.6900000000005,3,4,4,Loyal Customer
CUST-08205,4,8,7651.57,5,5,5,Champion
CUST-08206,119,12,8619.95,1,5,5,Loyal Customer
CUST-08207,34,7,4047.57,4,5,3,Champion
CUST-08208,159,3,2858.9900000000002,1,2,2,Lost / Hibernating
CUST-08209,36,5,4155.04,4,3,3,Loyal Customer
CUST-08210,110,4,1844.92,2,3,1,At Risk
CUST-08211,13,7,3599.56,5,5,3,Champion
CUST-08212,38,4,2543.2,3,3,2,Lost / Hibernating
CUST-08213,99,6,9025.8,2,4,5,Loyal Customer
CUST-08214,272,3,1253.3700000000001,1,2,1,Lost / Hibernating
CUST-08215,47,6,5835.74,3,4,4,Loyal Customer
CUST-08216,100,4,3639.46,2,3,3,Loyal Customer
CUST-08217,26,5,4702.96,4,3,4,Loyal Customer
CUST-08218,86,5,4451.63,2,3,3,Loyal Customer
CUST-08219,13,9,7579.08,5,5,5,Champion
CUST-08220,258,1,2381.6,1,1,2,Lost / Hibernating
CUST-08221,117,7,4786.06,2,5,4,Loyal Customer
CUST-08222,32,7,4339.17,4,5,3,Champion
CUST-08223,46,1,1116.74,3,1,1,Lost / Hibernating
CUST-08224,13,4,3059.39,5,3,2,Lost / Hibernating
CUST-08225,116,6,6115.55,2,4,5,Loyal Customer
CUST-08226,51,5,2760.9700000000003,3,3,2,Lost / Hibernating
CUST-08227,30,6,5445.3099999999995,4,4,4,Champion
CUST-08228,26,7,7049.59,4,5,5,Champion
CUST-08229,30,5,5940.81,4,3,4,Loyal Customer
CUST-08230,37,6,4372.77,4,4,3,Champion
CUST-08231,5,5,5431.25,5,3,4,Loyal Customer
CUST-08232,48,9,5725.17,3,5,4,Loyal Customer
CUST-08233,49,2,2763.1699999999996,3,1,2,Lost / Hibernating
CUST-08234,15,5,4178.73,5,3,3,Loyal Customer
CUST-08235,33,6,4545.7,4,4,3,Champion
CUST-08236,41,5,3799.71,3,3,3,Loyal Customer
CUST-08237,108,9,7692.98,2,5,5,Loyal Customer
CUST-08238,7,4,3286.23,5,3,2,Lost / Hibernating
CUST-08239,15,6,5212.6,5,4,4,Champion
CUST-08240,54,7,3862.31,3,5,3,Loyal Customer
CUST-08241,41,5,5745.780000000001,3,3,4,Loyal Customer
CUST-08242,278,3,2562.41,1,2,2,Lost / Hibernating
CUST-08243,44,2,2239.7599999999998,3,1,1,Lost / Hibernating
CUST-08244,21,7,4687.32,4,5,4,Champion
CUST-08245,55,4,4380.89,3,3,3,Loyal Customer
CUST-08246,68,5,3131.8100000000004,2,3,2,At Risk
CUST-08247,4,3,3085.4300000000003,5,2,2,New Potential
CUST-08248,12,7,5634.05,5,5,4,Champion
CUST-08249,53,7,6199.29,3,5,5,Loyal Customer
CUST-08250,59,3,2652.1,3,2,2,Lost / Hibernating
CUST-08251,18,6,4585.57,4,4,4,Champion
CUST-08252,8,5,5027.06,5,3,4,Loyal Customer
CUST-08253,26,8,6470.719999999999,4,5,5,Champion
CUST-08254,190,4,2694.93,1,3,2,At Risk
CUST-08255,100,2,2715.23,2,1,2,Lost / Hibernating
CUST-08256,58,8,9122.95,3,5,5,Loyal Customer
CUST-08257,55,4,2529.6,3,3,2,Lost / Hibernating
CUST-08258,41,5,3065.31,3,3,2,Lost / Hibernating
CUST-08259,27,5,3474.87,4,3,3,Loyal Customer
CUST-08260,16,5,5254.83,5,3,4,Loyal Customer
CUST-08261,12,7,4262.3,5,5,3,Champion
CUST-08262,57,5,2724.8599999999997,3,3,2,Lost / Hibernating
CUST-08263,18,7,7290.83,4,5,5,Champion
CUST-08264,156,8,5524.34,1,5,4,Loyal Customer
CUST-08265,8,4,4108.4400000000005,5,3,3,Loyal Customer
CUST-08266,5,10,8754.73,5,5,5,Champion
CUST-08267,36,5,3910.73,4,3,3,Loyal Customer
CUST-08268,64,5,3151.05,3,3,2,Lost / Hibernating
CUST-08269,45,3,1636.47,3,2,1,Lost / Hibernating
CUST-08270,7,4,3639.21,5,3,3,Loyal Customer
CUST-08271,75,8,6951.3,2,5,5,Loyal Customer
CUST-08272,51,5,4788.84,3,3,4,Loyal Customer
CUST-08273,32,4,3734.7,4,3,3,Loyal Customer
CUST-08274,5,4,4829.88,5,3,4,Loyal Customer
CUST-08275,127,5,3338.0899999999997,1,3,2,At Risk
CUST-08276,29,9,12325.04,4,5,5,Champion
CUST-08277,82,4,2516.9300000000003,2,3,2,At Risk
CUST-08278,30,3,3053.88,4,2,2,New Potential
CUST-08279,12,4,3477.16,5,3,3,Loyal Customer
CUST-08280,62,8,8473.85,3,5,5,Loyal Customer
CUST-08281,322,1,642.66,1,1,1,Lost / Hibernating
CUST-08282,91,6,6520.09,2,4,5,Loyal Customer
CUST-08283,2,3,4897.73,5,2,4,New Potential
CUST-08284,95,7,4742.63,2,5,4,Loyal Customer
CUST-08285,18,7,7342.9,4,5,5,Champion
CUST-08286,1,11,7429.11,5,5,5,Champion
CUST-08287,17,2,1551.65,4,1,1,New Potential
CUST-08288,118,5,4873.29,1,3,4,Loyal Customer
CUST-08289,114,4,2257.0,2,3,1,At Risk
CUST-08290,48,7,4989.33,3,5,4,Loyal Customer
CUST-08291,124,4,3327.02,1,3,2,At Risk
CUST-08292,67,1,438.46,2,1,1,Lost / Hibernating
CUST-08293,183,3,3070.43,1,2,2,Lost / Hibernating
CUST-08294,279,1,131.47,1,1,1,Lost / Hibernating
CUST-08295,72,5,1793.53,2,3,1,At Risk
CUST-08296,13,7,8365.789999999999,5,5,5,Champion
CUST-08297,39,3,2682.8599999999997,3,2,2,Lost / Hibernating
CUST-08298,33,6,3580.39,4,4,3,Champion
CUST-08299,47,5,3755.37,3,3,3,Loyal Customer
CUST-08300,31,7,5363.450000000001,4,5,4,Champion
CUST-08301,58,8,6279.01,3,5,5,Loyal Customer
CUST-08302,15,5,3937.23,5,3,3,Loyal Customer
CUST-08303,13,11,8614.5,5,5,5,Champion
CUST-08304,122,5,5678.75,1,3,4,Loyal Customer
CUST-08305,5,7,6958.469999999999,5,5,5,Champion
CUST-08306,68,6,6929.139999999999,2,4,5,Loyal Customer
CUST-08307,101,6,5718.77,2,4,4,Loyal Customer
CUST-08308,71,8,6722.18,2,5,5,Loyal Customer
CUST-08309,47,7,4223.01,3,5,3,Loyal Customer
CUST-08310,6,9,10839.29,5,5,5,Champion
CUST-08311,34,6,5270.179999999999,4,4,4,Champion
CUST-08312,44,7,6197.86,3,5,5,Loyal Customer
CUST-08313,59,2,1201.4,3,1,1,Lost / Hibernating
CUST-08314,355,1,177.0,1,1,1,Lost / Hibernating
CUST-08315,32,5,5885.12,4,3,4,Loyal Customer
CUST-08316,51,4,2946.94,3,3,2,Lost / Hibernating
CUST-08317,6,8,6661.719999999999,5,5,5,Champion
CUST-08318,4,6,7238.29,5,4,5,Champion
CUST-08319,194,1,1431.28,1,1,1,Lost / Hibernating
CUST-08320,88,7,7682.3,2,5,5,Loyal Customer
CUST-08321,29,7,5235.87,4,5,4,Champion
CUST-08322,17,10,8250.08,4,5,5,Champion
CUST-08323,4,7,5989.34,5,5,4,Champion
CUST-08324,19,5,2904.83,4,3,2,Lost / Hibernating
CUST-08325,96,5,3101.29,2,3,2,At Risk
CUST-08326,3,6,7682.88,5,4,5,Champion
CUST-08327,145,2,1179.8200000000002,1,1,1,Lost / Hibernating
CUST-08328,24,5,5082.88,4,3,4,Loyal Customer
CUST-08329,171,2,2981.06,1,1,2,Lost / Hibernating
CUST-08330,54,2,1341.0,3,1,1,Lost / Hibernating
CUST-08331,46,3,2774.01,3,2,2,Lost / Hibernating
CUST-08332,38,6,4485.74,3,4,3,Loyal Customer
CUST-08333,113,3,4085.26,2,2,3,Lost / Hibernating
CUST-08334,143,4,2756.05,1,3,2,At Risk
CUST-08335,325,1,261.5,1,1,1,Lost / Hibernating
CUST-08336,235,2,1934.74,1,1,1,Lost / Hibernating
CUST-08337,3,10,8865.42,5,5,5,Champion
CUST-08338,116,4,1777.04,2,3,1,At Risk
CUST-08339,18,7,5177.08,4,5,4,Champion
CUST-08340,27,11,8079.38,4,5,5,Champion
CUST-08341,49,6,4626.03,3,4,4,Loyal Customer
CUST-08342,206,5,6426.27,1,3,5,Loyal Customer
CUST-08343,24,8,6680.48,4,5,5,Champion
CUST-08344,61,6,2875.77,3,4,2,Lost / Hibernating
CUST-08345,60,2,2118.0,3,1,1,Lost / Hibernating
CUST-08346,29,6,3998.59,4,4,3,Champion
CUST-08347,8,4,1847.3500000000001,5,3,1,Lost / Hibernating
CUST-08348,47,7,3505.67,3,5,3,Loyal Customer
CUST-08349,110,3,4213.85,2,2,3,Lost / Hibernating
CUST-08350,33,4,3215.35,4,3,2,Lost / Hibernating
CUST-08351,84,6,4321.110000000001,2,4,3,Loyal Customer
CUST-08352,21,6,4736.72,4,4,4,Champion
CUST-08353,13,4,3297.77,5,3,2,Lost / Hibernating
CUST-08354,221,3,1957.88,1,2,1,Lost / Hibernating
CUST-08355,6,4,3620.33,5,3,3,Loyal Customer
CUST-08356,33,3,3240.59,4,2,2,New Potential
CUST-08357,56,2,960.78,3,1,1,Lost / Hibernating
CUST-08358,23,5,5078.639999999999,4,3,4,Loyal Customer
CUST-08359,235,3,2506.8199999999997,1,2,2,Lost / Hibernating
CUST-08360,168,7,4853.01,1,5,4,Loyal Customer
CUST-08361,152,4,4836.93,1,3,4,Loyal Customer
CUST-08362,109,4,3498.77,2,3,3,Loyal Customer
CUST-08363,50,3,1432.69,3,2,1,Lost / Hibernating
CUST-08364,2,9,6037.81,5,5,4,Champion
CUST-08365,6,7,6099.7,5,5,5,Champion
CUST-08366,162,3,1419.03,1,2,1,Lost / Hibernating
CUST-08367,349,1,549.98,1,1,1,Lost / Hibernating
CUST-08368,16,6,5045.13,5,4,4,Champion
CUST-08369,103,4,4735.3099999999995,2,3,4,Loyal Customer
CUST-08370,214,2,742.05,1,1,1,Lost / Hibernating
CUST-08371,122,5,3596.43,1,3,3,Loyal Customer
CUST-08372,5,5,3546.55,5,3,3,Loyal Customer
CUST-08373,4,8,5362.1,5,5,4,Champion
CUST-08374,132,4,2243.5699999999997,1,3,1,At Risk
CUST-08375,183,1,212.93,1,1,1,Lost / Hibernating
CUST-08376,45,5,2412.18,3,3,2,Lost / Hibernating
CUST-08377,10,12,15908.619999999999,5,5,5,Champion
CUST-08378,14,9,9319.58,5,5,5,Champion
CUST-08379,10,6,3988.09,5,4,3,Champion
CUST-08380,105,2,1376.8,2,1,1,Lost / Hibernating
CUST-08381,45,14,16311.86,3,5,5,Loyal Customer
CUST-08382,136,3,1713.95,1,2,1,Lost / Hibernating
CUST-08383,140,6,3700.38,1,4,3,Loyal Customer
CUST-08384,209,2,822.49,1,1,1,Lost / Hibernating
CUST-08385,5,6,4962.56,5,4,4,Champion
CUST-08386,17,4,4717.24,4,3,4,Loyal Customer
CUST-08387,28,5,4997.45,4,3,4,Loyal Customer
CUST-08388,5,7,7225.27,5,5,5,Champion
CUST-08389,346,1,329.56,1,1,1,Lost / Hibernating
CUST-08390,23,9,8618.58,4,5,5,Champion
CUST-08391,13,3,4336.7699999999995,5,2,3,New Potential
CUST-08392,49,5,4548.18,3,3,3,Loyal Customer
CUST-08393,13,6,6040.37,5,4,4,Champion
CUST-08394,55,5,5325.01,3,3,4,Loyal Customer
CUST-08395,77,5,4348.51,2,3,3,Loyal Customer
CUST-08396,3,4,2070.38,5,3,1,Lost / Hibernating
CUST-08397,29,9,9184.21,4,5,5,Champion
CUST-08398,17,3,2939.25,4,2,2,New Potential
CUST-08399,68,4,4471.23,2,3,3,Loyal Customer
CUST-08400,55,6,5966.29,3,4,4,Loyal Customer
CUST-08401,119,2,517.94,1,1,1,Lost / Hibernating
CUST-08402,81,5,4051.87,2,3,3,Loyal Customer
CUST-08403,79,8,6580.04,2,5,5,Loyal Customer
CUST-08404,2,4,1135.49,5,3,1,Lost / Hibernating
CUST-08405,14,4,3093.16,5,3,2,Lost / Hibernating
CUST-08406,35,5,4000.7400000000002,4,3,3,Loyal Customer
CUST-08407,205,4,2296.4300000000003,1,3,2,At Risk
CUST-08408,1,4,4132.56,5,3,3,Loyal Customer
CUST-08409,168,6,4704.16,1,4,4,Loyal Customer
CUST-08410,83,2,1027.56,2,1,1,Lost / Hibernating
CUST-08411,53,4,2881.29,3,3,2,Lost / Hibernating
CUST-08412,1,8,9001.32,5,5,5,Champion
CUST-08413,20,3,1667.5,4,2,1,New Potential
CUST-08414,42,6,4697.84,3,4,4,Loyal Customer
CUST-08415,277,3,1006.46,1,2,1,Lost / Hibernating
CUST-08416,40,5,6132.68,3,3,5,Loyal Customer
CUST-08417,49,4,3280.19,3,3,2,Lost / Hibernating
CUST-08418,200,3,2159.23,1,2,1,Lost / Hibernating
CUST-08419,13,3,4194.34,5,2,3,New Potential
CUST-08420,4,8,6165.55,5,5,5,Champion
CUST-08421,209,4,6412.469999999999,1,3,5,Loyal Customer
CUST-08422,198,5,1985.0,1,3,1,At Risk
CUST-08423,87,1,164.81,2,1,1,Lost / Hibernating
CUST-08424,48,6,4871.5599999999995,3,4,4,Loyal Customer
CUST-08425,10,5,5044.4,5,3,4,Loyal Customer
CUST-08426,4,9,8941.0,5,5,5,Champion
CUST-08427,6,6,5060.26,5,4,4,Champion
CUST-08428,24,8,5927.39,4,5,4,Champion
CUST-08429,8,5,6980.0199999999995,5,3,5,Loyal Customer
CUST-08430,222,2,701.21,1,1,1,Lost / Hibernating
CUST-08431,18,12,7313.01,4,5,5,Champion
CUST-08432,69,5,3318.7200000000003,2,3,2,At Risk
CUST-08433,22,9,6424.51,4,5,5,Champion
CUST-08434,132,4,4215.23,1,3,3,Loyal Customer
CUST-08435,19,4,1427.54,4,3,1,Lost / Hibernating
CUST-08436,174,1,758.62,1,1,1,Lost / Hibernating
CUST-08437,19,7,6360.5,4,5,5,Champion
CUST-08438,158,2,2501.46,1,1,2,Lost / Hibernating
CUST-08439,15,5,5190.19,5,3,4,Loyal Customer
CUST-08440,81,6,4812.49,2,4,4,Loyal Customer
CUST-08441,129,4,4292.49,1,3,3,Loyal Customer
CUST-08442,281,4,1990.37,1,3,1,At Risk
CUST-08443,54,3,1944.36,3,2,1,Lost / Hibernating
CUST-08444,23,7,3657.4300000000003,4,5,3,Champion
CUST-08445,10,8,7432.860000000001,5,5,5,Champion
CUST-08446,15,4,2021.33,5,3,1,Lost / Hibernating
CUST-08447,10,8,5711.23,5,5,4,Champion
CUST-08448,100,8,7947.01,2,5,5,Loyal Customer
CUST-08449,71,6,6782.34,2,4,5,Loyal Customer
CUST-08450,34,8,8328.51,4,5,5,Champion
CUST-08451,152,5,4266.59,1,3,3,Loyal Customer
CUST-08452,33,5,3926.9300000000003,4,3,3,Loyal Customer
CUST-08453,229,2,1158.68,1,1,1,Lost / Hibernating
CUST-08454,101,3,3078.2200000000003,2,2,2,Lost / Hibernating
CUST-08455,293,1,648.81,1,1,1,Lost / Hibernating
CUST-08456,71,3,1944.1399999999999,2,2,1,Lost / Hibernating
CUST-08457,7,5,4701.75,5,3,4,Loyal Customer
CUST-08458,86,3,2442.95,2,2,2,Lost / Hibernating
CUST-08459,44,4,2401.85,3,3,2,Lost / Hibernating
CUST-08460,27,7,3576.4900000000002,4,5,3,Champion
CUST-08461,29,9,8358.91,4,5,5,Champion
CUST-08462,127,3,2921.16,1,2,2,Lost / Hibernating
CUST-08463,14,5,2329.29,5,3,2,Lost / Hibernating
CUST-08464,68,4,1515.99,2,3,1,At Risk
CUST-08465,131,3,753.9300000000001,1,2,1,Lost / Hibernating
CUST-08466,19,8,5506.72,4,5,4,Champion
CUST-08467,10,8,6155.4,5,5,5,Champion
CUST-08468,98,7,7499.42,2,5,5,Loyal Customer
CUST-08469,39,5,5619.9400000000005,3,3,4,Loyal Customer
CUST-08470,227,4,4834.04,1,3,4,Loyal Customer
CUST-08471,68,3,3737.23,2,2,3,Lost / Hibernating
CUST-08472,60,7,5842.33,3,5,4,Loyal Customer
CUST-08473,2,2,2005.21,5,1,1,New Potential
CUST-08474,87,3,2666.6800000000003,2,2,2,Lost / Hibernating
CUST-08475,91,4,3954.66,2,3,3,Loyal Customer
CUST-08476,32,8,6334.549999999999,4,5,5,Champion
CUST-08477,31,4,4670.1900000000005,4,3,4,Loyal Customer
CUST-08478,56,4,5082.64,3,3,4,Loyal Customer
CUST-08479,16,3,3414.08,5,2,3,New Potential
CUST-08480,252,3,1742.98,1,2,1,Lost / Hibernating
CUST-08482,63,7,6766.849999999999,3,5,5,Loyal Customer
CUST-08483,35,7,4592.07,4,5,4,Champion
CUST-08484,6,5,8201.17,5,3,5,Loyal Customer
CUST-08485,11,5,3283.15,5,3,2,Lost / Hibernating
CUST-08486,14,3,2907.3,5,2,2,New Potential
CUST-08487,12,8,5772.95,5,5,4,Champion
CUST-08488,139,3,2697.37,1,2,2,Lost / Hibernating
CUST-08489,310,2,1974.56,1,1,1,Lost / Hibernating
CUST-08490,27,5,4102.33,4,3,3,Loyal Customer
CUST-08491,56,4,2761.47,3,3,2,Lost / Hibernating
CUST-08492,177,3,6896.26,1,2,5,Lost / Hibernating
CUST-08493,55,5,3133.3,3,3,2,Lost / Hibernating
CUST-08494,11,6,5815.4400000000005,5,4,4,Champion
CUST-08495,101,7,6418.99,2,5,5,Loyal Customer
CUST-08496,186,4,2478.89,1,3,2,At Risk
CUST-08497,27,4,5244.19,4,3,4,Loyal Customer
CUST-08498,110,2,2200.2799999999997,2,1,1,Lost / Hibernating
CUST-08499,59,4,4002.6099999999997,3,3,3,Loyal Customer
CUST-08500,68,3,3540.19,2,2,3,Lost / Hibernating
CUST-08501,53,7,7428.25,3,5,5,Loyal Customer
CUST-08502,110,5,3565.8399999999997,2,3,3,Loyal Customer
CUST-08503,44,4,3646.39,3,3,3,Loyal Customer
CUST-08504,29,5,2397.85,4,3,2,Lost / Hibernating
CUST-08505,341,1,1239.6,1,1,1,Lost / Hibernating
CUST-08506,36,10,6431.3099999999995,4,5,5,Champion
CUST-08507,21,2,2768.4700000000003,4,1,2,New Potential
CUST-08508,27,2,1453.65,4,1,1,New Potential
CUST-08509,60,6,3369.9900000000002,3,4,2,Lost / Hibernating
CUST-08510,134,5,3823.2,1,3,3,Loyal Customer
CUST-08511,241,7,3183.7799999999997,1,5,2,At Risk
CUST-08512,21,5,5319.87,4,3,4,Loyal Customer
CUST-08513,75,4,2097.29,2,3,1,At Risk
CUST-08514,58,6,6943.11,3,4,5,Loyal Customer
CUST-08515,18,6,8994.83,4,4,5,Champion
CUST-08516,228,3,5595.04,1,2,4,Lost / Hibernating
CUST-08517,111,6,5927.6900000000005,2,4,4,Loyal Customer
CUST-08518,2,4,3123.7999999999997,5,3,2,Lost / Hibernating
CUST-08519,38,8,7442.48,3,5,5,Loyal Customer
CUST-08520,6,8,4671.63,5,5,4,Champion
CUST-08521,23,4,8759.3,4,3,5,Loyal Customer
CUST-08522,122,1,799.96,1,1,1,Lost / Hibernating
CUST-08523,224,7,6375.46,1,5,5,Loyal Customer
CUST-08524,38,6,7017.610000000001,3,4,5,Loyal Customer
CUST-08525,259,2,992.8000000000001,1,1,1,Lost / Hibernating
CUST-08526,97,6,4004.4900000000002,2,4,3,Loyal Customer
CUST-08527,39,6,3758.09,3,4,3,Loyal Customer
CUST-08528,5,7,5029.5,5,5,4,Champion
CUST-08529,10,5,3282.84,5,3,2,Lost / Hibernating
CUST-08530,65,3,1327.82,3,2,1,Lost / Hibernating
CUST-08531,85,2,1169.9299999999998,2,1,1,Lost / Hibernating
CUST-08532,16,5,4726.59,5,3,4,Loyal Customer
CUST-08533,25,5,4018.45,4,3,3,Loyal Customer
CUST-08534,23,3,2991.66,4,2,2,New Potential
CUST-08535,114,8,3632.71,2,5,3,Loyal Customer
CUST-08536,27,7,7051.0199999999995,4,5,5,Champion
CUST-08537,4,9,6520.17,5,5,5,Champion
CUST-08538,140,3,2740.61,1,2,2,Lost / Hibernating
CUST-08539,6,3,1489.06,5,2,1,New Potential
CUST-08540,110,4,4809.76,2,3,4,Loyal Customer
CUST-08541,13,9,9640.14,5,5,5,Champion
CUST-08542,121,7,4655.63,1,5,4,Loyal Customer
CUST-08543,1,8,3751.43,5,5,3,Champion
CUST-08544,28,5,5094.34,4,3,4,Loyal Customer
CUST-08545,180,3,1059.35,1,2,1,Lost / Hibernating
CUST-08546,56,4,3258.52,3,3,2,Lost / Hibernating
CUST-08547,44,6,6347.15,3,4,5,Loyal Customer
CUST-08548,75,4,5233.92,2,3,4,Loyal Customer
CUST-08549,6,4,3936.59,5,3,3,Loyal Customer
CUST-08550,47,6,3498.21,3,4,3,Loyal Customer
CUST-08551,36,1,380.92,4,1,1,New Potential
CUST-08552,38,6,4329.87,3,4,3,Loyal Customer
CUST-08553,6,7,5254.72,5,5,4,Champion
CUST-08554,236,2,1252.47,1,1,1,Lost / Hibernating
CUST-08555,79,2,3346.84,2,1,2,Lost / Hibernating
CUST-08556,69,6,4368.81,2,4,3,Loyal Customer
CUST-08557,139,4,2204.06,1,3,1,At Risk
CUST-08558,1,10,7082.83,5,5,5,Champion
CUST-08559,135,5,7459.4800000000005,1,3,5,Loyal Customer
CUST-08560,21,6,6621.5,4,4,5,Champion
CUST-08561,53,6,7244.9400000000005,3,4,5,Loyal Customer
CUST-08562,62,2,2017.2600000000002,3,1,1,Lost / Hibernating
CUST-08563,35,3,5819.91,4,2,4,New Potential
CUST-08564,36,3,3463.31,4,2,3,New Potential
CUST-08565,99,4,3713.44,2,3,3,Loyal Customer
CUST-08566,9,9,5882.09,5,5,4,Champion
CUST-08567,52,2,1953.8600000000001,3,1,1,Lost / Hibernating
CUST-08568,97,11,9201.59,2,5,5,Loyal Customer
CUST-08569,23,6,5478.21,4,4,4,Champion
CUST-08570,58,6,3874.6400000000003,3,4,3,Loyal Customer
CUST-08571,10,7,6215.24,5,5,5,Champion
CUST-08572,260,5,4449.68,1,3,3,Loyal Customer
CUST-08573,86,5,3360.72,2,3,2,At Risk
CUST-08574,36,3,2308.98,4,2,2,New Potential
CUST-08575,35,7,6815.55,4,5,5,Champion
CUST-08576,1,6,4757.0599999999995,5,4,4,Champion
CUST-08577,2,9,6190.63,5,5,5,Champion
CUST-08578,9,3,3307.4,5,2,2,New Potential
CUST-08579,17,6,4334.59,4,4,3,Champion
CUST-08580,178,3,2175.48,1,2,1,Lost / Hibernating
CUST-08581,111,4,4061.23,2,3,3,Loyal Customer
CUST-08582,25,2,957.9,4,1,1,New Potential
CUST-08583,26,5,4922.25,4,3,4,Loyal Customer
CUST-08584,16,8,9481.71,5,5,5,Champion
CUST-08585,92,4,2171.1,2,3,1,At Risk
CUST-08586,15,9,9401.18,5,5,5,Champion
CUST-08587,98,6,4386.75,2,4,3,Loyal Customer
CUST-08588,252,5,4496.23,1,3,3,Loyal Customer
CUST-08589,1,6,4760.49,5,4,4,Champion
CUST-08590,14,2,1536.27,5,1,1,New Potential
CUST-08591,111,4,1845.14,2,3,1,At Risk
CUST-08592,19,7,6480.98,4,5,5,Champion
CUST-08593,68,3,2853.73,2,2,2,Lost / Hibernating
CUST-08594,172,5,4263.01,1,3,3,Loyal Customer
CUST-08595,3,4,5525.59,5,3,4,Loyal Customer
CUST-08596,39,7,6458.17,3,5,5,Loyal Customer
CUST-08597,200,1,469.02,1,1,1,Lost / Hibernating
CUST-08598,242,2,1923.72,1,1,1,Lost / Hibernating
CUST-08599,191,3,3010.73,1,2,2,Lost / Hibernating
CUST-08600,43,5,5003.16,3,3,4,Loyal Customer
CUST-08601,13,6,3799.71,5,4,3,Champion
CUST-08602,36,3,1048.06,4,2,1,New Potential
CUST-08603,96,5,4882.110000000001,2,3,4,Loyal Customer
CUST-08604,3,9,9451.57,5,5,5,Champion
CUST-08605,26,5,6071.05,4,3,4,Loyal Customer
CUST-08607,73,4,2804.3,2,3,2,At Risk
CUST-08608,139,2,1668.24,1,1,1,Lost / Hibernating
CUST-08609,120,8,5928.53,1,5,4,Loyal Customer
CUST-08610,3,7,5859.16,5,5,4,Champion
CUST-08611,31,9,8093.9,4,5,5,Champion
CUST-08612,123,7,3703.88,1,5,3,Loyal Customer
CUST-08613,73,2,1249.4299999999998,2,1,1,Lost / Hibernating
CUST-08614,28,8,4840.45,4,5,4,Champion
CUST-08615,109,3,1329.75,2,2,1,Lost / Hibernating
CUST-08616,130,2,1355.94,1,1,1,Lost / Hibernating
CUST-08617,49,7,6095.1,3,5,4,Loyal Customer
CUST-08618,43,4,5360.43,3,3,4,Loyal Customer
CUST-08619,32,7,9307.64,4,5,5,Champion
CUST-08620,67,9,6773.15,2,5,5,Loyal Customer
CUST-08621,19,7,6508.15,4,5,5,Champion
CUST-08622,24,7,8739.53,4,5,5,Champion
CUST-08623,61,5,2234.19,3,3,1,Lost / Hibernating
CUST-08624,23,7,7989.299999999999,4,5,5,Champion
CUST-08625,186,6,3797.64,1,4,3,Loyal Customer
CUST-08626,2,7,7189.5,5,5,5,Champion
CUST-08627,142,3,1895.12,1,2,1,Lost / Hibernating
CUST-08628,5,3,2598.54,5,2,2,New Potential
CUST-08629,40,3,3268.6500000000005,3,2,2,Lost / Hibernating
CUST-08630,17,5,3529.6900000000005,4,3,3,Loyal Customer
CUST-08631,8,6,4300.72,5,4,3,Champion
CUST-08632,41,5,3501.3199999999997,3,3,3,Loyal Customer
CUST-08633,136,6,4831.29,1,4,4,Loyal Customer
CUST-08634,173,5,5085.0,1,3,4,Loyal Customer
CUST-08635,7,5,2358.85,5,3,2,Lost / Hibernating
CUST-08636,35,3,2080.7,4,2,1,New Potential
CUST-08637,19,3,1364.27,4,2,1,New Potential
CUST-08638,125,5,3837.15,1,3,3,Loyal Customer
CUST-08639,287,3,2432.5,1,2,2,Lost / Hibernating
CUST-08640,96,7,2907.08,2,5,2,At Risk
CUST-08641,103,7,6424.2300000000005,2,5,5,Loyal Customer
CUST-08642,46,1,2378.64,3,1,2,Lost / Hibernating
CUST-08643,43,3,1146.03,3,2,1,Lost / Hibernating
CUST-08644,122,6,5128.969999999999,1,4,4,Loyal Customer
CUST-08645,69,4,3318.32,2,3,2,At Risk
CUST-08646,322,1,456.5,1,1,1,Lost / Hibernating
CUST-08647,17,9,11404.02,4,5,5,Champion
CUST-08648,143,7,4599.299999999999,1,5,4,Loyal Customer
CUST-08649,25,6,4745.1,4,4,4,Champion
CUST-08650,109,6,5006.63,2,4,4,Loyal Customer
CUST-08651,177,8,8320.51,1,5,5,Loyal Customer
CUST-08652,42,5,4225.110000000001,3,3,3,Loyal Customer
CUST-08653,19,4,2381.51,4,3,2,Lost / Hibernating
CUST-08654,125,6,4526.04,1,4,3,Loyal Customer
CUST-08655,68,4,4120.8,2,3,3,Loyal Customer
CUST-08656,39,4,2695.86,3,3,2,Lost / Hibernating
CUST-08657,1,5,3112.11,5,3,2,Lost / Hibernating
CUST-08658,122,8,5789.3099999999995,1,5,4,Loyal Customer
CUST-08659,225,5,5083.22,1,3,4,Loyal Customer
CUST-08660,46,5,2401.58,3,3,2,Lost / Hibernating
CUST-08661,124,3,3178.42,1,2,2,Lost / Hibernating
CUST-08662,31,8,3473.34,4,5,3,Champion
CUST-08663,200,5,3083.88,1,3,2,At Risk
CUST-08664,268,1,975.42,1,1,1,Lost / Hibernating
CUST-08665,114,6,3699.56,2,4,3,Loyal Customer
CUST-08666,34,5,3055.95,4,3,2,Lost / Hibernating
CUST-08667,58,3,3433.7,3,2,3,Lost / Hibernating
CUST-08668,76,3,1337.56,2,2,1,Lost / Hibernating
CUST-08669,84,4,5027.05,2,3,4,Loyal Customer
CUST-08670,105,5,4433.71,2,3,3,Loyal Customer
CUST-08671,95,5,2011.11,2,3,1,At Risk
CUST-08672,27,12,11357.14,4,5,5,Champion
CUST-08673,103,3,2792.09,2,2,2,Lost / Hibernating
CUST-08674,70,2,922.45,2,1,1,Lost / Hibernating
CUST-08675,140,7,9125.52,1,5,5,Loyal Customer
CUST-08676,98,8,6215.76,2,5,5,Loyal Customer
CUST-08677,310,2,1298.81,1,1,1,Lost / Hibernating
CUST-08678,29,7,6265.360000000001,4,5,5,Champion
CUST-08679,58,5,2677.78,3,3,2,Lost / Hibernating
CUST-08680,10,5,3406.58,5,3,3,Loyal Customer
CUST-08681,59,9,5390.72,3,5,4,Loyal Customer
CUST-08682,85,1,169.76,2,1,1,Lost / Hibernating
CUST-08683,28,5,3535.09,4,3,3,Loyal Customer
CUST-08684,37,5,3246.39,4,3,2,Lost / Hibernating
CUST-08685,56,6,8182.02,3,4,5,Loyal Customer
CUST-08686,145,4,1733.68,1,3,1,At Risk
CUST-08687,9,3,3077.07,5,2,2,New Potential
CUST-08688,136,7,4419.27,1,5,3,Loyal Customer
CUST-08689,20,8,9145.289999999999,4,5,5,Champion
CUST-08690,92,4,1758.47,2,3,1,At Risk
CUST-08691,84,4,2459.77,2,3,2,At Risk
CUST-08692,61,2,932.0699999999999,3,1,1,Lost / Hibernating
CUST-08693,40,8,9658.29,3,5,5,Loyal Customer
CUST-08694,147,4,5146.6,1,3,4,Loyal Customer
CUST-08695,236,2,2144.15,1,1,1,Lost / Hibernating
CUST-08696,43,3,1029.4,3,2,1,Lost / Hibernating
CUST-08697,76,3,4079.42,2,2,3,Lost / Hibernating
CUST-08698,51,10,7499.56,3,5,5,Loyal Customer
CUST-08699,25,5,2638.08,4,3,2,Lost / Hibernating
CUST-08700,41,5,3926.69,3,3,3,Loyal Customer
CUST-08701,1,5,5903.13,5,3,4,Loyal Customer
CUST-08702,12,2,521.03,5,1,1,New Potential
CUST-08703,7,4,3179.29,5,3,2,Lost / Hibernating
CUST-08704,26,7,4982.72,4,5,4,Champion
CUST-08705,46,6,5150.389999999999,3,4,4,Loyal Customer
CUST-08706,3,3,1643.53,5,2,1,New Potential
CUST-08707,67,4,3698.04,2,3,3,Loyal Customer
CUST-08708,12,3,1583.02,5,2,1,New Potential
CUST-08709,145,4,4056.19,1,3,3,Loyal Customer
CUST-08710,55,8,4604.7,3,5,4,Loyal Customer
CUST-08711,98,7,4300.66,2,5,3,Loyal Customer
CUST-08712,9,9,6842.13,5,5,5,Champion
CUST-08713,3,8,8056.66,5,5,5,Champion
CUST-08714,26,8,5258.49,4,5,4,Champion
CUST-08715,56,4,2782.02,3,3,2,Lost / Hibernating
CUST-08716,26,3,3941.5200000000004,4,2,3,New Potential
CUST-08717,163,7,5220.93,1,5,4,Loyal Customer
CUST-08718,20,6,6714.360000000001,4,4,5,Champion
CUST-08719,37,7,6569.01,4,5,5,Champion
CUST-08720,114,2,1449.08,2,1,1,Lost / Hibernating
CUST-08721,98,7,6384.73,2,5,5,Loyal Customer
CUST-08722,1,9,6332.59,5,5,5,Champion
CUST-08723,54,3,1831.45,3,2,1,Lost / Hibernating
CUST-08724,181,2,2012.58,1,1,1,Lost / Hibernating
CUST-08725,6,3,2673.52,5,2,2,New Potential
CUST-08726,14,6,3448.1,5,4,3,Champion
CUST-08727,197,2,978.24,1,1,1,Lost / Hibernating
CUST-08728,35,7,5894.13,4,5,4,Champion
CUST-08729,24,4,3651.35,4,3,3,Loyal Customer
CUST-08730,91,5,4469.6,2,3,3,Loyal Customer
CUST-08731,18,7,6152.12,4,5,5,Champion
CUST-08732,102,5,3816.9300000000003,2,3,3,Loyal Customer
CUST-08733,21,7,5738.07,4,5,4,Champion
CUST-08734,120,6,4250.64,1,4,3,Loyal Customer
CUST-08735,80,8,9927.16,2,5,5,Loyal Customer
CUST-08736,43,4,4261.17,3,3,3,Loyal Customer
CUST-08737,157,4,4150.42,1,3,3,Loyal Customer
CUST-08738,13,2,2513.7799999999997,5,1,2,New Potential
CUST-08739,37,4,4688.46,4,3,4,Loyal Customer
CUST-08740,39,5,1908.0700000000002,3,3,1,Lost / Hibernating
CUST-08741,91,2,2509.13,2,1,2,Lost / Hibernating
CUST-08742,101,6,5099.02,2,4,4,Loyal Customer
CUST-08743,228,4,2580.17,1,3,2,At Risk
CUST-08744,1,7,4058.06,5,5,3,Champion
CUST-08745,91,6,5224.12,2,4,4,Loyal Customer
CUST-08746,212,5,5727.9800000000005,1,3,4,Loyal Customer
CUST-08747,3,3,1515.1100000000001,5,2,1,New Potential
CUST-08748,11,4,2578.7599999999998,5,3,2,Lost / Hibernating
CUST-08749,7,10,10594.15,5,5,5,Champion
CUST-08750,66,5,2306.13,3,3,2,Lost / Hibernating
CUST-08751,77,4,3350.44,2,3,2,At Risk
CUST-08752,45,6,4899.07,3,4,4,Loyal Customer
CUST-08753,22,8,7474.05,4,5,5,Champion
CUST-08754,32,7,8999.91,4,5,5,Champion
CUST-08755,4,7,5027.42,5,5,4,Champion
CUST-08756,3,4,3878.8,5,3,3,Loyal Customer
CUST-08757,46,4,4871.3,3,3,4,Loyal Customer
CUST-08758,46,3,3030.7000000000003,3,2,2,Lost / Hibernating
CUST-08759,80,6,7732.360000000001,2,4,5,Loyal Customer
CUST-08760,287,3,2100.99,1,2,1,Lost / Hibernating
CUST-08761,1,6,3172.37,5,4,2,Champion
CUST-08762,64,5,5949.61,3,3,4,Loyal Customer
CUST-08763,161,3,2625.24,1,2,2,Lost / Hibernating
CUST-08764,250,2,583.1800000000001,1,1,1,Lost / Hibernating
CUST-08765,80,3,2732.56,2,2,2,Lost / Hibernating
CUST-08766,17,8,6329.77,4,5,5,Champion
CUST-08767,78,9,7527.49,2,5,5,Loyal Customer
CUST-08768,1,3,1117.91,5,2,1,New Potential
CUST-08769,50,8,7564.88,3,5,5,Loyal Customer
CUST-08770,104,5,4389.08,2,3,3,Loyal Customer
CUST-08771,4,5,2098.9,5,3,1,Lost / Hibernating
CUST-08772,52,5,4475.96,3,3,3,Loyal Customer
CUST-08773,69,2,2098.9,2,1,1,Lost / Hibernating
CUST-08774,78,7,5325.47,2,5,4,Loyal Customer
CUST-08775,113,6,3696.5299999999997,2,4,3,Loyal Customer
CUST-08776,104,3,2357.18,2,2,2,Lost / Hibernating
CUST-08777,12,3,2225.01,5,2,1,New Potential
CUST-08778,3,6,4267.05,5,4,3,Champion
CUST-08779,88,3,947.76,2,2,1,Lost / Hibernating
CUST-08780,22,8,4496.78,4,5,3,Champion
CUST-08781,103,3,2356.71,2,2,2,Lost / Hibernating
CUST-08782,2,4,2142.93,5,3,1,Lost / Hibernating
CUST-08783,124,4,1886.9,1,3,1,At Risk
CUST-08784,215,3,1108.4,1,2,1,Lost / Hibernating
CUST-08785,18,5,3001.41,4,3,2,Lost / Hibernating
CUST-08786,165,4,1689.69,1,3,1,At Risk
CUST-08787,208,8,6156.05,1,5,5,Loyal Customer
CUST-08788,176,1,787.42,1,1,1,Lost / Hibernating
CUST-08789,200,4,2296.22,1,3,2,At Risk
CUST-08790,27,5,4964.33,4,3,4,Loyal Customer
CUST-08791,6,7,5601.950000000001,5,5,4,Champion
CUST-08792,12,7,6337.67,5,5,5,Champion
CUST-08793,12,8,8579.45,5,5,5,Champion
CUST-08794,33,5,2843.49,4,3,2,Lost / Hibernating
CUST-08795,107,2,3151.7,2,1,2,Lost / Hibernating
CUST-08796,178,5,4817.62,1,3,4,Loyal Customer
CUST-08797,67,3,2485.12,2,2,2,Lost / Hibernating
CUST-08798,44,3,3572.4100000000003,3,2,3,Lost / Hibernating
CUST-08799,16,9,8449.789999999999,5,5,5,Champion
CUST-08800,1,7,7609.54,5,5,5,Champion
CUST-08801,54,4,2090.56,3,3,1,Lost / Hibernating
CUST-08802,196,5,5105.31,1,3,4,Loyal Customer
CUST-08803,57,3,2894.77,3,2,2,Lost / Hibernating
CUST-08804,51,4,2690.9700000000003,3,3,2,Lost / Hibernating
CUST-08805,3,5,4239.35,5,3,3,Loyal Customer
CUST-08806,63,5,1616.31,3,3,1,Lost / Hibernating
CUST-08807,143,4,5930.65,1,3,4,Loyal Customer
CUST-08808,42,3,2360.04,3,2,2,Lost / Hibernating
CUST-08809,32,6,5212.02,4,4,4,Champion
CUST-08810,127,3,2427.04,1,2,2,Lost / Hibernating
CUST-08811,246,1,711.94,1,1,1,Lost / Hibernating
CUST-08812,19,7,7514.03,4,5,5,Champion
CUST-08813,43,6,7482.7,3,4,5,Loyal Customer
CUST-08814,19,5,2276.19,4,3,2,Lost / Hibernating
CUST-08815,225,2,1073.88,1,1,1,Lost / Hibernating
CUST-08816,41,6,4356.07,3,4,3,Loyal Customer
CUST-08817,22,6,5930.3099999999995,4,4,4,Champion
CUST-08818,29,5,4693.03,4,3,4,Loyal Customer
CUST-08819,15,5,3691.5699999999997,5,3,3,Loyal Customer
CUST-08820,19,8,8050.4,4,5,5,Champion
CUST-08821,93,3,888.93,2,2,1,Lost / Hibernating
CUST-08822,218,5,3871.14,1,3,3,Loyal Customer
CUST-08823,170,3,3769.94,1,2,3,Lost / Hibernating
CUST-08824,1,3,1479.56,5,2,1,New Potential
CUST-08825,9,3,1869.1499999999999,5,2,1,New Potential
CUST-08826,21,6,5033.8099999999995,4,4,4,Champion
CUST-08827,17,5,3917.6699999999996,4,3,3,Loyal Customer
CUST-08828,3,5,4256.06,5,3,3,Loyal Customer
CUST-08829,146,4,3009.47,1,3,2,At Risk
CUST-08830,4,5,3590.96,5,3,3,Loyal Customer
CUST-08831,232,2,2371.81,1,1,2,Lost / Hibernating
CUST-08832,56,7,8272.69,3,5,5,Loyal Customer
CUST-08833,55,5,3937.7200000000003,3,3,3,Loyal Customer
CUST-08834,30,4,4749.08,4,3,4,Loyal Customer
CUST-08835,9,4,5308.900000000001,5,3,4,Loyal Customer
CUST-08836,109,1,1507.35,2,1,1,Lost / Hibernating
CUST-08837,19,3,1343.23,4,2,1,New Potential
CUST-08838,132,4,5189.23,1,3,4,Loyal Customer
CUST-08839,91,3,1037.19,2,2,1,Lost / Hibernating
CUST-08840,55,1,783.22,3,1,1,Lost / Hibernating
CUST-08841,90,9,8696.18,2,5,5,Loyal Customer
CUST-08842,84,4,4094.29,2,3,3,Loyal Customer
CUST-08843,22,7,2997.9900000000002,4,5,2,Champion
CUST-08844,19,8,7891.84,4,5,5,Champion
CUST-08845,6,8,8087.04,5,5,5,Champion
CUST-08846,20,3,3000.65,4,2,2,New Potential
CUST-08847,17,9,5171.03,4,5,4,Champion
CUST-08848,4,2,2782.52,5,1,2,New Potential
CUST-08849,197,1,1120.04,1,1,1,Lost / Hibernating
CUST-08850,17,3,2593.7,4,2,2,New Potential
CUST-08851,67,5,2924.72,2,3,2,At Risk
CUST-08852,230,1,1784.27,1,1,1,Lost / Hibernating
CUST-08853,34,3,3255.24,4,2,2,New Potential
CUST-08854,37,2,1031.34,4,1,1,New Potential
CUST-08855,53,7,5573.59,3,5,4,Loyal Customer
CUST-08856,15,3,2806.79,5,2,2,New Potential
CUST-08857,28,8,8842.38,4,5,5,Champion
CUST-08858,139,4,2271.04,1,3,1,At Risk
CUST-08859,42,10,8499.56,3,5,5,Loyal Customer
CUST-08860,22,5,5657.0599999999995,4,3,4,Loyal Customer
CUST-08861,4,6,4146.1900000000005,5,4,3,Champion
CUST-08862,24,3,1732.5700000000002,4,2,1,New Potential
CUST-08863,146,2,2789.05,1,1,2,Lost / Hibernating
CUST-08864,41,7,6468.42,3,5,5,Loyal Customer
CUST-08865,190,3,3122.6000000000004,1,2,2,Lost / Hibernating
CUST-08866,5,7,6184.7300000000005,5,5,5,Champion
CUST-08867,17,6,1694.22,4,4,1,Champion
CUST-08868,46,4,3354.01,3,3,2,Lost / Hibernating
CUST-08869,36,3,2549.27,4,2,2,New Potential
CUST-08870,42,5,4945.48,3,3,4,Loyal Customer
CUST-08871,51,5,4716.8,3,3,4,Loyal Customer
CUST-08872,26,10,12152.26,4,5,5,Champion
CUST-08873,32,7,9099.539999999999,4,5,5,Champion
CUST-08874,74,6,6139.02,2,4,5,Loyal Customer
CUST-08875,62,4,5286.14,3,3,4,Loyal Customer
CUST-08876,11,7,4260.68,5,5,3,Champion
CUST-08877,76,6,3641.9900000000002,2,4,3,Loyal Customer
CUST-08878,72,7,4301.3099999999995,2,5,3,Loyal Customer
CUST-08879,124,3,3712.7000000000003,1,2,3,Lost / Hibernating
CUST-08880,58,9,7305.38,3,5,5,Loyal Customer
CUST-08881,171,3,1751.73,1,2,1,Lost / Hibernating
CUST-08882,3,3,2498.52,5,2,2,New Potential
CUST-08883,63,5,4052.05,3,3,3,Loyal Customer
CUST-08884,123,5,5063.02,1,3,4,Loyal Customer
CUST-08885,11,6,4244.389999999999,5,4,3,Champion
CUST-08886,31,5,5509.8,4,3,4,Loyal Customer
CUST-08887,86,5,3244.42,2,3,2,At Risk
CUST-08888,56,8,8563.06,3,5,5,Loyal Customer
CUST-08889,131,3,1767.1,1,2,1,Lost / Hibernating
CUST-08890,200,4,5641.67,1,3,4,Loyal Customer
CUST-08891,82,6,4072.38,2,4,3,Loyal Customer
CUST-08892,25,4,1919.58,4,3,1,Lost / Hibernating
CUST-08893,9,3,6009.16,5,2,4,New Potential
CUST-08894,269,2,1438.01,1,1,1,Lost / Hibernating
CUST-08895,53,6,4884.93,3,4,4,Loyal Customer
CUST-08896,8,6,5663.2300000000005,5,4,4,Champion
CUST-08897,21,7,6040.08,4,5,4,Champion
CUST-08898,92,4,2110.53,2,3,1,At Risk
CUST-08899,6,7,6145.19,5,5,5,Champion
CUST-08900,269,2,2670.14,1,1,2,Lost / Hibernating
CUST-08901,48,3,3644.4300000000003,3,2,3,Lost / Hibernating
CUST-08902,8,4,6117.18,5,3,5,Loyal Customer
CUST-08903,81,3,2645.71,2,2,2,Lost / Hibernating
CUST-08904,112,4,4324.22,2,3,3,Loyal Customer
CUST-08905,63,3,2481.73,3,2,2,Lost / Hibernating
CUST-08906,28,8,8912.55,4,5,5,Champion
CUST-08907,18,5,4984.35,4,3,4,Loyal Customer
CUST-08908,23,4,1235.51,4,3,1,Lost / Hibernating
CUST-08909,59,5,4291.43,3,3,3,Loyal Customer
CUST-08910,33,4,3171.92,4,3,2,Lost / Hibernating
CUST-08911,41,5,4711.52,3,3,4,Loyal Customer
CUST-08912,40,4,3602.83,3,3,3,Loyal Customer
CUST-08913,13,4,3934.67,5,3,3,Loyal Customer
CUST-08914,8,3,2925.81,5,2,2,New Potential
CUST-08915,154,4,7998.32,1,3,5,Loyal Customer
CUST-08916,119,6,5911.780000000001,1,4,4,Loyal Customer
CUST-08917,25,5,5245.52,4,3,4,Loyal Customer
CUST-08918,69,1,455.66,2,1,1,Lost / Hibernating
CUST-08919,13,8,8610.73,5,5,5,Champion
CUST-08920,9,5,5025.530000000001,5,3,4,Loyal Customer
CUST-08921,30,5,3402.5,4,3,2,Lost / Hibernating
CUST-08922,64,5,5314.0,3,3,4,Loyal Customer
CUST-08923,16,6,2599.43,5,4,2,Champion
CUST-08924,94,2,2068.38,2,1,1,Lost / Hibernating
CUST-08925,22,6,7531.93,4,4,5,Champion
CUST-08926,76,7,3995.9700000000003,2,5,3,Loyal Customer
CUST-08927,111,4,3727.78,2,3,3,Loyal Customer
CUST-08928,42,2,2193.98,3,1,1,Lost / Hibernating
CUST-08929,11,4,2754.47,5,3,2,Lost / Hibernating
CUST-08930,1,7,5185.52,5,5,4,Champion
CUST-08931,69,3,2023.08,2,2,1,Lost / Hibernating
CUST-08932,122,2,1619.07,1,1,1,Lost / Hibernating
CUST-08933,12,5,4274.07,5,3,3,Loyal Customer
CUST-08934,355,1,2219.38,1,1,1,Lost / Hibernating
CUST-08935,127,3,2229.75,1,2,1,Lost / Hibernating
CUST-08936,135,2,447.5,1,1,1,Lost / Hibernating
CUST-08937,92,4,3549.61,2,3,3,Loyal Customer
CUST-08938,6,7,6627.889999999999,5,5,5,Champion
CUST-08939,146,4,3035.3199999999997,1,3,2,At Risk
CUST-08940,308,4,3272.39,1,3,2,At Risk
CUST-08941,9,2,1033.45,5,1,1,New Potential
CUST-08942,104,6,5708.66,2,4,4,Loyal Customer
CUST-08943,39,7,4935.9400000000005,3,5,4,Loyal Customer
CUST-08944,106,6,5021.61,2,4,4,Loyal Customer
CUST-08945,34,7,6275.07,4,5,5,Champion
CUST-08946,69,2,4349.46,2,1,3,Lost / Hibernating
CUST-08947,25,7,6846.6900000000005,4,5,5,Champion
CUST-08948,37,1,566.59,4,1,1,New Potential
CUST-08949,71,3,1456.44,2,2,1,Lost / Hibernating
CUST-08950,75,4,3472.5,2,3,3,Loyal Customer
CUST-08951,12,5,3663.97,5,3,3,Loyal Customer
CUST-08952,11,8,5013.53,5,5,4,Champion
CUST-08953,42,9,6581.06,3,5,5,Loyal Customer
CUST-08954,191,3,2796.79,1,2,2,Lost / Hibernating
CUST-08955,100,4,5014.03,2,3,4,Loyal Customer
CUST-08956,32,2,4228.54,4,1,3,New Potential
CUST-08957,263,1,838.84,1,1,1,Lost / Hibernating
CUST-08958,71,5,3803.08,2,3,3,Loyal Customer
CUST-08959,15,7,3888.0699999999997,5,5,3,Champion
CUST-08960,4,4,1656.77,5,3,1,Lost / Hibernating
CUST-08961,34,4,2589.67,4,3,2,Lost / Hibernating
CUST-08962,211,3,2051.96,1,2,1,Lost / Hibernating
CUST-08964,11,7,4138.23,5,5,3,Champion
CUST-08965,54,6,4773.56,3,4,4,Loyal Customer
CUST-08966,28,3,3596.79,4,2,3,New Potential
CUST-08967,10,6,6000.389999999999,5,4,4,Champion
CUST-08968,57,6,5557.5199999999995,3,4,4,Loyal Customer
CUST-08969,147,4,4588.6,1,3,4,Loyal Customer
CUST-08970,5,5,6358.61,5,3,5,Loyal Customer
CUST-08971,46,5,5174.96,3,3,4,Loyal Customer
CUST-08972,62,3,3081.14,3,2,2,Lost / Hibernating
CUST-08973,71,7,4703.47,2,5,4,Loyal Customer
CUST-08974,179,5,3608.3500000000004,1,3,3,Loyal Customer
CUST-08975,44,7,7502.75,3,5,5,Loyal Customer
CUST-08976,67,5,4102.34,2,3,3,Loyal Customer
CUST-08977,4,10,8330.62,5,5,5,Champion
CUST-08978,18,7,6861.88,4,5,5,Champion
CUST-08979,151,6,5789.42,1,4,4,Loyal Customer
CUST-08980,72,7,6037.450000000001,2,5,4,Loyal Customer
CUST-08981,101,6,8177.11,2,4,5,Loyal Customer
CUST-08982,178,1,1294.27,1,1,1,Lost / Hibernating
CUST-08983,18,3,1941.66,4,2,1,New Potential
CUST-08984,18,5,4075.39,4,3,3,Loyal Customer
CUST-08985,92,7,6620.04,2,5,5,Loyal Customer
CUST-08986,60,5,3702.42,3,3,3,Loyal Customer
CUST-08987,6,5,4327.46,5,3,3,Loyal Customer
CUST-08988,5,10,9299.72,5,5,5,Champion
CUST-08989,18,3,1868.99,4,2,1,New Potential
CUST-08990,72,5,2552.12,2,3,2,At Risk
CUST-08991,61,2,1578.04,3,1,1,Lost / Hibernating
CUST-08992,23,5,2923.68,4,3,2,Lost / Hibernating
CUST-08993,44,7,4676.07,3,5,4,Loyal Customer
CUST-08994,25,8,6576.2699999999995,4,5,5,Champion
CUST-08995,136,6,2720.51,1,4,2,At Risk
CUST-08996,16,2,1733.79,5,1,1,New Potential
CUST-08997,3,4,2623.06,5,3,2,Lost / Hibernating
CUST-08998,3,5,6880.71,5,3,5,Loyal Customer
CUST-08999,125,1,2547.47,1,1,2,Lost / Hibernating
CUST-09000,270,2,1734.0,1,1,1,Lost / Hibernating
CUST-09001,115,4,1441.76,2,3,1,At Risk
CUST-09002,26,7,3537.32,4,5,3,Champion
CUST-09003,115,2,2870.6000000000004,2,1,2,Lost / Hibernating
CUST-09004,30,5,4809.78,4,3,4,Loyal Customer
CUST-09005,17,8,4005.1,4,5,3,Champion
CUST-09006,12,8,6689.530000000001,5,5,5,Champion
CUST-09007,98,4,3529.51,2,3,3,Loyal Customer
CUST-09008,23,4,4328.9,4,3,3,Loyal Customer
CUST-09009,17,7,7313.34,4,5,5,Champion
CUST-09010,61,4,2426.9,3,3,2,Lost / Hibernating
CUST-09011,4,10,9721.61,5,5,5,Champion
CUST-09012,47,6,9330.49,3,4,5,Loyal Customer
CUST-09013,19,4,4779.34,4,3,4,Loyal Customer
CUST-09014,115,6,3972.5,2,4,3,Loyal Customer
CUST-09015,52,5,2727.9,3,3,2,Lost / Hibernating
CUST-09016,173,3,2214.32,1,2,1,Lost / Hibernating
CUST-09017,55,2,1203.0,3,1,1,Lost / Hibernating
CUST-09018,23,7,3157.26,4,5,2,Champion
CUST-09019,103,5,4421.139999999999,2,3,3,Loyal Customer
CUST-09020,60,4,4011.37,3,3,3,Loyal Customer
CUST-09021,40,4,4185.87,3,3,3,Loyal Customer
CUST-09022,242,2,1535.3600000000001,1,1,1,Lost / Hibernating
CUST-09023,36,5,4139.46,4,3,3,Loyal Customer
CUST-09024,104,5,4788.27,2,3,4,Loyal Customer
CUST-09025,43,6,4372.91,3,4,3,Loyal Customer
CUST-09026,27,4,3105.88,4,3,2,Lost / Hibernating
CUST-09027,34,7,7760.94,4,5,5,Champion
CUST-09028,22,6,3247.21,4,4,2,Champion
CUST-09029,8,5,3767.52,5,3,3,Loyal Customer
CUST-09030,123,5,4961.94,1,3,4,Loyal Customer
CUST-09031,30,8,3307.1099999999997,4,5,2,Champion
CUST-09032,7,8,4410.8,5,5,3,Champion
CUST-09033,70,6,3663.42,2,4,3,Loyal Customer
CUST-09034,12,9,7743.679999999999,5,5,5,Champion
CUST-09035,32,4,4284.7,4,3,3,Loyal Customer
CUST-09036,220,3,2094.77,1,2,1,Lost / Hibernating
CUST-09037,164,4,4169.09,1,3,3,Loyal Customer
CUST-09038,101,7,4988.7300000000005,2,5,4,Loyal Customer
CUST-09039,80,5,3441.1499999999996,2,3,3,Loyal Customer
CUST-09040,109,2,2808.13,2,1,2,Lost / Hibernating
CUST-09041,16,6,3565.41,5,4,3,Champion
CUST-09042,8,3,2477.55,5,2,2,New Potential
CUST-09043,27,7,3926.35,4,5,3,Champion
CUST-09044,19,5,3952.23,4,3,3,Loyal Customer
CUST-09045,100,2,588.96,2,1,1,Lost / Hibernating
CUST-09046,83,5,3665.2,2,3,3,Loyal Customer
CUST-09047,25,2,3191.26,4,1,2,New Potential
CUST-09048,15,5,6056.63,5,3,4,Loyal Customer
CUST-09049,7,8,7919.54,5,5,5,Champion
CUST-09050,121,2,704.59,1,1,1,Lost / Hibernating
CUST-09051,220,2,1791.8899999999999,1,1,1,Lost / Hibernating
CUST-09052,127,5,3740.8900000000003,1,3,3,Loyal Customer
CUST-09053,1,7,7662.91,5,5,5,Champion
CUST-09054,49,5,6021.43,3,3,4,Loyal Customer
CUST-09055,156,3,3463.09,1,2,3,Lost / Hibernating
CUST-09056,13,7,4402.66,5,5,3,Champion
CUST-09057,169,3,1507.27,1,2,1,Lost / Hibernating
CUST-09058,91,5,2408.29,2,3,2,At Risk
CUST-09059,4,6,4106.75,5,4,3,Champion
CUST-09060,164,2,3026.62,1,1,2,Lost / Hibernating
CUST-09061,26,4,4153.49,4,3,3,Loyal Customer
CUST-09062,68,4,2511.88,2,3,2,At Risk
CUST-09063,4,3,1475.87,5,2,1,New Potential
CUST-09064,44,1,1052.8,3,1,1,Lost / Hibernating
CUST-09065,1,6,4943.48,5,4,4,Champion
CUST-09066,3,6,5352.34,5,4,4,Champion
CUST-09067,22,6,6401.79,4,4,5,Champion
CUST-09068,60,4,4952.76,3,3,4,Loyal Customer
CUST-09069,125,5,3966.6400000000003,1,3,3,Loyal Customer
CUST-09070,108,4,1991.38,2,3,1,At Risk
CUST-09071,12,7,4747.16,5,5,4,Champion
CUST-09072,34,5,3257.04,4,3,2,Lost / Hibernating
CUST-09073,88,3,4727.7300000000005,2,2,4,Lost / Hibernating
CUST-09074,85,6,5002.34,2,4,4,Loyal Customer
CUST-09075,16,4,1920.68,5,3,1,Lost / Hibernating
CUST-09076,28,7,7391.09,4,5,5,Champion
CUST-09077,203,3,2883.86,1,2,2,Lost / Hibernating
CUST-09078,80,6,3466.87,2,4,3,Loyal Customer
CUST-09079,2,7,6911.8,5,5,5,Champion
CUST-09080,20,7,7280.469999999999,4,5,5,Champion
CUST-09081,50,10,8623.67,3,5,5,Loyal Customer
CUST-09082,1,5,5639.02,5,3,4,Loyal Customer
CUST-09083,12,8,7036.3099999999995,5,5,5,Champion
CUST-09084,38,6,5021.389999999999,3,4,4,Loyal Customer
CUST-09085,107,5,4701.28,2,3,4,Loyal Customer
CUST-09086,12,2,1701.8,5,1,1,New Potential
CUST-09087,6,5,4318.63,5,3,3,Loyal Customer
CUST-09088,21,7,6422.55,4,5,5,Champion
CUST-09089,55,8,3267.65,3,5,2,Lost / Hibernating
CUST-09090,150,5,3761.0699999999997,1,3,3,Loyal Customer
CUST-09091,27,8,3609.51,4,5,3,Champion
CUST-09092,60,3,3512.56,3,2,3,Lost / Hibernating
CUST-09093,30,8,7849.17,4,5,5,Champion
CUST-09094,73,3,3185.44,2,2,2,Lost / Hibernating
CUST-09095,60,5,4748.76,3,3,4,Loyal Customer
CUST-09096,98,7,3592.7,2,5,3,Loyal Customer
CUST-09097,107,4,2193.92,2,3,1,At Risk
CUST-09098,108,4,3401.49,2,3,2,At Risk
CUST-09099,33,6,4877.66,4,4,4,Champion
CUST-09100,74,5,3212.63,2,3,2,At Risk
CUST-09101,93,7,4863.44,2,5,4,Loyal Customer
CUST-09102,39,11,6692.6,3,5,5,Loyal Customer
CUST-09103,11,7,5906.35,5,5,4,Champion
CUST-09104,185,4,1229.67,1,3,1,At Risk
CUST-09105,143,10,11345.46,1,5,5,Loyal Customer
CUST-09106,9,6,6764.18,5,4,5,Champion
CUST-09107,172,1,244.06,1,1,1,Lost / Hibernating
CUST-09108,27,7,8743.99,4,5,5,Champion
CUST-09109,95,6,4372.3,2,4,3,Loyal Customer
CUST-09111,63,2,1051.1100000000001,3,1,1,Lost / Hibernating
CUST-09112,65,4,4548.46,3,3,3,Loyal Customer
CUST-09113,9,7,7368.15,5,5,5,Champion
CUST-09114,50,4,3984.67,3,3,3,Loyal Customer
CUST-09115,38,10,6355.82,3,5,5,Loyal Customer
CUST-09116,78,5,1960.97,2,3,1,At Risk
CUST-09117,48,7,6210.59,3,5,5,Loyal Customer
CUST-09118,128,5,4385.200000000001,1,3,3,Loyal Customer
CUST-09119,24,9,7753.31,4,5,5,Champion
CUST-09120,33,7,3293.44,4,5,2,Champion
CUST-09121,39,6,5996.11,3,4,4,Loyal Customer
CUST-09122,64,5,1514.93,3,3,1,Lost / Hibernating
CUST-09123,63,3,3688.49,3,2,3,Lost / Hibernating
CUST-09124,75,8,7035.67,2,5,5,Loyal Customer
CUST-09125,45,5,3142.6000000000004,3,3,2,Lost / Hibernating
CUST-09126,73,4,5912.9,2,3,4,Loyal Customer
CUST-09127,149,7,4313.77,1,5,3,Loyal Customer
CUST-09128,15,3,1222.5900000000001,5,2,1,New Potential
CUST-09129,18,11,8238.630000000001,4,5,5,Champion
CUST-09130,65,8,6876.95,3,5,5,Loyal Customer
CUST-09131,30,5,4980.83,4,3,4,Loyal Customer
CUST-09132,36,5,4600.35,4,3,4,Loyal Customer
CUST-09133,66,4,2017.78,3,3,1,Lost / Hibernating
CUST-09134,70,1,1025.57,2,1,1,Lost / Hibernating
CUST-09135,237,1,438.2,1,1,1,Lost / Hibernating
CUST-09136,4,7,2828.8999999999996,5,5,2,Champion
CUST-09137,51,6,5393.24,3,4,4,Loyal Customer
CUST-09138,18,2,941.1100000000001,4,1,1,New Potential
CUST-09139,130,6,3883.13,1,4,3,Loyal Customer
CUST-09140,172,4,3070.6800000000003,1,3,2,At Risk
CUST-09141,21,5,2848.77,4,3,2,Lost / Hibernating
CUST-09142,168,5,3226.58,1,3,2,At Risk
CUST-09143,192,3,1402.03,1,2,1,Lost / Hibernating
CUST-09144,66,5,3746.4700000000003,3,3,3,Loyal Customer
CUST-09145,28,4,3754.0299999999997,4,3,3,Loyal Customer
CUST-09146,41,5,6450.3099999999995,3,3,5,Loyal Customer
CUST-09147,169,3,1629.56,1,2,1,Lost / Hibernating
CUST-09148,254,5,4537.93,1,3,3,Loyal Customer
CUST-09149,173,2,1696.92,1,1,1,Lost / Hibernating
CUST-09150,49,6,5850.400000000001,3,4,4,Loyal Customer
CUST-09151,50,2,808.55,3,1,1,Lost / Hibernating
CUST-09152,43,5,2271.73,3,3,1,Lost / Hibernating
CUST-09153,182,6,6623.23,1,4,5,Loyal Customer
CUST-09154,194,3,2045.77,1,2,1,Lost / Hibernating
CUST-09155,208,6,5723.53,1,4,4,Loyal Customer
CUST-09156,159,3,2373.16,1,2,2,Lost / Hibernating
CUST-09157,14,6,6400.67,5,4,5,Champion
CUST-09158,189,4,1634.69,1,3,1,At Risk
CUST-09159,71,4,3823.3999999999996,2,3,3,Loyal Customer
CUST-09160,92,3,1340.3700000000001,2,2,1,Lost / Hibernating
CUST-09161,81,6,4788.73,2,4,4,Loyal Customer
CUST-09162,26,3,2083.74,4,2,1,New Potential
CUST-09163,163,8,2953.64,1,5,2,At Risk
CUST-09164,88,4,2436.55,2,3,2,At Risk
CUST-09165,126,6,4170.35,1,4,3,Loyal Customer
CUST-09166,4,8,7243.12,5,5,5,Champion
CUST-09167,36,6,6557.78,4,4,5,Champion
CUST-09168,142,4,3404.75,1,3,3,Loyal Customer
CUST-09169,72,11,10358.68,2,5,5,Loyal Customer
CUST-09170,7,5,5414.92,5,3,4,Loyal Customer
CUST-09171,69,10,8315.32,2,5,5,Loyal Customer
CUST-09172,9,5,2181.3,5,3,1,Lost / Hibernating
CUST-09173,11,9,7867.53,5,5,5,Champion
CUST-09174,95,5,4523.41,2,3,3,Loyal Customer
CUST-09175,5,7,4198.3099999999995,5,5,3,Champion
CUST-09176,1,7,4274.21,5,5,3,Champion
CUST-09177,54,6,8762.02,3,4,5,Loyal Customer
CUST-09178,45,5,6773.54,3,3,5,Loyal Customer
CUST-09179,55,5,3978.6099999999997,3,3,3,Loyal Customer
CUST-09180,113,3,4306.08,2,2,3,Lost / Hibernating
CUST-09181,53,6,4584.54,3,4,4,Loyal Customer
CUST-09182,20,8,5654.57,4,5,4,Champion
CUST-09183,192,1,143.79,1,1,1,Lost / Hibernating
CUST-09184,164,8,5143.28,1,5,4,Loyal Customer
CUST-09185,16,6,5697.96,5,4,4,Champion
CUST-09186,7,6,3167.56,5,4,2,Champion
CUST-09187,150,6,4976.93,1,4,4,Loyal Customer
CUST-09188,28,5,2270.12,4,3,1,Lost / Hibernating
CUST-09189,77,7,4911.83,2,5,4,Loyal Customer
CUST-09190,44,5,5218.879999999999,3,3,4,Loyal Customer
CUST-09191,38,4,1887.4099999999999,3,3,1,Lost / Hibernating
CUST-09192,30,4,3145.45,4,3,2,Lost / Hibernating
CUST-09193,74,3,2194.72,2,2,1,Lost / Hibernating
CUST-09194,160,1,278.78,1,1,1,Lost / Hibernating
CUST-09195,58,12,7743.25,3,5,5,Loyal Customer
CUST-09196,82,4,3392.93,2,3,2,At Risk
CUST-09197,95,2,2079.51,2,1,1,Lost / Hibernating
CUST-09198,25,7,4338.84,4,5,3,Champion
CUST-09199,41,10,9797.85,3,5,5,Loyal Customer
CUST-09200,25,4,1443.79,4,3,1,Lost / Hibernating
CUST-09201,215,3,4360.1,1,2,3,Lost / Hibernating
CUST-09202,81,5,4867.26,2,3,4,Loyal Customer
CUST-09203,6,2,2456.1,5,1,2,New Potential
CUST-09204,156,1,324.9,1,1,1,Lost / Hibernating
CUST-09205,26,4,4794.2,4,3,4,Loyal Customer
CUST-09206,26,5,2943.55,4,3,2,Lost / Hibernating
CUST-09207,7,5,4874.4400000000005,5,3,4,Loyal Customer
CUST-09208,9,5,6639.45,5,4,5,Champion
CUST-09209,65,4,6219.349999999999,3,3,5,Loyal Customer
CUST-09210,44,6,4996.92,3,4,4,Loyal Customer
CUST-09211,29,5,3769.73,4,4,3,Champion
CUST-09212,163,4,4687.3,1,3,4,Loyal Customer
CUST-09213,52,6,4680.01,3,4,4,Loyal Customer
CUST-09214,209,4,2975.7599999999998,1,3,2,At Risk
CUST-09215,118,1,254.06,1,1,1,Lost / Hibernating
CUST-09216,92,4,2283.16,2,3,2,At Risk
CUST-09217,84,3,3052.79,2,2,2,Lost / Hibernating
CUST-09218,54,5,4385.15,3,4,3,Loyal Customer
CUST-09219,255,2,1070.03,1,1,1,Lost / Hibernating
CUST-09220,11,7,5746.92,5,5,4,Champion
CUST-09221,16,2,5228.82,5,1,4,New Potential
CUST-09222,226,4,2813.0,1,3,2,At Risk
CUST-09223,12,7,6203.3099999999995,5,5,5,Champion
CUST-09224,26,7,6371.98,4,5,5,Champion
CUST-09225,53,7,8416.54,3,5,5,Loyal Customer
CUST-09226,21,2,816.27,4,1,1,New Potential
CUST-09227,26,6,2899.02,4,4,2,Champion
CUST-09228,22,1,1219.66,4,1,1,New Potential
CUST-09229,5,4,3338.52,5,3,2,Lost / Hibernating
CUST-09230,21,11,7439.71,4,5,5,Champion
CUST-09231,45,9,6976.139999999999,3,5,5,Loyal Customer
CUST-09232,8,4,2810.2,5,3,2,Lost / Hibernating
CUST-09233,50,7,4018.1099999999997,3,5,3,Loyal Customer
CUST-09234,92,3,1539.6,2,2,1,Lost / Hibernating
CUST-09235,191,3,4040.02,1,2,3,Lost / Hibernating
CUST-09236,12,4,3336.91,5,3,2,Lost / Hibernating
CUST-09237,62,4,3139.24,3,3,2,Lost / Hibernating
CUST-09238,66,6,4577.599999999999,3,4,3,Loyal Customer
CUST-09239,152,2,837.5899999999999,1,1,1,Lost / Hibernating
CUST-09240,143,5,5842.79,1,4,4,Loyal Customer
CUST-09241,54,5,3350.17,3,4,2,Lost / Hibernating
CUST-09242,136,7,7124.15,1,5,5,Loyal Customer
CUST-09243,172,1,222.02,1,1,1,Lost / Hibernating
CUST-09244,40,6,7731.85,3,4,5,Loyal Customer
CUST-09245,39,4,2977.68,3,3,2,Lost / Hibernating
CUST-09246,31,5,3340.51,4,4,2,Champion
CUST-09247,18,4,3303.73,4,3,2,Lost / Hibernating
CUST-09248,121,4,3056.44,1,3,2,At Risk
CUST-09249,79,3,1680.6,2,2,1,Lost / Hibernating
CUST-09250,53,7,3090.42,3,5,2,Lost / Hibernating
CUST-09251,182,5,1819.23,1,4,1,At Risk
CUST-09252,228,4,3559.26,1,3,3,Loyal Customer
CUST-09253,2,4,3768.9300000000003,5,3,3,Loyal Customer
CUST-09254,26,2,2555.01,4,1,2,New Potential
CUST-09255,64,6,4618.13,3,4,4,Loyal Customer
CUST-09256,17,5,4318.68,4,4,3,Champion
CUST-09257,126,4,2901.62,1,3,2,At Risk
CUST-09258,150,3,3357.3,1,2,2,Lost / Hibernating
CUST-09259,27,6,4775.709999999999,4,4,4,Champion
CUST-09260,227,5,6326.549999999999,1,4,5,Loyal Customer
CUST-09261,25,5,5926.22,4,4,4,Champion
CUST-09262,23,4,4232.66,4,3,3,Loyal Customer
CUST-09263,7,4,2225.25,5,3,1,Lost / Hibernating
CUST-09264,17,5,3244.4700000000003,4,4,2,Champion
CUST-09265,20,7,6669.24,4,5,5,Champion
CUST-09266,59,4,2634.5099999999998,3,3,2,Lost / Hibernating
CUST-09267,193,4,3334.32,1,3,2,At Risk
CUST-09268,81,5,4185.14,2,4,3,Loyal Customer
CUST-09269,58,6,5488.55,3,4,4,Loyal Customer
CUST-09270,10,5,3723.61,5,4,3,Champion
CUST-09271,192,4,5960.84,1,3,4,Loyal Customer
CUST-09272,24,6,3536.84,4,4,3,Champion
CUST-09273,15,5,4719.99,5,4,4,Champion
CUST-09274,121,5,7747.34,1,4,5,Loyal Customer
CUST-09275,28,8,7469.93,4,5,5,Champion
CUST-09276,184,3,2921.32,1,2,2,Lost / Hibernating
CUST-09277,287,3,3794.93,1,2,3,Lost / Hibernating
CUST-09278,32,9,8885.75,4,5,5,Champion
CUST-09279,114,4,2272.91,2,3,1,At Risk
CUST-09280,130,4,2313.45,1,3,2,At Risk
CUST-09281,34,1,323.28,4,1,1,New Potential
CUST-09282,160,2,2027.69,1,1,1,Lost / Hibernating
CUST-09283,230,1,732.72,1,1,1,Lost / Hibernating
CUST-09284,141,3,1820.65,1,2,1,Lost / Hibernating
CUST-09285,255,2,1195.3,1,1,1,Lost / Hibernating
CUST-09286,314,1,876.14,1,1,1,Lost / Hibernating
CUST-09287,60,10,6574.16,3,5,5,Loyal Customer
CUST-09288,64,5,4000.99,3,4,3,Loyal Customer
CUST-09289,18,4,4966.5,4,3,4,Loyal Customer
CUST-09290,37,7,8562.35,4,5,5,Champion
CUST-09291,10,7,6826.849999999999,5,5,5,Champion
CUST-09292,39,9,8409.869999999999,3,5,5,Loyal Customer
CUST-09293,9,4,2292.36,5,3,2,Lost / Hibernating
CUST-09294,34,9,8365.52,4,5,5,Champion
CUST-09295,105,5,7020.84,2,4,5,Loyal Customer
CUST-09296,3,8,7685.870000000001,5,5,5,Champion
CUST-09297,107,2,3796.9799999999996,2,1,3,Lost / Hibernating
CUST-09298,74,5,3458.55,2,4,3,Loyal Customer
CUST-09299,10,8,8571.69,5,5,5,Champion
CUST-09300,148,5,4442.7699999999995,1,4,3,Loyal Customer
CUST-09301,23,9,5563.09,4,5,4,Champion
CUST-09302,15,7,4257.47,5,5,3,Champion
CUST-09303,31,7,7578.14,4,5,5,Champion
CUST-09304,24,5,6133.48,4,4,5,Champion
CUST-09305,78,9,5158.25,2,5,4,Loyal Customer
CUST-09306,37,7,6352.82,4,5,5,Champion
CUST-09307,34,6,4450.51,4,4,3,Champion
CUST-09308,225,4,1881.87,1,3,1,At Risk
CUST-09309,25,8,6539.28,4,5,5,Champion
CUST-09310,24,5,6049.9400000000005,4,4,4,Champion
CUST-09311,25,4,4500.5599999999995,4,3,3,Loyal Customer
CUST-09312,129,6,3663.29,1,4,3,Loyal Customer
CUST-09313,129,4,2411.52,1,3,2,At Risk
CUST-09314,8,3,1982.1,5,2,1,New Potential
CUST-09315,278,4,3188.21,1,3,2,At Risk
CUST-09316,35,6,5785.04,4,4,4,Champion
CUST-09317,55,2,1893.73,3,1,1,Lost / Hibernating
CUST-09318,164,2,2816.63,1,1,2,Lost / Hibernating
CUST-09319,31,4,2033.9399999999998,4,3,1,Lost / Hibernating
CUST-09320,127,7,7886.95,1,5,5,Loyal Customer
CUST-09321,47,7,6866.76,3,5,5,Loyal Customer
CUST-09322,84,4,3651.84,2,3,3,Loyal Customer
CUST-09323,109,5,5993.37,2,4,4,Loyal Customer
CUST-09324,5,7,7794.43,5,5,5,Champion
CUST-09325,58,8,5630.29,3,5,4,Loyal Customer
CUST-09326,65,2,892.28,3,1,1,Lost / Hibernating
CUST-09327,116,6,7371.6900000000005,2,4,5,Loyal Customer
CUST-09328,257,2,2487.3799999999997,1,1,2,Lost / Hibernating
CUST-09329,91,4,2301.2799999999997,2,3,2,At Risk
CUST-09330,125,5,3480.83,1,4,3,Loyal Customer
CUST-09331,32,3,3272.84,4,2,2,New Potential
CUST-09332,182,7,6622.29,1,5,5,Loyal Customer
CUST-09333,180,2,1069.65,1,1,1,Lost / Hibernating
CUST-09334,26,8,5531.08,4,5,4,Champion
CUST-09335,39,7,6760.2,3,5,5,Loyal Customer
CUST-09336,37,8,6950.17,4,5,5,Champion
CUST-09337,59,1,939.7,3,1,1,Lost / Hibernating
CUST-09338,63,6,2261.0299999999997,3,4,1,Lost / Hibernating
CUST-09339,44,5,4457.969999999999,3,4,3,Loyal Customer
CUST-09340,26,6,2647.39,4,4,2,Champion
CUST-09341,12,4,4504.0,5,3,3,Loyal Customer
CUST-09342,8,4,6538.300000000001,5,3,5,Loyal Customer
CUST-09343,221,2,630.87,1,1,1,Lost / Hibernating
CUST-09344,11,7,4852.48,5,5,4,Champion
CUST-09345,38,5,4238.79,3,4,3,Loyal Customer
CUST-09346,37,6,7083.37,4,4,5,Champion
CUST-09347,111,5,2724.13,2,4,2,At Risk
CUST-09348,67,4,3825.62,2,3,3,Loyal Customer
CUST-09349,41,9,8803.13,3,5,5,Loyal Customer
CUST-09350,6,6,4092.58,5,4,3,Champion
CUST-09351,32,6,5946.4,4,4,4,Champion
CUST-09352,142,4,3514.5099999999998,1,3,3,Loyal Customer
CUST-09353,73,7,7994.43,2,5,5,Loyal Customer
CUST-09354,8,3,1809.88,5,2,1,New Potential
CUST-09355,22,5,3160.45,4,4,2,Champion
CUST-09356,103,5,5079.46,2,4,4,Loyal Customer
CUST-09357,75,5,3903.54,2,4,3,Loyal Customer
CUST-09358,14,4,2753.44,5,3,2,Lost / Hibernating
CUST-09359,55,13,17108.29,3,5,5,Loyal Customer
CUST-09360,3,6,4981.9,5,4,4,Champion
CUST-09361,224,2,1677.62,1,1,1,Lost / Hibernating
CUST-09362,45,5,2486.7599999999998,3,4,2,Lost / Hibernating
CUST-09363,31,8,7930.04,4,5,5,Champion
CUST-09364,4,6,7455.34,5,4,5,Champion
CUST-09365,11,5,3045.93,5,4,2,Champion
CUST-09366,44,8,10670.47,3,5,5,Loyal Customer
CUST-09367,61,6,4950.89,3,4,4,Loyal Customer
CUST-09368,22,4,1605.46,4,3,1,Lost / Hibernating
CUST-09369,6,8,5795.88,5,5,4,Champion
CUST-09370,174,1,728.54,1,1,1,Lost / Hibernating
CUST-09371,21,5,5514.24,4,4,4,Champion
CUST-09372,35,8,8233.56,4,5,5,Champion
CUST-09373,34,4,6003.09,4,3,4,Loyal Customer
CUST-09374,29,3,2125.06,4,2,1,New Potential
CUST-09375,9,5,3152.0699999999997,5,4,2,Champion
CUST-09376,7,3,2955.72,5,2,2,New Potential
CUST-09377,62,6,5732.51,3,4,4,Loyal Customer
CUST-09378,41,7,5445.6,3,5,4,Loyal Customer
CUST-09379,12,9,7044.09,5,5,5,Champion
CUST-09380,4,4,3042.54,5,3,2,Lost / Hibernating
CUST-09381,7,5,5431.3099999999995,5,4,4,Champion
CUST-09382,163,3,2233.29,1,2,1,Lost / Hibernating
CUST-09383,29,6,4278.92,4,4,3,Champion
CUST-09384,16,3,1717.8600000000001,5,2,1,New Potential
CUST-09385,21,3,2307.96,4,2,2,New Potential
CUST-09386,53,3,2953.1000000000004,3,2,2,Lost / Hibernating
CUST-09387,36,5,4359.91,4,4,3,Champion
CUST-09388,16,7,6409.34,5,5,5,Champion
CUST-09389,88,8,6407.74,2,5,5,Loyal Customer
CUST-09390,7,7,6842.14,5,5,5,Champion
CUST-09391,57,6,6570.23,3,4,5,Loyal Customer
CUST-09392,191,5,4907.77,1,4,4,Loyal Customer
CUST-09393,6,6,4856.42,5,4,4,Champion
CUST-09394,6,4,2776.55,5,3,2,Lost / Hibernating
CUST-09395,165,6,6703.48,1,4,5,Loyal Customer
CUST-09396,106,8,9825.16,2,5,5,Loyal Customer
CUST-09397,100,3,1974.6799999999998,2,2,1,Lost / Hibernating
CUST-09398,10,7,4924.05,5,5,4,Champion
CUST-09399,19,6,3796.51,4,4,3,Champion
CUST-09400,45,7,5589.95,3,5,4,Loyal Customer
CUST-09401,108,3,3255.13,2,2,2,Lost / Hibernating
CUST-09402,131,4,3057.6200000000003,1,3,2,At Risk
CUST-09403,91,3,760.85,2,2,1,Lost / Hibernating
CUST-09404,75,8,9156.3,2,5,5,Loyal Customer
CUST-09405,120,4,1723.8600000000001,1,3,1,At Risk
CUST-09406,36,6,4956.26,4,4,4,Champion
CUST-09407,40,4,3204.77,3,3,2,Lost / Hibernating
CUST-09408,111,3,2768.94,2,2,2,Lost / Hibernating
CUST-09409,32,6,5543.04,4,4,4,Champion
CUST-09410,140,4,3280.79,1,3,2,At Risk
CUST-09411,139,5,3335.7,1,4,2,At Risk
CUST-09412,3,6,3731.53,5,4,3,Champion
CUST-09413,20,5,4490.69,4,4,3,Champion
CUST-09414,72,9,9295.04,2,5,5,Loyal Customer
CUST-09415,298,1,486.64,1,1,1,Lost / Hibernating
CUST-09416,37,9,5606.92,4,5,4,Champion
CUST-09417,36,6,4055.91,4,4,3,Champion
CUST-09418,59,5,1572.15,3,4,1,Lost / Hibernating
CUST-09419,93,4,4432.08,2,3,3,Loyal Customer
CUST-09420,4,6,4217.59,5,4,3,Champion
CUST-09421,16,6,4736.46,5,4,4,Champion
CUST-09422,45,8,5172.91,3,5,4,Loyal Customer
CUST-09423,2,4,2821.34,5,3,2,Lost / Hibernating
CUST-09424,42,4,2670.83,3,3,2,Lost / Hibernating
CUST-09425,75,3,2214.09,2,2,1,Lost / Hibernating
CUST-09426,180,4,2762.66,1,3,2,At Risk
CUST-09427,4,3,2493.21,5,2,2,New Potential
CUST-09428,2,7,6820.83,5,5,5,Champion
CUST-09429,69,9,9049.1,2,5,5,Loyal Customer
CUST-09430,22,2,1128.76,4,1,1,New Potential
CUST-09431,27,3,1353.9,4,2,1,New Potential
CUST-09432,28,4,3846.67,4,3,3,Loyal Customer
CUST-09433,44,4,3100.9900000000002,3,3,2,Lost / Hibernating
CUST-09434,290,1,779.46,1,1,1,Lost / Hibernating
CUST-09435,16,7,6914.79,5,5,5,Champion
CUST-09436,6,7,6025.91,5,5,4,Champion
CUST-09437,141,4,3717.1,1,3,3,Loyal Customer
CUST-09438,84,5,2711.05,2,4,2,At Risk
CUST-09439,96,1,1257.62,2,1,1,Lost / Hibernating
CUST-09440,17,3,1396.17,4,2,1,New Potential
CUST-09441,46,6,4988.45,3,4,4,Loyal Customer
CUST-09442,345,1,1365.4,1,1,1,Lost / Hibernating
CUST-09443,42,3,5675.45,3,2,4,Lost / Hibernating
CUST-09444,69,2,1005.99,2,1,1,Lost / Hibernating
CUST-09445,63,3,2175.55,3,2,1,Lost / Hibernating
CUST-09446,186,4,3058.47,1,3,2,At Risk
CUST-09447,34,6,5716.4400000000005,4,4,4,Champion
CUST-09448,35,6,2506.52,4,4,2,Champion
CUST-09449,25,4,5609.18,4,3,4,Loyal Customer
CUST-09450,61,5,4253.76,3,4,3,Loyal Customer
CUST-09451,38,8,9000.74,3,5,5,Loyal Customer
CUST-09452,33,3,2301.8599999999997,4,2,2,New Potential
CUST-09453,10,3,2019.41,5,2,1,New Potential
CUST-09454,66,4,5105.299999999999,3,3,4,Loyal Customer
CUST-09455,33,8,11193.800000000001,4,5,5,Champion
CUST-09456,56,5,6618.8099999999995,3,4,5,Loyal Customer
CUST-09457,32,4,5441.17,4,3,4,Loyal Customer
CUST-09458,33,3,2141.15,4,2,1,New Potential
CUST-09459,70,6,4079.13,2,4,3,Loyal Customer
CUST-09460,15,2,2863.66,5,1,2,New Potential
CUST-09461,16,6,7922.59,5,4,5,Champion
CUST-09462,171,3,2337.19,1,2,2,Lost / Hibernating
CUST-09463,90,5,3481.91,2,4,3,Loyal Customer
CUST-09464,171,7,7572.61,1,5,5,Loyal Customer
CUST-09465,142,1,1149.4,1,1,1,Lost / Hibernating
CUST-09466,51,6,3795.09,3,4,3,Loyal Customer
CUST-09467,117,3,2046.71,2,2,1,Lost / Hibernating
CUST-09468,119,4,1874.8600000000001,1,3,1,At Risk
CUST-09469,6,6,4181.900000000001,5,4,3,Champion
CUST-09470,38,9,6179.97,3,5,5,Loyal Customer
CUST-09471,58,7,4878.51,3,5,4,Loyal Customer
CUST-09472,105,6,4132.29,2,4,3,Loyal Customer
CUST-09473,183,3,3303.77,1,2,2,Lost / Hibernating
CUST-09474,141,7,7766.530000000001,1,5,5,Loyal Customer
CUST-09475,13,4,3715.26,5,3,3,Loyal Customer
CUST-09476,15,4,3994.13,5,3,3,Loyal Customer
CUST-09478,184,2,660.08,1,1,1,Lost / Hibernating
CUST-09479,86,7,5124.98,2,5,4,Loyal Customer
CUST-09480,33,7,5930.16,4,5,4,Champion
CUST-09481,23,2,889.36,4,1,1,New Potential
CUST-09482,84,9,7745.61,2,5,5,Loyal Customer
CUST-09483,125,7,6628.13,1,5,5,Loyal Customer
CUST-09484,22,4,6132.82,4,3,5,Loyal Customer
CUST-09485,7,12,7586.1900000000005,5,5,5,Champion
CUST-09486,4,10,7748.67,5,5,5,Champion
CUST-09487,157,5,3830.5699999999997,1,4,3,Loyal Customer
CUST-09488,149,5,5783.4400000000005,1,4,4,Loyal Customer
CUST-09489,31,9,6113.94,4,5,5,Champion
CUST-09490,5,6,4418.75,5,4,3,Champion
CUST-09491,34,10,6308.94,4,5,5,Champion
CUST-09492,128,4,2619.1400000000003,1,3,2,At Risk
CUST-09493,46,3,2517.16,3,2,2,Lost / Hibernating
CUST-09494,22,7,6188.8,4,5,5,Champion
CUST-09495,110,3,4540.2,2,2,3,Lost / Hibernating
CUST-09496,2,4,4187.280000000001,5,3,3,Loyal Customer
CUST-09497,4,5,5103.96,5,4,4,Champion
CUST-09498,111,6,4824.860000000001,2,4,4,Loyal Customer
CUST-09499,123,7,5692.61,1,5,4,Loyal Customer
CUST-09500,135,4,2156.71,1,3,1,At Risk
CUST-09501,97,8,7380.52,2,5,5,Loyal Customer
CUST-09502,83,2,2001.62,2,1,1,Lost / Hibernating
CUST-09503,73,7,4716.64,2,5,4,Loyal Customer
CUST-09504,45,6,6576.7,3,4,5,Loyal Customer
CUST-09505,69,5,3386.3,2,4,2,At Risk
CUST-09506,11,2,818.31,5,1,1,New Potential
CUST-09507,5,8,7522.8099999999995,5,5,5,Champion
CUST-09508,49,2,3050.06,3,1,2,Lost / Hibernating
CUST-09509,7,7,5063.07,5,5,4,Champion
CUST-09510,170,4,2061.02,1,3,1,At Risk
CUST-09511,42,4,1711.27,3,3,1,Lost / Hibernating
CUST-09512,193,2,979.6400000000001,1,1,1,Lost / Hibernating
CUST-09513,46,4,2987.97,3,3,2,Lost / Hibernating
CUST-09514,121,1,527.42,1,1,1,Lost / Hibernating
CUST-09515,38,3,2142.35,3,2,1,Lost / Hibernating
CUST-09516,1,5,2931.82,5,4,2,Champion
CUST-09517,78,4,3017.85,2,3,2,At Risk
CUST-09518,16,7,5298.22,5,5,4,Champion
CUST-09519,3,6,5793.56,5,4,4,Champion
CUST-09520,20,5,2661.19,4,4,2,Champion
CUST-09521,101,5,3548.19,2,4,3,Loyal Customer
CUST-09522,11,6,6032.33,5,4,4,Champion
CUST-09523,102,6,4799.14,2,4,4,Loyal Customer
CUST-09524,317,2,1820.52,1,1,1,Lost / Hibernating
CUST-09525,19,2,632.47,4,1,1,New Potential
CUST-09526,86,5,3534.37,2,4,3,Loyal Customer
CUST-09527,1,3,1808.17,5,2,1,New Potential
CUST-09528,246,3,2379.13,1,2,2,Lost / Hibernating
CUST-09529,8,6,9370.42,5,4,5,Champion
CUST-09530,17,7,8927.52,4,5,5,Champion
CUST-09531,27,5,3793.8500000000004,4,4,3,Champion
CUST-09532,76,4,2669.36,2,3,2,At Risk
CUST-09533,22,8,7053.5,4,5,5,Champion
CUST-09534,319,2,2511.24,1,1,2,Lost / Hibernating
CUST-09535,123,3,2553.33,1,2,2,Lost / Hibernating
CUST-09536,30,7,6274.74,4,5,5,Champion
CUST-09537,99,7,4927.47,2,5,4,Loyal Customer
CUST-09538,24,4,3333.7,4,3,2,Lost / Hibernating
CUST-09539,65,4,3943.81,3,3,3,Loyal Customer
CUST-09540,27,8,8045.85,4,5,5,Champion
CUST-09541,8,3,1052.38,5,2,1,New Potential
CUST-09542,2,4,4997.59,5,3,4,Loyal Customer
CUST-09543,2,4,3783.98,5,3,3,Loyal Customer
CUST-09544,74,6,3072.69,2,4,2,At Risk
CUST-09545,68,4,3278.09,2,3,2,At Risk
CUST-09546,56,2,2106.62,3,1,1,Lost / Hibernating
CUST-09547,37,10,6806.96,4,5,5,Champion
CUST-09548,32,7,3948.3599999999997,4,5,3,Champion
CUST-09549,41,4,4996.1,3,3,4,Loyal Customer
CUST-09550,35,5,3223.35,4,4,2,Champion
CUST-09551,128,5,6400.9,1,4,5,Loyal Customer
CUST-09552,3,6,5949.34,5,4,4,Champion
CUST-09553,78,9,4767.45,2,5,4,Loyal Customer
CUST-09554,56,8,6524.2,3,5,5,Loyal Customer
CUST-09555,42,9,9629.61,3,5,5,Loyal Customer
CUST-09556,57,7,4588.78,3,5,4,Loyal Customer
CUST-09557,115,2,2135.62,2,1,1,Lost / Hibernating
CUST-09558,39,7,5114.49,3,5,4,Loyal Customer
CUST-09559,27,4,2039.58,4,3,1,Lost / Hibernating
CUST-09560,16,6,5557.74,5,4,4,Champion
CUST-09561,125,3,2531.91,1,2,2,Lost / Hibernating
CUST-09562,12,7,4825.45,5,5,4,Champion
CUST-09563,38,7,5249.58,3,5,4,Loyal Customer
CUST-09564,135,1,398.77,1,1,1,Lost / Hibernating
CUST-09565,64,3,3060.08,3,2,2,Lost / Hibernating
CUST-09566,41,7,6278.59,3,5,5,Loyal Customer
CUST-09567,76,7,5466.91,2,5,4,Loyal Customer
CUST-09568,26,4,2532.31,4,3,2,Lost / Hibernating
CUST-09569,112,3,2878.8199999999997,2,2,2,Lost / Hibernating
CUST-09570,75,3,2727.4199999999996,2,2,2,Lost / Hibernating
CUST-09571,97,5,4495.73,2,4,3,Loyal Customer
CUST-09572,92,5,6084.0,2,4,4,Loyal Customer
CUST-09573,39,8,6594.96,3,5,5,Loyal Customer
CUST-09574,27,8,6255.75,4,5,5,Champion
CUST-09575,100,5,5004.08,2,4,4,Loyal Customer
CUST-09576,58,5,2544.3599999999997,3,4,2,Lost / Hibernating
CUST-09577,43,4,3488.87,3,3,3,Loyal Customer
CUST-09578,4,5,3251.76,5,4,2,Champion
CUST-09579,117,7,6415.16,2,5,5,Loyal Customer
CUST-09580,17,4,2517.8500000000004,4,3,2,Lost / Hibernating
CUST-09581,5,7,5452.280000000001,5,5,4,Champion
CUST-09582,114,6,4642.97,2,4,4,Loyal Customer
CUST-09583,9,7,6487.77,5,5,5,Champion
CUST-09584,93,8,5310.77,2,5,4,Loyal Customer
CUST-09585,110,3,2321.09,2,2,2,Lost / Hibernating
CUST-09586,105,9,9084.05,2,5,5,Loyal Customer
CUST-09587,61,5,3432.0099999999998,3,4,3,Loyal Customer
CUST-09588,13,4,4505.1,5,3,3,Loyal Customer
CUST-09589,42,4,3021.97,3,3,2,Lost / Hibernating
CUST-09590,139,5,3734.58,1,4,3,Loyal Customer
CUST-09591,32,3,3967.82,4,2,3,New Potential
CUST-09592,126,4,1689.08,1,3,1,At Risk
CUST-09593,43,8,4026.25,3,5,3,Loyal Customer
CUST-09594,32,4,1904.42,4,3,1,Lost / Hibernating
CUST-09595,116,3,2174.89,2,2,1,Lost / Hibernating
CUST-09596,7,7,8101.11,5,5,5,Champion
CUST-09597,30,3,2562.1099999999997,4,2,2,New Potential
CUST-09598,152,6,6350.96,1,4,5,Loyal Customer
CUST-09599,56,6,4886.1,3,4,4,Loyal Customer
CUST-09600,1,4,1851.85,5,3,1,Lost / Hibernating
CUST-09601,96,3,1763.06,2,2,1,Lost / Hibernating
CUST-09602,72,4,3207.63,2,3,2,At Risk
CUST-09603,6,9,9316.82,5,5,5,Champion
CUST-09604,9,6,7196.8,5,4,5,Champion
CUST-09605,58,8,5505.77,3,5,4,Loyal Customer
CUST-09606,127,2,2059.02,1,1,1,Lost / Hibernating
CUST-09607,46,5,4150.45,3,4,3,Loyal Customer
CUST-09608,9,5,4345.92,5,4,3,Champion
CUST-09609,136,1,244.71,1,1,1,Lost / Hibernating
CUST-09610,24,5,3379.69,4,4,2,Champion
CUST-09611,177,5,3298.8,1,4,2,At Risk
CUST-09612,107,5,5876.150000000001,2,4,4,Loyal Customer
CUST-09613,55,5,7576.389999999999,3,4,5,Loyal Customer
CUST-09614,169,3,5100.38,1,2,4,Lost / Hibernating
CUST-09615,128,3,1962.15,1,2,1,Lost / Hibernating
CUST-09616,42,3,2124.54,3,2,1,Lost / Hibernating
CUST-09617,8,8,3505.7,5,5,3,Champion
CUST-09618,197,6,5033.66,1,4,4,Loyal Customer
CUST-09619,44,4,3738.48,3,3,3,Loyal Customer
CUST-09620,127,4,3347.65,1,3,2,At Risk
CUST-09621,102,3,2088.83,2,2,1,Lost / Hibernating
CUST-09622,22,5,2846.8900000000003,4,4,2,Champion
CUST-09623,81,7,3645.12,2,5,3,Loyal Customer
CUST-09624,78,5,6312.42,2,4,5,Loyal Customer
CUST-09625,124,10,10160.289999999999,1,5,5,Loyal Customer
CUST-09626,10,9,9117.960000000001,5,5,5,Champion
CUST-09627,49,6,4849.9400000000005,3,4,4,Loyal Customer
CUST-09628,149,3,4775.23,1,2,4,Lost / Hibernating
CUST-09629,33,3,3564.17,4,2,3,New Potential
CUST-09630,22,8,7942.5599999999995,4,5,5,Champion
CUST-09631,63,7,4718.7300000000005,3,5,4,Loyal Customer
CUST-09632,45,4,2513.65,3,3,2,Lost / Hibernating
CUST-09633,27,5,2889.75,4,4,2,Champion
CUST-09634,50,4,3349.13,3,3,2,Lost / Hibernating
CUST-09635,51,4,2007.9299999999998,3,3,1,Lost / Hibernating
CUST-09636,3,7,5251.6,5,5,4,Champion
CUST-09637,4,6,3513.2,5,4,3,Champion
CUST-09638,144,4,2366.57,1,3,2,At Risk
CUST-09639,196,5,4904.4,1,4,4,Loyal Customer
CUST-09640,43,7,6726.49,3,5,5,Loyal Customer
CUST-09641,89,4,1786.02,2,3,1,At Risk
CUST-09642,115,6,5331.6,2,4,4,Loyal Customer
CUST-09643,201,2,590.49,1,1,1,Lost / Hibernating
CUST-09644,230,6,6829.64,1,4,5,Loyal Customer
CUST-09645,8,3,2512.36,5,2,2,New Potential
CUST-09646,18,4,2870.4399999999996,4,3,2,Lost / Hibernating
CUST-09647,33,5,3538.99,4,4,3,Champion
CUST-09648,19,4,5562.83,4,3,4,Loyal Customer
CUST-09649,83,4,2989.85,2,3,2,At Risk
CUST-09650,144,4,4664.72,1,3,4,Loyal Customer
CUST-09651,253,3,1750.19,1,2,1,Lost / Hibernating
CUST-09652,3,5,3518.77,5,4,3,Champion
CUST-09653,12,3,2545.1000000000004,5,2,2,New Potential
CUST-09654,63,8,4556.73,3,5,3,Loyal Customer
CUST-09655,96,7,4636.12,2,5,4,Loyal Customer
CUST-09656,30,5,5075.49,4,4,4,Champion
CUST-09657,21,5,4280.4,4,4,3,Champion
CUST-09658,86,3,1617.17,2,2,1,Lost / Hibernating
CUST-09659,204,2,1161.15,1,1,1,Lost / Hibernating
CUST-09660,3,6,6604.69,5,4,5,Champion
CUST-09661,2,5,4653.92,5,4,4,Champion
CUST-09662,70,5,4048.98,2,4,3,Loyal Customer
CUST-09663,51,2,423.43,3,1,1,Lost / Hibernating
CUST-09664,226,2,647.7,1,1,1,Lost / Hibernating
CUST-09665,128,2,1771.78,1,1,1,Lost / Hibernating
CUST-09666,61,5,5474.35,3,4,4,Loyal Customer
CUST-09667,72,7,5331.429999999999,2,5,4,Loyal Customer
CUST-09668,170,6,4542.1,1,4,3,Loyal Customer
CUST-09669,154,6,4439.650000000001,1,4,3,Loyal Customer
CUST-09670,18,3,4546.22,4,2,3,New Potential
CUST-09671,261,3,1813.7600000000002,1,2,1,Lost / Hibernating
CUST-09672,129,4,6561.219999999999,1,3,5,Loyal Customer
CUST-09673,37,5,6096.1,4,4,5,Champion
CUST-09674,33,5,6359.74,4,4,5,Champion
CUST-09675,52,3,1420.8400000000001,3,2,1,Lost / Hibernating
CUST-09676,125,3,1723.8600000000001,1,2,1,Lost / Hibernating
CUST-09677,30,7,6429.63,4,5,5,Champion
CUST-09678,171,4,3173.0,1,3,2,At Risk
CUST-09679,21,10,7468.09,4,5,5,Champion
CUST-09680,19,13,10420.28,4,5,5,Champion
CUST-09681,93,4,1715.81,2,3,1,At Risk
CUST-09682,15,5,2521.37,5,4,2,Champion
CUST-09683,59,1,963.78,3,1,1,Lost / Hibernating
CUST-09684,43,3,2175.7,3,2,1,Lost / Hibernating
CUST-09685,5,8,7598.36,5,5,5,Champion
CUST-09686,117,4,4474.73,2,3,3,Loyal Customer
CUST-09687,10,8,4242.15,5,5,3,Champion
CUST-09688,4,6,5380.52,5,4,4,Champion
CUST-09689,153,4,5024.07,1,3,4,Loyal Customer
CUST-09690,7,5,4028.68,5,4,3,Champion
CUST-09691,6,3,2609.71,5,2,2,New Potential
CUST-09692,39,9,10948.93,3,5,5,Loyal Customer
CUST-09693,48,4,1976.2,3,3,1,Lost / Hibernating
CUST-09694,46,3,2122.77,3,2,1,Lost / Hibernating
CUST-09695,84,2,2453.2,2,1,2,Lost / Hibernating
CUST-09696,51,9,6926.69,3,5,5,Loyal Customer
CUST-09697,5,8,5299.08,5,5,4,Champion
CUST-09698,19,7,5604.24,4,5,4,Champion
CUST-09699,48,4,1711.1299999999999,3,3,1,Lost / Hibernating
CUST-09700,1,4,3767.7200000000003,5,3,3,Loyal Customer
CUST-09701,58,5,5939.08,3,4,4,Loyal Customer
CUST-09702,177,3,2883.16,1,2,2,Lost / Hibernating
CUST-09703,20,7,5073.03,4,5,4,Champion
CUST-09704,151,3,2618.02,1,2,2,Lost / Hibernating
CUST-09705,87,5,3717.1000000000004,2,4,3,Loyal Customer
CUST-09706,66,2,1101.7,3,1,1,Lost / Hibernating
CUST-09707,22,6,4049.59,4,4,3,Champion
CUST-09708,62,4,4517.69,3,3,3,Loyal Customer
CUST-09709,6,7,5483.53,5,5,4,Champion
CUST-09710,18,6,4793.280000000001,4,4,4,Champion
CUST-09711,75,4,2274.64,2,3,2,At Risk
CUST-09712,13,9,4846.3099999999995,5,5,4,Champion
CUST-09713,145,5,3369.1800000000003,1,4,2,At Risk
CUST-09714,30,9,7085.16,4,5,5,Champion
CUST-09715,58,4,5639.4400000000005,3,3,4,Loyal Customer
CUST-09716,67,3,3767.94,2,2,3,Lost / Hibernating
CUST-09717,57,8,9010.41,3,5,5,Loyal Customer
CUST-09718,55,5,3048.6299999999997,3,4,2,Lost / Hibernating
CUST-09719,3,2,2169.17,5,1,1,New Potential
CUST-09720,12,5,6137.27,5,4,5,Champion
CUST-09721,9,5,3181.71,5,4,2,Champion
CUST-09722,33,6,5202.71,4,4,4,Champion
CUST-09723,186,3,3197.95,1,2,2,Lost / Hibernating
CUST-09724,15,6,4995.07,5,4,4,Champion
CUST-09725,3,4,3136.78,5,3,2,Lost / Hibernating
CUST-09726,29,4,3332.25,4,3,2,Lost / Hibernating
CUST-09727,19,6,4768.54,4,4,4,Champion
CUST-09728,38,1,609.83,3,1,1,Lost / Hibernating
CUST-09729,92,4,5563.91,2,3,4,Loyal Customer
CUST-09730,61,5,6390.870000000001,3,4,5,Loyal Customer
CUST-09731,117,6,6135.31,2,4,5,Loyal Customer
CUST-09732,43,2,1997.01,3,1,1,Lost / Hibernating
CUST-09733,67,7,6446.78,2,5,5,Loyal Customer
CUST-09734,42,7,6482.74,3,5,5,Loyal Customer
CUST-09735,7,2,974.15,5,1,1,New Potential
CUST-09736,200,3,1995.9,1,2,1,Lost / Hibernating
CUST-09737,93,10,8600.970000000001,2,5,5,Loyal Customer
CUST-09738,90,3,1513.2800000000002,2,2,1,Lost / Hibernating
CUST-09739,26,8,5431.11,4,5,4,Champion
CUST-09740,17,1,649.66,4,1,1,New Potential
CUST-09741,70,9,8520.95,2,5,5,Loyal Customer
CUST-09742,6,1,460.74,5,1,1,New Potential
CUST-09743,12,12,11192.83,5,5,5,Champion
CUST-09744,25,5,4759.700000000001,4,4,4,Champion
CUST-09745,13,9,8056.88,5,5,5,Champion
CUST-09746,24,5,4561.43,4,4,3,Champion
CUST-09747,88,6,5082.58,2,4,4,Loyal Customer
CUST-09748,72,1,731.38,2,1,1,Lost / Hibernating
CUST-09749,39,5,4978.63,3,4,4,Loyal Customer
CUST-09750,137,3,1593.86,1,2,1,Lost / Hibernating
CUST-09751,24,4,2194.3900000000003,4,3,1,Lost / Hibernating
CUST-09752,12,7,6308.3099999999995,5,5,5,Champion
CUST-09753,22,8,4665.29,4,5,4,Champion
CUST-09754,95,4,4028.6099999999997,2,3,3,Loyal Customer
CUST-09755,152,6,6704.8,1,4,5,Loyal Customer
CUST-09756,80,3,3584.11,2,2,3,Lost / Hibernating
CUST-09757,58,4,4155.15,3,3,3,Loyal Customer
CUST-09758,21,4,3509.05,4,3,3,Loyal Customer
CUST-09759,23,6,5897.29,4,4,4,Champion
CUST-09760,39,5,2608.74,3,4,2,Lost / Hibernating
CUST-09761,39,5,3291.1000000000004,3,4,2,Lost / Hibernating
CUST-09762,139,6,6750.18,1,4,5,Loyal Customer
CUST-09763,52,2,966.9200000000001,3,1,1,Lost / Hibernating
CUST-09764,20,9,4105.76,4,5,3,Champion
CUST-09765,106,3,1970.56,2,2,1,Lost / Hibernating
CUST-09766,28,6,4540.32,4,4,3,Champion
CUST-09767,14,6,6142.58,5,4,5,Champion
CUST-09768,10,7,7539.6900000000005,5,5,5,Champion
CUST-09769,148,4,2443.9,1,3,2,At Risk
CUST-09770,2,4,3129.06,5,3,2,Lost / Hibernating
CUST-09771,11,5,2247.89,5,4,1,Champion
CUST-09772,78,6,5613.48,2,4,4,Loyal Customer
CUST-09773,21,9,8873.2,4,5,5,Champion
CUST-09774,35,6,4713.25,4,4,4,Champion
CUST-09775,87,10,6010.73,2,5,4,Loyal Customer
CUST-09776,89,4,4608.5,2,3,4,Loyal Customer
CUST-09777,33,4,2450.98,4,3,2,Lost / Hibernating
CUST-09778,60,8,7074.63,3,5,5,Loyal Customer
CUST-09779,25,4,4884.0599999999995,4,3,4,Loyal Customer
CUST-09780,36,5,3893.29,4,4,3,Champion
CUST-09781,8,6,5092.45,5,4,4,Champion
CUST-09782,125,6,2494.42,1,4,2,At Risk
CUST-09783,52,5,3178.63,3,4,2,Lost / Hibernating
CUST-09784,67,4,4633.85,2,3,4,Loyal Customer
CUST-09785,62,4,1809.58,3,3,1,Lost / Hibernating
CUST-09786,14,4,2459.3,5,3,2,Lost / Hibernating
CUST-09787,78,5,5860.18,2,4,4,Loyal Customer
CUST-09788,7,10,7549.04,5,5,5,Champion
CUST-09789,20,5,4043.39,4,4,3,Champion
CUST-09790,172,4,4235.27,1,3,3,Loyal Customer
CUST-09791,44,5,5096.2699999999995,3,4,4,Loyal Customer
CUST-09792,30,3,3642.85,4,2,3,New Potential
CUST-09793,21,4,1526.43,4,3,1,Lost / Hibernating
CUST-09794,67,5,3980.5699999999997,2,4,3,Loyal Customer
CUST-09795,69,1,627.96,2,1,1,Lost / Hibernating
CUST-09796,98,6,4866.59,2,4,4,Loyal Customer
CUST-09797,33,7,8541.15,4,5,5,Champion
CUST-09798,81,5,4899.93,2,4,4,Loyal Customer
CUST-09799,95,2,1908.3899999999999,2,1,1,Lost / Hibernating
CUST-09800,30,8,9256.16,4,5,5,Champion
CUST-09801,5,7,6255.28,5,5,5,Champion
CUST-09802,11,6,5516.97,5,4,4,Champion
CUST-09803,82,8,7322.9,2,5,5,Loyal Customer
CUST-09804,5,7,6118.169999999999,5,5,5,Champion
CUST-09805,1,6,2876.97,5,4,2,Champion
CUST-09806,12,4,2844.41,5,3,2,Lost / Hibernating
CUST-09807,24,8,5873.13,4,5,4,Champion
CUST-09808,112,4,5908.4400000000005,2,3,4,Loyal Customer
CUST-09809,136,4,1422.27,1,3,1,At Risk
CUST-09810,7,8,6629.87,5,5,5,Champion
CUST-09811,80,5,5044.09,2,4,4,Loyal Customer
CUST-09812,97,3,2265.37,2,2,1,Lost / Hibernating
CUST-09813,54,6,3823.81,3,4,3,Loyal Customer
CUST-09814,41,7,4482.39,3,5,3,Loyal Customer
CUST-09815,128,5,5533.71,1,4,4,Loyal Customer
CUST-09816,51,6,4323.03,3,4,3,Loyal Customer
CUST-09817,134,4,4920.97,1,3,4,Loyal Customer
CUST-09818,170,2,963.3900000000001,1,1,1,Lost / Hibernating
CUST-09819,19,4,2138.56,4,3,1,Lost / Hibernating
CUST-09820,21,5,2863.7400000000002,4,4,2,Champion
CUST-09821,49,2,822.27,3,1,1,Lost / Hibernating
CUST-09822,85,6,4988.87,2,4,4,Loyal Customer
CUST-09823,147,3,3698.59,1,2,3,Lost / Hibernating
CUST-09824,94,5,4188.95,2,4,3,Loyal Customer
CUST-09825,24,5,4616.68,4,4,4,Champion
CUST-09826,25,8,5900.08,4,5,4,Champion
CUST-09827,211,4,2277.74,1,3,2,At Risk
CUST-09828,1,8,6817.389999999999,5,5,5,Champion
CUST-09829,120,5,2262.23,1,4,1,At Risk
CUST-09830,12,9,6289.76,5,5,5,Champion
CUST-09831,87,9,10479.42,2,5,5,Loyal Customer
CUST-09832,116,7,6319.97,2,5,5,Loyal Customer
CUST-09833,85,7,7476.83,2,5,5,Loyal Customer
CUST-09834,72,10,9414.289999999999,2,5,5,Loyal Customer
CUST-09835,15,4,2402.27,5,3,2,Lost / Hibernating
CUST-09836,85,5,4575.85,2,4,3,Loyal Customer
CUST-09837,195,2,2700.7799999999997,1,1,2,Lost / Hibernating
CUST-09838,142,3,3994.6299999999997,1,2,3,Lost / Hibernating
CUST-09839,49,4,1913.3999999999999,3,3,1,Lost / Hibernating
CUST-09840,63,6,4971.27,3,4,4,Loyal Customer
CUST-09841,1,9,9640.539999999999,5,5,5,Champion
CUST-09842,28,5,3358.86,4,4,2,Champion
CUST-09843,194,4,2406.29,1,3,2,At Risk
CUST-09844,254,1,1219.76,1,1,1,Lost / Hibernating
CUST-09845,149,2,2169.2200000000003,1,1,1,Lost / Hibernating
CUST-09846,44,8,7127.41,3,5,5,Loyal Customer
CUST-09847,59,7,5214.87,3,5,4,Loyal Customer
CUST-09848,64,3,2513.48,3,2,2,Lost / Hibernating
CUST-09849,27,6,5232.79,4,4,4,Champion
CUST-09850,159,2,812.72,1,1,1,Lost / Hibernating
CUST-09851,180,4,5617.5599999999995,1,3,4,Loyal Customer
CUST-09852,63,3,4549.139999999999,3,2,3,Lost / Hibernating
CUST-09853,77,6,5123.76,2,4,4,Loyal Customer
CUST-09854,69,8,5494.49,2,5,4,Loyal Customer
CUST-09855,69,1,1178.12,2,1,1,Lost / Hibernating
CUST-09856,223,2,1248.3600000000001,1,1,1,Lost / Hibernating
CUST-09857,21,6,3942.77,4,4,3,Champion
CUST-09858,52,3,1680.17,3,2,1,Lost / Hibernating
CUST-09859,45,4,2532.2,3,3,2,Lost / Hibernating
CUST-09860,305,1,184.95,1,1,1,Lost / Hibernating
CUST-09861,11,5,3292.25,5,4,2,Champion
CUST-09862,32,6,4936.71,4,4,4,Champion
CUST-09863,71,8,5226.43,2,5,4,Loyal Customer
CUST-09864,4,5,2687.16,5,4,2,Champion
CUST-09865,23,4,1437.4,4,3,1,Lost / Hibernating
CUST-09866,88,7,5407.33,2,5,4,Loyal Customer
CUST-09867,56,4,3102.69,3,3,2,Lost / Hibernating
CUST-09868,309,2,934.61,1,1,1,Lost / Hibernating
CUST-09869,100,10,7755.47,2,5,5,Loyal Customer
CUST-09870,18,2,1831.11,4,1,1,New Potential
CUST-09871,14,9,4761.28,5,5,4,Champion
CUST-09872,72,6,6294.2,2,4,5,Loyal Customer
CUST-09873,26,5,3960.3,4,4,3,Champion
CUST-09874,195,3,3486.26,1,2,3,Lost / Hibernating
CUST-09875,161,6,7237.0199999999995,1,4,5,Loyal Customer
CUST-09876,20,6,4728.549999999999,4,4,4,Champion
CUST-09877,182,6,6631.45,1,4,5,Loyal Customer
CUST-09878,12,1,258.74,5,1,1,New Potential
CUST-09879,76,9,6232.84,2,5,5,Loyal Customer
CUST-09880,34,5,4211.639999999999,4,4,3,Champion
CUST-09881,128,3,2120.65,1,2,1,Lost / Hibernating
CUST-09882,85,4,2304.94,2,3,2,At Risk
CUST-09883,21,7,8548.949999999999,4,5,5,Champion
CUST-09884,25,9,8184.45,4,5,5,Champion
CUST-09885,9,3,2921.9,5,2,2,New Potential
CUST-09886,37,4,2115.24,4,3,1,Lost / Hibernating
CUST-09887,40,7,3843.21,3,5,3,Loyal Customer
CUST-09888,36,2,1415.36,4,1,1,New Potential
CUST-09889,137,4,2953.62,1,3,2,At Risk
CUST-09890,237,3,1242.91,1,2,1,Lost / Hibernating
CUST-09891,183,5,3814.6800000000003,1,4,3,Loyal Customer
CUST-09892,31,1,583.22,4,1,1,New Potential
CUST-09893,113,6,5200.83,2,4,4,Loyal Customer
CUST-09894,46,3,1401.87,3,2,1,Lost / Hibernating
CUST-09895,113,4,1917.04,2,3,1,At Risk
CUST-09896,99,4,2521.94,2,3,2,At Risk
CUST-09897,48,4,3700.48,3,3,3,Loyal Customer
CUST-09898,51,5,7522.6,3,4,5,Loyal Customer
CUST-09899,15,10,10675.73,5,5,5,Champion
CUST-09900,14,2,2328.04,5,1,2,New Potential
CUST-09901,223,2,1229.26,1,1,1,Lost / Hibernating
CUST-09902,28,6,4405.48,4,4,3,Champion
CUST-09903,220,2,817.72,1,1,1,Lost / Hibernating
CUST-09904,79,4,1818.04,2,3,1,At Risk
CUST-09905,61,8,5663.08,3,5,4,Loyal Customer
CUST-09906,55,2,1294.21,3,1,1,Lost / Hibernating
CUST-09907,159,3,2977.8100000000004,1,2,2,Lost / Hibernating
CUST-09908,64,7,4416.76,3,5,3,Loyal Customer
CUST-09909,123,4,1743.1399999999999,1,3,1,At Risk
CUST-09910,193,4,3758.75,1,3,3,Loyal Customer
CUST-09911,97,4,1578.74,2,3,1,At Risk
CUST-09912,7,7,5255.17,5,5,4,Champion
CUST-09913,57,4,2577.24,3,3,2,Lost / Hibernating
CUST-09914,12,3,4641.7699999999995,5,2,4,New Potential
CUST-09915,24,9,5122.65,4,5,4,Champion
CUST-09916,12,7,5463.900000000001,5,5,4,Champion
CUST-09917,34,7,3870.62,4,5,3,Champion
CUST-09918,72,5,5460.46,2,4,4,Loyal Customer
CUST-09919,59,6,4852.43,3,4,4,Loyal Customer
CUST-09920,110,5,3470.06,2,4,3,Loyal Customer
CUST-09921,143,2,2588.32,1,1,2,Lost / Hibernating
CUST-09922,8,5,4614.74,5,4,4,Champion
CUST-09923,7,7,3403.08,5,5,2,Champion
CUST-09924,83,5,2959.1,2,4,2,At Risk
CUST-09925,75,4,3459.7799999999997,2,3,3,Loyal Customer
CUST-09926,99,6,3474.81,2,4,3,Loyal Customer
CUST-09927,74,7,10141.8,2,5,5,Loyal Customer
CUST-09928,61,5,1593.08,3,4,1,Lost / Hibernating
CUST-09929,27,9,7210.67,4,5,5,Champion
CUST-09930,31,6,3466.2599999999998,4,4,3,Champion
CUST-09931,20,5,3363.82,4,4,2,Champion
CUST-09932,37,3,1196.3,4,2,1,New Potential
CUST-09933,146,6,2842.69,1,4,2,At Risk
CUST-09934,14,7,6033.63,5,5,4,Champion
CUST-09935,83,4,5643.85,2,3,4,Loyal Customer
CUST-09936,126,3,1786.26,1,2,1,Lost / Hibernating
CUST-09937,12,6,4444.16,5,4,3,Champion
CUST-09938,142,1,510.57,1,1,1,Lost / Hibernating
CUST-09939,29,8,8049.45,4,5,5,Champion
CUST-09940,161,3,2384.04,1,2,2,Lost / Hibernating
CUST-09941,4,3,1008.83,5,2,1,New Potential
CUST-09942,274,2,868.78,1,1,1,Lost / Hibernating
CUST-09943,120,3,1009.64,1,2,1,Lost / Hibernating
CUST-09944,133,3,5042.5,1,2,4,Lost / Hibernating
CUST-09945,64,4,1929.16,3,3,1,Lost / Hibernating
CUST-09946,104,7,3905.34,2,5,3,Loyal Customer
CUST-09947,94,5,2396.54,2,4,2,At Risk
CUST-09948,38,7,7172.54,3,5,5,Loyal Customer
CUST-09949,147,4,3167.17,1,3,2,At Risk
CUST-09950,32,4,2733.4,4,3,2,Lost / Hibernating
CUST-09951,144,3,2502.39,1,2,2,Lost / Hibernating
CUST-09952,43,2,1503.2,3,1,1,Lost / Hibernating
CUST-09953,76,5,5236.27,2,4,4,Loyal Customer
CUST-09954,5,8,9140.54,5,5,5,Champion
CUST-09955,134,4,2334.4,1,3,2,At Risk
CUST-09956,129,7,6994.7300000000005,1,5,5,Loyal Customer
CUST-09957,1,8,7084.5,5,5,5,Champion
CUST-09958,8,8,7374.780000000001,5,5,5,Champion
CUST-09959,57,3,1328.8600000000001,3,2,1,Lost / Hibernating
CUST-09960,139,5,4603.38,1,4,4,Loyal Customer
CUST-09961,135,5,3418.61,1,4,3,Loyal Customer
CUST-09962,69,3,2863.2,2,2,2,Lost / Hibernating
CUST-09963,151,2,771.15,1,1,1,Lost / Hibernating
CUST-09964,42,7,3628.27,3,5,3,Loyal Customer
CUST-09965,17,7,6617.44,4,5,5,Champion
CUST-09966,42,5,4668.07,3,4,4,Loyal Customer
CUST-09967,77,3,2705.83,2,2,2,Lost / Hibernating
CUST-09968,12,9,6344.68,5,5,5,Champion
CUST-09969,48,4,3167.44,3,3,2,Lost / Hibernating
CUST-09970,273,3,2294.37,1,2,2,Lost / Hibernating
CUST-09971,64,10,8219.29,3,5,5,Loyal Customer
CUST-09972,40,2,3273.02,3,1,2,Lost / Hibernating
CUST-09973,155,3,3037.76,1,2,2,Lost / Hibernating
CUST-09974,38,4,6196.2300000000005,3,3,5,Loyal Customer
CUST-09975,52,10,7721.03,3,5,5,Loyal Customer
CUST-09976,14,3,1366.39,5,2,1,New Potential
CUST-09977,159,2,1267.1,1,1,1,Lost / Hibernating
CUST-09978,30,6,3638.37,4,4,3,Champion
CUST-09979,127,3,1974.02,1,2,1,Lost / Hibernating
CUST-09980,197,4,3299.74,1,3,2,At Risk
CUST-09981,33,4,2695.13,4,3,2,Lost / Hibernating
CUST-09982,82,6,6051.08,2,4,4,Loyal Customer
CUST-09983,63,3,3269.83,3,2,2,Lost / Hibernating
CUST-09984,140,4,3741.89,1,3,3,Loyal Customer
CUST-09985,35,1,435.81,4,1,1,New Potential
CUST-09986,45,8,5167.92,3,5,4,Loyal Customer
CUST-09987,15,9,8471.74,5,5,5,Champion
CUST-09988,43,6,4192.55,3,4,3,Loyal Customer
CUST-09989,4,4,3205.8900000000003,5,3,2,Lost / Hibernating
CUST-09990,1,5,5505.63,5,4,4,Champion
CUST-09991,18,5,2218.12,4,4,1,Champion
CUST-09992,195,4,5917.78,1,3,4,Loyal Customer
CUST-09993,136,7,6859.26,1,5,5,Loyal Customer
CUST-09994,199,5,4684.42,1,4,4,Loyal Customer
CUST-09995,49,7,5779.19,3,5,4,Loyal Customer
CUST-09996,270,5,4876.4400000000005,1,4,4,Loyal Customer
CUST-09997,35,7,5858.46,4,5,4,Champion
CUST-09998,115,2,1554.02,2,1,1,Lost / Hibernating
CUST-09999,167,4,5274.57,1,3,4,Loyal Customer
CUST-10000,6,8,5634.389999999999,5,5,4,Champion
